EXPLAIN
TAG	GALVANOSTATIC
TITLE	LABEL	Galvanostatic Scan	Test Identifier
DATE	LABEL	6.2.2023	Date
TIME	LABEL	15:27:16	Time
NOTES	NOTES	1	Notes...
	
PSTAT	PSTAT	REF3000-19129	Potentiostat
IINIT	QUANT	-2.00000E+002	Initial I (mA/cm^2)
TINIT	QUANT	3.60000E+003	Initial Time (s)
IFINAL	QUANT	-2.00000E+002	Final I (mA/cm^2)
TFINAL	QUANT	0.00000E+000	Final Time (s)
SAMPLETIME	QUANT	1.00000E+000	Sample Period (s)
AREA	QUANT	1.00000E+000	Sample Area (cm^2)
DENSITY	QUANT	7.87000E+000	Density (g/cm^3)
EQUIV	QUANT	2.79200E+001	Equiv. Wt
IRCOMP	TOGGLE	T	IR Comp
EOC	QUANT	0	Open Circuit (V)
SEQUENCER	TOGGLE	TRUE	Run as Sequence
PSTATMODEL	IQUANT	5	Pstat Model
PSTATSECTION	LABEL	REF3000-19129	Pstat Section
PSTATSERIALNO	LABEL	19129	Pstat Serial Number
CTRLMODE	IQUANT	0	Control Mode
ELECTROMETER	IQUANT	0	RE=0 or CS=1
IESTAB	IQUANT	0	I/E Stability
CASPEED	IQUANT	4	Control Amp Speed
CONVENTION	IQUANT	1	Current Convention
ICHRANGE	IQUANT	2	Ich Range
ICHRANGEMODE	TOGGLE	T	Ich Auto Range
ICHOFFSETENABLE	TOGGLE	F	Ich Offset Enable
ICHOFFSET	QUANT	0	Ich Offset (V)
ICHFILTER	IQUANT	3	Ich Filter
VCHRANGE	IQUANT	3	Vch Range
VCHRANGEMODE	TOGGLE	T	Vch Auto Range
VCHOFFSETENABLE	TOGGLE	F	Vch Offset Enable
VCHOFFSET	QUANT	0	Vch Offset (V)
VCHFILTER	IQUANT	1	Vch Filter
ACHRANGE	IQUANT	2	Ach Range
ACHOFFSETENABLE	TOGGLE	F	Ach Offset Enable
ACHOFFSET	QUANT	0	Ach Offset (V)
ACHFILTER	IQUANT	1	Ach Filter
IERANGELOWERLIMIT	IQUANT	4	I/E Range Lower Limit
IERANGEMODE	TOGGLE	F	I/E AutoRange
IERANGE	IQUANT	11	I/E Range
POSFEEDENABLE	TOGGLE	F	Positive Feedback IR Comp
POSFEEDRESISTANCE	QUANT	0	Positive Feedback Resistance (ohm)
ACHSELECT	IQUANT	0	Ach Select
SENSECABLEID	IQUANT	14	Sense Cable ID
PWRCABLEID	IQUANT	13	Power Cable ID
DCCALDATE	LABEL	11/22/2022	DC Calibration Date
ACCALDATE	LABEL		AC Calibration Date
THERMOSELECT	IQUANT	1	Thermo Select
FRAMEWORKVERSION	QUANT	7.07	Framework Version
INSTRUMENTVERSION	LABEL	4.35	Instrument Version
COMPLIANCEVOLTAGE	IQUANT	0	Compliance Voltage
CURVE	TABLE	3600
	Pt	T	Vf	Im	Vu	Sig	Ach	IERange	Over	Temp
	#	s	V vs. Ref.	A	V	V	V	#	bits	deg C
	0	1	-1.64536E+000	-2.00166E-001	-2.15864E+000	-2.00025E+000	2.65994E-004	11	..........a	-327.68
	1	2	-1.66016E+000	-2.00174E-001	-2.15615E+000	-2.00025E+000	2.81061E-004	11	..........a	-327.68
	2	3	-1.66656E+000	-2.00178E-001	-2.15279E+000	-2.00025E+000	2.73194E-004	11	..........a	-327.68
	3	4	-1.66896E+000	-2.00181E-001	-2.15057E+000	-2.00025E+000	2.81311E-004	11	..........a	-327.68
	4	5	-1.67176E+000	-2.00182E-001	-2.14609E+000	-2.00025E+000	2.75744E-004	11	..........a	-327.68
	5	6	-1.67016E+000	-2.00187E-001	-2.14469E+000	-2.00025E+000	3.35594E-004	11	..........a	-327.68
	6	7	-1.67016E+000	-2.00187E-001	-2.14204E+000	-2.00025E+000	3.36528E-004	11	..........a	-327.68
	7	8	-1.67016E+000	-2.00187E-001	-2.14015E+000	-2.00025E+000	3.32144E-004	11	..........a	-327.68
	8	9	-1.66976E+000	-2.00187E-001	-2.13620E+000	-2.00025E+000	3.39028E-004	11	..........a	-327.68
	9	10	-1.66056E+000	-2.00188E-001	-2.14342E+000	-2.00025E+000	3.36244E-004	11	..........a	-327.68
	10	11	-1.66696E+000	-2.00188E-001	-2.13368E+000	-2.00025E+000	3.35911E-004	11	..........a	-327.68
	11	12	-1.66776E+000	-2.00188E-001	-2.12987E+000	-2.00025E+000	3.33428E-004	11	..........a	-327.68
	12	13	-1.66776E+000	-2.00188E-001	-2.12615E+000	-2.00025E+000	3.32261E-004	11	..........a	-327.68
	13	14	-1.66856E+000	-2.00188E-001	-2.12470E+000	-2.00025E+000	3.28528E-004	11	..........a	-327.68
	14	15	-1.66536E+000	-2.00189E-001	-2.12615E+000	-2.00025E+000	3.32661E-004	11	..........a	-327.68
	15	16	-1.66856E+000	-2.00189E-001	-2.11962E+000	-2.00025E+000	3.37428E-004	11	..........a	-327.68
	16	17	-1.66616E+000	-2.00188E-001	-2.12066E+000	-2.00025E+000	3.27728E-004	11	..........a	-327.68
	17	18	-1.66656E+000	-2.00189E-001	-2.11723E+000	-2.00025E+000	3.30961E-004	11	..........a	-327.68
	18	19	-1.66736E+000	-2.00189E-001	-2.11439E+000	-2.00025E+000	3.19178E-004	11	..........a	-327.68
	19	20	-1.66576E+000	-2.00188E-001	-2.11323E+000	-2.00025E+000	3.22461E-004	11	..........a	-327.68
	20	21	-1.66616E+000	-2.00188E-001	-2.11414E+000	-2.00025E+000	3.26861E-004	11	..........a	-327.68
	21	22	-1.66656E+000	-2.00189E-001	-2.10917E+000	-2.00025E+000	3.33711E-004	11	..........a	-327.68
	22	23	-1.65536E+000	-2.00188E-001	-2.11987E+000	-2.00025E+000	3.25194E-004	11	..........a	-327.68
	23	24	-1.66416E+000	-2.00189E-001	-2.10866E+000	-2.00025E+000	3.36961E-004	11	..........a	-327.68
	24	25	-1.66256E+000	-2.00188E-001	-2.10944E+000	-2.00025E+000	3.22744E-004	11	..........a	-327.68
	25	26	-1.66336E+000	-2.00188E-001	-2.10716E+000	-2.00025E+000	3.33478E-004	11	..........a	-327.68
	26	27	-1.66176E+000	-2.00188E-001	-2.10896E+000	-2.00025E+000	3.24611E-004	11	..........a	-327.68
	27	28	-1.66016E+000	-2.00188E-001	-2.10888E+000	-2.00025E+000	3.26744E-004	11	..........a	-327.68
	28	29	-1.66096E+000	-2.00188E-001	-2.10880E+000	-2.00025E+000	3.33844E-004	11	..........a	-327.68
	29	30	-1.66056E+000	-2.00189E-001	-2.10776E+000	-2.00025E+000	3.30761E-004	11	..........a	-327.68
	30	31	-1.66056E+000	-2.00189E-001	-2.10796E+000	-2.00025E+000	3.34444E-004	11	..........a	-327.68
	31	32	-1.66216E+000	-2.00187E-001	-2.10312E+000	-2.00025E+000	3.01111E-004	11	..........a	-327.68
	32	33	-1.66136E+000	-2.00187E-001	-2.10638E+000	-2.00025E+000	3.05078E-004	11	..........a	-327.68
	33	34	-1.65256E+000	-2.00187E-001	-2.11165E+000	-2.00025E+000	2.97911E-004	11	..........a	-327.68
	34	35	-1.65976E+000	-2.00188E-001	-2.10487E+000	-2.00025E+000	2.99828E-004	11	..........a	-327.68
	35	36	-1.65216E+000	-2.00187E-001	-2.11152E+000	-2.00025E+000	3.04444E-004	11	..........a	-327.68
	36	37	-1.65856E+000	-2.00187E-001	-2.10579E+000	-2.00025E+000	3.04394E-004	11	..........a	-327.68
	37	38	-1.65976E+000	-2.00187E-001	-2.10236E+000	-2.00025E+000	3.01844E-004	11	..........a	-327.68
	38	39	-1.66016E+000	-2.00187E-001	-2.10070E+000	-2.00025E+000	3.00561E-004	11	..........a	-327.68
	39	40	-1.66016E+000	-2.00188E-001	-2.09909E+000	-2.00025E+000	3.04211E-004	11	..........a	-327.68
	40	41	-1.65696E+000	-2.00188E-001	-2.10559E+000	-2.00025E+000	3.03861E-004	11	..........a	-327.68
	41	42	-1.66016E+000	-2.00187E-001	-2.10164E+000	-2.00025E+000	3.00544E-004	11	..........a	-327.68
	42	43	-1.65776E+000	-2.00188E-001	-2.10474E+000	-2.00025E+000	3.06778E-004	11	..........a	-327.68
	43	44	-1.65776E+000	-2.00188E-001	-2.10395E+000	-2.00025E+000	2.98028E-004	11	..........a	-327.68
	44	45	-1.65696E+000	-2.00188E-001	-2.10661E+000	-2.00025E+000	3.07144E-004	11	..........a	-327.68
	45	46	-1.65896E+000	-2.00188E-001	-2.10333E+000	-2.00025E+000	3.05828E-004	11	..........a	-327.68
	46	47	-1.65856E+000	-2.00188E-001	-2.10576E+000	-2.00025E+000	3.09244E-004	11	..........a	-327.68
	47	48	-1.66016E+000	-2.00188E-001	-2.10485E+000	-2.00025E+000	3.11344E-004	11	..........a	-327.68
	48	49	-1.65776E+000	-2.00188E-001	-2.10799E+000	-2.00025E+000	3.01378E-004	11	..........a	-327.68
	49	50	-1.65856E+000	-2.00188E-001	-2.10639E+000	-2.00025E+000	3.05594E-004	11	..........a	-327.68
	50	51	-1.65816E+000	-2.00188E-001	-2.10771E+000	-2.00025E+000	3.02978E-004	11	..........a	-327.68
	51	52	-1.65896E+000	-2.00188E-001	-2.10421E+000	-2.00025E+000	3.02911E-004	11	..........a	-327.68
	52	53	-1.65736E+000	-2.00188E-001	-2.10824E+000	-2.00025E+000	3.06094E-004	11	..........a	-327.68
	53	54	-1.65776E+000	-2.00188E-001	-2.10723E+000	-2.00025E+000	3.02728E-004	11	..........a	-327.68
	54	55	-1.65776E+000	-2.00188E-001	-2.10554E+000	-2.00025E+000	3.02961E-004	11	..........a	-327.68
	55	56	-1.65856E+000	-2.00188E-001	-2.10637E+000	-2.00025E+000	2.99811E-004	11	..........a	-327.68
	56	57	-1.65696E+000	-2.00188E-001	-2.10695E+000	-2.00025E+000	3.09728E-004	11	..........a	-327.68
	57	58	-1.65696E+000	-2.00188E-001	-2.10638E+000	-2.00025E+000	3.01611E-004	11	..........a	-327.68
	58	59	-1.65656E+000	-2.00188E-001	-2.10631E+000	-2.00025E+000	3.02328E-004	11	..........a	-327.68
	59	60	-1.65536E+000	-2.00188E-001	-2.10608E+000	-2.00025E+000	3.01278E-004	11	..........a	-327.68
	60	61	-1.65616E+000	-2.00188E-001	-2.10658E+000	-2.00025E+000	3.06578E-004	11	..........a	-327.68
	61	62	-1.65616E+000	-2.00188E-001	-2.10575E+000	-2.00025E+000	3.08378E-004	11	..........a	-327.68
	62	63	-1.65416E+000	-2.00189E-001	-2.10708E+000	-2.00025E+000	3.05878E-004	11	..........a	-327.68
	63	64	-1.65496E+000	-2.00188E-001	-2.10766E+000	-2.00025E+000	3.00228E-004	11	..........a	-327.68
	64	65	-1.65576E+000	-2.00188E-001	-2.10665E+000	-2.00025E+000	3.03661E-004	11	..........a	-327.68
	65	66	-1.65536E+000	-2.00189E-001	-2.10685E+000	-2.00025E+000	3.00078E-004	11	..........a	-327.68
	66	67	-1.65496E+000	-2.00188E-001	-2.10762E+000	-2.00025E+000	3.00411E-004	11	..........a	-327.68
	67	68	-1.65456E+000	-2.00188E-001	-2.10689E+000	-2.00025E+000	3.05361E-004	11	..........a	-327.68
	68	69	-1.65416E+000	-2.00188E-001	-2.10741E+000	-2.00025E+000	3.01194E-004	11	..........a	-327.68
	69	70	-1.65376E+000	-2.00188E-001	-2.10752E+000	-2.00025E+000	3.01711E-004	11	..........a	-327.68
	70	71	-1.65416E+000	-2.00188E-001	-2.10853E+000	-2.00025E+000	2.96194E-004	11	..........a	-327.68
	71	72	-1.65336E+000	-2.00189E-001	-2.10816E+000	-2.00025E+000	3.07161E-004	11	..........a	-327.68
	72	73	-1.65456E+000	-2.00189E-001	-2.10761E+000	-2.00025E+000	3.01494E-004	11	..........a	-327.68
	73	74	-1.65336E+000	-2.00189E-001	-2.10755E+000	-2.00025E+000	3.03211E-004	11	..........a	-327.68
	74	75	-1.65336E+000	-2.00188E-001	-2.10867E+000	-2.00025E+000	3.01778E-004	11	..........a	-327.68
	75	76	-1.65256E+000	-2.00189E-001	-2.10671E+000	-2.00025E+000	3.07278E-004	11	..........a	-327.68
	76	77	-1.65176E+000	-2.00189E-001	-2.11049E+000	-2.00025E+000	3.07044E-004	11	..........a	-327.68
	77	78	-1.65376E+000	-2.00189E-001	-2.10685E+000	-2.00025E+000	3.11478E-004	11	..........a	-327.68
	78	79	-1.65176E+000	-2.00189E-001	-2.10807E+000	-2.00025E+000	3.04711E-004	11	..........a	-327.68
	79	80	-1.65256E+000	-2.00189E-001	-2.10726E+000	-2.00025E+000	3.07278E-004	11	..........a	-327.68
	80	81	-1.65416E+000	-2.00189E-001	-2.10739E+000	-2.00025E+000	3.11761E-004	11	..........a	-327.68
	81	82	-1.65296E+000	-2.00189E-001	-2.10547E+000	-2.00025E+000	3.08011E-004	11	..........a	-327.68
	82	83	-1.65176E+000	-2.00189E-001	-2.10909E+000	-2.00025E+000	3.05861E-004	11	..........a	-327.68
	83	84	-1.65056E+000	-2.00189E-001	-2.11241E+000	-2.00025E+000	3.06028E-004	11	..........a	-327.68
	84	85	-1.65376E+000	-2.00189E-001	-2.10815E+000	-2.00025E+000	3.06178E-004	11	..........a	-327.68
	85	86	-1.65136E+000	-2.00188E-001	-2.11245E+000	-2.00025E+000	2.71128E-004	11	..........a	-327.68
	86	87	-1.65256E+000	-2.00188E-001	-2.11097E+000	-2.00025E+000	2.79044E-004	11	..........a	-327.68
	87	88	-1.65256E+000	-2.00188E-001	-2.11024E+000	-2.00025E+000	2.74994E-004	11	..........a	-327.68
	88	89	-1.65216E+000	-2.00188E-001	-2.11213E+000	-2.00025E+000	2.69878E-004	11	..........a	-327.68
	89	90	-1.64416E+000	-2.00188E-001	-2.12213E+000	-2.00025E+000	2.72161E-004	11	..........a	-327.68
	90	91	-1.65136E+000	-2.00188E-001	-2.11052E+000	-2.00025E+000	2.67694E-004	11	..........a	-327.68
	91	92	-1.65216E+000	-2.00189E-001	-2.10914E+000	-2.00025E+000	2.82311E-004	11	..........a	-327.68
	92	93	-1.65096E+000	-2.00188E-001	-2.11086E+000	-2.00025E+000	2.68111E-004	11	..........a	-327.68
	93	94	-1.64976E+000	-2.00189E-001	-2.11418E+000	-2.00025E+000	2.66578E-004	11	..........a	-327.68
	94	95	-1.65096E+000	-2.00189E-001	-2.11408E+000	-2.00025E+000	2.64678E-004	11	..........a	-327.68
	95	96	-1.65016E+000	-2.00188E-001	-2.11803E+000	-2.00025E+000	2.64878E-004	11	..........a	-327.68
	96	97	-1.65176E+000	-2.00189E-001	-2.11523E+000	-2.00025E+000	2.65361E-004	11	..........a	-327.68
	97	98	-1.65176E+000	-2.00188E-001	-2.11833E+000	-2.00025E+000	2.62611E-004	11	..........a	-327.68
	98	99	-1.65216E+000	-2.00189E-001	-2.11814E+000	-2.00025E+000	2.58561E-004	11	..........a	-327.68
	99	100	-1.65096E+000	-2.00189E-001	-2.11768E+000	-2.00025E+000	2.64128E-004	11	..........a	-327.68
	100	101	-1.65216E+000	-2.00188E-001	-2.11624E+000	-2.00025E+000	2.64861E-004	11	..........a	-327.68
	101	102	-1.65296E+000	-2.00188E-001	-2.11556E+000	-2.00025E+000	2.58761E-004	11	..........a	-327.68
	102	103	-1.65136E+000	-2.00189E-001	-2.11793E+000	-2.00025E+000	2.63511E-004	11	..........a	-327.68
	103	104	-1.65136E+000	-2.00188E-001	-2.11732E+000	-2.00025E+000	2.59994E-004	11	..........a	-327.68
	104	105	-1.64256E+000	-2.00189E-001	-2.12517E+000	-2.00025E+000	2.67644E-004	11	..........a	-327.68
	105	106	-1.65176E+000	-2.00188E-001	-2.11528E+000	-2.00025E+000	2.68728E-004	11	..........a	-327.68
	106	107	-1.65056E+000	-2.00189E-001	-2.11786E+000	-2.00025E+000	2.69061E-004	11	..........a	-327.68
	107	108	-1.65056E+000	-2.00189E-001	-2.11682E+000	-2.00025E+000	2.71478E-004	11	..........a	-327.68
	108	109	-1.65096E+000	-2.00189E-001	-2.11581E+000	-2.00025E+000	2.62294E-004	11	..........a	-327.68
	109	110	-1.65096E+000	-2.00189E-001	-2.11288E+000	-2.00025E+000	2.57278E-004	11	..........a	-327.68
	110	111	-1.64896E+000	-2.00188E-001	-2.11728E+000	-2.00025E+000	2.63528E-004	11	..........a	-327.68
	111	112	-1.64736E+000	-2.00188E-001	-2.11829E+000	-2.00025E+000	2.60111E-004	11	..........a	-327.68
	112	113	-1.64936E+000	-2.00189E-001	-2.11841E+000	-2.00025E+000	2.65478E-004	11	..........a	-327.68
	113	114	-1.64176E+000	-2.00189E-001	-2.12705E+000	-2.00025E+000	3.06228E-004	11	..........a	-327.68
	114	115	-1.64776E+000	-2.00189E-001	-2.12225E+000	-2.00025E+000	2.94028E-004	11	..........a	-327.68
	115	116	-1.64136E+000	-2.00189E-001	-2.12890E+000	-2.00025E+000	2.94394E-004	11	..........a	-327.68
	116	117	-1.64776E+000	-2.00189E-001	-2.12332E+000	-2.00025E+000	3.04761E-004	11	..........a	-327.68
	117	118	-1.64736E+000	-2.00189E-001	-2.12410E+000	-2.00025E+000	3.05344E-004	11	..........a	-327.68
	118	119	-1.64856E+000	-2.00189E-001	-2.12055E+000	-2.00025E+000	3.01494E-004	11	..........a	-327.68
	119	120	-1.64696E+000	-2.00189E-001	-2.12062E+000	-2.00025E+000	2.99278E-004	11	..........a	-327.68
	120	121	-1.65096E+000	-2.00189E-001	-2.11752E+000	-2.00025E+000	3.04194E-004	11	..........a	-327.68
	121	122	-1.64696E+000	-2.00189E-001	-2.12263E+000	-2.00025E+000	3.06894E-004	11	..........a	-327.68
	122	123	-1.64816E+000	-2.00189E-001	-2.12126E+000	-2.00025E+000	3.01111E-004	11	..........a	-327.68
	123	124	-1.64856E+000	-2.00189E-001	-2.12144E+000	-2.00025E+000	2.96861E-004	11	..........a	-327.68
	124	125	-1.64776E+000	-2.00189E-001	-2.12382E+000	-2.00025E+000	2.98128E-004	11	..........a	-327.68
	125	126	-1.64776E+000	-2.00189E-001	-2.12465E+000	-2.00025E+000	3.02911E-004	11	..........a	-327.68
	126	127	-1.64856E+000	-2.00189E-001	-2.12497E+000	-2.00025E+000	3.07444E-004	11	..........a	-327.68
	127	128	-1.64856E+000	-2.00189E-001	-2.12480E+000	-2.00025E+000	2.98944E-004	11	..........a	-327.68
	128	129	-1.64856E+000	-2.00189E-001	-2.12298E+000	-2.00025E+000	3.00028E-004	11	..........a	-327.68
	129	130	-1.64856E+000	-2.00189E-001	-2.12169E+000	-2.00025E+000	3.02344E-004	11	..........a	-327.68
	130	131	-1.63976E+000	-2.00189E-001	-2.13205E+000	-2.00025E+000	3.01278E-004	11	..........a	-327.68
	131	132	-1.64776E+000	-2.00189E-001	-2.12400E+000	-2.00025E+000	3.01078E-004	11	..........a	-327.68
	132	133	-1.64776E+000	-2.00189E-001	-2.12758E+000	-2.00025E+000	3.00544E-004	11	..........a	-327.68
	133	134	-1.64696E+000	-2.00189E-001	-2.12891E+000	-2.00025E+000	2.98028E-004	11	..........a	-327.68
	134	135	-1.64856E+000	-2.00189E-001	-2.12700E+000	-2.00025E+000	3.03894E-004	11	..........a	-327.68
	135	136	-1.64856E+000	-2.00189E-001	-2.12578E+000	-2.00025E+000	2.98978E-004	11	..........a	-327.68
	136	137	-1.64856E+000	-2.00189E-001	-2.12527E+000	-2.00025E+000	3.03611E-004	11	..........a	-327.68
	137	138	-1.64776E+000	-2.00189E-001	-2.12459E+000	-2.00025E+000	3.00011E-004	11	..........a	-327.68
	138	139	-1.64656E+000	-2.00189E-001	-2.12543E+000	-2.00025E+000	2.94444E-004	11	..........a	-327.68
	139	140	-1.63936E+000	-2.00188E-001	-2.12985E+000	-2.00025E+000	3.00928E-004	11	..........a	-327.68
	140	141	-1.64736E+000	-2.00189E-001	-2.12247E+000	-2.00025E+000	2.90244E-004	11	..........a	-327.68
	141	142	-1.64696E+000	-2.00189E-001	-2.12392E+000	-2.00025E+000	2.99378E-004	11	..........a	-327.68
	142	143	-1.64696E+000	-2.00189E-001	-2.12172E+000	-2.00025E+000	2.92544E-004	11	..........a	-327.68
	143	144	-1.64736E+000	-2.00189E-001	-2.12409E+000	-2.00025E+000	2.88861E-004	11	..........a	-327.68
	144	145	-1.64696E+000	-2.00189E-001	-2.12615E+000	-2.00025E+000	2.90528E-004	11	..........a	-327.68
	145	146	-1.64616E+000	-2.00189E-001	-2.12879E+000	-2.00025E+000	2.96494E-004	11	..........a	-327.68
	146	147	-1.64696E+000	-2.00189E-001	-2.12823E+000	-2.00025E+000	2.88411E-004	11	..........a	-327.68
	147	148	-1.64736E+000	-2.00189E-001	-2.12746E+000	-2.00025E+000	2.84328E-004	11	..........a	-327.68
	148	149	-1.64776E+000	-2.00189E-001	-2.12756E+000	-2.00025E+000	2.87044E-004	11	..........a	-327.68
	149	150	-1.64696E+000	-2.00189E-001	-2.12961E+000	-2.00025E+000	2.92161E-004	11	..........a	-327.68
	150	151	-1.64656E+000	-2.00189E-001	-2.12668E+000	-2.00025E+000	2.94161E-004	11	..........a	-327.68
	151	152	-1.64616E+000	-2.00190E-001	-2.12795E+000	-2.00025E+000	3.04161E-004	11	..........a	-327.68
	152	153	-1.64496E+000	-2.00189E-001	-2.13023E+000	-2.00025E+000	3.02344E-004	11	..........a	-327.68
	153	154	-1.64576E+000	-2.00189E-001	-2.12869E+000	-2.00025E+000	2.93628E-004	11	..........a	-327.68
	154	155	-1.63776E+000	-2.00189E-001	-2.13722E+000	-2.00025E+000	2.92244E-004	11	..........a	-327.68
	155	156	-1.64576E+000	-2.00190E-001	-2.12736E+000	-2.00025E+000	2.95228E-004	11	..........a	-327.68
	156	157	-1.63776E+000	-2.00189E-001	-2.13538E+000	-2.00025E+000	2.98478E-004	11	..........a	-327.68
	157	158	-1.64496E+000	-2.00189E-001	-2.12723E+000	-2.00025E+000	2.89794E-004	11	..........a	-327.68
	158	159	-1.64656E+000	-2.00189E-001	-2.12830E+000	-2.00025E+000	2.91111E-004	11	..........a	-327.68
	159	160	-1.64576E+000	-2.00189E-001	-2.12933E+000	-2.00025E+000	2.92594E-004	11	..........a	-327.68
	160	161	-1.64576E+000	-2.00189E-001	-2.12762E+000	-2.00025E+000	2.97011E-004	11	..........a	-327.68
	161	162	-1.64416E+000	-2.00189E-001	-2.12833E+000	-2.00025E+000	2.96678E-004	11	..........a	-327.68
	162	163	-1.64496E+000	-2.00189E-001	-2.12945E+000	-2.00025E+000	2.91194E-004	11	..........a	-327.68
	163	164	-1.64456E+000	-2.00189E-001	-2.12886E+000	-2.00025E+000	2.96644E-004	11	..........a	-327.68
	164	165	-1.64496E+000	-2.00189E-001	-2.12932E+000	-2.00025E+000	2.95228E-004	11	..........a	-327.68
	165	166	-1.64616E+000	-2.00189E-001	-2.12927E+000	-2.00025E+000	2.94994E-004	11	..........a	-327.68
	166	167	-1.64496E+000	-2.00189E-001	-2.13238E+000	-2.00025E+000	2.92478E-004	11	..........a	-327.68
	167	168	-1.63816E+000	-2.00189E-001	-2.13887E+000	-2.00025E+000	2.97161E-004	11	..........a	-327.68
	168	169	-1.64576E+000	-2.00189E-001	-2.13062E+000	-2.00025E+000	3.01694E-004	11	..........a	-327.68
	169	170	-1.63656E+000	-2.00189E-001	-2.14069E+000	-2.00025E+000	2.90861E-004	11	..........a	-327.68
	170	171	-1.64336E+000	-2.00189E-001	-2.13051E+000	-2.00025E+000	2.93044E-004	11	..........a	-327.68
	171	172	-1.64336E+000	-2.00190E-001	-2.13164E+000	-2.00025E+000	2.90144E-004	11	..........a	-327.68
	172	173	-1.64496E+000	-2.00189E-001	-2.12930E+000	-2.00025E+000	2.96028E-004	11	..........a	-327.68
	173	174	-1.64336E+000	-2.00189E-001	-2.13246E+000	-2.00025E+000	2.88911E-004	11	..........a	-327.68
	174	175	-1.64296E+000	-2.00189E-001	-2.12938E+000	-2.00025E+000	2.90111E-004	11	..........a	-327.68
	175	176	-1.64336E+000	-2.00189E-001	-2.12900E+000	-2.00025E+000	2.88761E-004	11	..........a	-327.68
	176	177	-1.64176E+000	-2.00189E-001	-2.13213E+000	-2.00025E+000	2.95411E-004	11	..........a	-327.68
	177	178	-1.64536E+000	-2.00189E-001	-2.13474E+000	-2.00025E+000	2.94878E-004	11	..........a	-327.68
	178	179	-1.64496E+000	-2.00189E-001	-2.13393E+000	-2.00025E+000	2.92861E-004	11	..........a	-327.68
	179	180	-1.64296E+000	-2.00189E-001	-2.13665E+000	-2.00025E+000	2.90978E-004	11	..........a	-327.68
	180	181	-1.64376E+000	-2.00189E-001	-2.13566E+000	-2.00025E+000	2.91494E-004	11	..........a	-327.68
	181	182	-1.64216E+000	-2.00190E-001	-2.13570E+000	-2.00025E+000	2.95644E-004	11	..........a	-327.68
	182	183	-1.64336E+000	-2.00190E-001	-2.13561E+000	-2.00025E+000	2.90061E-004	11	..........a	-327.68
	183	184	-1.64216E+000	-2.00189E-001	-2.13463E+000	-2.00025E+000	2.90678E-004	11	..........a	-327.68
	184	185	-1.63576E+000	-2.00189E-001	-2.14156E+000	-2.00025E+000	2.92211E-004	11	..........a	-327.68
	185	186	-1.64296E+000	-2.00189E-001	-2.13232E+000	-2.00025E+000	2.89828E-004	11	..........a	-327.68
	186	187	-1.64376E+000	-2.00189E-001	-2.13010E+000	-2.00025E+000	2.89894E-004	11	..........a	-327.68
	187	188	-1.64096E+000	-2.00189E-001	-2.13281E+000	-2.00025E+000	2.96111E-004	11	..........a	-327.68
	188	189	-1.64176E+000	-2.00189E-001	-2.13769E+000	-2.00025E+000	2.95844E-004	11	..........a	-327.68
	189	190	-1.64056E+000	-2.00189E-001	-2.13793E+000	-2.00025E+000	2.88444E-004	11	..........a	-327.68
	190	191	-1.64216E+000	-2.00189E-001	-2.13825E+000	-2.00025E+000	2.86194E-004	11	..........a	-327.68
	191	192	-1.64216E+000	-2.00189E-001	-2.13661E+000	-2.00025E+000	2.94061E-004	11	..........a	-327.68
	192	193	-1.64176E+000	-2.00189E-001	-2.13572E+000	-2.00025E+000	2.91178E-004	11	..........a	-327.68
	193	194	-1.64256E+000	-2.00189E-001	-2.13335E+000	-2.00025E+000	2.95444E-004	11	..........a	-327.68
	194	195	-1.64016E+000	-2.00189E-001	-2.13680E+000	-2.00025E+000	2.92411E-004	11	..........a	-327.68
	195	196	-1.64056E+000	-2.00188E-001	-2.13393E+000	-2.00025E+000	2.97444E-004	11	..........a	-327.68
	196	197	-1.63976E+000	-2.00188E-001	-2.13911E+000	-2.00025E+000	2.97428E-004	11	..........a	-327.68
	197	198	-1.64136E+000	-2.00189E-001	-2.13763E+000	-2.00025E+000	2.94978E-004	11	..........a	-327.68
	198	199	-1.64136E+000	-2.00188E-001	-2.13727E+000	-2.00025E+000	2.90544E-004	11	..........a	-327.68
	199	200	-1.63416E+000	-2.00188E-001	-2.14191E+000	-2.00025E+000	2.94894E-004	11	..........a	-327.68
	200	201	-1.64136E+000	-2.00188E-001	-2.13741E+000	-2.00025E+000	2.94378E-004	11	..........a	-327.68
	201	202	-1.64136E+000	-2.00188E-001	-2.13724E+000	-2.00025E+000	2.99061E-004	11	..........a	-327.68
	202	203	-1.64216E+000	-2.00189E-001	-2.13349E+000	-2.00025E+000	2.93594E-004	11	..........a	-327.68
	203	204	-1.64136E+000	-2.00189E-001	-2.13390E+000	-2.00025E+000	2.94561E-004	11	..........a	-327.68
	204	205	-1.64216E+000	-2.00189E-001	-2.13643E+000	-2.00025E+000	2.91061E-004	11	..........a	-327.68
	205	206	-1.64216E+000	-2.00188E-001	-2.13640E+000	-2.00025E+000	3.02011E-004	11	..........a	-327.68
	206	207	-1.64136E+000	-2.00188E-001	-2.13622E+000	-2.00025E+000	2.98628E-004	11	..........a	-327.68
	207	208	-1.63896E+000	-2.00189E-001	-2.13710E+000	-2.00025E+000	2.98844E-004	11	..........a	-327.68
	208	209	-1.64136E+000	-2.00189E-001	-2.13441E+000	-2.00025E+000	2.96211E-004	11	..........a	-327.68
	209	210	-1.64136E+000	-2.00189E-001	-2.13549E+000	-2.00025E+000	2.94361E-004	11	..........a	-327.68
	210	211	-1.64056E+000	-2.00189E-001	-2.13956E+000	-2.00025E+000	3.03544E-004	11	..........a	-327.68
	211	212	-1.64136E+000	-2.00189E-001	-2.13804E+000	-2.00025E+000	2.96561E-004	11	..........a	-327.68
	212	213	-1.63336E+000	-2.00188E-001	-2.14569E+000	-2.00025E+000	3.01594E-004	11	..........a	-327.68
	213	214	-1.64056E+000	-2.00189E-001	-2.14089E+000	-2.00025E+000	3.03528E-004	11	..........a	-327.68
	214	215	-1.64056E+000	-2.00189E-001	-2.13991E+000	-2.00025E+000	3.06828E-004	11	..........a	-327.68
	215	216	-1.63896E+000	-2.00189E-001	-2.14308E+000	-2.00025E+000	3.00578E-004	11	..........a	-327.68
	216	217	-1.64216E+000	-2.00189E-001	-2.14029E+000	-2.00025E+000	3.00644E-004	11	..........a	-327.68
	217	218	-1.64056E+000	-2.00189E-001	-2.14409E+000	-2.00025E+000	3.03828E-004	11	..........a	-327.68
	218	219	-1.64256E+000	-2.00189E-001	-2.14293E+000	-2.00025E+000	3.00644E-004	11	..........a	-327.68
	219	220	-1.64096E+000	-2.00190E-001	-2.14685E+000	-2.00025E+000	2.99894E-004	11	..........a	-327.68
	220	221	-1.64056E+000	-2.00190E-001	-2.14567E+000	-2.00025E+000	2.97561E-004	11	..........a	-327.68
	221	222	-1.64136E+000	-2.00189E-001	-2.14625E+000	-2.00025E+000	3.02728E-004	11	..........a	-327.68
	222	223	-1.64136E+000	-2.00189E-001	-2.14655E+000	-2.00025E+000	2.97061E-004	11	..........a	-327.68
	223	224	-1.64136E+000	-2.00189E-001	-2.14844E+000	-2.00025E+000	3.01478E-004	11	..........a	-327.68
	224	225	-1.63976E+000	-2.00188E-001	-2.15138E+000	-2.00025E+000	2.94844E-004	11	..........a	-327.68
	225	226	-1.64136E+000	-2.00189E-001	-2.14943E+000	-2.00025E+000	2.98061E-004	11	..........a	-327.68
	226	227	-1.64016E+000	-2.00189E-001	-2.14773E+000	-2.00025E+000	3.02228E-004	11	..........a	-327.68
	227	228	-1.63336E+000	-2.00189E-001	-2.15320E+000	-2.00025E+000	3.00261E-004	11	..........a	-327.68
	228	229	-1.64056E+000	-2.00189E-001	-2.14592E+000	-2.00025E+000	3.00828E-004	11	..........a	-327.68
	229	230	-1.64056E+000	-2.00189E-001	-2.14303E+000	-2.00025E+000	3.00044E-004	11	..........a	-327.68
	230	231	-1.63656E+000	-2.00189E-001	-2.15240E+000	-2.00025E+000	3.00628E-004	11	..........a	-327.68
	231	232	-1.63816E+000	-2.00189E-001	-2.05751E+000	-2.00025E+000	3.02028E-004	11	..........a	-327.68
	232	233	-1.63656E+000	-2.00189E-001	-2.06208E+000	-2.00025E+000	3.00194E-004	11	..........a	-327.68
	233	234	-1.63776E+000	-2.00190E-001	-2.06129E+000	-2.00025E+000	2.99261E-004	11	..........a	-327.68
	234	235	-1.63816E+000	-2.00189E-001	-2.06285E+000	-2.00025E+000	2.99644E-004	11	..........a	-327.68
	235	236	-1.63936E+000	-2.00189E-001	-2.05765E+000	-2.00025E+000	3.00294E-004	11	..........a	-327.68
	236	237	-1.63856E+000	-2.00189E-001	-2.06081E+000	-2.00025E+000	3.00394E-004	11	..........a	-327.68
	237	238	-1.63936E+000	-2.00189E-001	-2.05907E+000	-2.00025E+000	3.04094E-004	11	..........a	-327.68
	238	239	-1.64016E+000	-2.00190E-001	-2.06069E+000	-2.00025E+000	3.00994E-004	11	..........a	-327.68
	239	240	-1.63936E+000	-2.00190E-001	-2.06018E+000	-2.00025E+000	2.99478E-004	11	..........a	-327.68
	240	241	-1.64016E+000	-2.00189E-001	-2.05867E+000	-2.00025E+000	3.09578E-004	11	..........a	-327.68
	241	242	-1.63856E+000	-2.00189E-001	-2.06158E+000	-2.00025E+000	3.00694E-004	11	..........a	-327.68
	242	243	-1.63136E+000	-2.00190E-001	-2.06752E+000	-2.00025E+000	3.03044E-004	11	..........a	-327.68
	243	244	-1.63936E+000	-2.00189E-001	-2.06201E+000	-2.00025E+000	3.06161E-004	11	..........a	-327.68
	244	245	-1.63856E+000	-2.00189E-001	-2.06053E+000	-2.00025E+000	3.03661E-004	11	..........a	-327.68
	245	246	-1.63776E+000	-2.00189E-001	-2.06060E+000	-2.00025E+000	3.04244E-004	11	..........a	-327.68
	246	247	-1.63936E+000	-2.00189E-001	-2.05685E+000	-2.00025E+000	2.92811E-004	11	..........a	-327.68
	247	248	-1.63856E+000	-2.00189E-001	-2.06008E+000	-2.00025E+000	2.91311E-004	11	..........a	-327.68
	248	249	-1.63856E+000	-2.00189E-001	-2.06053E+000	-2.00025E+000	2.97044E-004	11	..........a	-327.68
	249	250	-1.63816E+000	-2.00190E-001	-2.06599E+000	-2.00025E+000	2.97994E-004	11	..........a	-327.68
	250	251	-1.64016E+000	-2.00189E-001	-2.06043E+000	-2.00025E+000	2.97978E-004	11	..........a	-327.68
	251	252	-1.63856E+000	-2.00189E-001	-2.06347E+000	-2.00025E+000	2.99478E-004	11	..........a	-327.68
	252	253	-1.63856E+000	-2.00189E-001	-2.06378E+000	-2.00025E+000	2.95711E-004	11	..........a	-327.68
	253	254	-1.63136E+000	-2.00188E-001	-2.07055E+000	-2.00025E+000	2.97694E-004	11	..........a	-327.68
	254	255	-1.63776E+000	-2.00189E-001	-2.06159E+000	-2.00025E+000	3.00961E-004	11	..........a	-327.68
	255	256	-1.63056E+000	-2.00189E-001	-2.07049E+000	-2.00025E+000	2.96428E-004	11	..........a	-327.68
	256	257	-1.63936E+000	-2.00189E-001	-2.06216E+000	-2.00025E+000	2.96044E-004	11	..........a	-327.68
	257	258	-1.63976E+000	-2.00189E-001	-2.06055E+000	-2.00025E+000	2.95044E-004	11	..........a	-327.68
	258	259	-1.63816E+000	-2.00189E-001	-2.06420E+000	-2.00025E+000	2.92794E-004	11	..........a	-327.68
	259	260	-1.63776E+000	-2.00189E-001	-2.06512E+000	-2.00025E+000	2.91661E-004	11	..........a	-327.68
	260	261	-1.63856E+000	-2.00189E-001	-2.06726E+000	-2.00025E+000	2.95144E-004	11	..........a	-327.68
	261	262	-1.63896E+000	-2.00190E-001	-2.06881E+000	-2.00025E+000	2.94744E-004	11	..........a	-327.68
	262	263	-1.63776E+000	-2.00190E-001	-2.07028E+000	-2.00025E+000	2.95444E-004	11	..........a	-327.68
	263	264	-1.63856E+000	-2.00189E-001	-2.06661E+000	-2.00025E+000	3.04661E-004	11	..........a	-327.68
	264	265	-1.63696E+000	-2.00190E-001	-2.06756E+000	-2.00025E+000	3.04461E-004	11	..........a	-327.68
	265	266	-1.63776E+000	-2.00189E-001	-2.06955E+000	-2.00025E+000	3.04194E-004	11	..........a	-327.68
	266	267	-1.63056E+000	-2.00190E-001	-2.07546E+000	-2.00025E+000	2.99828E-004	11	..........a	-327.68
	267	268	-1.64176E+000	-2.00189E-001	-2.06694E+000	-2.00025E+000	3.04961E-004	11	..........a	-327.68
	268	269	-1.63176E+000	-2.00190E-001	-2.07667E+000	-2.00025E+000	3.03161E-004	11	..........a	-327.68
	269	270	-1.63696E+000	-2.00189E-001	-2.07116E+000	-2.00025E+000	3.04728E-004	11	..........a	-327.68
	270	271	-1.64096E+000	-2.00189E-001	-2.06595E+000	-2.00025E+000	3.03744E-004	11	..........a	-327.68
	271	272	-1.63856E+000	-2.00189E-001	-2.06929E+000	-2.00025E+000	3.07094E-004	11	..........a	-327.68
	272	273	-1.64096E+000	-2.00190E-001	-2.06300E+000	-2.00025E+000	3.09628E-004	11	..........a	-327.68
	273	274	-1.63376E+000	-2.00190E-001	-2.07274E+000	-2.00025E+000	3.08611E-004	11	..........a	-327.68
	274	275	-1.63896E+000	-2.00190E-001	-2.06497E+000	-2.00025E+000	3.10344E-004	11	..........a	-327.68
	275	276	-1.64016E+000	-2.00190E-001	-2.06786E+000	-2.00025E+000	3.10194E-004	11	..........a	-327.68
	276	277	-1.63336E+000	-2.00190E-001	-2.07463E+000	-2.00025E+000	3.01728E-004	11	..........a	-327.68
	277	278	-1.63696E+000	-2.00190E-001	-2.07016E+000	-2.00025E+000	3.11561E-004	11	..........a	-327.68
	278	279	-1.63616E+000	-2.00190E-001	-2.06892E+000	-2.00025E+000	3.08828E-004	11	..........a	-327.68
	279	280	-1.64096E+000	-2.00190E-001	-2.06674E+000	-2.00025E+000	3.11378E-004	11	..........a	-327.68
	280	281	-1.63856E+000	-2.00190E-001	-2.06875E+000	-2.00025E+000	3.16278E-004	11	..........a	-327.68
	281	282	-1.63296E+000	-2.00190E-001	-2.07330E+000	-2.00025E+000	3.14394E-004	11	..........a	-327.68
	282	283	-1.63496E+000	-2.00190E-001	-2.07188E+000	-2.00025E+000	3.10111E-004	11	..........a	-327.68
	283	284	-1.63496E+000	-2.00190E-001	-2.06936E+000	-2.00025E+000	3.06728E-004	11	..........a	-327.68
	284	285	-1.63856E+000	-2.00191E-001	-2.06542E+000	-2.00025E+000	3.08961E-004	11	..........a	-327.68
	285	286	-1.63816E+000	-2.00190E-001	-2.06959E+000	-2.00025E+000	3.11928E-004	11	..........a	-327.68
	286	287	-1.63736E+000	-2.00190E-001	-2.07243E+000	-2.00025E+000	3.07411E-004	11	..........a	-327.68
	287	288	-1.63536E+000	-2.00190E-001	-2.07469E+000	-2.00025E+000	3.09744E-004	11	..........a	-327.68
	288	289	-1.63776E+000	-2.00190E-001	-2.07330E+000	-2.00025E+000	3.15561E-004	11	..........a	-327.68
	289	290	-1.63896E+000	-2.00190E-001	-2.07001E+000	-2.00025E+000	3.10461E-004	11	..........a	-327.68
	290	291	-1.63696E+000	-2.00190E-001	-2.07040E+000	-2.00025E+000	3.13078E-004	11	..........a	-327.68
	291	292	-1.63776E+000	-2.00190E-001	-2.06713E+000	-2.00025E+000	3.10911E-004	11	..........a	-327.68
	292	293	-1.63696E+000	-2.00190E-001	-2.07063E+000	-2.00025E+000	3.04328E-004	11	..........a	-327.68
	293	294	-1.63736E+000	-2.00190E-001	-2.07452E+000	-2.00025E+000	3.08311E-004	11	..........a	-327.68
	294	295	-1.62976E+000	-2.00190E-001	-2.08032E+000	-2.00025E+000	3.07294E-004	11	..........a	-327.68
	295	296	-1.63656E+000	-2.00190E-001	-2.07466E+000	-2.00025E+000	3.14944E-004	11	..........a	-327.68
	296	297	-1.63776E+000	-2.00190E-001	-2.07290E+000	-2.00025E+000	3.09228E-004	11	..........a	-327.68
	297	298	-1.63576E+000	-2.00190E-001	-2.07631E+000	-2.00025E+000	3.12194E-004	11	..........a	-327.68
	298	299	-1.63616E+000	-2.00190E-001	-2.07795E+000	-2.00025E+000	3.11478E-004	11	..........a	-327.68
	299	300	-1.63536E+000	-2.00190E-001	-2.07636E+000	-2.00025E+000	3.13011E-004	11	..........a	-327.68
	300	301	-1.63696E+000	-2.00190E-001	-2.07283E+000	-2.00025E+000	3.18194E-004	11	..........a	-327.68
	301	302	-1.63776E+000	-2.00190E-001	-2.07543E+000	-2.00025E+000	3.16994E-004	11	..........a	-327.68
	302	303	-1.63696E+000	-2.00189E-001	-2.07632E+000	-2.00025E+000	3.11744E-004	11	..........a	-327.68
	303	304	-1.63496E+000	-2.00190E-001	-2.07852E+000	-2.00025E+000	3.12644E-004	11	..........a	-327.68
	304	305	-1.63496E+000	-2.00190E-001	-2.07896E+000	-2.00025E+000	3.15094E-004	11	..........a	-327.68
	305	306	-1.62856E+000	-2.00189E-001	-2.08402E+000	-2.00025E+000	3.13978E-004	11	..........a	-327.68
	306	307	-1.63616E+000	-2.00190E-001	-2.07700E+000	-2.00025E+000	3.10111E-004	11	..........a	-327.68
	307	308	-1.63536E+000	-2.00189E-001	-2.07558E+000	-2.00025E+000	3.02978E-004	11	..........a	-327.68
	308	309	-1.63376E+000	-2.00190E-001	-2.07968E+000	-2.00025E+000	3.13311E-004	11	..........a	-327.68
	309	310	-1.63496E+000	-2.00190E-001	-2.07643E+000	-2.00025E+000	3.03178E-004	11	..........a	-327.68
	310	311	-1.63376E+000	-2.00190E-001	-2.07744E+000	-2.00025E+000	3.07561E-004	11	..........a	-327.68
	311	312	-1.63256E+000	-2.00190E-001	-2.07931E+000	-2.00025E+000	3.10161E-004	11	..........a	-327.68
	312	313	-1.63696E+000	-2.00190E-001	-2.07268E+000	-2.00025E+000	3.10361E-004	11	..........a	-327.68
	313	314	-1.63656E+000	-2.00190E-001	-2.07214E+000	-2.00025E+000	3.14161E-004	11	..........a	-327.68
	314	315	-1.63576E+000	-2.00190E-001	-2.07535E+000	-2.00025E+000	3.03644E-004	11	..........a	-327.68
	315	316	-1.63576E+000	-2.00190E-001	-2.07420E+000	-2.00025E+000	3.07994E-004	11	..........a	-327.68
	316	317	-1.63296E+000	-2.00196E-001	-2.07813E+000	-2.00025E+000	5.08328E-004	11	..........a	-327.68
	317	318	-1.63416E+000	-2.00196E-001	-2.07403E+000	-2.00025E+000	5.15594E-004	11	..........a	-327.68
	318	319	-1.62696E+000	-2.00196E-001	-2.08172E+000	-2.00025E+000	5.11861E-004	11	..........a	-327.68
	319	320	-1.63416E+000	-2.00196E-001	-2.07479E+000	-2.00025E+000	5.21044E-004	11	..........a	-327.68
	320	321	-1.62696E+000	-2.00196E-001	-2.08282E+000	-2.00025E+000	5.04294E-004	11	..........a	-327.68
	321	322	-1.63736E+000	-2.00195E-001	-2.07438E+000	-2.00025E+000	5.04528E-004	11	..........a	-327.68
	322	323	-1.63496E+000	-2.00196E-001	-2.08015E+000	-2.00025E+000	5.17861E-004	11	..........a	-327.68
	323	324	-1.63536E+000	-2.00196E-001	-2.07883E+000	-2.00025E+000	5.14744E-004	11	..........a	-327.68
	324	325	-1.63496E+000	-2.00195E-001	-2.07797E+000	-2.00025E+000	5.13744E-004	11	..........a	-327.68
	325	326	-1.63456E+000	-2.00195E-001	-2.07900E+000	-2.00025E+000	5.16478E-004	11	..........a	-327.68
	326	327	-1.63856E+000	-2.00196E-001	-2.07216E+000	-2.00025E+000	5.12228E-004	11	..........a	-327.68
	327	328	-1.63336E+000	-2.00191E-001	-2.07987E+000	-2.00025E+000	3.44728E-004	11	..........a	-327.68
	328	329	-1.63336E+000	-2.00191E-001	-2.07649E+000	-2.00025E+000	3.42994E-004	11	..........a	-327.68
	329	330	-1.63376E+000	-2.00190E-001	-2.07656E+000	-2.00025E+000	3.49778E-004	11	..........a	-327.68
	330	331	-1.63376E+000	-2.00190E-001	-2.07602E+000	-2.00025E+000	3.42878E-004	11	..........a	-327.68
	331	332	-1.63456E+000	-2.00190E-001	-2.07551E+000	-2.00025E+000	3.37694E-004	11	..........a	-327.68
	332	333	-1.63496E+000	-2.00190E-001	-2.07461E+000	-2.00025E+000	3.37778E-004	11	..........a	-327.68
	333	334	-1.63536E+000	-2.00190E-001	-2.07866E+000	-2.00025E+000	3.38794E-004	11	..........a	-327.68
	334	335	-1.63496E+000	-2.00190E-001	-2.07753E+000	-2.00025E+000	3.41994E-004	11	..........a	-327.68
	335	336	-1.63496E+000	-2.00190E-001	-2.07338E+000	-2.00025E+000	3.33844E-004	11	..........a	-327.68
	336	337	-1.63376E+000	-2.00190E-001	-2.07744E+000	-2.00025E+000	3.28394E-004	11	..........a	-327.68
	337	338	-1.63696E+000	-2.00190E-001	-2.07698E+000	-2.00025E+000	3.37378E-004	11	..........a	-327.68
	338	339	-1.63336E+000	-2.00190E-001	-2.08250E+000	-2.00025E+000	3.33194E-004	11	..........a	-327.68
	339	340	-1.63376E+000	-2.00190E-001	-2.08243E+000	-2.00025E+000	3.38694E-004	11	..........a	-327.68
	340	341	-1.63496E+000	-2.00190E-001	-2.08324E+000	-2.00025E+000	3.46444E-004	11	..........a	-327.68
	341	342	-1.63376E+000	-2.00190E-001	-2.08386E+000	-2.00025E+000	3.42078E-004	11	..........a	-327.68
	342	343	-1.63376E+000	-2.00190E-001	-2.08175E+000	-2.00025E+000	3.40661E-004	11	..........a	-327.68
	343	344	-1.63496E+000	-2.00190E-001	-2.08138E+000	-2.00025E+000	3.42094E-004	11	..........a	-327.68
	344	345	-1.63376E+000	-2.00190E-001	-2.08360E+000	-2.00025E+000	3.44994E-004	11	..........a	-327.68
	345	346	-1.63536E+000	-2.00190E-001	-2.07962E+000	-2.00025E+000	3.41694E-004	11	..........a	-327.68
	346	347	-1.62576E+000	-2.00190E-001	-2.08954E+000	-2.00025E+000	3.41111E-004	11	..........a	-327.68
	347	348	-1.63816E+000	-2.00190E-001	-2.07499E+000	-2.00025E+000	3.37278E-004	11	..........a	-327.68
	348	349	-1.63496E+000	-2.00190E-001	-2.08255E+000	-2.00025E+000	3.40594E-004	11	..........a	-327.68
	349	350	-1.63256E+000	-2.00190E-001	-2.08633E+000	-2.00025E+000	3.36394E-004	11	..........a	-327.68
	350	351	-1.63496E+000	-2.00190E-001	-2.08280E+000	-2.00025E+000	3.38294E-004	11	..........a	-327.68
	351	352	-1.63256E+000	-2.00190E-001	-2.08260E+000	-2.00025E+000	3.35494E-004	11	..........a	-327.68
	352	353	-1.63816E+000	-2.00190E-001	-2.07775E+000	-2.00025E+000	3.31694E-004	11	..........a	-327.68
	353	354	-1.63856E+000	-2.00190E-001	-2.07901E+000	-2.00025E+000	3.39978E-004	11	..........a	-327.68
	354	355	-1.63256E+000	-2.00190E-001	-2.08601E+000	-2.00025E+000	3.29861E-004	11	..........a	-327.68
	355	356	-1.63536E+000	-2.00190E-001	-2.08271E+000	-2.00025E+000	3.33844E-004	11	..........a	-327.68
	356	357	-1.63496E+000	-2.00190E-001	-2.08175E+000	-2.00025E+000	3.36278E-004	11	..........a	-327.68
	357	358	-1.62616E+000	-2.00190E-001	-2.09096E+000	-2.00025E+000	3.38828E-004	11	..........a	-327.68
	358	359	-1.63496E+000	-2.00190E-001	-2.07995E+000	-2.00025E+000	3.34428E-004	11	..........a	-327.68
	359	360	-1.63496E+000	-2.00190E-001	-2.07948E+000	-2.00025E+000	3.35661E-004	11	..........a	-327.68
	360	361	-1.63576E+000	-2.00190E-001	-2.07875E+000	-2.00025E+000	3.43461E-004	11	..........a	-327.68
	361	362	-1.63496E+000	-2.00190E-001	-2.08056E+000	-2.00025E+000	3.33244E-004	11	..........a	-327.68
	362	363	-1.63496E+000	-2.00190E-001	-2.07684E+000	-2.00025E+000	3.32444E-004	11	..........a	-327.68
	363	364	-1.63576E+000	-2.00190E-001	-2.07893E+000	-2.00025E+000	3.31961E-004	11	..........a	-327.68
	364	365	-1.63416E+000	-2.00190E-001	-2.07845E+000	-2.00025E+000	3.31311E-004	11	..........a	-327.68
	365	366	-1.63416E+000	-2.00190E-001	-2.08137E+000	-2.00025E+000	3.29628E-004	11	..........a	-327.68
	366	367	-1.63896E+000	-2.00190E-001	-2.07592E+000	-2.00025E+000	3.26178E-004	11	..........a	-327.68
	367	368	-1.63256E+000	-2.00190E-001	-2.08233E+000	-2.00025E+000	3.32811E-004	11	..........a	-327.68
	368	369	-1.63336E+000	-2.00190E-001	-2.08191E+000	-2.00025E+000	3.31361E-004	11	..........a	-327.68
	369	370	-1.63376E+000	-2.00190E-001	-2.08110E+000	-2.00025E+000	3.30811E-004	11	..........a	-327.68
	370	371	-1.63256E+000	-2.00190E-001	-2.08225E+000	-2.00025E+000	3.30344E-004	11	..........a	-327.68
	371	372	-1.63176E+000	-2.00190E-001	-2.08542E+000	-2.00025E+000	3.33244E-004	11	..........a	-327.68
	372	373	-1.62536E+000	-2.00190E-001	-2.09357E+000	-2.00025E+000	3.33261E-004	11	..........a	-327.68
	373	374	-1.63376E+000	-2.00190E-001	-2.08397E+000	-2.00025E+000	3.36961E-004	11	..........a	-327.68
	374	375	-1.62456E+000	-2.00190E-001	-2.09075E+000	-2.00025E+000	3.38644E-004	11	..........a	-327.68
	375	376	-1.63336E+000	-2.00190E-001	-2.08730E+000	-2.00025E+000	3.30244E-004	11	..........a	-327.68
	376	377	-1.63336E+000	-2.00190E-001	-2.08668E+000	-2.00025E+000	3.40294E-004	11	..........a	-327.68
	377	378	-1.63256E+000	-2.00190E-001	-2.08519E+000	-2.00025E+000	3.29044E-004	11	..........a	-327.68
	378	379	-1.63336E+000	-2.00191E-001	-2.08611E+000	-2.00025E+000	3.34211E-004	11	..........a	-327.68
	379	380	-1.63216E+000	-2.00190E-001	-2.08811E+000	-2.00025E+000	3.40828E-004	11	..........a	-327.68
	380	381	-1.63336E+000	-2.00191E-001	-2.08789E+000	-2.00025E+000	3.38211E-004	11	..........a	-327.68
	381	382	-1.63336E+000	-2.00190E-001	-2.08581E+000	-2.00025E+000	3.37994E-004	11	..........a	-327.68
	382	383	-1.63256E+000	-2.00191E-001	-2.09005E+000	-2.00025E+000	3.34261E-004	11	..........a	-327.68
	383	384	-1.63416E+000	-2.00190E-001	-2.08505E+000	-2.00025E+000	3.39578E-004	11	..........a	-327.68
	384	385	-1.63336E+000	-2.00190E-001	-2.08487E+000	-2.00025E+000	3.30661E-004	11	..........a	-327.68
	385	386	-1.63296E+000	-2.00190E-001	-2.08339E+000	-2.00025E+000	3.32928E-004	11	..........a	-327.68
	386	387	-1.63456E+000	-2.00190E-001	-2.08238E+000	-2.00025E+000	3.39778E-004	11	..........a	-327.68
	387	388	-1.63136E+000	-2.00191E-001	-2.08534E+000	-2.00025E+000	3.37628E-004	11	..........a	-327.68
	388	389	-1.63136E+000	-2.00190E-001	-2.08579E+000	-2.00025E+000	3.33444E-004	11	..........a	-327.68
	389	390	-1.62416E+000	-2.00191E-001	-2.09514E+000	-2.00025E+000	3.32544E-004	11	..........a	-327.68
	390	391	-1.63056E+000	-2.00191E-001	-2.08978E+000	-2.00025E+000	3.37961E-004	11	..........a	-327.68
	391	392	-1.63296E+000	-2.00191E-001	-2.08813E+000	-2.00025E+000	3.34028E-004	11	..........a	-327.68
	392	393	-1.63136E+000	-2.00191E-001	-2.08961E+000	-2.00025E+000	3.33544E-004	11	..........a	-327.68
	393	394	-1.63256E+000	-2.00191E-001	-2.09156E+000	-2.00025E+000	3.36894E-004	11	..........a	-327.68
	394	395	-1.63256E+000	-2.00191E-001	-2.08924E+000	-2.00025E+000	3.35228E-004	11	..........a	-327.68
	395	396	-1.63376E+000	-2.00190E-001	-2.08530E+000	-2.00025E+000	3.32144E-004	11	..........a	-327.68
	396	397	-1.63296E+000	-2.00195E-001	-2.08648E+000	-2.00025E+000	4.62928E-004	11	..........a	-327.68
	397	398	-1.63416E+000	-2.00196E-001	-2.08528E+000	-2.00025E+000	4.59794E-004	11	..........a	-327.68
	398	399	-1.62416E+000	-2.00196E-001	-2.09264E+000	-2.00025E+000	4.70678E-004	11	..........a	-327.68
	399	400	-1.63176E+000	-2.00196E-001	-2.08280E+000	-2.00025E+000	4.66644E-004	11	..........a	-327.68
	400	401	-1.63216E+000	-2.00195E-001	-2.08292E+000	-2.00025E+000	4.65761E-004	11	..........a	-327.68
	401	402	-1.63176E+000	-2.00195E-001	-2.08420E+000	-2.00025E+000	4.65561E-004	11	..........a	-327.68
	402	403	-1.63536E+000	-2.00195E-001	-2.08051E+000	-2.00025E+000	4.60361E-004	11	..........a	-327.68
	403	404	-1.63176E+000	-2.00195E-001	-2.08751E+000	-2.00025E+000	4.63211E-004	11	..........a	-327.68
	404	405	-1.63336E+000	-2.00196E-001	-2.08678E+000	-2.00025E+000	4.65194E-004	11	..........a	-327.68
	405	406	-1.63376E+000	-2.00195E-001	-2.08616E+000	-2.00025E+000	4.63028E-004	11	..........a	-327.68
	406	407	-1.63176E+000	-2.00195E-001	-2.09087E+000	-2.00025E+000	4.58011E-004	11	..........a	-327.68
	407	408	-1.63376E+000	-2.00196E-001	-2.08914E+000	-2.00025E+000	4.60911E-004	11	..........a	-327.68
	408	409	-1.63376E+000	-2.00195E-001	-2.09085E+000	-2.00025E+000	4.71878E-004	11	..........a	-327.68
	409	410	-1.63376E+000	-2.00195E-001	-2.09101E+000	-2.00025E+000	4.60594E-004	11	..........a	-327.68
	410	411	-1.63176E+000	-2.00195E-001	-2.09321E+000	-2.00025E+000	4.64361E-004	11	..........a	-327.68
	411	412	-1.63296E+000	-2.00195E-001	-2.09015E+000	-2.00025E+000	4.58544E-004	11	..........a	-327.68
	412	413	-1.63256E+000	-2.00195E-001	-2.09222E+000	-2.00025E+000	4.58078E-004	11	..........a	-327.68
	413	414	-1.63336E+000	-2.00196E-001	-2.09159E+000	-2.00025E+000	4.57928E-004	11	..........a	-327.68
	414	415	-1.63176E+000	-2.00196E-001	-2.09163E+000	-2.00025E+000	4.63561E-004	11	..........a	-327.68
	415	416	-1.62376E+000	-2.00196E-001	-2.09849E+000	-2.00025E+000	4.56394E-004	11	..........a	-327.68
	416	417	-1.64096E+000	-2.00195E-001	-2.08463E+000	-2.00025E+000	4.68861E-004	11	..........a	-327.68
	417	418	-1.63176E+000	-2.00196E-001	-2.09283E+000	-2.00025E+000	4.70244E-004	11	..........a	-327.68
	418	419	-1.63256E+000	-2.00196E-001	-2.08838E+000	-2.00025E+000	4.71378E-004	11	..........a	-327.68
	419	420	-1.63256E+000	-2.00196E-001	-2.08788E+000	-2.00025E+000	4.61378E-004	11	..........a	-327.68
	420	421	-1.63176E+000	-2.00195E-001	-2.09138E+000	-2.00025E+000	4.61344E-004	11	..........a	-327.68
	421	422	-1.63296E+000	-2.00196E-001	-2.08838E+000	-2.00025E+000	4.58194E-004	11	..........a	-327.68
	422	423	-1.63176E+000	-2.00189E-001	-2.08983E+000	-2.00025E+000	4.00044E-004	11	..........a	-327.68
	423	424	-1.63096E+000	-2.00188E-001	-2.09246E+000	-2.00025E+000	3.93244E-004	11	..........a	-327.68
	424	425	-1.62336E+000	-2.00189E-001	-2.10002E+000	-2.00025E+000	3.98961E-004	11	..........a	-327.68
	425	426	-1.63136E+000	-2.00189E-001	-2.09325E+000	-2.00025E+000	4.19344E-004	11	..........a	-327.68
	426	427	-1.63136E+000	-2.00189E-001	-2.09538E+000	-2.00025E+000	4.15678E-004	11	..........a	-327.68
	427	428	-1.63136E+000	-2.00189E-001	-2.09466E+000	-2.00025E+000	4.29894E-004	11	..........a	-327.68
	428	429	-1.63296E+000	-2.00189E-001	-2.09078E+000	-2.00025E+000	4.24878E-004	11	..........a	-327.68
	429	430	-1.63296E+000	-2.00189E-001	-2.09395E+000	-2.00025E+000	4.28328E-004	11	..........a	-327.68
	430	431	-1.63296E+000	-2.00189E-001	-2.09063E+000	-2.00025E+000	4.24828E-004	11	..........a	-327.68
	431	432	-1.63296E+000	-2.00189E-001	-2.09052E+000	-2.00025E+000	4.35361E-004	11	..........a	-327.68
	432	433	-1.62976E+000	-2.00189E-001	-2.09315E+000	-2.00025E+000	4.30911E-004	11	..........a	-327.68
	433	434	-1.63216E+000	-2.00189E-001	-2.08816E+000	-2.00025E+000	4.29061E-004	11	..........a	-327.68
	434	435	-1.63056E+000	-2.00189E-001	-2.08959E+000	-2.00025E+000	4.23094E-004	11	..........a	-327.68
	435	436	-1.63056E+000	-2.00190E-001	-2.08991E+000	-2.00025E+000	4.31928E-004	11	..........a	-327.68
	436	437	-1.62976E+000	-2.00189E-001	-2.09362E+000	-2.00025E+000	4.25028E-004	11	..........a	-327.68
	437	438	-1.63096E+000	-2.00189E-001	-2.09214E+000	-2.00025E+000	4.33028E-004	11	..........a	-327.68
	438	439	-1.63056E+000	-2.00189E-001	-2.09277E+000	-2.00025E+000	4.29278E-004	11	..........a	-327.68
	439	440	-1.63056E+000	-2.00189E-001	-2.09638E+000	-2.00025E+000	4.39061E-004	11	..........a	-327.68
	440	441	-1.63056E+000	-2.00189E-001	-2.09632E+000	-2.00025E+000	4.33128E-004	11	..........a	-327.68
	441	442	-1.62336E+000	-2.00189E-001	-2.10595E+000	-2.00025E+000	4.45561E-004	11	..........a	-327.68
	442	443	-1.63296E+000	-2.00189E-001	-2.09741E+000	-2.00025E+000	4.38011E-004	11	..........a	-327.68
	443	444	-1.63096E+000	-2.00190E-001	-2.09886E+000	-2.00025E+000	4.50478E-004	11	..........a	-327.68
	444	445	-1.63176E+000	-2.00189E-001	-2.09741E+000	-2.00025E+000	4.24394E-004	11	..........a	-327.68
	445	446	-1.63296E+000	-2.00189E-001	-2.09429E+000	-2.00025E+000	4.18611E-004	11	..........a	-327.68
	446	447	-1.63056E+000	-2.00189E-001	-2.09918E+000	-2.00025E+000	4.22511E-004	11	..........a	-327.68
	447	448	-1.64096E+000	-2.00189E-001	-2.08995E+000	-2.00025E+000	4.30811E-004	11	..........a	-327.68
	448	449	-1.63216E+000	-2.00190E-001	-2.10095E+000	-2.00025E+000	4.22261E-004	11	..........a	-327.68
	449	450	-1.63136E+000	-2.00189E-001	-2.09855E+000	-2.00025E+000	4.28994E-004	11	..........a	-327.68
	450	451	-1.63216E+000	-2.00190E-001	-2.09754E+000	-2.00025E+000	4.16211E-004	11	..........a	-327.68
	451	452	-1.63136E+000	-2.00189E-001	-2.09663E+000	-2.00025E+000	4.08444E-004	11	..........a	-327.68
	452	453	-1.62336E+000	-2.00190E-001	-2.10373E+000	-2.00025E+000	4.15561E-004	11	..........a	-327.68
	453	454	-1.63216E+000	-2.00189E-001	-2.09425E+000	-2.00025E+000	4.15728E-004	11	..........a	-327.68
	454	455	-1.62296E+000	-2.00189E-001	-2.10396E+000	-2.00025E+000	4.28444E-004	11	..........a	-327.68
	455	456	-1.63176E+000	-2.00190E-001	-2.09792E+000	-2.00025E+000	4.34928E-004	11	..........a	-327.68
	456	457	-1.63096E+000	-2.00190E-001	-2.09832E+000	-2.00025E+000	4.30694E-004	11	..........a	-327.68
	457	458	-1.63016E+000	-2.00190E-001	-2.09944E+000	-2.00025E+000	4.25128E-004	11	..........a	-327.68
	458	459	-1.63056E+000	-2.00189E-001	-2.10267E+000	-2.00025E+000	4.16811E-004	11	..........a	-327.68
	459	460	-1.63016E+000	-2.00189E-001	-2.10599E+000	-2.00025E+000	4.05211E-004	11	..........a	-327.68
	460	461	-1.62936E+000	-2.00189E-001	-2.10606E+000	-2.00025E+000	4.10944E-004	11	..........a	-327.68
	461	462	-1.63056E+000	-2.00189E-001	-2.10252E+000	-2.00025E+000	4.11128E-004	11	..........a	-327.68
	462	463	-1.62976E+000	-2.00189E-001	-2.10178E+000	-2.00025E+000	4.17244E-004	11	..........a	-327.68
	463	464	-1.63056E+000	-2.00188E-001	-2.10262E+000	-2.00025E+000	5.14994E-004	11	..........a	-327.68
	464	465	-1.63056E+000	-2.00188E-001	-2.10025E+000	-2.00025E+000	5.22878E-004	11	..........a	-327.68
	465	466	-1.63056E+000	-2.00188E-001	-2.09883E+000	-2.00025E+000	5.20778E-004	11	..........a	-327.68
	466	467	-1.63016E+000	-2.00188E-001	-2.09832E+000	-2.00025E+000	5.17694E-004	11	..........a	-327.68
	467	468	-1.62256E+000	-2.00188E-001	-2.10612E+000	-2.00025E+000	5.19078E-004	11	..........a	-327.68
	468	469	-1.62936E+000	-2.00188E-001	-2.09986E+000	-2.00025E+000	5.15194E-004	11	..........a	-327.68
	469	470	-1.63016E+000	-2.00188E-001	-2.10074E+000	-2.00025E+000	5.12594E-004	11	..........a	-327.68
	470	471	-1.63096E+000	-2.00188E-001	-2.09825E+000	-2.00025E+000	5.13878E-004	11	..........a	-327.68
	471	472	-1.63056E+000	-2.00188E-001	-2.09838E+000	-2.00025E+000	5.14061E-004	11	..........a	-327.68
	472	473	-1.62976E+000	-2.00188E-001	-2.09885E+000	-2.00025E+000	5.08894E-004	11	..........a	-327.68
	473	474	-1.62776E+000	-2.00188E-001	-2.10343E+000	-2.00025E+000	5.19978E-004	11	..........a	-327.68
	474	475	-1.62976E+000	-2.00188E-001	-2.10102E+000	-2.00025E+000	5.12611E-004	11	..........a	-327.68
	475	476	-1.62936E+000	-2.00188E-001	-2.10073E+000	-2.00025E+000	5.19411E-004	11	..........a	-327.68
	476	477	-1.63136E+000	-2.00188E-001	-2.09884E+000	-2.00025E+000	5.22761E-004	11	..........a	-327.68
	477	478	-1.63056E+000	-2.00188E-001	-2.10013E+000	-2.00025E+000	5.18761E-004	11	..........a	-327.68
	478	479	-1.62256E+000	-2.00188E-001	-2.10780E+000	-2.00025E+000	5.15094E-004	11	..........a	-327.68
	479	480	-1.62816E+000	-2.00188E-001	-2.10332E+000	-2.00025E+000	5.09261E-004	11	..........a	-327.68
	480	481	-1.62976E+000	-2.00188E-001	-2.10376E+000	-2.00025E+000	5.11644E-004	11	..........a	-327.68
	481	482	-1.62976E+000	-2.00188E-001	-2.10298E+000	-2.00025E+000	5.11028E-004	11	..........a	-327.68
	482	483	-1.62976E+000	-2.00188E-001	-2.10480E+000	-2.00025E+000	5.07528E-004	11	..........a	-327.68
	483	484	-1.62856E+000	-2.00188E-001	-2.10455E+000	-2.00025E+000	5.08611E-004	11	..........a	-327.68
	484	485	-1.62936E+000	-2.00188E-001	-2.10317E+000	-2.00025E+000	5.06894E-004	11	..........a	-327.68
	485	486	-1.63016E+000	-2.00188E-001	-2.10204E+000	-2.00025E+000	5.11644E-004	11	..........a	-327.68
	486	487	-1.62776E+000	-2.00188E-001	-2.10309E+000	-2.00025E+000	5.11411E-004	11	..........a	-327.68
	487	488	-1.62736E+000	-2.00188E-001	-2.10513E+000	-2.00025E+000	5.13028E-004	11	..........a	-327.68
	488	489	-1.62736E+000	-2.00188E-001	-2.10635E+000	-2.00025E+000	5.15661E-004	11	..........a	-327.68
	489	490	-1.62936E+000	-2.00190E-001	-2.10385E+000	-2.00025E+000	7.01611E-005	11	..........a	-327.68
	490	491	-1.63056E+000	-2.00190E-001	-2.10239E+000	-2.00025E+000	6.87111E-005	11	..........a	-327.68
	491	492	-1.62216E+000	-2.00189E-001	-2.10820E+000	-2.00025E+000	6.76777E-005	11	..........a	-327.68
	492	493	-1.62896E+000	-2.00189E-001	-2.09988E+000	-2.00025E+000	6.70611E-005	11	..........a	-327.68
	493	494	-1.62136E+000	-2.00190E-001	-2.10784E+000	-2.00025E+000	7.11944E-005	11	..........a	-327.68
	494	495	-1.62896E+000	-2.00189E-001	-2.10499E+000	-2.00025E+000	7.06611E-005	11	..........a	-327.68
	495	496	-1.62856E+000	-2.00189E-001	-2.10540E+000	-2.00025E+000	6.91611E-005	11	..........a	-327.68
	496	497	-1.62976E+000	-2.00189E-001	-2.10303E+000	-2.00025E+000	6.91777E-005	11	..........a	-327.68
	497	498	-1.62776E+000	-2.00189E-001	-2.10461E+000	-2.00025E+000	6.77777E-005	11	..........a	-327.68
	498	499	-1.62816E+000	-2.00189E-001	-2.10469E+000	-2.00025E+000	6.88777E-005	11	..........a	-327.68
	499	500	-1.63136E+000	-2.00189E-001	-2.10134E+000	-2.00025E+000	6.54611E-005	11	..........a	-327.68
	500	501	-1.62816E+000	-2.00189E-001	-2.10305E+000	-2.00025E+000	3.21544E-004	11	..........a	-327.68
	501	502	-1.62936E+000	-2.00189E-001	-2.10246E+000	-2.00025E+000	3.21744E-004	11	..........a	-327.68
	502	503	-1.62856E+000	-2.00190E-001	-2.09980E+000	-2.00025E+000	3.23928E-004	11	..........a	-327.68
	503	504	-1.62856E+000	-2.00189E-001	-2.10057E+000	-2.00025E+000	3.20711E-004	11	..........a	-327.68
	504	505	-1.62936E+000	-2.00190E-001	-2.10117E+000	-2.00025E+000	3.19411E-004	11	..........a	-327.68
	505	506	-1.62856E+000	-2.00189E-001	-2.10201E+000	-2.00025E+000	3.26328E-004	11	..........a	-327.68
	506	507	-1.62776E+000	-2.00189E-001	-2.10327E+000	-2.00025E+000	3.21711E-004	11	..........a	-327.68
	507	508	-1.62816E+000	-2.00189E-001	-2.10735E+000	-2.00025E+000	3.21194E-004	11	..........a	-327.68
	508	509	-1.62776E+000	-2.00189E-001	-2.10664E+000	-2.00025E+000	3.24178E-004	11	..........a	-327.68
	509	510	-1.62936E+000	-2.00189E-001	-2.10377E+000	-2.00025E+000	3.22744E-004	11	..........a	-327.68
	510	511	-1.62776E+000	-2.00189E-001	-2.10596E+000	-2.00025E+000	3.26078E-004	11	..........a	-327.68
	511	512	-1.62936E+000	-2.00190E-001	-2.10360E+000	-2.00025E+000	3.28144E-004	11	..........a	-327.68
	512	513	-1.62816E+000	-2.00190E-001	-2.10263E+000	-2.00025E+000	3.22811E-004	11	..........a	-327.68
	513	514	-1.62776E+000	-2.00190E-001	-2.10282E+000	-2.00025E+000	3.24878E-004	11	..........a	-327.68
	514	515	-1.62776E+000	-2.00190E-001	-2.10287E+000	-2.00025E+000	3.23328E-004	11	..........a	-327.68
	515	516	-1.62776E+000	-2.00190E-001	-2.10285E+000	-2.00025E+000	3.23278E-004	11	..........a	-327.68
	516	517	-1.62776E+000	-2.00190E-001	-2.10363E+000	-2.00025E+000	3.25244E-004	11	..........a	-327.68
	517	518	-1.62776E+000	-2.00190E-001	-2.10679E+000	-2.00025E+000	3.28278E-004	11	..........a	-327.68
	518	519	-1.62616E+000	-2.00189E-001	-2.10876E+000	-2.00025E+000	3.28928E-004	11	..........a	-327.68
	519	520	-1.62696E+000	-2.00190E-001	-2.10359E+000	-2.00025E+000	3.31744E-004	11	..........a	-327.68
	520	521	-1.62696E+000	-2.00190E-001	-2.10359E+000	-2.00025E+000	3.23311E-004	11	..........a	-327.68
	521	522	-1.62776E+000	-2.00189E-001	-2.10320E+000	-2.00025E+000	3.25478E-004	11	..........a	-327.68
	522	523	-1.62776E+000	-2.00190E-001	-2.10948E+000	-2.00025E+000	3.29494E-004	11	..........a	-327.68
	523	524	-1.62776E+000	-2.00190E-001	-2.10925E+000	-2.00025E+000	3.19478E-004	11	..........a	-327.68
	524	525	-1.62776E+000	-2.00190E-001	-2.10985E+000	-2.00025E+000	3.23961E-004	11	..........a	-327.68
	525	526	-1.62856E+000	-2.00190E-001	-2.10600E+000	-2.00025E+000	3.27961E-004	11	..........a	-327.68
	526	527	-1.62736E+000	-2.00190E-001	-2.11104E+000	-2.00025E+000	3.28611E-004	11	..........a	-327.68
	527	528	-1.62776E+000	-2.00189E-001	-2.10899E+000	-2.00025E+000	3.25344E-004	11	..........a	-327.68
	528	529	-1.62816E+000	-2.00190E-001	-2.11030E+000	-2.00025E+000	3.29111E-004	11	..........a	-327.68
	529	530	-1.62856E+000	-2.00189E-001	-2.11106E+000	-2.00025E+000	3.31394E-004	11	..........a	-327.68
	530	531	-1.62776E+000	-2.00189E-001	-2.11101E+000	-2.00025E+000	3.28994E-004	11	..........a	-327.68
	531	532	-1.62856E+000	-2.00189E-001	-2.11028E+000	-2.00025E+000	3.28711E-004	11	..........a	-327.68
	532	533	-1.62856E+000	-2.00190E-001	-2.11214E+000	-2.00025E+000	3.30944E-004	11	..........a	-327.68
	533	534	-1.62856E+000	-2.00189E-001	-2.11266E+000	-2.00025E+000	3.17444E-004	11	..........a	-327.68
	534	535	-1.62776E+000	-2.00190E-001	-2.11401E+000	-2.00025E+000	3.29261E-004	11	..........a	-327.68
	535	536	-1.62936E+000	-2.00190E-001	-2.11319E+000	-2.00025E+000	3.26928E-004	11	..........a	-327.68
	536	537	-1.62936E+000	-2.00190E-001	-2.11249E+000	-2.00025E+000	3.22144E-004	11	..........a	-327.68
	537	538	-1.62936E+000	-2.00189E-001	-2.11117E+000	-2.00025E+000	3.24561E-004	11	..........a	-327.68
	538	539	-1.62856E+000	-2.00189E-001	-2.11200E+000	-2.00025E+000	3.25528E-004	11	..........a	-327.68
	539	540	-1.62696E+000	-2.00190E-001	-2.11447E+000	-2.00025E+000	3.26628E-004	11	..........a	-327.68
	540	541	-1.62736E+000	-2.00190E-001	-2.11384E+000	-2.00025E+000	3.23228E-004	11	..........a	-327.68
	541	542	-1.62776E+000	-2.00189E-001	-2.11418E+000	-2.00025E+000	2.98128E-004	11	..........a	-327.68
	542	543	-1.62776E+000	-2.00189E-001	-2.11170E+000	-2.00025E+000	3.05428E-004	11	..........a	-327.68
	543	544	-1.62056E+000	-2.00189E-001	-2.11926E+000	-2.00025E+000	3.05561E-004	11	..........a	-327.68
	544	545	-1.62696E+000	-2.00189E-001	-2.11033E+000	-2.00025E+000	3.00528E-004	11	..........a	-327.68
	545	546	-1.62056E+000	-2.00190E-001	-2.09823E+000	-2.00025E+000	2.95244E-004	11	..........a	-327.68
	546	547	-1.62696E+000	-2.00190E-001	-2.08050E+000	-2.00025E+000	3.02794E-004	11	..........a	-327.68
	547	548	-1.62696E+000	-2.00190E-001	-2.08022E+000	-2.00025E+000	2.94128E-004	11	..........a	-327.68
	548	549	-1.62536E+000	-2.00189E-001	-2.08383E+000	-2.00025E+000	2.93778E-004	11	..........a	-327.68
	549	550	-1.62696E+000	-2.00189E-001	-2.08428E+000	-2.00025E+000	2.95928E-004	11	..........a	-327.68
	550	551	-1.62696E+000	-2.00189E-001	-2.08477E+000	-2.00025E+000	2.93811E-004	11	..........a	-327.68
	551	552	-1.62536E+000	-2.00189E-001	-2.08594E+000	-2.00025E+000	2.93378E-004	11	..........a	-327.68
	552	553	-1.62616E+000	-2.00190E-001	-2.08573E+000	-2.00025E+000	3.04144E-004	11	..........a	-327.68
	553	554	-1.62616E+000	-2.00189E-001	-2.08717E+000	-2.00025E+000	3.02444E-004	11	..........a	-327.68
	554	555	-1.62776E+000	-2.00190E-001	-2.08525E+000	-2.00025E+000	3.03311E-004	11	..........a	-327.68
	555	556	-1.62696E+000	-2.00189E-001	-2.08445E+000	-2.00025E+000	2.95878E-004	11	..........a	-327.68
	556	557	-1.61976E+000	-2.00190E-001	-2.09122E+000	-2.00025E+000	2.93928E-004	11	..........a	-327.68
	557	558	-1.62816E+000	-2.00190E-001	-2.08166E+000	-2.00025E+000	2.91044E-004	11	..........a	-327.68
	558	559	-1.62696E+000	-2.00189E-001	-2.08345E+000	-2.00025E+000	2.98478E-004	11	..........a	-327.68
	559	560	-1.62736E+000	-2.00190E-001	-2.08414E+000	-2.00025E+000	2.95194E-004	11	..........a	-327.68
	560	561	-1.62816E+000	-2.00190E-001	-2.08299E+000	-2.00025E+000	2.99078E-004	11	..........a	-327.68
	561	562	-1.62696E+000	-2.00190E-001	-2.08410E+000	-2.00025E+000	2.92794E-004	11	..........a	-327.68
	562	563	-1.62896E+000	-2.00189E-001	-2.08372E+000	-2.00025E+000	2.95844E-004	11	..........a	-327.68
	563	564	-1.62696E+000	-2.00189E-001	-2.08444E+000	-2.00025E+000	3.00244E-004	11	..........a	-327.68
	564	565	-1.62816E+000	-2.00189E-001	-2.08211E+000	-2.00025E+000	2.94894E-004	11	..........a	-327.68
	565	566	-1.62776E+000	-2.00190E-001	-2.08206E+000	-2.00025E+000	3.10278E-004	11	..........a	-327.68
	566	567	-1.62736E+000	-2.00190E-001	-2.08346E+000	-2.00025E+000	3.02278E-004	11	..........a	-327.68
	567	568	-1.62536E+000	-2.00190E-001	-2.08489E+000	-2.00025E+000	3.02194E-004	11	..........a	-327.68
	568	569	-1.62696E+000	-2.00189E-001	-2.08578E+000	-2.00025E+000	2.99611E-004	11	..........a	-327.68
	569	570	-1.62776E+000	-2.00190E-001	-2.08569E+000	-2.00025E+000	3.03778E-004	11	..........a	-327.68
	570	571	-1.62816E+000	-2.00190E-001	-2.08666E+000	-2.00025E+000	3.07528E-004	11	..........a	-327.68
	571	572	-1.62816E+000	-2.00190E-001	-2.08499E+000	-2.00025E+000	3.05194E-004	11	..........a	-327.68
	572	573	-1.62736E+000	-2.00190E-001	-2.08638E+000	-2.00025E+000	3.03261E-004	11	..........a	-327.68
	573	574	-1.61856E+000	-2.00190E-001	-2.09589E+000	-2.00025E+000	2.98044E-004	11	..........a	-327.68
	574	575	-1.62656E+000	-2.00190E-001	-2.08487E+000	-2.00025E+000	2.97611E-004	11	..........a	-327.68
	575	576	-1.62736E+000	-2.00190E-001	-2.08403E+000	-2.00025E+000	3.02794E-004	11	..........a	-327.68
	576	577	-1.62856E+000	-2.00190E-001	-2.08278E+000	-2.00025E+000	2.97911E-004	11	..........a	-327.68
	577	578	-1.62536E+000	-2.00190E-001	-2.08714E+000	-2.00025E+000	3.00594E-004	11	..........a	-327.68
	578	579	-1.62536E+000	-2.00190E-001	-2.08523E+000	-2.00025E+000	3.02578E-004	11	..........a	-327.68
	579	580	-1.62536E+000	-2.00189E-001	-2.08449E+000	-2.00025E+000	2.99861E-004	11	..........a	-327.68
	580	581	-1.62576E+000	-2.00190E-001	-2.08550E+000	-2.00025E+000	3.00344E-004	11	..........a	-327.68
	581	582	-1.62816E+000	-2.00189E-001	-2.08738E+000	-2.00025E+000	3.05628E-004	11	..........a	-327.68
	582	583	-1.62776E+000	-2.00190E-001	-2.08612E+000	-2.00025E+000	3.06411E-004	11	..........a	-327.68
	583	584	-1.62496E+000	-2.00190E-001	-2.09012E+000	-2.00025E+000	3.06994E-004	11	..........a	-327.68
	584	585	-1.62656E+000	-2.00190E-001	-2.08713E+000	-2.00025E+000	3.08344E-004	11	..........a	-327.68
	585	586	-1.62696E+000	-2.00190E-001	-2.08456E+000	-2.00025E+000	3.09278E-004	11	..........a	-327.68
	586	587	-1.61776E+000	-2.00190E-001	-2.09196E+000	-2.00025E+000	2.99661E-004	11	..........a	-327.68
	587	588	-1.62336E+000	-2.00190E-001	-2.08688E+000	-2.00025E+000	3.03128E-004	11	..........a	-327.68
	588	589	-1.62576E+000	-2.00190E-001	-2.08425E+000	-2.00025E+000	3.08311E-004	11	..........a	-327.68
	589	590	-1.62536E+000	-2.00190E-001	-2.08558E+000	-2.00025E+000	3.12928E-004	11	..........a	-327.68
	590	591	-1.62576E+000	-2.00190E-001	-2.08489E+000	-2.00025E+000	3.04194E-004	11	..........a	-327.68
	591	592	-1.62456E+000	-2.00190E-001	-2.08507E+000	-2.00025E+000	3.03311E-004	11	..........a	-327.68
	592	593	-1.62576E+000	-2.00190E-001	-2.08295E+000	-2.00025E+000	3.02411E-004	11	..........a	-327.68
	593	594	-1.62536E+000	-2.00190E-001	-2.08298E+000	-2.00025E+000	3.08161E-004	11	..........a	-327.68
	594	595	-1.62496E+000	-2.00189E-001	-2.08413E+000	-2.00025E+000	3.04644E-004	11	..........a	-327.68
	595	596	-1.62576E+000	-2.00190E-001	-2.08375E+000	-2.00025E+000	3.03578E-004	11	..........a	-327.68
	596	597	-1.62576E+000	-2.00190E-001	-2.08554E+000	-2.00025E+000	3.10928E-004	11	..........a	-327.68
	597	598	-1.62656E+000	-2.00190E-001	-2.08812E+000	-2.00025E+000	3.09528E-004	11	..........a	-327.68
	598	599	-1.62656E+000	-2.00189E-001	-2.08771E+000	-2.00025E+000	3.13694E-004	11	..........a	-327.68
	599	600	-1.62456E+000	-2.00190E-001	-2.09011E+000	-2.00025E+000	3.13611E-004	11	..........a	-327.68
	600	601	-1.62656E+000	-2.00190E-001	-2.08666E+000	-2.00025E+000	3.13294E-004	11	..........a	-327.68
	601	602	-1.62616E+000	-2.00190E-001	-2.08529E+000	-2.00025E+000	3.11461E-004	11	..........a	-327.68
	602	603	-1.62416E+000	-2.00190E-001	-2.08679E+000	-2.00025E+000	3.11978E-004	11	..........a	-327.68
	603	604	-1.62416E+000	-2.00190E-001	-2.08541E+000	-2.00025E+000	3.09511E-004	11	..........a	-327.68
	604	605	-1.62456E+000	-2.00190E-001	-2.08388E+000	-2.00025E+000	3.12361E-004	11	..........a	-327.68
	605	606	-1.62336E+000	-2.00189E-001	-2.08689E+000	-2.00025E+000	3.11911E-004	11	..........a	-327.68
	606	607	-1.62376E+000	-2.00189E-001	-2.08694E+000	-2.00025E+000	3.16994E-004	11	..........a	-327.68
	607	608	-1.62576E+000	-2.00190E-001	-2.09041E+000	-2.00025E+000	3.11844E-004	11	..........a	-327.68
	608	609	-1.62536E+000	-2.00190E-001	-2.09033E+000	-2.00025E+000	3.12811E-004	11	..........a	-327.68
	609	610	-1.62416E+000	-2.00190E-001	-2.09288E+000	-2.00025E+000	3.10111E-004	11	..........a	-327.68
	610	611	-1.62616E+000	-2.00189E-001	-2.09006E+000	-2.00025E+000	3.07944E-004	11	..........a	-327.68
	611	612	-1.62536E+000	-2.00190E-001	-2.09116E+000	-2.00025E+000	3.15744E-004	11	..........a	-327.68
	612	613	-1.62456E+000	-2.00190E-001	-2.09220E+000	-2.00025E+000	3.02394E-004	11	..........a	-327.68
	613	614	-1.62456E+000	-2.00190E-001	-2.09227E+000	-2.00025E+000	3.04594E-004	11	..........a	-327.68
	614	615	-1.62616E+000	-2.00190E-001	-2.09019E+000	-2.00025E+000	3.03828E-004	11	..........a	-327.68
	615	616	-1.62656E+000	-2.00190E-001	-2.09175E+000	-2.00025E+000	3.01244E-004	11	..........a	-327.68
	616	617	-1.62576E+000	-2.00190E-001	-2.09147E+000	-2.00025E+000	3.07861E-004	11	..........a	-327.68
	617	618	-1.62456E+000	-2.00190E-001	-2.09127E+000	-2.00025E+000	3.09461E-004	11	..........a	-327.68
	618	619	-1.62376E+000	-2.00190E-001	-2.09007E+000	-2.00025E+000	3.14778E-004	11	..........a	-327.68
	619	620	-1.62536E+000	-2.00191E-001	-2.09092E+000	-2.00025E+000	3.16561E-004	11	..........a	-327.68
	620	621	-1.62416E+000	-2.00190E-001	-2.09222E+000	-2.00025E+000	3.06461E-004	11	..........a	-327.68
	621	622	-1.62536E+000	-2.00190E-001	-2.09334E+000	-2.00025E+000	3.05694E-004	11	..........a	-327.68
	622	623	-1.62696E+000	-2.00190E-001	-2.09332E+000	-2.00025E+000	3.17828E-004	11	..........a	-327.68
	623	624	-1.62496E+000	-2.00191E-001	-2.09427E+000	-2.00025E+000	3.08711E-004	11	..........a	-327.68
	624	625	-1.62576E+000	-2.00190E-001	-2.09038E+000	-2.00025E+000	3.11678E-004	11	..........a	-327.68
	625	626	-1.61776E+000	-2.00190E-001	-2.09677E+000	-2.00025E+000	3.13578E-004	11	..........a	-327.68
	626	627	-1.62496E+000	-2.00191E-001	-2.08911E+000	-2.00025E+000	3.14344E-004	11	..........a	-327.68
	627	628	-1.61776E+000	-2.00190E-001	-2.09507E+000	-2.00025E+000	3.12661E-004	11	..........a	-327.68
	628	629	-1.62576E+000	-2.00190E-001	-2.08592E+000	-2.00025E+000	3.13661E-004	11	..........a	-327.68
	629	630	-1.62416E+000	-2.00190E-001	-2.08939E+000	-2.00025E+000	3.18661E-004	11	..........a	-327.68
	630	631	-1.62256E+000	-2.00190E-001	-2.09216E+000	-2.00025E+000	3.11928E-004	11	..........a	-327.68
	631	632	-1.62416E+000	-2.00191E-001	-2.09253E+000	-2.00025E+000	3.13344E-004	11	..........a	-327.68
	632	633	-1.62376E+000	-2.00190E-001	-2.09379E+000	-2.00025E+000	3.06261E-004	11	..........a	-327.68
	633	634	-1.62536E+000	-2.00190E-001	-2.09021E+000	-2.00025E+000	3.11761E-004	11	..........a	-327.68
	634	635	-1.62496E+000	-2.00191E-001	-2.09246E+000	-2.00025E+000	3.07628E-004	11	..........a	-327.68
	635	636	-1.62376E+000	-2.00190E-001	-2.09486E+000	-2.00025E+000	3.07878E-004	11	..........a	-327.68
	636	637	-1.62416E+000	-2.00190E-001	-2.09758E+000	-2.00025E+000	3.05311E-004	11	..........a	-327.68
	637	638	-1.62336E+000	-2.00190E-001	-2.09781E+000	-2.00025E+000	3.13894E-004	11	..........a	-327.68
	638	639	-1.62416E+000	-2.00190E-001	-2.09525E+000	-2.00025E+000	3.11228E-004	11	..........a	-327.68
	639	640	-1.62616E+000	-2.00190E-001	-2.09336E+000	-2.00025E+000	3.12761E-004	11	..........a	-327.68
	640	641	-1.61696E+000	-2.00190E-001	-2.10270E+000	-2.00025E+000	3.09378E-004	11	..........a	-327.68
	641	642	-1.62736E+000	-2.00190E-001	-2.09193E+000	-2.00025E+000	3.04044E-004	11	..........a	-327.68
	642	643	-1.62576E+000	-2.00190E-001	-2.09531E+000	-2.00025E+000	3.09094E-004	11	..........a	-327.68
	643	644	-1.62416E+000	-2.00190E-001	-2.09555E+000	-2.00025E+000	3.14211E-004	11	..........a	-327.68
	644	645	-1.62416E+000	-2.00190E-001	-2.09529E+000	-2.00025E+000	3.06694E-004	11	..........a	-327.68
	645	646	-1.62656E+000	-2.00189E-001	-2.09236E+000	-2.00025E+000	3.08661E-004	11	..........a	-327.68
	646	647	-1.62416E+000	-2.00190E-001	-2.09459E+000	-2.00025E+000	3.06294E-004	11	..........a	-327.68
	647	648	-1.62456E+000	-2.00190E-001	-2.09310E+000	-2.00025E+000	3.11561E-004	11	..........a	-327.68
	648	649	-1.62416E+000	-2.00189E-001	-2.09261E+000	-2.00025E+000	3.10761E-004	11	..........a	-327.68
	649	650	-1.62416E+000	-2.00189E-001	-2.09199E+000	-2.00025E+000	3.11361E-004	11	..........a	-327.68
	650	651	-1.62456E+000	-2.00189E-001	-2.09078E+000	-2.00025E+000	3.10161E-004	11	..........a	-327.68
	651	652	-1.62376E+000	-2.00190E-001	-2.09283E+000	-2.00025E+000	3.17394E-004	11	..........a	-327.68
	652	653	-1.62296E+000	-2.00190E-001	-2.09803E+000	-2.00025E+000	3.05078E-004	11	..........a	-327.68
	653	654	-1.62456E+000	-2.00190E-001	-2.09791E+000	-2.00025E+000	3.07361E-004	11	..........a	-327.68
	654	655	-1.62376E+000	-2.00190E-001	-2.09906E+000	-2.00025E+000	3.16111E-004	11	..........a	-327.68
	655	656	-1.61736E+000	-2.00190E-001	-2.10642E+000	-2.00025E+000	3.12278E-004	11	..........a	-327.68
	656	657	-1.62456E+000	-2.00190E-001	-2.09849E+000	-2.00025E+000	3.19378E-004	11	..........a	-327.68
	657	658	-1.62456E+000	-2.00190E-001	-2.09894E+000	-2.00025E+000	3.18794E-004	11	..........a	-327.68
	658	659	-1.62416E+000	-2.00190E-001	-2.09885E+000	-2.00025E+000	3.16728E-004	11	..........a	-327.68
	659	660	-1.62336E+000	-2.00190E-001	-2.09789E+000	-2.00025E+000	3.16711E-004	11	..........a	-327.68
	660	661	-1.62456E+000	-2.00190E-001	-2.09621E+000	-2.00025E+000	3.14828E-004	11	..........a	-327.68
	661	662	-1.62456E+000	-2.00190E-001	-2.09712E+000	-2.00025E+000	3.14361E-004	11	..........a	-327.68
	662	663	-1.62456E+000	-2.00190E-001	-2.09609E+000	-2.00025E+000	3.17611E-004	11	..........a	-327.68
	663	664	-1.62216E+000	-2.00190E-001	-2.09663E+000	-2.00025E+000	3.10928E-004	11	..........a	-327.68
	664	665	-1.62496E+000	-2.00190E-001	-2.09308E+000	-2.00025E+000	3.14878E-004	11	..........a	-327.68
	665	666	-1.62336E+000	-2.00190E-001	-2.09779E+000	-2.00025E+000	3.16461E-004	11	..........a	-327.68
	666	667	-1.62296E+000	-2.00190E-001	-2.09768E+000	-2.00025E+000	3.17428E-004	11	..........a	-327.68
	667	668	-1.62376E+000	-2.00190E-001	-2.09445E+000	-2.00025E+000	3.12478E-004	11	..........a	-327.68
	668	669	-1.61576E+000	-2.00190E-001	-2.10360E+000	-2.00025E+000	3.09711E-004	11	..........a	-327.68
	669	670	-1.62216E+000	-2.00190E-001	-2.09604E+000	-2.00025E+000	3.11611E-004	11	..........a	-327.68
	670	671	-1.61616E+000	-2.00190E-001	-2.10062E+000	-2.00025E+000	3.15644E-004	11	..........a	-327.68
	671	672	-1.62536E+000	-2.00190E-001	-2.09426E+000	-2.00025E+000	3.18894E-004	11	..........a	-327.68
	672	673	-1.62336E+000	-2.00190E-001	-2.09838E+000	-2.00025E+000	3.14378E-004	11	..........a	-327.68
	673	674	-1.62376E+000	-2.00190E-001	-2.09535E+000	-2.00025E+000	3.06094E-004	11	..........a	-327.68
	674	675	-1.62216E+000	-2.00190E-001	-2.09578E+000	-2.00025E+000	3.13044E-004	11	..........a	-327.68
	675	676	-1.62176E+000	-2.00190E-001	-2.09412E+000	-2.00025E+000	3.09228E-004	11	..........a	-327.68
	676	677	-1.62216E+000	-2.00190E-001	-2.09437E+000	-2.00025E+000	3.06394E-004	11	..........a	-327.68
	677	678	-1.62216E+000	-2.00190E-001	-2.09575E+000	-2.00025E+000	3.15078E-004	11	..........a	-327.68
	678	679	-1.62056E+000	-2.00190E-001	-2.09778E+000	-2.00025E+000	3.15928E-004	11	..........a	-327.68
	679	680	-1.62216E+000	-2.00190E-001	-2.09401E+000	-2.00025E+000	3.12411E-004	11	..........a	-327.68
	680	681	-1.62296E+000	-2.00190E-001	-2.09491E+000	-2.00025E+000	3.10128E-004	11	..........a	-327.68
	681	682	-1.62296E+000	-2.00190E-001	-2.09743E+000	-2.00025E+000	3.16794E-004	11	..........a	-327.68
	682	683	-1.62176E+000	-2.00191E-001	-2.10126E+000	-2.00025E+000	3.10828E-004	11	..........a	-327.68
	683	684	-1.61616E+000	-2.00190E-001	-2.10597E+000	-2.00025E+000	3.04778E-004	11	..........a	-327.68
	684	685	-1.62416E+000	-2.00190E-001	-2.09698E+000	-2.00025E+000	3.04078E-004	11	..........a	-327.68
	685	686	-1.62416E+000	-2.00190E-001	-2.09656E+000	-2.00025E+000	3.15311E-004	11	..........a	-327.68
	686	687	-1.62216E+000	-2.00190E-001	-2.09893E+000	-2.00025E+000	3.09311E-004	11	..........a	-327.68
	687	688	-1.62216E+000	-2.00190E-001	-2.09795E+000	-2.00025E+000	3.10594E-004	11	..........a	-327.68
	688	689	-1.62136E+000	-2.00190E-001	-2.10105E+000	-2.00025E+000	3.05961E-004	11	..........a	-327.68
	689	690	-1.62136E+000	-2.00190E-001	-2.10242E+000	-2.00025E+000	3.05261E-004	11	..........a	-327.68
	690	691	-1.62216E+000	-2.00190E-001	-2.09968E+000	-2.00025E+000	3.09978E-004	11	..........a	-327.68
	691	692	-1.62416E+000	-2.00190E-001	-2.09686E+000	-2.00025E+000	3.03328E-004	11	..........a	-327.68
	692	693	-1.62216E+000	-2.00190E-001	-2.09848E+000	-2.00025E+000	3.04044E-004	11	..........a	-327.68
	693	694	-1.62136E+000	-2.00191E-001	-2.10217E+000	-2.00025E+000	3.09028E-004	11	..........a	-327.68
	694	695	-1.62176E+000	-2.00191E-001	-2.09934E+000	-2.00025E+000	3.05211E-004	11	..........a	-327.68
	695	696	-1.62216E+000	-2.00190E-001	-2.10059E+000	-2.00025E+000	3.04728E-004	11	..........a	-327.68
	696	697	-1.62136E+000	-2.00190E-001	-2.09921E+000	-2.00025E+000	3.06944E-004	11	..........a	-327.68
	697	698	-1.62256E+000	-2.00191E-001	-2.10026E+000	-2.00025E+000	3.06978E-004	11	..........a	-327.68
	698	699	-1.61536E+000	-2.00190E-001	-2.10571E+000	-2.00025E+000	3.12411E-004	11	..........a	-327.68
	699	700	-1.62136E+000	-2.00190E-001	-2.10185E+000	-2.00025E+000	3.04811E-004	11	..........a	-327.68
	700	701	-1.61576E+000	-2.00190E-001	-2.10569E+000	-2.00025E+000	3.01161E-004	11	..........a	-327.68
	701	702	-1.62296E+000	-2.00189E-001	-2.09886E+000	-2.00025E+000	3.05961E-004	11	..........a	-327.68
	702	703	-1.62256E+000	-2.00190E-001	-2.09626E+000	-2.00025E+000	3.04744E-004	11	..........a	-327.68
	703	704	-1.62416E+000	-2.00190E-001	-2.09514E+000	-2.00025E+000	3.06578E-004	11	..........a	-327.68
	704	705	-1.62256E+000	-2.00190E-001	-2.09391E+000	-2.00025E+000	3.07111E-004	11	..........a	-327.68
	705	706	-1.62256E+000	-2.00190E-001	-2.09593E+000	-2.00025E+000	3.07011E-004	11	..........a	-327.68
	706	707	-1.62416E+000	-2.00190E-001	-2.09446E+000	-2.00025E+000	3.07944E-004	11	..........a	-327.68
	707	708	-1.61976E+000	-2.00190E-001	-2.09600E+000	-2.00025E+000	3.01044E-004	11	..........a	-327.68
	708	709	-1.62056E+000	-2.00190E-001	-2.09509E+000	-2.00025E+000	2.99628E-004	11	..........a	-327.68
	709	710	-1.61976E+000	-2.00190E-001	-2.09463E+000	-2.00025E+000	3.04111E-004	11	..........a	-327.68
	710	711	-1.61896E+000	-2.00191E-001	-2.09659E+000	-2.00025E+000	3.00794E-004	11	..........a	-327.68
	711	712	-1.61216E+000	-2.00190E-001	-2.10188E+000	-2.00025E+000	2.94911E-004	11	..........a	-327.68
	712	713	-1.61936E+000	-2.00190E-001	-2.09520E+000	-2.00025E+000	2.96894E-004	11	..........a	-327.68
	713	714	-1.62016E+000	-2.00191E-001	-2.09363E+000	-2.00025E+000	2.97811E-004	11	..........a	-327.68
	714	715	-1.61976E+000	-2.00190E-001	-2.09444E+000	-2.00025E+000	3.06261E-004	11	..........a	-327.68
	715	716	-1.61936E+000	-2.00190E-001	-2.09387E+000	-2.00025E+000	3.06844E-004	11	..........a	-327.68
	716	717	-1.62096E+000	-2.00191E-001	-2.09549E+000	-2.00025E+000	2.93994E-004	11	..........a	-327.68
	717	718	-1.62016E+000	-2.00191E-001	-2.09333E+000	-2.00025E+000	3.03961E-004	11	..........a	-327.68
	718	719	-1.61936E+000	-2.00191E-001	-2.09587E+000	-2.00025E+000	3.06294E-004	11	..........a	-327.68
	719	720	-1.62096E+000	-2.00191E-001	-2.09476E+000	-2.00025E+000	3.03261E-004	11	..........a	-327.68
	720	721	-1.61936E+000	-2.00191E-001	-2.09633E+000	-2.00025E+000	3.13578E-004	11	..........a	-327.68
	721	722	-1.61976E+000	-2.00191E-001	-2.09474E+000	-2.00025E+000	3.07861E-004	11	..........a	-327.68
	722	723	-1.61976E+000	-2.00191E-001	-2.09612E+000	-2.00025E+000	3.12178E-004	11	..........a	-327.68
	723	724	-1.62096E+000	-2.00191E-001	-2.09525E+000	-2.00025E+000	3.04461E-004	11	..........a	-327.68
	724	725	-1.61216E+000	-2.00190E-001	-2.10300E+000	-2.00025E+000	3.07294E-004	11	..........a	-327.68
	725	726	-1.61936E+000	-2.00191E-001	-2.09722E+000	-2.00025E+000	3.08028E-004	11	..........a	-327.68
	726	727	-1.60736E+000	-2.00191E-001	-2.09055E+000	-2.00025E+000	3.06811E-004	11	..........a	-327.68
	727	728	-1.61616E+000	-2.00191E-001	-2.00407E+000	-2.00025E+000	3.11611E-004	11	..........a	-327.68
	728	729	-1.61856E+000	-2.00191E-001	-2.00072E+000	-2.00025E+000	3.08428E-004	11	..........a	-327.68
	729	730	-1.61856E+000	-2.00191E-001	-2.00306E+000	-2.00025E+000	3.06044E-004	11	..........a	-327.68
	730	731	-1.61776E+000	-2.00191E-001	-2.00106E+000	-2.00025E+000	3.05744E-004	11	..........a	-327.68
	731	732	-1.62016E+000	-2.00191E-001	-2.00153E+000	-2.00025E+000	3.04111E-004	11	..........a	-327.68
	732	733	-1.61976E+000	-2.00190E-001	-2.00133E+000	-2.00025E+000	3.11561E-004	11	..........a	-327.68
	733	734	-1.62136E+000	-2.00191E-001	-2.00067E+000	-2.00025E+000	3.11878E-004	11	..........a	-327.68
	734	735	-1.62096E+000	-2.00191E-001	-1.99801E+000	-2.00025E+000	3.20094E-004	11	..........a	-327.68
	735	736	-1.62056E+000	-2.00191E-001	-2.00309E+000	-2.00025E+000	3.13278E-004	11	..........a	-327.68
	736	737	-1.62096E+000	-2.00191E-001	-2.00100E+000	-2.00025E+000	3.15178E-004	11	..........a	-327.68
	737	738	-1.62056E+000	-2.00191E-001	-2.00249E+000	-2.00025E+000	3.16644E-004	11	..........a	-327.68
	738	739	-1.62056E+000	-2.00190E-001	-2.00183E+000	-2.00025E+000	3.09111E-004	11	..........a	-327.68
	739	740	-1.61896E+000	-2.00191E-001	-2.00478E+000	-2.00025E+000	3.11644E-004	11	..........a	-327.68
	740	741	-1.62016E+000	-2.00190E-001	-2.00500E+000	-2.00025E+000	3.21478E-004	11	..........a	-327.68
	741	742	-1.61976E+000	-2.00191E-001	-2.00655E+000	-2.00025E+000	3.13244E-004	11	..........a	-327.68
	742	743	-1.62136E+000	-2.00190E-001	-2.00166E+000	-2.00025E+000	3.26011E-004	11	..........a	-327.68
	743	744	-1.62056E+000	-2.00191E-001	-2.00144E+000	-2.00025E+000	3.14878E-004	11	..........a	-327.68
	744	745	-1.62136E+000	-2.00191E-001	-2.00418E+000	-2.00025E+000	3.14994E-004	11	..........a	-327.68
	745	746	-1.62056E+000	-2.00191E-001	-2.00340E+000	-2.00025E+000	3.14344E-004	11	..........a	-327.68
	746	747	-1.61936E+000	-2.00191E-001	-2.00303E+000	-2.00025E+000	3.21578E-004	11	..........a	-327.68
	747	748	-1.62136E+000	-2.00191E-001	-1.99978E+000	-2.00025E+000	3.22961E-004	11	..........a	-327.68
	748	749	-1.62136E+000	-2.00191E-001	-2.00133E+000	-2.00025E+000	3.18944E-004	11	..........a	-327.68
	749	750	-1.62096E+000	-2.00191E-001	-1.99764E+000	-2.00025E+000	3.09944E-004	11	..........a	-327.68
	750	751	-1.61216E+000	-2.00191E-001	-2.00804E+000	-2.00025E+000	3.14861E-004	11	..........a	-327.68
	751	752	-1.61976E+000	-2.00191E-001	-2.00012E+000	-2.00025E+000	3.12478E-004	11	..........a	-327.68
	752	753	-1.61216E+000	-2.00191E-001	-2.00843E+000	-2.00025E+000	3.23444E-004	11	..........a	-327.68
	753	754	-1.62176E+000	-2.00191E-001	-1.99694E+000	-2.00025E+000	3.22078E-004	11	..........a	-327.68
	754	755	-1.61896E+000	-2.00191E-001	-1.99992E+000	-2.00025E+000	3.23344E-004	11	..........a	-327.68
	755	756	-1.62056E+000	-2.00191E-001	-1.99679E+000	-2.00025E+000	3.18978E-004	11	..........a	-327.68
	756	757	-1.61976E+000	-2.00191E-001	-1.99870E+000	-2.00025E+000	3.26044E-004	11	..........a	-327.68
	757	758	-1.61976E+000	-2.00191E-001	-1.99721E+000	-2.00025E+000	3.21494E-004	11	..........a	-327.68
	758	759	-1.62256E+000	-2.00191E-001	-1.99840E+000	-2.00025E+000	3.16011E-004	11	..........a	-327.68
	759	760	-1.61896E+000	-2.00221E-001	-1.99752E+000	-2.00025E+000	1.04614E-003	11	..........a	-327.68
	760	761	-1.61976E+000	-2.00220E-001	-1.99844E+000	-2.00025E+000	1.04368E-003	11	..........a	-327.68
	761	762	-1.61816E+000	-2.00220E-001	-1.99864E+000	-2.00025E+000	1.04666E-003	11	..........a	-327.68
	762	763	-1.62016E+000	-2.00220E-001	-1.99954E+000	-2.00025E+000	1.05044E-003	11	..........a	-327.68
	763	764	-1.61936E+000	-2.00220E-001	-1.99920E+000	-2.00025E+000	1.04859E-003	11	..........a	-327.68
	764	765	-1.62016E+000	-2.00220E-001	-2.00039E+000	-2.00025E+000	1.04616E-003	11	..........a	-327.68
	765	766	-1.62016E+000	-2.00221E-001	-1.99799E+000	-2.00025E+000	1.04078E-003	11	..........a	-327.68
	766	767	-1.61936E+000	-2.00221E-001	-2.00026E+000	-2.00025E+000	1.04046E-003	11	..........a	-327.68
	767	768	-1.61936E+000	-2.00221E-001	-1.99972E+000	-2.00025E+000	1.04408E-003	11	..........a	-327.68
	768	769	-1.61976E+000	-2.00220E-001	-1.99909E+000	-2.00025E+000	1.04714E-003	11	..........a	-327.68
	769	770	-1.61736E+000	-2.00220E-001	-2.00134E+000	-2.00025E+000	1.05093E-003	11	..........a	-327.68
	770	771	-1.61736E+000	-2.00220E-001	-2.00098E+000	-2.00025E+000	1.04728E-003	11	..........a	-327.68
	771	772	-1.61856E+000	-2.00220E-001	-2.00040E+000	-2.00025E+000	1.04378E-003	11	..........a	-327.68
	772	773	-1.61896E+000	-2.00220E-001	-1.99751E+000	-2.00025E+000	1.04266E-003	11	..........a	-327.68
	773	774	-1.62016E+000	-2.00219E-001	-1.99758E+000	-2.00025E+000	1.05033E-003	11	..........a	-327.68
	774	775	-1.61816E+000	-2.00220E-001	-1.99898E+000	-2.00025E+000	1.05144E-003	11	..........a	-327.68
	775	776	-1.61856E+000	-2.00220E-001	-2.00192E+000	-2.00025E+000	1.05026E-003	11	..........a	-327.68
	776	777	-1.61176E+000	-2.00220E-001	-2.00745E+000	-2.00025E+000	1.06071E-003	11	..........a	-327.68
	777	778	-1.61976E+000	-2.00220E-001	-2.00046E+000	-2.00025E+000	1.05014E-003	11	..........a	-327.68
	778	779	-1.61736E+000	-2.00221E-001	-2.00300E+000	-2.00025E+000	1.04624E-003	11	..........a	-327.68
	779	780	-1.61896E+000	-2.00220E-001	-2.00035E+000	-2.00025E+000	1.04111E-003	11	..........a	-327.68
	780	781	-1.62016E+000	-2.00221E-001	-1.99849E+000	-2.00025E+000	1.04341E-003	11	..........a	-327.68
	781	782	-1.61736E+000	-2.00220E-001	-2.00104E+000	-2.00025E+000	1.04636E-003	11	..........a	-327.68
	782	783	-1.61896E+000	-2.00220E-001	-2.00110E+000	-2.00025E+000	1.04673E-003	11	..........a	-327.68
	783	784	-1.61776E+000	-2.00220E-001	-2.00254E+000	-2.00025E+000	1.05099E-003	11	..........a	-327.68
	784	785	-1.61816E+000	-2.00220E-001	-2.00144E+000	-2.00025E+000	1.05333E-003	11	..........a	-327.68
	785	786	-1.61816E+000	-2.00220E-001	-2.00128E+000	-2.00025E+000	1.04979E-003	11	..........a	-327.68
	786	787	-1.62016E+000	-2.00220E-001	-1.99946E+000	-2.00025E+000	1.04074E-003	11	..........a	-327.68
	787	788	-1.61816E+000	-2.00220E-001	-2.00186E+000	-2.00025E+000	1.04581E-003	11	..........a	-327.68
	788	789	-1.61776E+000	-2.00220E-001	-2.00264E+000	-2.00025E+000	1.04484E-003	11	..........a	-327.68
	789	790	-1.61656E+000	-2.00220E-001	-2.00345E+000	-2.00025E+000	1.04799E-003	11	..........a	-327.68
	790	791	-1.62056E+000	-2.00220E-001	-2.00145E+000	-2.00025E+000	1.04391E-003	11	..........a	-327.68
	791	792	-1.61136E+000	-2.00220E-001	-2.00889E+000	-2.00025E+000	1.05408E-003	11	..........a	-327.68
	792	793	-1.61976E+000	-2.00220E-001	-2.00159E+000	-2.00025E+000	1.03723E-003	11	..........a	-327.68
	793	794	-1.61976E+000	-2.00220E-001	-1.99794E+000	-2.00025E+000	1.03514E-003	11	..........a	-327.68
	794	795	-1.61856E+000	-2.00220E-001	-2.00001E+000	-2.00025E+000	1.03229E-003	11	..........a	-327.68
	795	796	-1.61896E+000	-2.00220E-001	-2.00040E+000	-2.00025E+000	1.04079E-003	11	..........a	-327.68
	796	797	-1.61936E+000	-2.00220E-001	-2.00018E+000	-2.00025E+000	1.04783E-003	11	..........a	-327.68
	797	798	-1.61856E+000	-2.00220E-001	-1.99944E+000	-2.00025E+000	1.04986E-003	11	..........a	-327.68
	798	799	-1.61776E+000	-2.00220E-001	-2.00028E+000	-2.00025E+000	1.04911E-003	11	..........a	-327.68
	799	800	-1.61936E+000	-2.00220E-001	-1.99746E+000	-2.00025E+000	1.04443E-003	11	..........a	-327.68
	800	801	-1.61736E+000	-2.00187E-001	-2.00000E+000	-2.00025E+000	2.39294E-004	11	..........a	-327.68
	801	802	-1.61896E+000	-2.00187E-001	-1.99679E+000	-2.00025E+000	2.34561E-004	11	..........a	-327.68
	802	803	-1.61776E+000	-2.00187E-001	-1.99979E+000	-2.00025E+000	2.36361E-004	11	..........a	-327.68
	803	804	-1.61936E+000	-2.00187E-001	-1.99808E+000	-2.00025E+000	2.41628E-004	11	..........a	-327.68
	804	805	-1.61656E+000	-2.00187E-001	-2.00264E+000	-2.00025E+000	2.40311E-004	11	..........a	-327.68
	805	806	-1.61736E+000	-2.00187E-001	-2.00223E+000	-2.00025E+000	2.46194E-004	11	..........a	-327.68
	806	807	-1.61776E+000	-2.00187E-001	-2.00335E+000	-2.00025E+000	2.46144E-004	11	..........a	-327.68
	807	808	-1.61816E+000	-2.00187E-001	-2.00369E+000	-2.00025E+000	2.45978E-004	11	..........a	-327.68
	808	809	-1.62056E+000	-2.00187E-001	-2.00096E+000	-2.00025E+000	2.51694E-004	11	..........a	-327.68
	809	810	-1.61896E+000	-2.00187E-001	-2.00174E+000	-2.00025E+000	2.47444E-004	11	..........a	-327.68
	810	811	-1.61896E+000	-2.00187E-001	-2.00222E+000	-2.00025E+000	2.51144E-004	11	..........a	-327.68
	811	812	-1.61856E+000	-2.00187E-001	-2.00478E+000	-2.00025E+000	2.45644E-004	11	..........a	-327.68
	812	813	-1.61856E+000	-2.00187E-001	-2.00246E+000	-2.00025E+000	2.47228E-004	11	..........a	-327.68
	813	814	-1.61816E+000	-2.00187E-001	-2.00357E+000	-2.00025E+000	2.41911E-004	11	..........a	-327.68
	814	815	-1.61856E+000	-2.00187E-001	-2.00255E+000	-2.00025E+000	2.46994E-004	11	..........a	-327.68
	815	816	-1.61056E+000	-2.00186E-001	-2.01207E+000	-2.00025E+000	2.48644E-004	11	..........a	-327.68
	816	817	-1.61856E+000	-2.00186E-001	-2.00308E+000	-2.00025E+000	2.50711E-004	11	..........a	-327.68
	817	818	-1.61056E+000	-2.00186E-001	-2.01277E+000	-2.00025E+000	2.48678E-004	11	..........a	-327.68
	818	819	-1.61896E+000	-2.00187E-001	-2.00108E+000	-2.00025E+000	2.48478E-004	11	..........a	-327.68
	819	820	-1.61856E+000	-2.00186E-001	-2.00573E+000	-2.00025E+000	2.44611E-004	11	..........a	-327.68
	820	821	-1.61816E+000	-2.00187E-001	-2.00371E+000	-2.00025E+000	2.52461E-004	11	..........a	-327.68
	821	822	-1.61896E+000	-2.00186E-001	-2.00284E+000	-2.00025E+000	2.46394E-004	11	..........a	-327.68
	822	823	-1.61896E+000	-2.00187E-001	-2.00170E+000	-2.00025E+000	2.56011E-004	11	..........a	-327.68
	823	824	-1.61776E+000	-2.00186E-001	-2.00632E+000	-2.00025E+000	2.34544E-004	11	..........a	-327.68
	824	825	-1.61776E+000	-2.00186E-001	-2.00309E+000	-2.00025E+000	2.46178E-004	11	..........a	-327.68
	825	826	-1.61696E+000	-2.00187E-001	-2.00608E+000	-2.00025E+000	2.47761E-004	11	..........a	-327.68
	826	827	-1.61896E+000	-2.00191E-001	-2.00562E+000	-2.00025E+000	3.38228E-004	11	..........a	-327.68
	827	828	-1.61936E+000	-2.00191E-001	-2.00433E+000	-2.00025E+000	3.29544E-004	11	..........a	-327.68
	828	829	-1.61736E+000	-2.00191E-001	-2.00597E+000	-2.00025E+000	3.24111E-004	11	..........a	-327.68
	829	830	-1.61936E+000	-2.00191E-001	-2.00556E+000	-2.00025E+000	3.24761E-004	11	..........a	-327.68
	830	831	-1.61896E+000	-2.00190E-001	-2.00520E+000	-2.00025E+000	3.26111E-004	11	..........a	-327.68
	831	832	-1.61776E+000	-2.00191E-001	-2.00589E+000	-2.00025E+000	3.20494E-004	11	..........a	-327.68
	832	833	-1.61816E+000	-2.00191E-001	-2.00441E+000	-2.00025E+000	3.29061E-004	11	..........a	-327.68
	833	834	-1.61936E+000	-2.00191E-001	-2.00326E+000	-2.00025E+000	3.32411E-004	11	..........a	-327.68
	834	835	-1.61776E+000	-2.00191E-001	-2.00741E+000	-2.00025E+000	3.28611E-004	11	..........a	-327.68
	835	836	-1.61736E+000	-2.00191E-001	-2.00749E+000	-2.00025E+000	3.31011E-004	11	..........a	-327.68
	836	837	-1.61936E+000	-2.00190E-001	-2.00573E+000	-2.00025E+000	3.30461E-004	11	..........a	-327.68
	837	838	-1.61856E+000	-2.00191E-001	-2.00832E+000	-2.00025E+000	3.20244E-004	11	..........a	-327.68
	838	839	-1.61776E+000	-2.00191E-001	-2.00748E+000	-2.00025E+000	3.30144E-004	11	..........a	-327.68
	839	840	-1.61816E+000	-2.00189E-001	-2.00672E+000	-2.00025E+000	3.00344E-004	11	..........a	-327.68
	840	841	-1.61856E+000	-2.00189E-001	-2.00675E+000	-2.00025E+000	3.00294E-004	11	..........a	-327.68
	841	842	-1.61736E+000	-2.00189E-001	-2.00510E+000	-2.00025E+000	3.01628E-004	11	..........a	-327.68
	842	843	-1.61936E+000	-2.00189E-001	-2.00169E+000	-2.00025E+000	2.96944E-004	11	..........a	-327.68
	843	844	-1.61816E+000	-2.00190E-001	-2.00090E+000	-2.00025E+000	2.94378E-004	11	..........a	-327.68
	844	845	-1.61856E+000	-2.00190E-001	-2.00392E+000	-2.00025E+000	2.95828E-004	11	..........a	-327.68
	845	846	-1.61816E+000	-2.00190E-001	-2.00197E+000	-2.00025E+000	3.02111E-004	11	..........a	-327.68
	846	847	-1.61696E+000	-2.00190E-001	-2.00473E+000	-2.00025E+000	3.00261E-004	11	..........a	-327.68
	847	848	-1.61696E+000	-2.00189E-001	-2.00544E+000	-2.00025E+000	2.90511E-004	11	..........a	-327.68
	848	849	-1.61616E+000	-2.00190E-001	-2.00560E+000	-2.00025E+000	2.96878E-004	11	..........a	-327.68
	849	850	-1.61656E+000	-2.00190E-001	-2.00504E+000	-2.00025E+000	2.98011E-004	11	..........a	-327.68
	850	851	-1.61656E+000	-2.00189E-001	-2.00623E+000	-2.00025E+000	2.96761E-004	11	..........a	-327.68
	851	852	-1.61656E+000	-2.00189E-001	-2.00310E+000	-2.00025E+000	2.98211E-004	11	..........a	-327.68
	852	853	-1.61656E+000	-2.00189E-001	-2.00444E+000	-2.00025E+000	2.96694E-004	11	..........a	-327.68
	853	854	-1.61496E+000	-2.00189E-001	-2.00669E+000	-2.00025E+000	3.02378E-004	11	..........a	-327.68
	854	855	-1.60976E+000	-2.00190E-001	-2.01201E+000	-2.00025E+000	3.00411E-004	11	..........a	-327.68
	855	856	-1.61696E+000	-2.00190E-001	-2.00102E+000	-2.00025E+000	3.03728E-004	11	..........a	-327.68
	856	857	-1.61696E+000	-2.00190E-001	-2.00218E+000	-2.00025E+000	2.98461E-004	11	..........a	-327.68
	857	858	-1.61776E+000	-2.00190E-001	-2.00102E+000	-2.00025E+000	2.97411E-004	11	..........a	-327.68
	858	859	-1.61616E+000	-2.00190E-001	-2.00573E+000	-2.00025E+000	3.02944E-004	11	..........a	-327.68
	859	860	-1.61496E+000	-2.00189E-001	-2.00642E+000	-2.00025E+000	3.02478E-004	11	..........a	-327.68
	860	861	-1.61816E+000	-2.00189E-001	-2.00549E+000	-2.00025E+000	2.93444E-004	11	..........a	-327.68
	861	862	-1.61816E+000	-2.00189E-001	-2.00473E+000	-2.00025E+000	2.95611E-004	11	..........a	-327.68
	862	863	-1.62016E+000	-2.00189E-001	-2.00265E+000	-2.00025E+000	2.98794E-004	11	..........a	-327.68
	863	864	-1.61576E+000	-2.00189E-001	-2.00550E+000	-2.00025E+000	2.60044E-004	11	..........a	-327.68
	864	865	-1.61616E+000	-2.00189E-001	-2.00570E+000	-2.00025E+000	2.67161E-004	11	..........a	-327.68
	865	866	-1.61696E+000	-2.00189E-001	-2.00534E+000	-2.00025E+000	2.65794E-004	11	..........a	-327.68
	866	867	-1.61576E+000	-2.00189E-001	-2.00658E+000	-2.00025E+000	2.70894E-004	11	..........a	-327.68
	867	868	-1.60936E+000	-2.00189E-001	-2.01298E+000	-2.00025E+000	2.57511E-004	11	..........a	-327.68
	868	869	-1.61456E+000	-2.00189E-001	-2.00962E+000	-2.00025E+000	2.58194E-004	11	..........a	-327.68
	869	870	-1.61896E+000	-2.00189E-001	-2.00695E+000	-2.00025E+000	2.59794E-004	11	..........a	-327.68
	870	871	-1.61776E+000	-2.00189E-001	-2.00652E+000	-2.00025E+000	2.67361E-004	11	..........a	-327.68
	871	872	-1.61616E+000	-2.00189E-001	-2.00988E+000	-2.00025E+000	2.66394E-004	11	..........a	-327.68
	872	873	-1.61816E+000	-2.00189E-001	-2.00932E+000	-2.00025E+000	2.66011E-004	11	..........a	-327.68
	873	874	-1.61736E+000	-2.00189E-001	-2.00932E+000	-2.00025E+000	2.67161E-004	11	..........a	-327.68
	874	875	-1.61696E+000	-2.00189E-001	-2.00973E+000	-2.00025E+000	2.59528E-004	11	..........a	-327.68
	875	876	-1.61776E+000	-2.00189E-001	-2.00974E+000	-2.00025E+000	2.63044E-004	11	..........a	-327.68
	876	877	-1.61656E+000	-2.00189E-001	-2.01028E+000	-2.00025E+000	2.63061E-004	11	..........a	-327.68
	877	878	-1.61776E+000	-2.00189E-001	-2.00996E+000	-2.00025E+000	2.63711E-004	11	..........a	-327.68
	878	879	-1.61776E+000	-2.00189E-001	-2.00783E+000	-2.00025E+000	2.67361E-004	11	..........a	-327.68
	879	880	-1.61776E+000	-2.00189E-001	-2.00910E+000	-2.00025E+000	2.65094E-004	11	..........a	-327.68
	880	881	-1.61776E+000	-2.00189E-001	-2.00982E+000	-2.00025E+000	2.61978E-004	11	..........a	-327.68
	881	882	-1.61536E+000	-2.00189E-001	-2.01277E+000	-2.00025E+000	2.55761E-004	11	..........a	-327.68
	882	883	-1.60896E+000	-2.00189E-001	-2.01773E+000	-2.00025E+000	2.63361E-004	11	..........a	-327.68
	883	884	-1.61776E+000	-2.00190E-001	-2.01043E+000	-2.00025E+000	2.62328E-004	11	..........a	-327.68
	884	885	-1.61576E+000	-2.00190E-001	-2.00890E+000	-2.00025E+000	2.60161E-004	11	..........a	-327.68
	885	886	-1.61616E+000	-2.00189E-001	-2.01140E+000	-2.00025E+000	2.72711E-004	11	..........a	-327.68
	886	887	-1.61736E+000	-2.00189E-001	-2.00854E+000	-2.00025E+000	2.57394E-004	11	..........a	-327.68
	887	888	-1.61416E+000	-2.00190E-001	-2.01556E+000	-2.00025E+000	2.52128E-004	11	..........a	-327.68
	888	889	-1.61696E+000	-2.00189E-001	-2.01335E+000	-2.00025E+000	2.61278E-004	11	..........a	-327.68
	889	890	-1.61816E+000	-2.00190E-001	-2.01592E+000	-2.00025E+000	2.63261E-004	11	..........a	-327.68
	890	891	-1.61936E+000	-2.00190E-001	-2.01424E+000	-2.00025E+000	2.62944E-004	11	..........a	-327.68
	891	892	-1.61936E+000	-2.00190E-001	-2.01612E+000	-2.00025E+000	2.54444E-004	11	..........a	-327.68
	892	893	-1.61656E+000	-2.00190E-001	-2.01727E+000	-2.00025E+000	2.60561E-004	11	..........a	-327.68
	893	894	-1.61056E+000	-2.00190E-001	-2.02303E+000	-2.00025E+000	2.48944E-004	11	..........a	-327.68
	894	895	-1.61816E+000	-2.00190E-001	-2.01502E+000	-2.00025E+000	2.61278E-004	11	..........a	-327.68
	895	896	-1.61776E+000	-2.00189E-001	-2.01705E+000	-2.00025E+000	2.60078E-004	11	..........a	-327.68
	896	897	-1.61776E+000	-2.00190E-001	-2.01460E+000	-2.00025E+000	2.60578E-004	11	..........a	-327.68
	897	898	-1.61736E+000	-2.00190E-001	-2.01515E+000	-2.00025E+000	2.59928E-004	11	..........a	-327.68
	898	899	-1.61656E+000	-2.00190E-001	-2.01492E+000	-2.00025E+000	2.61461E-004	11	..........a	-327.68
	899	900	-1.61656E+000	-2.00190E-001	-2.01567E+000	-2.00025E+000	2.49261E-004	11	..........a	-327.68
	900	901	-1.61416E+000	-2.00190E-001	-2.01836E+000	-2.00025E+000	2.62278E-004	11	..........a	-327.68
	901	902	-1.61616E+000	-2.00190E-001	-2.01493E+000	-2.00025E+000	2.64511E-004	11	..........a	-327.68
	902	903	-1.61736E+000	-2.00190E-001	-2.01356E+000	-2.00025E+000	2.57194E-004	11	..........a	-327.68
	903	904	-1.61656E+000	-2.00190E-001	-2.01399E+000	-2.00025E+000	2.62061E-004	11	..........a	-327.68
	904	905	-1.61816E+000	-2.00190E-001	-2.01082E+000	-2.00025E+000	2.54861E-004	11	..........a	-327.68
	905	906	-1.61616E+000	-2.00190E-001	-2.01458E+000	-2.00025E+000	2.54528E-004	11	..........a	-327.68
	906	907	-1.61656E+000	-2.00190E-001	-2.01642E+000	-2.00025E+000	2.61661E-004	11	..........a	-327.68
	907	908	-1.61576E+000	-2.00190E-001	-2.01411E+000	-2.00025E+000	2.60328E-004	11	..........a	-327.68
	908	909	-1.61656E+000	-2.00190E-001	-2.01592E+000	-2.00025E+000	2.65211E-004	11	..........a	-327.68
	909	910	-1.61656E+000	-2.00191E-001	-2.01374E+000	-2.00025E+000	2.58461E-004	11	..........a	-327.68
	910	911	-1.61616E+000	-2.00190E-001	-2.01655E+000	-2.00025E+000	2.57761E-004	11	..........a	-327.68
	911	912	-1.61536E+000	-2.00191E-001	-2.01496E+000	-2.00025E+000	2.59811E-004	11	..........a	-327.68
	912	913	-1.61496E+000	-2.00190E-001	-2.01781E+000	-2.00025E+000	2.67711E-004	11	..........a	-327.68
	913	914	-1.61576E+000	-2.00190E-001	-2.01379E+000	-2.00025E+000	2.69044E-004	11	..........a	-327.68
	914	915	-1.61736E+000	-2.00190E-001	-2.01350E+000	-2.00025E+000	2.68961E-004	11	..........a	-327.68
	915	916	-1.61496E+000	-2.00190E-001	-2.01436E+000	-2.00025E+000	2.71461E-004	11	..........a	-327.68
	916	917	-1.61536E+000	-2.00190E-001	-2.01703E+000	-2.00025E+000	2.61844E-004	11	..........a	-327.68
	917	918	-1.61456E+000	-2.00190E-001	-2.01540E+000	-2.00025E+000	2.65228E-004	11	..........a	-327.68
	918	919	-1.61696E+000	-2.00190E-001	-2.01600E+000	-2.00025E+000	2.62594E-004	11	..........a	-327.68
	919	920	-1.61496E+000	-2.00190E-001	-2.01846E+000	-2.00025E+000	2.66928E-004	11	..........a	-327.68
	920	921	-1.61616E+000	-2.00190E-001	-2.01950E+000	-2.00025E+000	2.65811E-004	11	..........a	-327.68
	921	922	-1.61576E+000	-2.00190E-001	-2.01717E+000	-2.00025E+000	2.65144E-004	11	..........a	-327.68
	922	923	-1.61616E+000	-2.00190E-001	-2.02019E+000	-2.00025E+000	2.68928E-004	11	..........a	-327.68
	923	924	-1.61776E+000	-2.00190E-001	-2.01913E+000	-2.00025E+000	2.66044E-004	11	..........a	-327.68
	924	925	-1.61736E+000	-2.00190E-001	-2.02381E+000	-2.00025E+000	2.68411E-004	11	..........a	-327.68
	925	926	-1.61936E+000	-2.00190E-001	-2.02077E+000	-2.00025E+000	2.63344E-004	11	..........a	-327.68
	926	927	-1.61776E+000	-2.00190E-001	-2.02425E+000	-2.00025E+000	2.63061E-004	11	..........a	-327.68
	927	928	-1.61896E+000	-2.00190E-001	-2.02094E+000	-2.00025E+000	2.72594E-004	11	..........a	-327.68
	928	929	-1.61896E+000	-2.00191E-001	-2.02204E+000	-2.00025E+000	2.68661E-004	11	..........a	-327.68
	929	930	-1.61856E+000	-2.00190E-001	-2.02144E+000	-2.00025E+000	2.68078E-004	11	..........a	-327.68
	930	931	-1.61856E+000	-2.00190E-001	-2.02183E+000	-2.00025E+000	2.58944E-004	11	..........a	-327.68
	931	932	-1.61696E+000	-2.00190E-001	-2.02183E+000	-2.00025E+000	2.58094E-004	11	..........a	-327.68
	932	933	-1.61736E+000	-2.00191E-001	-2.02233E+000	-2.00025E+000	2.61961E-004	11	..........a	-327.68
	933	934	-1.61616E+000	-2.00191E-001	-2.02475E+000	-2.00025E+000	2.63678E-004	11	..........a	-327.68
	934	935	-1.61496E+000	-2.00191E-001	-2.02560E+000	-2.00025E+000	2.92711E-004	11	..........a	-327.68
	935	936	-1.61816E+000	-2.00190E-001	-2.02135E+000	-2.00025E+000	2.90328E-004	11	..........a	-327.68
	936	937	-1.61736E+000	-2.00191E-001	-2.02162E+000	-2.00025E+000	2.87161E-004	11	..........a	-327.68
	937	938	-1.61856E+000	-2.00190E-001	-2.02095E+000	-2.00025E+000	2.90728E-004	11	..........a	-327.68
	938	939	-1.61736E+000	-2.00190E-001	-2.02145E+000	-2.00025E+000	2.86628E-004	11	..........a	-327.68
	939	940	-1.61456E+000	-2.00190E-001	-2.02571E+000	-2.00025E+000	2.90511E-004	11	..........a	-327.68
	940	941	-1.61896E+000	-2.00190E-001	-2.01984E+000	-2.00025E+000	2.88094E-004	11	..........a	-327.68
	941	942	-1.61576E+000	-2.00190E-001	-2.02357E+000	-2.00025E+000	2.87961E-004	11	..........a	-327.68
	942	943	-1.61656E+000	-2.00190E-001	-2.02131E+000	-2.00025E+000	2.89211E-004	11	..........a	-327.68
	943	944	-1.61576E+000	-2.00190E-001	-2.02243E+000	-2.00025E+000	2.92211E-004	11	..........a	-327.68
	944	945	-1.61616E+000	-2.00190E-001	-2.01871E+000	-2.00025E+000	2.86494E-004	11	..........a	-327.68
	945	946	-1.61536E+000	-2.00190E-001	-2.02043E+000	-2.00025E+000	2.86661E-004	11	..........a	-327.68
	946	947	-1.61576E+000	-2.00190E-001	-2.01856E+000	-2.00025E+000	2.89928E-004	11	..........a	-327.68
	947	948	-1.61656E+000	-2.00190E-001	-2.01817E+000	-2.00025E+000	2.85544E-004	11	..........a	-327.68
	948	949	-1.61576E+000	-2.00191E-001	-2.01922E+000	-2.00025E+000	2.82944E-004	11	..........a	-327.68
	949	950	-1.61496E+000	-2.00190E-001	-2.02321E+000	-2.00025E+000	2.86644E-004	11	..........a	-327.68
	950	951	-1.61416E+000	-2.00190E-001	-2.02283E+000	-2.00025E+000	2.87228E-004	11	..........a	-327.68
	951	952	-1.60816E+000	-2.00190E-001	-2.03066E+000	-2.00025E+000	2.80344E-004	11	..........a	-327.68
	952	953	-1.61576E+000	-2.00190E-001	-2.01941E+000	-2.00025E+000	2.85011E-004	11	..........a	-327.68
	953	954	-1.61496E+000	-2.00189E-001	-2.02201E+000	-2.00025E+000	2.88361E-004	11	..........a	-327.68
	954	955	-1.61576E+000	-2.00189E-001	-2.02058E+000	-2.00025E+000	2.88211E-004	11	..........a	-327.68
	955	956	-1.61576E+000	-2.00189E-001	-2.02355E+000	-2.00025E+000	2.85978E-004	11	..........a	-327.68
	956	957	-1.61416E+000	-2.00190E-001	-2.02495E+000	-2.00025E+000	2.84228E-004	11	..........a	-327.68
	957	958	-1.61496E+000	-2.00190E-001	-2.02384E+000	-2.00025E+000	2.86228E-004	11	..........a	-327.68
	958	959	-1.61576E+000	-2.00190E-001	-2.02303E+000	-2.00025E+000	2.90728E-004	11	..........a	-327.68
	959	960	-1.61496E+000	-2.00190E-001	-2.02446E+000	-2.00025E+000	2.92211E-004	11	..........a	-327.68
	960	961	-1.60976E+000	-2.00191E-001	-2.02864E+000	-2.00025E+000	2.93994E-004	11	..........a	-327.68
	961	962	-1.61616E+000	-2.00190E-001	-2.02345E+000	-2.00025E+000	2.90978E-004	11	..........a	-327.68
	962	963	-1.61496E+000	-2.00191E-001	-2.02427E+000	-2.00025E+000	2.89544E-004	11	..........a	-327.68
	963	964	-1.61576E+000	-2.00190E-001	-2.02337E+000	-2.00025E+000	2.90644E-004	11	..........a	-327.68
	964	965	-1.61576E+000	-2.00191E-001	-2.02434E+000	-2.00025E+000	2.89478E-004	11	..........a	-327.68
	965	966	-1.61576E+000	-2.00191E-001	-2.02397E+000	-2.00025E+000	2.97561E-004	11	..........a	-327.68
	966	967	-1.61576E+000	-2.00190E-001	-2.02380E+000	-2.00025E+000	2.89211E-004	11	..........a	-327.68
	967	968	-1.61576E+000	-2.00190E-001	-2.02339E+000	-2.00025E+000	2.86711E-004	11	..........a	-327.68
	968	969	-1.61536E+000	-2.00191E-001	-2.02332E+000	-2.00025E+000	2.92128E-004	11	..........a	-327.68
	969	970	-1.61576E+000	-2.00190E-001	-2.02104E+000	-2.00025E+000	2.95861E-004	11	..........a	-327.68
	970	971	-1.61496E+000	-2.00190E-001	-2.02349E+000	-2.00025E+000	2.89761E-004	11	..........a	-327.68
	971	972	-1.61416E+000	-2.00191E-001	-2.02284E+000	-2.00025E+000	2.92078E-004	11	..........a	-327.68
	972	973	-1.61656E+000	-2.00191E-001	-2.01978E+000	-2.00025E+000	2.98828E-004	11	..........a	-327.68
	973	974	-1.61576E+000	-2.00190E-001	-2.01983E+000	-2.00025E+000	2.88261E-004	11	..........a	-327.68
	974	975	-1.61576E+000	-2.00190E-001	-2.02219E+000	-2.00025E+000	2.96244E-004	11	..........a	-327.68
	975	976	-1.61576E+000	-2.00190E-001	-2.02164E+000	-2.00025E+000	2.91544E-004	11	..........a	-327.68
	976	977	-1.61656E+000	-2.00190E-001	-2.02136E+000	-2.00025E+000	2.89811E-004	11	..........a	-327.68
	977	978	-1.60856E+000	-2.00190E-001	-2.02831E+000	-2.00025E+000	2.89428E-004	11	..........a	-327.68
	978	979	-1.61496E+000	-2.00190E-001	-2.02418E+000	-2.00025E+000	2.96061E-004	11	..........a	-327.68
	979	980	-1.61576E+000	-2.00191E-001	-2.02374E+000	-2.00025E+000	2.97111E-004	11	..........a	-327.68
	980	981	-1.61576E+000	-2.00190E-001	-2.02414E+000	-2.00025E+000	2.96578E-004	11	..........a	-327.68
	981	982	-1.61496E+000	-2.00190E-001	-2.02204E+000	-2.00025E+000	2.91711E-004	11	..........a	-327.68
	982	983	-1.61416E+000	-2.00189E-001	-2.02331E+000	-2.00025E+000	2.92561E-004	11	..........a	-327.68
	983	984	-1.61496E+000	-2.00190E-001	-2.02404E+000	-2.00025E+000	2.89478E-004	11	..........a	-327.68
	984	985	-1.61656E+000	-2.00190E-001	-2.02298E+000	-2.00025E+000	3.01078E-004	11	..........a	-327.68
	985	986	-1.61496E+000	-2.00190E-001	-2.02113E+000	-2.00025E+000	2.95828E-004	11	..........a	-327.68
	986	987	-1.61576E+000	-2.00190E-001	-2.02258E+000	-2.00025E+000	2.92994E-004	11	..........a	-327.68
	987	988	-1.61656E+000	-2.00190E-001	-2.02355E+000	-2.00025E+000	2.91794E-004	11	..........a	-327.68
	988	989	-1.61496E+000	-2.00190E-001	-2.02902E+000	-2.00025E+000	2.91978E-004	11	..........a	-327.68
	989	990	-1.61656E+000	-2.00190E-001	-2.02430E+000	-2.00025E+000	2.89994E-004	11	..........a	-327.68
	990	991	-1.60936E+000	-2.00190E-001	-2.03606E+000	-2.00025E+000	2.88928E-004	11	..........a	-327.68
	991	992	-1.61656E+000	-2.00190E-001	-2.02699E+000	-2.00025E+000	2.87594E-004	11	..........a	-327.68
	992	993	-1.61536E+000	-2.00191E-001	-2.02865E+000	-2.00025E+000	2.90944E-004	11	..........a	-327.68
	993	994	-1.61576E+000	-2.00190E-001	-2.02739E+000	-2.00025E+000	2.90228E-004	11	..........a	-327.68
	994	995	-1.61656E+000	-2.00190E-001	-2.02598E+000	-2.00025E+000	2.82028E-004	11	..........a	-327.68
	995	996	-1.62016E+000	-2.00190E-001	-2.01963E+000	-2.00025E+000	2.92411E-004	11	..........a	-327.68
	996	997	-1.61576E+000	-2.00190E-001	-2.02655E+000	-2.00025E+000	2.88844E-004	11	..........a	-327.68
	997	998	-1.61416E+000	-2.00190E-001	-2.02559E+000	-2.00025E+000	2.92611E-004	11	..........a	-327.68
	998	999	-1.61656E+000	-2.00191E-001	-2.02402E+000	-2.00025E+000	2.95994E-004	11	..........a	-327.68
	999	1000	-1.61496E+000	-2.00191E-001	-2.02662E+000	-2.00025E+000	2.98128E-004	11	..........a	-327.68
	1000	1001	-1.61656E+000	-2.00190E-001	-2.02738E+000	-2.00025E+000	3.03961E-004	11	..........a	-327.68
	1001	1002	-1.61536E+000	-2.00191E-001	-2.02803E+000	-2.00025E+000	2.99961E-004	11	..........a	-327.68
	1002	1003	-1.61416E+000	-2.00191E-001	-2.02833E+000	-2.00025E+000	3.03994E-004	11	..........a	-327.68
	1003	1004	-1.60976E+000	-2.00190E-001	-2.03126E+000	-2.00025E+000	3.01594E-004	11	..........a	-327.68
	1004	1005	-1.61856E+000	-2.00191E-001	-2.02347E+000	-2.00025E+000	2.96844E-004	11	..........a	-327.68
	1005	1006	-1.61216E+000	-2.00191E-001	-2.02931E+000	-2.00025E+000	3.03678E-004	11	..........a	-327.68
	1006	1007	-1.61416E+000	-2.00191E-001	-2.02734E+000	-2.00025E+000	3.10128E-004	11	..........a	-327.68
	1007	1008	-1.61736E+000	-2.00190E-001	-2.02459E+000	-2.00025E+000	2.98111E-004	11	..........a	-327.68
	1008	1009	-1.61016E+000	-2.00190E-001	-2.02926E+000	-2.00025E+000	3.07461E-004	11	..........a	-327.68
	1009	1010	-1.61856E+000	-2.00191E-001	-2.02295E+000	-2.00025E+000	3.06461E-004	11	..........a	-327.68
	1010	1011	-1.61456E+000	-2.00191E-001	-2.02496E+000	-2.00025E+000	3.03244E-004	11	..........a	-327.68
	1011	1012	-1.61496E+000	-2.00191E-001	-2.02518E+000	-2.00025E+000	3.06178E-004	11	..........a	-327.68
	1012	1013	-1.61936E+000	-2.00191E-001	-2.02255E+000	-2.00025E+000	3.07328E-004	11	..........a	-327.68
	1013	1014	-1.61176E+000	-2.00191E-001	-2.03079E+000	-2.00025E+000	3.04378E-004	11	..........a	-327.68
	1014	1015	-1.60856E+000	-2.00191E-001	-2.03315E+000	-2.00025E+000	2.95778E-004	11	..........a	-327.68
	1015	1016	-1.61856E+000	-2.00191E-001	-2.02441E+000	-2.00025E+000	3.05378E-004	11	..........a	-327.68
	1016	1017	-1.60696E+000	-2.00191E-001	-2.03394E+000	-2.00025E+000	3.10744E-004	11	..........a	-327.68
	1017	1018	-1.61656E+000	-2.00191E-001	-2.02651E+000	-2.00025E+000	3.01628E-004	11	..........a	-327.68
	1018	1019	-1.61816E+000	-2.00191E-001	-2.02427E+000	-2.00025E+000	3.01928E-004	11	..........a	-327.68
	1019	1020	-1.61256E+000	-2.00191E-001	-2.03115E+000	-2.00025E+000	3.01811E-004	11	..........a	-327.68
	1020	1021	-1.61456E+000	-2.00191E-001	-2.02640E+000	-2.00025E+000	2.95044E-004	11	..........a	-327.68
	1021	1022	-1.61416E+000	-2.00191E-001	-2.02821E+000	-2.00025E+000	3.01128E-004	11	..........a	-327.68
	1022	1023	-1.61376E+000	-2.00191E-001	-2.02638E+000	-2.00025E+000	2.97644E-004	11	..........a	-327.68
	1023	1024	-1.61096E+000	-2.00191E-001	-2.02863E+000	-2.00025E+000	3.07894E-004	11	..........a	-327.68
	1024	1025	-1.61416E+000	-2.00191E-001	-2.02301E+000	-2.00025E+000	3.02828E-004	11	..........a	-327.68
	1025	1026	-1.61096E+000	-2.00191E-001	-2.02798E+000	-2.00025E+000	3.01178E-004	11	..........a	-327.68
	1026	1027	-1.61176E+000	-2.00191E-001	-2.02646E+000	-2.00025E+000	3.00694E-004	11	..........a	-327.68
	1027	1028	-1.61776E+000	-2.00191E-001	-2.01965E+000	-2.00025E+000	2.91428E-004	11	..........a	-327.68
	1028	1029	-1.61416E+000	-2.00191E-001	-2.02167E+000	-2.00025E+000	2.96978E-004	11	..........a	-327.68
	1029	1030	-1.61096E+000	-2.00191E-001	-2.02877E+000	-2.00025E+000	2.97494E-004	11	..........a	-327.68
	1030	1031	-1.61376E+000	-2.00191E-001	-2.02576E+000	-2.00025E+000	2.99894E-004	11	..........a	-327.68
	1031	1032	-1.60696E+000	-2.00191E-001	-2.03420E+000	-2.00025E+000	3.06511E-004	11	..........a	-327.68
	1032	1033	-1.61376E+000	-2.00191E-001	-2.02698E+000	-2.00025E+000	3.01611E-004	11	..........a	-327.68
	1033	1034	-1.61496E+000	-2.00192E-001	-2.02787E+000	-2.00025E+000	3.05894E-004	11	..........a	-327.68
	1034	1035	-1.61096E+000	-2.00191E-001	-2.03036E+000	-2.00025E+000	3.01478E-004	11	..........a	-327.68
	1035	1036	-1.61256E+000	-2.00191E-001	-2.02988E+000	-2.00025E+000	3.04094E-004	11	..........a	-327.68
	1036	1037	-1.61016E+000	-2.00191E-001	-2.03308E+000	-2.00025E+000	3.00228E-004	11	..........a	-327.68
	1037	1038	-1.61376E+000	-2.00191E-001	-2.03083E+000	-2.00025E+000	3.04561E-004	11	..........a	-327.68
	1038	1039	-1.61336E+000	-2.00191E-001	-2.03058E+000	-2.00025E+000	2.95544E-004	11	..........a	-327.68
	1039	1040	-1.61616E+000	-2.00191E-001	-2.02676E+000	-2.00025E+000	3.00844E-004	11	..........a	-327.68
	1040	1041	-1.61176E+000	-2.00190E-001	-2.03159E+000	-2.00025E+000	3.03894E-004	11	..........a	-327.68
	1041	1042	-1.61816E+000	-2.00191E-001	-2.02382E+000	-2.00025E+000	2.95844E-004	11	..........a	-327.68
	1042	1043	-1.61256E+000	-2.00191E-001	-2.03274E+000	-2.00025E+000	3.01078E-004	11	..........a	-327.68
	1043	1044	-1.61576E+000	-2.00191E-001	-2.02993E+000	-2.00025E+000	2.93561E-004	11	..........a	-327.68
	1044	1045	-1.61656E+000	-2.00191E-001	-2.03201E+000	-2.00025E+000	3.03928E-004	11	..........a	-327.68
	1045	1046	-1.61496E+000	-2.00191E-001	-2.03287E+000	-2.00025E+000	3.05411E-004	11	..........a	-327.68
	1046	1047	-1.61176E+000	-2.00191E-001	-2.03586E+000	-2.00025E+000	3.04394E-004	11	..........a	-327.68
	1047	1048	-1.61336E+000	-2.00191E-001	-2.08886E+000	-2.00025E+000	3.04994E-004	11	..........a	-327.68
	1048	1049	-1.61656E+000	-2.00191E-001	-2.02968E+000	-2.00025E+000	3.05894E-004	11	..........a	-327.68
	1049	1050	-1.61416E+000	-2.00191E-001	-2.03112E+000	-2.00025E+000	2.94244E-004	11	..........a	-327.68
	1050	1051	-1.61416E+000	-2.00190E-001	-2.03200E+000	-2.00025E+000	2.94944E-004	11	..........a	-327.68
	1051	1052	-1.61256E+000	-2.00191E-001	-2.03111E+000	-2.00025E+000	2.96444E-004	11	..........a	-327.68
	1052	1053	-1.61256E+000	-2.00191E-001	-2.03245E+000	-2.00025E+000	2.93111E-004	11	..........a	-327.68
	1053	1054	-1.61336E+000	-2.00191E-001	-2.02838E+000	-2.00025E+000	3.01561E-004	11	..........a	-327.68
	1054	1055	-1.61176E+000	-2.00191E-001	-2.03190E+000	-2.00025E+000	3.02394E-004	11	..........a	-327.68
	1055	1056	-1.61616E+000	-2.00191E-001	-2.02588E+000	-2.00025E+000	3.00778E-004	11	..........a	-327.68
	1056	1057	-1.61656E+000	-2.00191E-001	-2.02854E+000	-2.00025E+000	3.02494E-004	11	..........a	-327.68
	1057	1058	-1.61656E+000	-2.00191E-001	-2.02960E+000	-2.00025E+000	2.96911E-004	11	..........a	-327.68
	1058	1059	-1.61096E+000	-2.00191E-001	-2.03592E+000	-2.00025E+000	2.97011E-004	11	..........a	-327.68
	1059	1060	-1.61256E+000	-2.00191E-001	-2.03264E+000	-2.00025E+000	2.98744E-004	11	..........a	-327.68
	1060	1061	-1.61256E+000	-2.00192E-001	-2.03273E+000	-2.00025E+000	3.04978E-004	11	..........a	-327.68
	1061	1062	-1.61576E+000	-2.00191E-001	-2.02952E+000	-2.00025E+000	2.98644E-004	11	..........a	-327.68
	1062	1063	-1.61256E+000	-2.00191E-001	-2.03226E+000	-2.00025E+000	3.01661E-004	11	..........a	-327.68
	1063	1064	-1.61656E+000	-2.00191E-001	-2.02730E+000	-2.00025E+000	3.07794E-004	11	..........a	-327.68
	1064	1065	-1.61176E+000	-2.00191E-001	-2.03206E+000	-2.00025E+000	2.93861E-004	11	..........a	-327.68
	1065	1066	-1.61096E+000	-2.00191E-001	-2.03319E+000	-2.00025E+000	3.02161E-004	11	..........a	-327.68
	1066	1067	-1.61536E+000	-2.00191E-001	-2.02756E+000	-2.00025E+000	2.98711E-004	11	..........a	-327.68
	1067	1068	-1.61256E+000	-2.00191E-001	-2.03172E+000	-2.00025E+000	2.96211E-004	11	..........a	-327.68
	1068	1069	-1.61376E+000	-2.00191E-001	-2.03045E+000	-2.00025E+000	3.03594E-004	11	..........a	-327.68
	1069	1070	-1.61496E+000	-2.00190E-001	-2.03068E+000	-2.00025E+000	2.99461E-004	11	..........a	-327.68
	1070	1071	-1.60736E+000	-2.00190E-001	-2.03861E+000	-2.00025E+000	2.94078E-004	11	..........a	-327.68
	1071	1072	-1.61576E+000	-2.00190E-001	-2.03059E+000	-2.00025E+000	2.98194E-004	11	..........a	-327.68
	1072	1073	-1.60776E+000	-2.00190E-001	-2.03843E+000	-2.00025E+000	3.00344E-004	11	..........a	-327.68
	1073	1074	-1.61416E+000	-2.00190E-001	-2.03665E+000	-2.00025E+000	2.99094E-004	11	..........a	-327.68
	1074	1075	-1.61496E+000	-2.00190E-001	-2.03629E+000	-2.00025E+000	2.96678E-004	11	..........a	-327.68
	1075	1076	-1.61416E+000	-2.00190E-001	-2.03707E+000	-2.00025E+000	3.02328E-004	11	..........a	-327.68
	1076	1077	-1.61416E+000	-2.00190E-001	-2.03881E+000	-2.00025E+000	3.05978E-004	11	..........a	-327.68
	1077	1078	-1.61416E+000	-2.00190E-001	-2.03890E+000	-2.00025E+000	3.04711E-004	11	..........a	-327.68
	1078	1079	-1.61656E+000	-2.00190E-001	-2.03561E+000	-2.00025E+000	2.99494E-004	11	..........a	-327.68
	1079	1080	-1.61416E+000	-2.00197E-001	-2.03727E+000	-2.00025E+000	5.17094E-004	11	..........a	-327.68
	1080	1081	-1.61536E+000	-2.00196E-001	-2.03755E+000	-2.00025E+000	5.01111E-004	11	..........a	-327.68
	1081	1082	-1.61496E+000	-2.00196E-001	-2.03909E+000	-2.00025E+000	5.15744E-004	11	..........a	-327.68
	1082	1083	-1.61456E+000	-2.00196E-001	-2.03778E+000	-2.00025E+000	5.16911E-004	11	..........a	-327.68
	1083	1084	-1.61576E+000	-2.00196E-001	-2.03682E+000	-2.00025E+000	5.15611E-004	11	..........a	-327.68
	1084	1085	-1.61576E+000	-2.00196E-001	-2.03299E+000	-2.00025E+000	5.05844E-004	11	..........a	-327.68
	1085	1086	-1.61536E+000	-2.00196E-001	-2.03560E+000	-2.00025E+000	5.14278E-004	11	..........a	-327.68
	1086	1087	-1.61376E+000	-2.00196E-001	-2.03566E+000	-2.00025E+000	5.17378E-004	11	..........a	-327.68
	1087	1088	-1.61376E+000	-2.00197E-001	-2.03638E+000	-2.00025E+000	5.15844E-004	11	..........a	-327.68
	1088	1089	-1.61416E+000	-2.00196E-001	-2.03164E+000	-2.00025E+000	5.02244E-004	11	..........a	-327.68
	1089	1090	-1.61496E+000	-2.00197E-001	-2.03318E+000	-2.00025E+000	5.10061E-004	11	..........a	-327.68
	1090	1091	-1.61536E+000	-2.00196E-001	-2.03142E+000	-2.00025E+000	5.14844E-004	11	..........a	-327.68
	1091	1092	-1.61416E+000	-2.00197E-001	-2.03422E+000	-2.00025E+000	5.22911E-004	11	..........a	-327.68
	1092	1093	-1.61376E+000	-2.00197E-001	-2.03305E+000	-2.00025E+000	5.11061E-004	11	..........a	-327.68
	1093	1094	-1.61416E+000	-2.00196E-001	-2.03371E+000	-2.00025E+000	5.15911E-004	11	..........a	-327.68
	1094	1095	-1.61496E+000	-2.00197E-001	-2.03363E+000	-2.00025E+000	5.22811E-004	11	..........a	-327.68
	1095	1096	-1.61376E+000	-2.00196E-001	-2.03626E+000	-2.00025E+000	5.09961E-004	11	..........a	-327.68
	1096	1097	-1.61336E+000	-2.00196E-001	-2.03801E+000	-2.00025E+000	5.07694E-004	11	..........a	-327.68
	1097	1098	-1.61576E+000	-2.00196E-001	-2.03707E+000	-2.00025E+000	5.02278E-004	11	..........a	-327.68
	1098	1099	-1.60856E+000	-2.00196E-001	-2.04288E+000	-2.00025E+000	5.13461E-004	11	..........a	-327.68
	1099	1100	-1.61536E+000	-2.00196E-001	-2.03527E+000	-2.00025E+000	5.12861E-004	11	..........a	-327.68
	1100	1101	-1.61336E+000	-2.00196E-001	-2.03786E+000	-2.00025E+000	4.96711E-004	11	..........a	-327.68
	1101	1102	-1.61536E+000	-2.00196E-001	-2.03493E+000	-2.00025E+000	5.04311E-004	11	..........a	-327.68
	1102	1103	-1.61336E+000	-2.00196E-001	-2.03662E+000	-2.00025E+000	5.05628E-004	11	..........a	-327.68
	1103	1104	-1.61496E+000	-2.00196E-001	-2.03444E+000	-2.00025E+000	5.02178E-004	11	..........a	-327.68
	1104	1105	-1.61776E+000	-2.00197E-001	-2.03175E+000	-2.00025E+000	5.10811E-004	11	..........a	-327.68
	1105	1106	-1.61496E+000	-2.00192E-001	-2.03504E+000	-2.00025E+000	3.31761E-004	11	..........a	-327.68
	1106	1107	-1.61496E+000	-2.00192E-001	-2.03428E+000	-2.00025E+000	3.28761E-004	11	..........a	-327.68
	1107	1108	-1.60656E+000	-2.00192E-001	-2.04494E+000	-2.00025E+000	3.29461E-004	11	..........a	-327.68
	1108	1109	-1.61496E+000	-2.00192E-001	-2.03649E+000	-2.00025E+000	3.35261E-004	11	..........a	-327.68
	1109	1110	-1.60656E+000	-2.00192E-001	-2.04322E+000	-2.00025E+000	3.34111E-004	11	..........a	-327.68
	1110	1111	-1.61456E+000	-2.00191E-001	-2.03826E+000	-2.00025E+000	3.37278E-004	11	..........a	-327.68
	1111	1112	-1.61496E+000	-2.00192E-001	-2.03677E+000	-2.00025E+000	3.37961E-004	11	..........a	-327.68
	1112	1113	-1.61496E+000	-2.00192E-001	-2.03914E+000	-2.00025E+000	3.34278E-004	11	..........a	-327.68
	1113	1114	-1.61456E+000	-2.00192E-001	-2.03933E+000	-2.00025E+000	3.39311E-004	11	..........a	-327.68
	1114	1115	-1.61496E+000	-2.00192E-001	-2.04028E+000	-2.00025E+000	3.39344E-004	11	..........a	-327.68
	1115	1116	-1.61416E+000	-2.00192E-001	-2.04043E+000	-2.00025E+000	3.34128E-004	11	..........a	-327.68
	1116	1117	-1.61496E+000	-2.00192E-001	-2.04018E+000	-2.00025E+000	3.40261E-004	11	..........a	-327.68
	1117	1118	-1.61416E+000	-2.00193E-001	-2.03929E+000	-2.00025E+000	3.30928E-004	11	..........a	-327.68
	1118	1119	-1.61496E+000	-2.00192E-001	-2.04066E+000	-2.00025E+000	3.39261E-004	11	..........a	-327.68
	1119	1120	-1.61576E+000	-2.00192E-001	-2.03810E+000	-2.00025E+000	3.33494E-004	11	..........a	-327.68
	1120	1121	-1.61456E+000	-2.00192E-001	-2.04056E+000	-2.00025E+000	3.37994E-004	11	..........a	-327.68
	1121	1122	-1.61416E+000	-2.00192E-001	-2.03961E+000	-2.00025E+000	3.36161E-004	11	..........a	-327.68
	1122	1123	-1.60816E+000	-2.00192E-001	-2.04644E+000	-2.00025E+000	3.27911E-004	11	..........a	-327.68
	1123	1124	-1.61496E+000	-2.00192E-001	-2.03628E+000	-2.00025E+000	3.36211E-004	11	..........a	-327.68
	1124	1125	-1.60816E+000	-2.00192E-001	-2.04435E+000	-2.00025E+000	3.33711E-004	11	..........a	-327.68
	1125	1126	-1.61456E+000	-2.00192E-001	-2.03728E+000	-2.00025E+000	3.20161E-004	11	..........a	-327.68
	1126	1127	-1.61456E+000	-2.00192E-001	-2.03731E+000	-2.00025E+000	3.29561E-004	11	..........a	-327.68
	1127	1128	-1.61576E+000	-2.00192E-001	-2.03473E+000	-2.00025E+000	3.26928E-004	11	..........a	-327.68
	1128	1129	-1.61576E+000	-2.00192E-001	-2.03716E+000	-2.00025E+000	3.29361E-004	11	..........a	-327.68
	1129	1130	-1.61496E+000	-2.00192E-001	-2.03546E+000	-2.00025E+000	3.24261E-004	11	..........a	-327.68
	1130	1131	-1.61256E+000	-2.00192E-001	-2.03703E+000	-2.00025E+000	3.37111E-004	11	..........a	-327.68
	1131	1132	-1.61376E+000	-2.00192E-001	-2.03672E+000	-2.00025E+000	3.31761E-004	11	..........a	-327.68
	1132	1133	-1.61536E+000	-2.00192E-001	-2.03615E+000	-2.00025E+000	3.33078E-004	11	..........a	-327.68
	1133	1134	-1.61536E+000	-2.00192E-001	-2.03346E+000	-2.00025E+000	3.34378E-004	11	..........a	-327.68
	1134	1135	-1.61336E+000	-2.00192E-001	-2.03670E+000	-2.00025E+000	3.26461E-004	11	..........a	-327.68
	1135	1136	-1.60696E+000	-2.00192E-001	-2.04207E+000	-2.00025E+000	3.39428E-004	11	..........a	-327.68
	1136	1137	-1.61616E+000	-2.00192E-001	-2.03605E+000	-2.00025E+000	3.29028E-004	11	..........a	-327.68
	1137	1138	-1.61336E+000	-2.00192E-001	-2.03764E+000	-2.00025E+000	3.25528E-004	11	..........a	-327.68
	1138	1139	-1.61416E+000	-2.00191E-001	-2.03847E+000	-2.00025E+000	3.30411E-004	11	..........a	-327.68
	1139	1140	-1.61416E+000	-2.00192E-001	-2.04004E+000	-2.00025E+000	3.33111E-004	11	..........a	-327.68
	1140	1141	-1.61416E+000	-2.00192E-001	-2.03994E+000	-2.00025E+000	3.27194E-004	11	..........a	-327.68
	1141	1142	-1.61576E+000	-2.00192E-001	-2.04033E+000	-2.00025E+000	3.29828E-004	11	..........a	-327.68
	1142	1143	-1.61616E+000	-2.00191E-001	-2.04277E+000	-2.00025E+000	3.29211E-004	11	..........a	-327.68
	1143	1144	-1.61456E+000	-2.00192E-001	-2.04427E+000	-2.00025E+000	3.30544E-004	11	..........a	-327.68
	1144	1145	-1.61576E+000	-2.00192E-001	-2.04381E+000	-2.00025E+000	3.33228E-004	11	..........a	-327.68
	1145	1146	-1.61496E+000	-2.00192E-001	-2.04417E+000	-2.00025E+000	3.34978E-004	11	..........a	-327.68
	1146	1147	-1.61496E+000	-2.00196E-001	-2.04373E+000	-2.00025E+000	4.64161E-004	11	..........a	-327.68
	1147	1148	-1.61416E+000	-2.00196E-001	-2.04328E+000	-2.00025E+000	4.60094E-004	11	..........a	-327.68
	1148	1149	-1.61176E+000	-2.00196E-001	-2.04578E+000	-2.00025E+000	4.62661E-004	11	..........a	-327.68
	1149	1150	-1.61496E+000	-2.00196E-001	-2.04228E+000	-2.00025E+000	4.67261E-004	11	..........a	-327.68
	1150	1151	-1.61456E+000	-2.00196E-001	-2.04316E+000	-2.00025E+000	4.62944E-004	11	..........a	-327.68
	1151	1152	-1.61456E+000	-2.00196E-001	-2.04354E+000	-2.00025E+000	4.67194E-004	11	..........a	-327.68
	1152	1153	-1.61576E+000	-2.00196E-001	-2.04151E+000	-2.00025E+000	4.72328E-004	11	..........a	-327.68
	1153	1154	-1.61416E+000	-2.00196E-001	-2.04281E+000	-2.00025E+000	4.70561E-004	11	..........a	-327.68
	1154	1155	-1.61336E+000	-2.00196E-001	-2.04127E+000	-2.00025E+000	4.67428E-004	11	..........a	-327.68
	1155	1156	-1.61576E+000	-2.00195E-001	-2.04211E+000	-2.00025E+000	4.70228E-004	11	..........a	-327.68
	1156	1157	-1.61456E+000	-2.00195E-001	-2.04000E+000	-2.00025E+000	4.69078E-004	11	..........a	-327.68
	1157	1158	-1.61416E+000	-2.00196E-001	-2.04153E+000	-2.00025E+000	4.67128E-004	11	..........a	-327.68
	1158	1159	-1.61496E+000	-2.00195E-001	-2.04174E+000	-2.00025E+000	4.62511E-004	11	..........a	-327.68
	1159	1160	-1.61416E+000	-2.00195E-001	-2.04532E+000	-2.00025E+000	4.63261E-004	11	..........a	-327.68
	1160	1161	-1.61576E+000	-2.00195E-001	-2.04445E+000	-2.00025E+000	4.57511E-004	11	..........a	-327.68
	1161	1162	-1.61496E+000	-2.00195E-001	-2.04707E+000	-2.00025E+000	4.69594E-004	11	..........a	-327.68
	1162	1163	-1.61416E+000	-2.00196E-001	-2.04485E+000	-2.00025E+000	4.58511E-004	11	..........a	-327.68
	1163	1164	-1.60776E+000	-2.00196E-001	-2.05293E+000	-2.00025E+000	4.73028E-004	11	..........a	-327.68
	1164	1165	-1.61416E+000	-2.00196E-001	-2.04526E+000	-2.00025E+000	4.69094E-004	11	..........a	-327.68
	1165	1166	-1.61496E+000	-2.00195E-001	-2.04509E+000	-2.00025E+000	4.70111E-004	11	..........a	-327.68
	1166	1167	-1.61496E+000	-2.00196E-001	-2.04289E+000	-2.00025E+000	4.64361E-004	11	..........a	-327.68
	1167	1168	-1.61456E+000	-2.00196E-001	-2.04374E+000	-2.00025E+000	4.71794E-004	11	..........a	-327.68
	1168	1169	-1.61496E+000	-2.00196E-001	-2.04240E+000	-2.00025E+000	4.68944E-004	11	..........a	-327.68
	1169	1170	-1.61336E+000	-2.00196E-001	-2.04399E+000	-2.00025E+000	4.79244E-004	11	..........a	-327.68
	1170	1171	-1.61416E+000	-2.00196E-001	-2.04237E+000	-2.00025E+000	4.62144E-004	11	..........a	-327.68
	1171	1172	-1.61416E+000	-2.00196E-001	-2.04488E+000	-2.00025E+000	4.68944E-004	11	..........a	-327.68
	1172	1173	-1.61536E+000	-2.00195E-001	-2.04354E+000	-2.00025E+000	4.63728E-004	11	..........a	-327.68
	1173	1174	-1.61496E+000	-2.00196E-001	-2.04375E+000	-2.00025E+000	4.66311E-004	11	..........a	-327.68
	1174	1175	-1.61336E+000	-2.00195E-001	-2.04504E+000	-2.00025E+000	4.60794E-004	11	..........a	-327.68
	1175	1176	-1.61376E+000	-2.00196E-001	-2.04557E+000	-2.00025E+000	4.66578E-004	11	..........a	-327.68
	1176	1177	-1.61336E+000	-2.00196E-001	-2.04632E+000	-2.00025E+000	4.67578E-004	11	..........a	-327.68
	1177	1178	-1.61336E+000	-2.00195E-001	-2.04540E+000	-2.00025E+000	4.67744E-004	11	..........a	-327.68
	1178	1179	-1.60576E+000	-2.00196E-001	-2.05479E+000	-2.00025E+000	4.71461E-004	11	..........a	-327.68
	1179	1180	-1.61416E+000	-2.00196E-001	-2.04620E+000	-2.00025E+000	4.67094E-004	11	..........a	-327.68
	1180	1181	-1.61416E+000	-2.00196E-001	-2.04847E+000	-2.00025E+000	4.77111E-004	11	..........a	-327.68
	1181	1182	-1.61416E+000	-2.00196E-001	-2.04786E+000	-2.00025E+000	4.75111E-004	11	..........a	-327.68
	1182	1183	-1.61416E+000	-2.00196E-001	-2.05031E+000	-2.00025E+000	4.73111E-004	11	..........a	-327.68
	1183	1184	-1.61496E+000	-2.00196E-001	-2.04756E+000	-2.00025E+000	4.69628E-004	11	..........a	-327.68
	1184	1185	-1.61496E+000	-2.00196E-001	-2.04806E+000	-2.00025E+000	4.60961E-004	11	..........a	-327.68
	1185	1186	-1.61416E+000	-2.00195E-001	-2.04690E+000	-2.00025E+000	4.61328E-004	11	..........a	-327.68
	1186	1187	-1.61336E+000	-2.00196E-001	-2.05015E+000	-2.00025E+000	4.61928E-004	11	..........a	-327.68
	1187	1188	-1.61336E+000	-2.00196E-001	-2.04822E+000	-2.00025E+000	4.63094E-004	11	..........a	-327.68
	1188	1189	-1.61336E+000	-2.00196E-001	-2.04793E+000	-2.00025E+000	4.60894E-004	11	..........a	-327.68
	1189	1190	-1.61416E+000	-2.00196E-001	-2.04476E+000	-2.00025E+000	4.61378E-004	11	..........a	-327.68
	1190	1191	-1.61416E+000	-2.00196E-001	-2.04867E+000	-2.00025E+000	4.61728E-004	11	..........a	-327.68
	1191	1192	-1.61496E+000	-2.00196E-001	-2.04526E+000	-2.00025E+000	4.63611E-004	11	..........a	-327.68
	1192	1193	-1.61416E+000	-2.00196E-001	-2.04922E+000	-2.00025E+000	4.64144E-004	11	..........a	-327.68
	1193	1194	-1.61416E+000	-2.00195E-001	-2.04795E+000	-2.00025E+000	4.67461E-004	11	..........a	-327.68
	1194	1195	-1.61496E+000	-2.00195E-001	-2.04876E+000	-2.00025E+000	4.66411E-004	11	..........a	-327.68
	1195	1196	-1.61336E+000	-2.00196E-001	-2.04651E+000	-2.00025E+000	4.72444E-004	11	..........a	-327.68
	1196	1197	-1.61416E+000	-2.00195E-001	-2.04968E+000	-2.00025E+000	4.76628E-004	11	..........a	-327.68
	1197	1198	-1.61416E+000	-2.00196E-001	-2.04826E+000	-2.00025E+000	4.69228E-004	11	..........a	-327.68
	1198	1199	-1.61416E+000	-2.00195E-001	-2.04835E+000	-2.00025E+000	4.67128E-004	11	..........a	-327.68
	1199	1200	-1.61336E+000	-2.00196E-001	-2.04712E+000	-2.00025E+000	4.76994E-004	11	..........a	-327.68
	1200	1201	-1.61456E+000	-2.00196E-001	-2.04922E+000	-2.00025E+000	4.70494E-004	11	..........a	-327.68
	1201	1202	-1.61456E+000	-2.00195E-001	-2.04774E+000	-2.00025E+000	4.74178E-004	11	..........a	-327.68
	1202	1203	-1.61496E+000	-2.00195E-001	-2.04660E+000	-2.00025E+000	4.79411E-004	11	..........a	-327.68
	1203	1204	-1.61416E+000	-2.00196E-001	-2.04789E+000	-2.00025E+000	4.79128E-004	11	..........a	-327.68
	1204	1205	-1.61416E+000	-2.00196E-001	-2.04815E+000	-2.00025E+000	4.75394E-004	11	..........a	-327.68
	1205	1206	-1.61496E+000	-2.00196E-001	-2.04812E+000	-2.00025E+000	4.73294E-004	11	..........a	-327.68
	1206	1207	-1.60616E+000	-2.00196E-001	-2.05426E+000	-2.00025E+000	4.77428E-004	11	..........a	-327.68
	1207	1208	-1.61496E+000	-2.00196E-001	-2.04850E+000	-2.00025E+000	4.73711E-004	11	..........a	-327.68
	1208	1209	-1.61416E+000	-2.00196E-001	-2.04911E+000	-2.00025E+000	4.77011E-004	11	..........a	-327.68
	1209	1210	-1.61416E+000	-2.00195E-001	-2.04933E+000	-2.00025E+000	4.76594E-004	11	..........a	-327.68
	1210	1211	-1.61336E+000	-2.00196E-001	-2.04846E+000	-2.00025E+000	4.79311E-004	11	..........a	-327.68
	1211	1212	-1.61296E+000	-2.00195E-001	-2.05014E+000	-2.00025E+000	4.78028E-004	11	..........a	-327.68
	1212	1213	-1.61256E+000	-2.00195E-001	-2.05067E+000	-2.00025E+000	4.71728E-004	11	..........a	-327.68
	1213	1214	-1.61456E+000	-2.00195E-001	-2.05003E+000	-2.00025E+000	4.74511E-004	11	..........a	-327.68
	1214	1215	-1.61336E+000	-2.00195E-001	-2.05089E+000	-2.00025E+000	4.67494E-004	11	..........a	-327.68
	1215	1216	-1.61416E+000	-2.00195E-001	-2.05182E+000	-2.00025E+000	4.75394E-004	11	..........a	-327.68
	1216	1217	-1.61336E+000	-2.00195E-001	-2.05290E+000	-2.00025E+000	4.76494E-004	11	..........a	-327.68
	1217	1218	-1.61416E+000	-2.00196E-001	-2.05243E+000	-2.00025E+000	4.65944E-004	11	..........a	-327.68
	1218	1219	-1.61576E+000	-2.00196E-001	-2.05008E+000	-2.00025E+000	4.62944E-004	11	..........a	-327.68
	1219	1220	-1.60616E+000	-2.00196E-001	-2.06123E+000	-2.00025E+000	4.76894E-004	11	..........a	-327.68
	1220	1221	-1.61496E+000	-2.00195E-001	-2.04900E+000	-2.00025E+000	4.81861E-004	11	..........a	-327.68
	1221	1222	-1.61416E+000	-2.00195E-001	-2.04828E+000	-2.00025E+000	4.80611E-004	11	..........a	-327.68
	1222	1223	-1.61416E+000	-2.00195E-001	-2.04657E+000	-2.00025E+000	4.68261E-004	11	..........a	-327.68
	1223	1224	-1.61456E+000	-2.00195E-001	-2.04779E+000	-2.00025E+000	4.71211E-004	11	..........a	-327.68
	1224	1225	-1.61496E+000	-2.00196E-001	-2.04729E+000	-2.00025E+000	4.69094E-004	11	..........a	-327.68
	1225	1226	-1.61336E+000	-2.00196E-001	-2.04912E+000	-2.00025E+000	4.77844E-004	11	..........a	-327.68
	1226	1227	-1.61336E+000	-2.00196E-001	-2.04906E+000	-2.00025E+000	4.81578E-004	11	..........a	-327.68
	1227	1228	-1.61416E+000	-2.00196E-001	-2.05127E+000	-2.00025E+000	4.77911E-004	11	..........a	-327.68
	1228	1229	-1.61456E+000	-2.00196E-001	-2.04727E+000	-2.00025E+000	4.69161E-004	11	..........a	-327.68
	1229	1230	-1.61376E+000	-2.00196E-001	-2.04998E+000	-2.00025E+000	4.67028E-004	11	..........a	-327.68
	1230	1231	-1.61456E+000	-2.00195E-001	-2.04842E+000	-2.00025E+000	4.69228E-004	11	..........a	-327.68
	1231	1232	-1.61376E+000	-2.00196E-001	-2.05022E+000	-2.00025E+000	4.69761E-004	11	..........a	-327.68
	1232	1233	-1.61416E+000	-2.00196E-001	-2.04943E+000	-2.00025E+000	4.68261E-004	11	..........a	-327.68
	1233	1234	-1.61456E+000	-2.00195E-001	-2.04863E+000	-2.00025E+000	4.69961E-004	11	..........a	-327.68
	1234	1235	-1.61416E+000	-2.00195E-001	-2.05013E+000	-2.00025E+000	4.62378E-004	11	..........a	-327.68
	1235	1236	-1.61376E+000	-2.00196E-001	-2.05101E+000	-2.00025E+000	4.69644E-004	11	..........a	-327.68
	1236	1237	-1.61576E+000	-2.00196E-001	-2.05105E+000	-2.00025E+000	4.74011E-004	11	..........a	-327.68
	1237	1238	-1.61376E+000	-2.00195E-001	-2.05209E+000	-2.00025E+000	4.67994E-004	11	..........a	-327.68
	1238	1239	-1.61336E+000	-2.00195E-001	-2.05194E+000	-2.00025E+000	4.68044E-004	11	..........a	-327.68
	1239	1240	-1.61416E+000	-2.00196E-001	-2.04967E+000	-2.00025E+000	4.66311E-004	11	..........a	-327.68
	1240	1241	-1.61576E+000	-2.00195E-001	-2.04760E+000	-2.00025E+000	4.59528E-004	11	..........a	-327.68
	1241	1242	-1.61416E+000	-2.00195E-001	-2.04811E+000	-2.00025E+000	4.61544E-004	11	..........a	-327.68
	1242	1243	-1.61176E+000	-2.00195E-001	-2.05109E+000	-2.00025E+000	4.54361E-004	11	..........a	-327.68
	1243	1244	-1.61416E+000	-2.00196E-001	-2.04694E+000	-2.00025E+000	4.59478E-004	11	..........a	-327.68
	1244	1245	-1.61496E+000	-2.00195E-001	-2.04572E+000	-2.00025E+000	4.70094E-004	11	..........a	-327.68
	1245	1246	-1.60536E+000	-2.00188E-001	-2.05417E+000	-2.00025E+000	3.85594E-004	11	..........a	-327.68
	1246	1247	-1.61376E+000	-2.00188E-001	-2.04866E+000	-2.00025E+000	3.82944E-004	11	..........a	-327.68
	1247	1248	-1.61376E+000	-2.00188E-001	-2.04592E+000	-2.00025E+000	3.84378E-004	11	..........a	-327.68
	1248	1249	-1.61216E+000	-2.00188E-001	-2.04948E+000	-2.00025E+000	3.81678E-004	11	..........a	-327.68
	1249	1250	-1.61376E+000	-2.00189E-001	-2.04767E+000	-2.00025E+000	3.76628E-004	11	..........a	-327.68
	1250	1251	-1.61256E+000	-2.00189E-001	-2.05143E+000	-2.00025E+000	3.71561E-004	11	..........a	-327.68
	1251	1252	-1.61336E+000	-2.00188E-001	-2.05054E+000	-2.00025E+000	3.74428E-004	11	..........a	-327.68
	1252	1253	-1.61216E+000	-2.00188E-001	-2.05348E+000	-2.00025E+000	3.79061E-004	11	..........a	-327.68
	1253	1254	-1.61216E+000	-2.00188E-001	-2.05353E+000	-2.00025E+000	3.74544E-004	11	..........a	-327.68
	1254	1255	-1.61456E+000	-2.00189E-001	-2.05252E+000	-2.00025E+000	3.78828E-004	11	..........a	-327.68
	1255	1256	-1.61176E+000	-2.00189E-001	-2.05151E+000	-2.00025E+000	3.76561E-004	11	..........a	-327.68
	1256	1257	-1.61296E+000	-2.00188E-001	-2.05267E+000	-2.00025E+000	3.65278E-004	11	..........a	-327.68
	1257	1258	-1.61336E+000	-2.00188E-001	-2.05121E+000	-2.00025E+000	3.66194E-004	11	..........a	-327.68
	1258	1259	-1.61216E+000	-2.00188E-001	-2.05419E+000	-2.00025E+000	3.67544E-004	11	..........a	-327.68
	1259	1260	-1.61336E+000	-2.00188E-001	-2.05196E+000	-2.00025E+000	3.67694E-004	11	..........a	-327.68
	1260	1261	-1.60616E+000	-2.00188E-001	-2.06059E+000	-2.00025E+000	3.75928E-004	11	..........a	-327.68
	1261	1262	-1.61216E+000	-2.00188E-001	-2.05520E+000	-2.00025E+000	3.76544E-004	11	..........a	-327.68
	1262	1263	-1.60576E+000	-2.00188E-001	-2.06034E+000	-2.00025E+000	3.83994E-004	11	..........a	-327.68
	1263	1264	-1.61256E+000	-2.00188E-001	-2.05303E+000	-2.00025E+000	3.80228E-004	11	..........a	-327.68
	1264	1265	-1.61336E+000	-2.00187E-001	-2.05148E+000	-2.00025E+000	3.63878E-004	11	..........a	-327.68
	1265	1266	-1.61296E+000	-2.00187E-001	-2.05306E+000	-2.00025E+000	3.73461E-004	11	..........a	-327.68
	1266	1267	-1.61296E+000	-2.00187E-001	-2.05233E+000	-2.00025E+000	3.73328E-004	11	..........a	-327.68
	1267	1268	-1.61256E+000	-2.00188E-001	-2.05265E+000	-2.00025E+000	3.78578E-004	11	..........a	-327.68
	1268	1269	-1.61256E+000	-2.00188E-001	-2.05185E+000	-2.00025E+000	3.73461E-004	11	..........a	-327.68
	1269	1270	-1.61336E+000	-2.00187E-001	-2.05128E+000	-2.00025E+000	3.75661E-004	11	..........a	-327.68
	1270	1271	-1.61216E+000	-2.00188E-001	-2.05172E+000	-2.00025E+000	3.70561E-004	11	..........a	-327.68
	1271	1272	-1.60496E+000	-2.00190E-001	-2.06136E+000	-2.00025E+000	4.92978E-004	11	..........a	-327.68
	1272	1273	-1.61296E+000	-2.00190E-001	-2.05148E+000	-2.00025E+000	4.90744E-004	11	..........a	-327.68
	1273	1274	-1.60496E+000	-2.00190E-001	-2.06108E+000	-2.00025E+000	4.89561E-004	11	..........a	-327.68
	1274	1275	-1.61296E+000	-2.00189E-001	-2.05219E+000	-2.00025E+000	4.85694E-004	11	..........a	-327.68
	1275	1276	-1.61336E+000	-2.00189E-001	-2.05447E+000	-2.00025E+000	4.91511E-004	11	..........a	-327.68
	1276	1277	-1.61336E+000	-2.00189E-001	-2.05539E+000	-2.00025E+000	4.87628E-004	11	..........a	-327.68
	1277	1278	-1.61336E+000	-2.00190E-001	-2.05859E+000	-2.00025E+000	4.98278E-004	11	..........a	-327.68
	1278	1279	-1.61536E+000	-2.00190E-001	-2.05392E+000	-2.00025E+000	4.94961E-004	11	..........a	-327.68
	1279	1280	-1.61376E+000	-2.00190E-001	-2.05639E+000	-2.00025E+000	4.97678E-004	11	..........a	-327.68
	1280	1281	-1.61376E+000	-2.00190E-001	-2.05454E+000	-2.00025E+000	4.87744E-004	11	..........a	-327.68
	1281	1282	-1.61296E+000	-2.00189E-001	-2.05660E+000	-2.00025E+000	4.91328E-004	11	..........a	-327.68
	1282	1283	-1.61296E+000	-2.00190E-001	-2.05439E+000	-2.00025E+000	4.96728E-004	11	..........a	-327.68
	1283	1284	-1.61336E+000	-2.00190E-001	-2.05610E+000	-2.00025E+000	5.01494E-004	11	..........a	-327.68
	1284	1285	-1.61376E+000	-2.00190E-001	-2.05489E+000	-2.00025E+000	4.99378E-004	11	..........a	-327.68
	1285	1286	-1.61256E+000	-2.00190E-001	-2.05542E+000	-2.00025E+000	4.93844E-004	11	..........a	-327.68
	1286	1287	-1.61416E+000	-2.00190E-001	-2.05278E+000	-2.00025E+000	4.92994E-004	11	..........a	-327.68
	1287	1288	-1.61216E+000	-2.00190E-001	-2.05592E+000	-2.00025E+000	4.96844E-004	11	..........a	-327.68
	1288	1289	-1.61216E+000	-2.00190E-001	-2.05556E+000	-2.00025E+000	4.90778E-004	11	..........a	-327.68
	1289	1290	-1.61216E+000	-2.00190E-001	-2.05424E+000	-2.00025E+000	5.01078E-004	11	..........a	-327.68
	1290	1291	-1.61416E+000	-2.00190E-001	-2.05162E+000	-2.00025E+000	5.01478E-004	11	..........a	-327.68
	1291	1292	-1.61256E+000	-2.00190E-001	-2.05393E+000	-2.00025E+000	5.03311E-004	11	..........a	-327.68
	1292	1293	-1.61216E+000	-2.00190E-001	-2.05461E+000	-2.00025E+000	4.94561E-004	11	..........a	-327.68
	1293	1294	-1.61336E+000	-2.00190E-001	-2.05270E+000	-2.00025E+000	5.00161E-004	11	..........a	-327.68
	1294	1295	-1.61336E+000	-2.00190E-001	-2.05278E+000	-2.00025E+000	4.99728E-004	11	..........a	-327.68
	1295	1296	-1.61176E+000	-2.00190E-001	-2.05669E+000	-2.00025E+000	4.98494E-004	11	..........a	-327.68
	1296	1297	-1.61216E+000	-2.00190E-001	-2.05922E+000	-2.00025E+000	4.91278E-004	11	..........a	-327.68
	1297	1298	-1.60576E+000	-2.00191E-001	-2.06746E+000	-2.00025E+000	7.89944E-005	11	..........a	-327.68
	1298	1299	-1.61456E+000	-2.00192E-001	-2.05816E+000	-2.00025E+000	7.43777E-005	11	..........a	-327.68
	1299	1300	-1.60656E+000	-2.00191E-001	-2.06444E+000	-2.00025E+000	7.50611E-005	11	..........a	-327.68
	1300	1301	-1.61416E+000	-2.00192E-001	-2.05991E+000	-2.00025E+000	7.36611E-005	11	..........a	-327.68
	1301	1302	-1.61456E+000	-2.00191E-001	-2.05814E+000	-2.00025E+000	8.27611E-005	11	..........a	-327.68
	1302	1303	-1.61536E+000	-2.00192E-001	-2.05791E+000	-2.00025E+000	8.07777E-005	11	..........a	-327.68
	1303	1304	-1.61256E+000	-2.00192E-001	-2.06060E+000	-2.00025E+000	7.83111E-005	11	..........a	-327.68
	1304	1305	-1.61296E+000	-2.00192E-001	-2.05945E+000	-2.00025E+000	8.09777E-005	11	..........a	-327.68
	1305	1306	-1.61336E+000	-2.00191E-001	-2.05812E+000	-2.00025E+000	7.86944E-005	11	..........a	-327.68
	1306	1307	-1.61376E+000	-2.00191E-001	-2.05926E+000	-2.00025E+000	8.00444E-005	11	..........a	-327.68
	1307	1308	-1.61416E+000	-2.00192E-001	-2.05795E+000	-2.00025E+000	7.45444E-005	11	..........a	-327.68
	1308	1309	-1.61416E+000	-2.00191E-001	-2.05834E+000	-2.00025E+000	7.62111E-005	11	..........a	-327.68
	1309	1310	-1.61456E+000	-2.00191E-001	-2.05676E+000	-2.00025E+000	7.75277E-005	11	..........a	-327.68
	1310	1311	-1.61176E+000	-2.00191E-001	-2.05856E+000	-2.00025E+000	7.59944E-005	11	..........a	-327.68
	1311	1312	-1.61176E+000	-2.00192E-001	-2.05777E+000	-2.00025E+000	7.69444E-005	11	..........a	-327.68
	1312	1313	-1.61256E+000	-2.00191E-001	-2.05722E+000	-2.00025E+000	7.32444E-005	11	..........a	-327.68
	1313	1314	-1.61016E+000	-2.00191E-001	-2.05976E+000	-2.00025E+000	8.36444E-005	11	..........a	-327.68
	1314	1315	-1.61256E+000	-2.00191E-001	-2.05578E+000	-2.00025E+000	8.43611E-005	11	..........a	-327.68
	1315	1316	-1.61416E+000	-2.00191E-001	-2.05613E+000	-2.00025E+000	8.05611E-005	11	..........a	-327.68
	1316	1317	-1.61176E+000	-2.00192E-001	-2.05817E+000	-2.00025E+000	7.38111E-005	11	..........a	-327.68
	1317	1318	-1.61216E+000	-2.00191E-001	-2.05989E+000	-2.00025E+000	7.59111E-005	11	..........a	-327.68
	1318	1319	-1.61216E+000	-2.00191E-001	-2.05952E+000	-2.00025E+000	7.30277E-005	11	..........a	-327.68
	1319	1320	-1.61216E+000	-2.00191E-001	-2.06005E+000	-2.00025E+000	7.83944E-005	11	..........a	-327.68
	1320	1321	-1.61296E+000	-2.00191E-001	-2.05920E+000	-2.00025E+000	8.25611E-005	11	..........a	-327.68
	1321	1322	-1.61296E+000	-2.00191E-001	-2.06286E+000	-2.00025E+000	8.31611E-005	11	..........a	-327.68
	1322	1323	-1.61336E+000	-2.00191E-001	-2.06162E+000	-2.00025E+000	8.38444E-005	11	..........a	-327.68
	1323	1324	-1.61376E+000	-2.00191E-001	-2.06402E+000	-2.00025E+000	3.30861E-004	11	..........a	-327.68
	1324	1325	-1.61256E+000	-2.00191E-001	-2.06500E+000	-2.00025E+000	3.33044E-004	11	..........a	-327.68
	1325	1326	-1.61256E+000	-2.00191E-001	-2.06657E+000	-2.00025E+000	3.31428E-004	11	..........a	-327.68
	1326	1327	-1.61376E+000	-2.00191E-001	-2.06365E+000	-2.00025E+000	3.23511E-004	11	..........a	-327.68
	1327	1328	-1.61336E+000	-2.00191E-001	-2.06424E+000	-2.00025E+000	3.25211E-004	11	..........a	-327.68
	1328	1329	-1.61176E+000	-2.00191E-001	-2.06503E+000	-2.00025E+000	3.25378E-004	11	..........a	-327.68
	1329	1330	-1.61416E+000	-2.00191E-001	-2.06289E+000	-2.00025E+000	3.20928E-004	11	..........a	-327.68
	1330	1331	-1.61456E+000	-2.00191E-001	-2.06266E+000	-2.00025E+000	3.25861E-004	11	..........a	-327.68
	1331	1332	-1.61456E+000	-2.00191E-001	-2.06350E+000	-2.00025E+000	3.27594E-004	11	..........a	-327.68
	1332	1333	-1.61456E+000	-2.00191E-001	-2.06155E+000	-2.00025E+000	3.25611E-004	11	..........a	-327.68
	1333	1334	-1.61536E+000	-2.00190E-001	-2.05976E+000	-2.00025E+000	3.27661E-004	11	..........a	-327.68
	1334	1335	-1.61336E+000	-2.00191E-001	-2.06003E+000	-2.00025E+000	3.28811E-004	11	..........a	-327.68
	1335	1336	-1.61376E+000	-2.00191E-001	-2.06034E+000	-2.00025E+000	3.26028E-004	11	..........a	-327.68
	1336	1337	-1.61376E+000	-2.00191E-001	-2.06062E+000	-2.00025E+000	3.23511E-004	11	..........a	-327.68
	1337	1338	-1.61456E+000	-2.00191E-001	-2.06154E+000	-2.00025E+000	3.29594E-004	11	..........a	-327.68
	1338	1339	-1.60496E+000	-2.00191E-001	-2.07011E+000	-2.00025E+000	3.32094E-004	11	..........a	-327.68
	1339	1340	-1.61336E+000	-2.00191E-001	-2.06157E+000	-2.00025E+000	3.31428E-004	11	..........a	-327.68
	1340	1341	-1.61496E+000	-2.00191E-001	-2.05852E+000	-2.00025E+000	3.34028E-004	11	..........a	-327.68
	1341	1342	-1.61376E+000	-2.00191E-001	-2.05919E+000	-2.00025E+000	3.37944E-004	11	..........a	-327.68
	1342	1343	-1.61336E+000	-2.00191E-001	-2.05900E+000	-2.00025E+000	3.31944E-004	11	..........a	-327.68
	1343	1344	-1.61256E+000	-2.00191E-001	-2.05911E+000	-2.00025E+000	3.27861E-004	11	..........a	-327.68
	1344	1345	-1.61216E+000	-2.00190E-001	-2.06094E+000	-2.00025E+000	3.30828E-004	11	..........a	-327.68
	1345	1346	-1.61336E+000	-2.00191E-001	-2.05939E+000	-2.00025E+000	3.29044E-004	11	..........a	-327.68
	1346	1347	-1.61296E+000	-2.00190E-001	-2.05990E+000	-2.00025E+000	3.32311E-004	11	..........a	-327.68
	1347	1348	-1.61216E+000	-2.00191E-001	-2.06072E+000	-2.00025E+000	3.29078E-004	11	..........a	-327.68
	1348	1349	-1.61416E+000	-2.00190E-001	-2.06070E+000	-2.00025E+000	3.30778E-004	11	..........a	-327.68
	1349	1350	-1.61256E+000	-2.00190E-001	-2.06163E+000	-2.00025E+000	3.08278E-004	11	..........a	-327.68
	1350	1351	-1.61336E+000	-2.00190E-001	-2.06219E+000	-2.00025E+000	3.04878E-004	11	..........a	-327.68
	1351	1352	-1.61376E+000	-2.00190E-001	-2.06032E+000	-2.00025E+000	3.04211E-004	11	..........a	-327.68
	1352	1353	-1.61416E+000	-2.00190E-001	-2.06161E+000	-2.00025E+000	3.10128E-004	11	..........a	-327.68
	1353	1354	-1.61376E+000	-2.00190E-001	-2.05971E+000	-2.00025E+000	3.15478E-004	11	..........a	-327.68
	1354	1355	-1.61216E+000	-2.00191E-001	-2.06108E+000	-2.00025E+000	3.07961E-004	11	..........a	-327.68
	1355	1356	-1.61416E+000	-2.00190E-001	-2.05686E+000	-2.00025E+000	3.09261E-004	11	..........a	-327.68
	1356	1357	-1.61136E+000	-2.00190E-001	-2.06184E+000	-2.00025E+000	3.03278E-004	11	..........a	-327.68
	1357	1358	-1.61216E+000	-2.00190E-001	-2.05919E+000	-2.00025E+000	3.09878E-004	11	..........a	-327.68
	1358	1359	-1.61256E+000	-2.00190E-001	-2.05913E+000	-2.00025E+000	3.11128E-004	11	..........a	-327.68
	1359	1360	-1.61256E+000	-2.00191E-001	-2.05903E+000	-2.00025E+000	3.05244E-004	11	..........a	-327.68
	1360	1361	-1.61376E+000	-2.00190E-001	-2.06004E+000	-2.00025E+000	3.04461E-004	11	..........a	-327.68
	1361	1362	-1.61296E+000	-2.00191E-001	-2.05847E+000	-2.00025E+000	3.04994E-004	11	..........a	-327.68
	1362	1363	-1.61176E+000	-2.00190E-001	-2.05933E+000	-2.00025E+000	3.06578E-004	11	..........a	-327.68
	1363	1364	-1.61256E+000	-2.00190E-001	-2.05648E+000	-2.00025E+000	3.02294E-004	11	..........a	-327.68
	1364	1365	-1.61216E+000	-2.00190E-001	-2.06031E+000	-2.00025E+000	3.02294E-004	11	..........a	-327.68
	1365	1366	-1.61296E+000	-2.00190E-001	-2.05945E+000	-2.00025E+000	3.01561E-004	11	..........a	-327.68
	1366	1367	-1.60416E+000	-2.00190E-001	-2.06782E+000	-2.00025E+000	3.04111E-004	11	..........a	-327.68
	1367	1368	-1.61176E+000	-2.00191E-001	-2.05914E+000	-2.00025E+000	3.06244E-004	11	..........a	-327.68
	1368	1369	-1.61136E+000	-2.00191E-001	-2.05867E+000	-2.00025E+000	3.12044E-004	11	..........a	-327.68
	1369	1370	-1.61096E+000	-2.00190E-001	-2.05880E+000	-2.00025E+000	3.03511E-004	11	..........a	-327.68
	1370	1371	-1.61136E+000	-2.00190E-001	-2.05968E+000	-2.00025E+000	3.08244E-004	11	..........a	-327.68
	1371	1372	-1.61296E+000	-2.00191E-001	-2.05876E+000	-2.00025E+000	3.05478E-004	11	..........a	-327.68
	1372	1373	-1.61176E+000	-2.00190E-001	-2.05837E+000	-2.00025E+000	2.96994E-004	11	..........a	-327.68
	1373	1374	-1.61176E+000	-2.00191E-001	-2.06035E+000	-2.00025E+000	3.11294E-004	11	..........a	-327.68
	1374	1375	-1.61136E+000	-2.00190E-001	-2.06005E+000	-2.00025E+000	3.01294E-004	11	..........a	-327.68
	1375	1376	-1.61176E+000	-2.00191E-001	-2.05998E+000	-2.00025E+000	3.08561E-004	11	..........a	-327.68
	1376	1377	-1.61096E+000	-2.00191E-001	-2.05922E+000	-2.00025E+000	3.05544E-004	11	..........a	-327.68
	1377	1378	-1.61056E+000	-2.00190E-001	-2.06210E+000	-2.00025E+000	3.09044E-004	11	..........a	-327.68
	1378	1379	-1.61176E+000	-2.00191E-001	-2.06278E+000	-2.00025E+000	3.03611E-004	11	..........a	-327.68
	1379	1380	-1.60416E+000	-2.00191E-001	-2.07371E+000	-2.00025E+000	3.05361E-004	11	..........a	-327.68
	1380	1381	-1.61096E+000	-2.00191E-001	-2.06490E+000	-2.00025E+000	3.07761E-004	11	..........a	-327.68
	1381	1382	-1.61296E+000	-2.00191E-001	-2.06243E+000	-2.00025E+000	3.08578E-004	11	..........a	-327.68
	1382	1383	-1.61296E+000	-2.00190E-001	-2.06001E+000	-2.00025E+000	3.10978E-004	11	..........a	-327.68
	1383	1384	-1.61296E+000	-2.00190E-001	-2.06098E+000	-2.00025E+000	3.10328E-004	11	..........a	-327.68
	1384	1385	-1.61256E+000	-2.00191E-001	-2.06146E+000	-2.00025E+000	3.00144E-004	11	..........a	-327.68
	1385	1386	-1.61296E+000	-2.00191E-001	-2.06072E+000	-2.00025E+000	3.00994E-004	11	..........a	-327.68
	1386	1387	-1.61296E+000	-2.00191E-001	-2.05841E+000	-2.00025E+000	3.04378E-004	11	..........a	-327.68
	1387	1388	-1.61256E+000	-2.00191E-001	-2.06013E+000	-2.00025E+000	2.95944E-004	11	..........a	-327.68
	1388	1389	-1.61096E+000	-2.00190E-001	-2.06179E+000	-2.00025E+000	2.98528E-004	11	..........a	-327.68
	1389	1390	-1.61176E+000	-2.00190E-001	-2.06339E+000	-2.00025E+000	3.00628E-004	11	..........a	-327.68
	1390	1391	-1.61096E+000	-2.00191E-001	-2.06118E+000	-2.00025E+000	2.97028E-004	11	..........a	-327.68
	1391	1392	-1.61296E+000	-2.00190E-001	-2.05869E+000	-2.00025E+000	3.01461E-004	11	..........a	-327.68
	1392	1393	-1.61296E+000	-2.00190E-001	-2.05794E+000	-2.00025E+000	3.04911E-004	11	..........a	-327.68
	1393	1394	-1.61296E+000	-2.00191E-001	-2.05879E+000	-2.00025E+000	3.05511E-004	11	..........a	-327.68
	1394	1395	-1.61136E+000	-2.00191E-001	-2.05982E+000	-2.00025E+000	3.04644E-004	11	..........a	-327.68
	1395	1396	-1.61096E+000	-2.00191E-001	-2.06044E+000	-2.00025E+000	3.00694E-004	11	..........a	-327.68
	1396	1397	-1.61136E+000	-2.00190E-001	-2.05992E+000	-2.00025E+000	3.02578E-004	11	..........a	-327.68
	1397	1398	-1.61056E+000	-2.00190E-001	-2.06290E+000	-2.00025E+000	3.07078E-004	11	..........a	-327.68
	1398	1399	-1.61136E+000	-2.00191E-001	-2.06449E+000	-2.00025E+000	3.08711E-004	11	..........a	-327.68
	1399	1400	-1.61096E+000	-2.00190E-001	-2.06553E+000	-2.00025E+000	3.08778E-004	11	..........a	-327.68
	1400	1401	-1.61096E+000	-2.00190E-001	-2.06555E+000	-2.00025E+000	3.06794E-004	11	..........a	-327.68
	1401	1402	-1.61216E+000	-2.00191E-001	-2.06466E+000	-2.00025E+000	3.12044E-004	11	..........a	-327.68
	1402	1403	-1.61296E+000	-2.00190E-001	-2.06471E+000	-2.00025E+000	3.13144E-004	11	..........a	-327.68
	1403	1404	-1.61256E+000	-2.00191E-001	-2.06550E+000	-2.00025E+000	3.06778E-004	11	..........a	-327.68
	1404	1405	-1.61256E+000	-2.00191E-001	-2.06644E+000	-2.00025E+000	3.12194E-004	11	..........a	-327.68
	1405	1406	-1.61136E+000	-2.00191E-001	-2.06634E+000	-2.00025E+000	3.14344E-004	11	..........a	-327.68
	1406	1407	-1.61256E+000	-2.00191E-001	-2.06358E+000	-2.00025E+000	3.17161E-004	11	..........a	-327.68
	1407	1408	-1.61096E+000	-2.00191E-001	-2.06425E+000	-2.00025E+000	3.13478E-004	11	..........a	-327.68
	1408	1409	-1.61136E+000	-2.00191E-001	-2.06529E+000	-2.00025E+000	3.10494E-004	11	..........a	-327.68
	1409	1410	-1.61176E+000	-2.00191E-001	-2.06528E+000	-2.00025E+000	3.03228E-004	11	..........a	-327.68
	1410	1411	-1.61136E+000	-2.00191E-001	-2.06803E+000	-2.00025E+000	3.10928E-004	11	..........a	-327.68
	1411	1412	-1.61096E+000	-2.00191E-001	-2.06797E+000	-2.00025E+000	3.07078E-004	11	..........a	-327.68
	1412	1413	-1.61296E+000	-2.00190E-001	-2.06907E+000	-2.00025E+000	3.09861E-004	11	..........a	-327.68
	1413	1414	-1.61256E+000	-2.00190E-001	-2.07038E+000	-2.00025E+000	2.98044E-004	11	..........a	-327.68
	1414	1415	-1.61176E+000	-2.00190E-001	-2.07135E+000	-2.00025E+000	3.04044E-004	11	..........a	-327.68
	1415	1416	-1.60856E+000	-2.00191E-001	-2.08028E+000	-2.00025E+000	3.03428E-004	11	..........a	-327.68
	1416	1417	-1.60856E+000	-2.00190E-001	-1.97137E+000	-2.00025E+000	3.06878E-004	11	..........a	-327.68
	1417	1418	-1.60976E+000	-2.00190E-001	-1.97157E+000	-2.00025E+000	2.99428E-004	11	..........a	-327.68
	1418	1419	-1.60376E+000	-2.00190E-001	-1.97942E+000	-2.00025E+000	3.11278E-004	11	..........a	-327.68
	1419	1420	-1.61136E+000	-2.00191E-001	-1.97110E+000	-2.00025E+000	3.10428E-004	11	..........a	-327.68
	1420	1421	-1.60456E+000	-2.00190E-001	-1.97730E+000	-2.00025E+000	3.07328E-004	11	..........a	-327.68
	1421	1422	-1.61096E+000	-2.00191E-001	-1.96832E+000	-2.00025E+000	3.09778E-004	11	..........a	-327.68
	1422	1423	-1.61136E+000	-2.00190E-001	-1.96749E+000	-2.00025E+000	3.13094E-004	11	..........a	-327.68
	1423	1424	-1.61376E+000	-2.00191E-001	-1.96471E+000	-2.00025E+000	3.13128E-004	11	..........a	-327.68
	1424	1425	-1.61056E+000	-2.00191E-001	-1.96651E+000	-2.00025E+000	3.09744E-004	11	..........a	-327.68
	1425	1426	-1.61136E+000	-2.00191E-001	-1.96439E+000	-2.00025E+000	3.17044E-004	11	..........a	-327.68
	1426	1427	-1.61096E+000	-2.00190E-001	-1.96309E+000	-2.00025E+000	3.15244E-004	11	..........a	-327.68
	1427	1428	-1.61176E+000	-2.00190E-001	-1.96245E+000	-2.00025E+000	3.15044E-004	11	..........a	-327.68
	1428	1429	-1.60856E+000	-2.00191E-001	-1.96618E+000	-2.00025E+000	3.08761E-004	11	..........a	-327.68
	1429	1430	-1.61016E+000	-2.00191E-001	-1.96435E+000	-2.00025E+000	3.19328E-004	11	..........a	-327.68
	1430	1431	-1.60856E+000	-2.00191E-001	-1.96565E+000	-2.00025E+000	3.19544E-004	11	..........a	-327.68
	1431	1432	-1.60936E+000	-2.00191E-001	-1.96483E+000	-2.00025E+000	3.14478E-004	11	..........a	-327.68
	1432	1433	-1.60896E+000	-2.00191E-001	-1.96487E+000	-2.00025E+000	3.16194E-004	11	..........a	-327.68
	1433	1434	-1.60296E+000	-2.00191E-001	-1.97178E+000	-2.00025E+000	3.18544E-004	11	..........a	-327.68
	1434	1435	-1.60896E+000	-2.00191E-001	-1.96398E+000	-2.00025E+000	3.13844E-004	11	..........a	-327.68
	1435	1436	-1.60336E+000	-2.00191E-001	-1.97081E+000	-2.00025E+000	3.15411E-004	11	..........a	-327.68
	1436	1437	-1.60856E+000	-2.00191E-001	-1.96611E+000	-2.00025E+000	3.12778E-004	11	..........a	-327.68
	1437	1438	-1.61016E+000	-2.00191E-001	-1.96522E+000	-2.00025E+000	3.13644E-004	11	..........a	-327.68
	1438	1439	-1.61096E+000	-2.00191E-001	-1.96341E+000	-2.00025E+000	3.13544E-004	11	..........a	-327.68
	1439	1440	-1.60896E+000	-2.00191E-001	-1.96748E+000	-2.00025E+000	3.15644E-004	11	..........a	-327.68
	1440	1441	-1.60936E+000	-2.00191E-001	-1.96562E+000	-2.00025E+000	3.06894E-004	11	..........a	-327.68
	1441	1442	-1.61016E+000	-2.00191E-001	-1.96648E+000	-2.00025E+000	3.12978E-004	11	..........a	-327.68
	1442	1443	-1.61056E+000	-2.00190E-001	-1.96632E+000	-2.00025E+000	3.18644E-004	11	..........a	-327.68
	1443	1444	-1.60896E+000	-2.00191E-001	-1.96884E+000	-2.00025E+000	3.06044E-004	11	..........a	-327.68
	1444	1445	-1.61096E+000	-2.00191E-001	-1.96502E+000	-2.00025E+000	3.16428E-004	11	..........a	-327.68
	1445	1446	-1.60896E+000	-2.00191E-001	-1.96988E+000	-2.00025E+000	3.17328E-004	11	..........a	-327.68
	1446	1447	-1.61216E+000	-2.00191E-001	-1.96427E+000	-2.00025E+000	3.16628E-004	11	..........a	-327.68
	1447	1448	-1.61136E+000	-2.00191E-001	-1.96702E+000	-2.00025E+000	3.12411E-004	11	..........a	-327.68
	1448	1449	-1.60336E+000	-2.00191E-001	-1.97383E+000	-2.00025E+000	3.12394E-004	11	..........a	-327.68
	1449	1450	-1.60776E+000	-2.00191E-001	-1.97063E+000	-2.00025E+000	3.15178E-004	11	..........a	-327.68
	1450	1451	-1.61216E+000	-2.00191E-001	-1.96377E+000	-2.00025E+000	3.14011E-004	11	..........a	-327.68
	1451	1452	-1.61056E+000	-2.00191E-001	-1.96816E+000	-2.00025E+000	3.16944E-004	11	..........a	-327.68
	1452	1453	-1.60856E+000	-2.00191E-001	-1.96810E+000	-2.00025E+000	3.21844E-004	11	..........a	-327.68
	1453	1454	-1.60856E+000	-2.00191E-001	-1.96846E+000	-2.00025E+000	3.23978E-004	11	..........a	-327.68
	1454	1455	-1.61096E+000	-2.00191E-001	-1.96469E+000	-2.00025E+000	3.22761E-004	11	..........a	-327.68
	1455	1456	-1.60936E+000	-2.00191E-001	-1.96687E+000	-2.00025E+000	3.26594E-004	11	..........a	-327.68
	1456	1457	-1.61096E+000	-2.00191E-001	-1.96479E+000	-2.00025E+000	3.22378E-004	11	..........a	-327.68
	1457	1458	-1.61056E+000	-2.00191E-001	-1.96619E+000	-2.00025E+000	3.20361E-004	11	..........a	-327.68
	1458	1459	-1.61096E+000	-2.00191E-001	-1.96378E+000	-2.00025E+000	3.13011E-004	11	..........a	-327.68
	1459	1460	-1.60696E+000	-2.00191E-001	-1.96814E+000	-2.00025E+000	3.21328E-004	11	..........a	-327.68
	1460	1461	-1.60936E+000	-2.00191E-001	-1.96498E+000	-2.00025E+000	3.19194E-004	11	..........a	-327.68
	1461	1462	-1.60976E+000	-2.00191E-001	-1.96762E+000	-2.00025E+000	3.13261E-004	11	..........a	-327.68
	1462	1463	-1.60936E+000	-2.00191E-001	-1.96685E+000	-2.00025E+000	3.19594E-004	11	..........a	-327.68
	1463	1464	-1.60936E+000	-2.00191E-001	-1.96524E+000	-2.00025E+000	3.24211E-004	11	..........a	-327.68
	1464	1465	-1.61016E+000	-2.00191E-001	-1.96444E+000	-2.00025E+000	3.16794E-004	11	..........a	-327.68
	1465	1466	-1.60936E+000	-2.00191E-001	-1.96515E+000	-2.00025E+000	3.24544E-004	11	..........a	-327.68
	1466	1467	-1.61056E+000	-2.00191E-001	-1.96409E+000	-2.00025E+000	3.16194E-004	11	..........a	-327.68
	1467	1468	-1.60896E+000	-2.00191E-001	-1.96619E+000	-2.00025E+000	3.13344E-004	11	..........a	-327.68
	1468	1469	-1.61136E+000	-2.00190E-001	-1.96346E+000	-2.00025E+000	3.15794E-004	11	..........a	-327.68
	1469	1470	-1.61016E+000	-2.00191E-001	-1.96488E+000	-2.00025E+000	3.18461E-004	11	..........a	-327.68
	1470	1471	-1.61096E+000	-2.00190E-001	-1.96579E+000	-2.00025E+000	3.15194E-004	11	..........a	-327.68
	1471	1472	-1.61216E+000	-2.00191E-001	-1.96414E+000	-2.00025E+000	3.14694E-004	11	..........a	-327.68
	1472	1473	-1.61016E+000	-2.00191E-001	-1.96560E+000	-2.00025E+000	3.17278E-004	11	..........a	-327.68
	1473	1474	-1.60856E+000	-2.00191E-001	-1.96676E+000	-2.00025E+000	3.14861E-004	11	..........a	-327.68
	1474	1475	-1.60936E+000	-2.00191E-001	-1.96753E+000	-2.00025E+000	3.17394E-004	11	..........a	-327.68
	1475	1476	-1.60896E+000	-2.00191E-001	-1.96800E+000	-2.00025E+000	3.14078E-004	11	..........a	-327.68
	1476	1477	-1.60376E+000	-2.00191E-001	-1.97289E+000	-2.00025E+000	3.18578E-004	11	..........a	-327.68
	1477	1478	-1.61096E+000	-2.00191E-001	-1.96341E+000	-2.00025E+000	3.12061E-004	11	..........a	-327.68
	1478	1479	-1.60896E+000	-2.00191E-001	-1.96935E+000	-2.00025E+000	3.16611E-004	11	..........a	-327.68
	1479	1480	-1.60896E+000	-2.00191E-001	-1.96729E+000	-2.00025E+000	3.19078E-004	11	..........a	-327.68
	1480	1481	-1.60936E+000	-2.00191E-001	-1.96697E+000	-2.00025E+000	3.23111E-004	11	..........a	-327.68
	1481	1482	-1.60856E+000	-2.00190E-001	-1.96807E+000	-2.00025E+000	3.14394E-004	11	..........a	-327.68
	1482	1483	-1.60856E+000	-2.00191E-001	-1.96972E+000	-2.00025E+000	3.20561E-004	11	..........a	-327.68
	1483	1484	-1.60936E+000	-2.00190E-001	-1.96695E+000	-2.00025E+000	3.17878E-004	11	..........a	-327.68
	1484	1485	-1.61216E+000	-2.00191E-001	-1.96555E+000	-2.00025E+000	3.18178E-004	11	..........a	-327.68
	1485	1486	-1.60976E+000	-2.00191E-001	-1.96692E+000	-2.00025E+000	3.16394E-004	11	..........a	-327.68
	1486	1487	-1.61016E+000	-2.00191E-001	-1.96649E+000	-2.00025E+000	3.13394E-004	11	..........a	-327.68
	1487	1488	-1.60976E+000	-2.00191E-001	-1.96532E+000	-2.00025E+000	3.11511E-004	11	..........a	-327.68
	1488	1489	-1.60936E+000	-2.00190E-001	-1.96640E+000	-2.00025E+000	3.06344E-004	11	..........a	-327.68
	1489	1490	-1.60296E+000	-2.00190E-001	-1.97270E+000	-2.00025E+000	3.16611E-004	11	..........a	-327.68
	1490	1491	-1.60936E+000	-2.00190E-001	-1.96543E+000	-2.00025E+000	3.20561E-004	11	..........a	-327.68
	1491	1492	-1.60936E+000	-2.00191E-001	-1.96494E+000	-2.00025E+000	3.15761E-004	11	..........a	-327.68
	1492	1493	-1.60856E+000	-2.00190E-001	-1.96677E+000	-2.00025E+000	3.21044E-004	11	..........a	-327.68
	1493	1494	-1.60816E+000	-2.00190E-001	-1.96691E+000	-2.00025E+000	3.20978E-004	11	..........a	-327.68
	1494	1495	-1.60856E+000	-2.00191E-001	-1.96758E+000	-2.00025E+000	3.29094E-004	11	..........a	-327.68
	1495	1496	-1.60896E+000	-2.00191E-001	-1.96715E+000	-2.00025E+000	3.15128E-004	11	..........a	-327.68
	1496	1497	-1.61136E+000	-2.00191E-001	-1.96356E+000	-2.00025E+000	3.20878E-004	11	..........a	-327.68
	1497	1498	-1.60976E+000	-2.00191E-001	-1.96679E+000	-2.00025E+000	3.15111E-004	11	..........a	-327.68
	1498	1499	-1.60936E+000	-2.00191E-001	-1.96532E+000	-2.00025E+000	3.11961E-004	11	..........a	-327.68
	1499	1500	-1.61096E+000	-2.00191E-001	-1.96618E+000	-2.00025E+000	3.15794E-004	11	..........a	-327.68
	1500	1501	-1.60896E+000	-2.00191E-001	-1.96861E+000	-2.00025E+000	3.09528E-004	11	..........a	-327.68
	1501	1502	-1.61056E+000	-2.00190E-001	-1.96897E+000	-2.00025E+000	3.12461E-004	11	..........a	-327.68
	1502	1503	-1.61016E+000	-2.00191E-001	-1.96877E+000	-2.00025E+000	3.09744E-004	11	..........a	-327.68
	1503	1504	-1.61176E+000	-2.00191E-001	-1.96683E+000	-2.00025E+000	3.17611E-004	11	..........a	-327.68
	1504	1505	-1.61136E+000	-2.00190E-001	-1.96560E+000	-2.00025E+000	3.06728E-004	11	..........a	-327.68
	1505	1506	-1.61216E+000	-2.00191E-001	-1.96796E+000	-2.00025E+000	3.21811E-004	11	..........a	-327.68
	1506	1507	-1.61096E+000	-2.00191E-001	-1.96582E+000	-2.00025E+000	3.14011E-004	11	..........a	-327.68
	1507	1508	-1.61056E+000	-2.00190E-001	-1.96926E+000	-2.00025E+000	3.16178E-004	11	..........a	-327.68
	1508	1509	-1.61096E+000	-2.00191E-001	-1.96645E+000	-2.00025E+000	3.16694E-004	11	..........a	-327.68
	1509	1510	-1.61176E+000	-2.00191E-001	-1.96771E+000	-2.00025E+000	3.14094E-004	11	..........a	-327.68
	1510	1511	-1.60856E+000	-2.00191E-001	-1.96858E+000	-2.00025E+000	3.09411E-004	11	..........a	-327.68
	1511	1512	-1.60976E+000	-2.00191E-001	-1.97068E+000	-2.00025E+000	3.18178E-004	11	..........a	-327.68
	1512	1513	-1.61176E+000	-2.00191E-001	-1.96794E+000	-2.00025E+000	3.15444E-004	11	..........a	-327.68
	1513	1514	-1.60856E+000	-2.00191E-001	-1.97251E+000	-2.00025E+000	3.17094E-004	11	..........a	-327.68
	1514	1515	-1.61016E+000	-2.00191E-001	-1.96946E+000	-2.00025E+000	3.12211E-004	11	..........a	-327.68
	1515	1516	-1.60976E+000	-2.00191E-001	-1.97003E+000	-2.00025E+000	3.20628E-004	11	..........a	-327.68
	1516	1517	-1.60936E+000	-2.00191E-001	-1.96919E+000	-2.00025E+000	3.24294E-004	11	..........a	-327.68
	1517	1518	-1.61016E+000	-2.00191E-001	-1.97063E+000	-2.00025E+000	3.20561E-004	11	..........a	-327.68
	1518	1519	-1.60936E+000	-2.00191E-001	-1.97141E+000	-2.00025E+000	3.23861E-004	11	..........a	-327.68
	1519	1520	-1.60216E+000	-2.00191E-001	-1.97969E+000	-2.00025E+000	3.25994E-004	11	..........a	-327.68
	1520	1521	-1.60856E+000	-2.00191E-001	-1.97338E+000	-2.00025E+000	3.17211E-004	11	..........a	-327.68
	1521	1522	-1.60296E+000	-2.00191E-001	-1.97990E+000	-2.00025E+000	3.30111E-004	11	..........a	-327.68
	1522	1523	-1.60976E+000	-2.00191E-001	-1.97353E+000	-2.00025E+000	3.20828E-004	11	..........a	-327.68
	1523	1524	-1.61216E+000	-2.00191E-001	-1.97063E+000	-2.00025E+000	3.20011E-004	11	..........a	-327.68
	1524	1525	-1.61176E+000	-2.00191E-001	-1.97045E+000	-2.00025E+000	3.21244E-004	11	..........a	-327.68
	1525	1526	-1.61056E+000	-2.00191E-001	-1.97162E+000	-2.00025E+000	3.30444E-004	11	..........a	-327.68
	1526	1527	-1.61096E+000	-2.00191E-001	-1.97365E+000	-2.00025E+000	3.09761E-004	11	..........a	-327.68
	1527	1528	-1.61336E+000	-2.00191E-001	-1.97028E+000	-2.00025E+000	3.21394E-004	11	..........a	-327.68
	1528	1529	-1.60936E+000	-2.00191E-001	-1.97500E+000	-2.00025E+000	3.16561E-004	11	..........a	-327.68
	1529	1530	-1.60936E+000	-2.00192E-001	-1.97385E+000	-2.00025E+000	3.23294E-004	11	..........a	-327.68
	1530	1531	-1.60936E+000	-2.00192E-001	-1.97566E+000	-2.00025E+000	3.10694E-004	11	..........a	-327.68
	1531	1532	-1.60696E+000	-2.00191E-001	-1.97640E+000	-2.00025E+000	3.14561E-004	11	..........a	-327.68
	1532	1533	-1.60696E+000	-2.00191E-001	-1.97691E+000	-2.00025E+000	3.19978E-004	11	..........a	-327.68
	1533	1534	-1.60936E+000	-2.00192E-001	-1.97362E+000	-2.00025E+000	3.16011E-004	11	..........a	-327.68
	1534	1535	-1.60896E+000	-2.00190E-001	-1.97479E+000	-2.00025E+000	3.19228E-004	11	..........a	-327.68
	1535	1536	-1.60856E+000	-2.00191E-001	-1.97191E+000	-2.00025E+000	3.10428E-004	11	..........a	-327.68
	1536	1537	-1.60936E+000	-2.00191E-001	-1.97411E+000	-2.00025E+000	3.18611E-004	11	..........a	-327.68
	1537	1538	-1.60936E+000	-2.00191E-001	-1.97276E+000	-2.00025E+000	3.17811E-004	11	..........a	-327.68
	1538	1539	-1.60936E+000	-2.00192E-001	-1.97376E+000	-2.00025E+000	3.13061E-004	11	..........a	-327.68
	1539	1540	-1.60696E+000	-2.00191E-001	-1.97580E+000	-2.00025E+000	3.15494E-004	11	..........a	-327.68
	1540	1541	-1.60936E+000	-2.00191E-001	-1.97310E+000	-2.00025E+000	3.17278E-004	11	..........a	-327.68
	1541	1542	-1.60816E+000	-2.00192E-001	-1.97359E+000	-2.00025E+000	3.15628E-004	11	..........a	-327.68
	1542	1543	-1.60936E+000	-2.00192E-001	-1.97498E+000	-2.00025E+000	3.18978E-004	11	..........a	-327.68
	1543	1544	-1.60696E+000	-2.00192E-001	-1.97573E+000	-2.00025E+000	3.22911E-004	11	..........a	-327.68
	1544	1545	-1.60936E+000	-2.00192E-001	-1.97272E+000	-2.00025E+000	3.15294E-004	11	..........a	-327.68
	1545	1546	-1.60216E+000	-2.00192E-001	-1.97866E+000	-2.00025E+000	3.18678E-004	11	..........a	-327.68
	1546	1547	-1.60936E+000	-2.00192E-001	-1.97332E+000	-2.00025E+000	3.13294E-004	11	..........a	-327.68
	1547	1548	-1.60856E+000	-2.00191E-001	-1.97026E+000	-2.00025E+000	3.18728E-004	11	..........a	-327.68
	1548	1549	-1.60696E+000	-2.00192E-001	-1.97399E+000	-2.00025E+000	3.09844E-004	11	..........a	-327.68
	1549	1550	-1.60696E+000	-2.00192E-001	-1.97476E+000	-2.00025E+000	3.18778E-004	11	..........a	-327.68
	1550	1551	-1.60856E+000	-2.00192E-001	-1.97280E+000	-2.00025E+000	3.21328E-004	11	..........a	-327.68
	1551	1552	-1.60816E+000	-2.00191E-001	-1.97252E+000	-2.00025E+000	3.10411E-004	11	..........a	-327.68
	1552	1553	-1.60776E+000	-2.00191E-001	-1.97400E+000	-2.00025E+000	3.14394E-004	11	..........a	-327.68
	1553	1554	-1.60856E+000	-2.00192E-001	-1.97309E+000	-2.00025E+000	3.07328E-004	11	..........a	-327.68
	1554	1555	-1.60896E+000	-2.00192E-001	-1.97349E+000	-2.00025E+000	3.24728E-004	11	..........a	-327.68
	1555	1556	-1.60936E+000	-2.00192E-001	-1.97317E+000	-2.00025E+000	3.31078E-004	11	..........a	-327.68
	1556	1557	-1.60336E+000	-2.00193E-001	-1.97763E+000	-2.00025E+000	3.33944E-004	11	..........a	-327.68
	1557	1558	-1.61136E+000	-2.00192E-001	-1.97200E+000	-2.00025E+000	3.32194E-004	11	..........a	-327.68
	1558	1559	-1.60336E+000	-2.00192E-001	-1.97844E+000	-2.00025E+000	3.32444E-004	11	..........a	-327.68
	1559	1560	-1.61216E+000	-2.00193E-001	-1.97291E+000	-2.00025E+000	3.33478E-004	11	..........a	-327.68
	1560	1561	-1.61096E+000	-2.00192E-001	-1.97149E+000	-2.00025E+000	3.30361E-004	11	..........a	-327.68
	1561	1562	-1.61016E+000	-2.00192E-001	-1.97309E+000	-2.00025E+000	3.35844E-004	11	..........a	-327.68
	1562	1563	-1.61016E+000	-2.00192E-001	-1.97176E+000	-2.00025E+000	3.31894E-004	11	..........a	-327.68
	1563	1564	-1.61056E+000	-2.00192E-001	-1.97313E+000	-2.00025E+000	3.34294E-004	11	..........a	-327.68
	1564	1565	-1.60936E+000	-2.00192E-001	-1.97388E+000	-2.00025E+000	3.30528E-004	11	..........a	-327.68
	1565	1566	-1.61016E+000	-2.00219E-001	-1.97204E+000	-2.00025E+000	1.00053E-003	11	..........a	-327.68
	1566	1567	-1.61016E+000	-2.00218E-001	-1.96837E+000	-2.00025E+000	9.99461E-004	11	..........a	-327.68
	1567	1568	-1.60856E+000	-2.00218E-001	-1.97275E+000	-2.00025E+000	1.00544E-003	11	..........a	-327.68
	1568	1569	-1.60936E+000	-2.00218E-001	-1.97140E+000	-2.00025E+000	1.00268E-003	11	..........a	-327.68
	1569	1570	-1.60376E+000	-2.00218E-001	-1.97736E+000	-2.00025E+000	1.00308E-003	11	..........a	-327.68
	1570	1571	-1.61136E+000	-2.00219E-001	-1.96693E+000	-2.00025E+000	9.98178E-004	11	..........a	-327.68
	1571	1572	-1.60936E+000	-2.00219E-001	-1.97166E+000	-2.00025E+000	1.00066E-003	11	..........a	-327.68
	1572	1573	-1.60896E+000	-2.00218E-001	-1.97023E+000	-2.00025E+000	1.00343E-003	11	..........a	-327.68
	1573	1574	-1.61016E+000	-2.00218E-001	-1.96919E+000	-2.00025E+000	1.00994E-003	11	..........a	-327.68
	1574	1575	-1.60896E+000	-2.00218E-001	-1.96814E+000	-2.00025E+000	1.00731E-003	11	..........a	-327.68
	1575	1576	-1.60936E+000	-2.00218E-001	-1.97169E+000	-2.00025E+000	1.01026E-003	11	..........a	-327.68
	1576	1577	-1.60896E+000	-2.00218E-001	-1.97044E+000	-2.00025E+000	1.00021E-003	11	..........a	-327.68
	1577	1578	-1.60856E+000	-2.00219E-001	-1.97284E+000	-2.00025E+000	1.00416E-003	11	..........a	-327.68
	1578	1579	-1.61176E+000	-2.00219E-001	-1.96905E+000	-2.00025E+000	1.00398E-003	11	..........a	-327.68
	1579	1580	-1.60856E+000	-2.00219E-001	-1.97219E+000	-2.00025E+000	1.00461E-003	11	..........a	-327.68
	1580	1581	-1.60856E+000	-2.00218E-001	-1.97243E+000	-2.00025E+000	1.00374E-003	11	..........a	-327.68
	1581	1582	-1.61216E+000	-2.00219E-001	-1.96963E+000	-2.00025E+000	1.00913E-003	11	..........a	-327.68
	1582	1583	-1.61016E+000	-2.00218E-001	-1.97143E+000	-2.00025E+000	1.00601E-003	11	..........a	-327.68
	1583	1584	-1.60856E+000	-2.00218E-001	-1.97444E+000	-2.00025E+000	1.00628E-003	11	..........a	-327.68
	1584	1585	-1.61016E+000	-2.00219E-001	-1.97057E+000	-2.00025E+000	1.00166E-003	11	..........a	-327.68
	1585	1586	-1.61016E+000	-2.00219E-001	-1.97222E+000	-2.00025E+000	1.00754E-003	11	..........a	-327.68
	1586	1587	-1.61056E+000	-2.00218E-001	-1.97072E+000	-2.00025E+000	1.00448E-003	11	..........a	-327.68
	1587	1588	-1.60856E+000	-2.00218E-001	-1.97387E+000	-2.00025E+000	1.00053E-003	11	..........a	-327.68
	1588	1589	-1.61216E+000	-2.00217E-001	-1.96892E+000	-2.00025E+000	9.94078E-004	11	..........a	-327.68
	1589	1590	-1.61136E+000	-2.00217E-001	-1.97129E+000	-2.00025E+000	9.99194E-004	11	..........a	-327.68
	1590	1591	-1.61016E+000	-2.00217E-001	-1.97161E+000	-2.00025E+000	1.00168E-003	11	..........a	-327.68
	1591	1592	-1.61176E+000	-2.00217E-001	-1.97096E+000	-2.00025E+000	9.97578E-004	11	..........a	-327.68
	1592	1593	-1.61216E+000	-2.00218E-001	-1.96997E+000	-2.00025E+000	9.98044E-004	11	..........a	-327.68
	1593	1594	-1.61096E+000	-2.00218E-001	-1.97052E+000	-2.00025E+000	1.00273E-003	11	..........a	-327.68
	1594	1595	-1.61056E+000	-2.00218E-001	-1.97190E+000	-2.00025E+000	9.99794E-004	11	..........a	-327.68
	1595	1596	-1.61016E+000	-2.00218E-001	-1.97039E+000	-2.00025E+000	1.00704E-003	11	..........a	-327.68
	1596	1597	-1.60856E+000	-2.00218E-001	-1.97444E+000	-2.00025E+000	1.00764E-003	11	..........a	-327.68
	1597	1598	-1.60376E+000	-2.00219E-001	-1.98083E+000	-2.00025E+000	1.01426E-003	11	..........a	-327.68
	1598	1599	-1.61016E+000	-2.00219E-001	-1.97409E+000	-2.00025E+000	1.00684E-003	11	..........a	-327.68
	1599	1600	-1.61096E+000	-2.00218E-001	-1.97212E+000	-2.00025E+000	9.93528E-004	11	..........a	-327.68
	1600	1601	-1.61176E+000	-2.00219E-001	-1.97526E+000	-2.00025E+000	9.95361E-004	11	..........a	-327.68
	1601	1602	-1.60936E+000	-2.00219E-001	-1.97577E+000	-2.00025E+000	9.96694E-004	11	..........a	-327.68
	1602	1603	-1.60936E+000	-2.00218E-001	-1.97736E+000	-2.00025E+000	1.00019E-003	11	..........a	-327.68
	1603	1604	-1.61016E+000	-2.00219E-001	-1.97770E+000	-2.00025E+000	9.96311E-004	11	..........a	-327.68
	1604	1605	-1.61136E+000	-2.00219E-001	-1.97843E+000	-2.00025E+000	9.93344E-004	11	..........a	-327.68
	1605	1606	-1.61456E+000	-2.00218E-001	-1.97305E+000	-2.00025E+000	9.94444E-004	11	..........a	-327.68
	1606	1607	-1.61136E+000	-2.00188E-001	-1.98053E+000	-2.00025E+000	2.36011E-004	11	..........a	-327.68
	1607	1608	-1.61136E+000	-2.00189E-001	-1.97838E+000	-2.00025E+000	2.41061E-004	11	..........a	-327.68
	1608	1609	-1.61296E+000	-2.00188E-001	-1.97671E+000	-2.00025E+000	2.48444E-004	11	..........a	-327.68
	1609	1610	-1.61136E+000	-2.00188E-001	-1.97772E+000	-2.00025E+000	2.49661E-004	11	..........a	-327.68
	1610	1611	-1.61016E+000	-2.00188E-001	-1.98003E+000	-2.00025E+000	2.35878E-004	11	..........a	-327.68
	1611	1612	-1.61136E+000	-2.00189E-001	-1.97672E+000	-2.00025E+000	2.52944E-004	11	..........a	-327.68
	1612	1613	-1.61216E+000	-2.00188E-001	-1.97902E+000	-2.00025E+000	2.52661E-004	11	..........a	-327.68
	1613	1614	-1.61336E+000	-2.00188E-001	-1.98144E+000	-2.00025E+000	2.44394E-004	11	..........a	-327.68
	1614	1615	-1.61256E+000	-2.00188E-001	-1.98428E+000	-2.00025E+000	2.37978E-004	11	..........a	-327.68
	1615	1616	-1.61296E+000	-2.00188E-001	-1.98528E+000	-2.00025E+000	2.41378E-004	11	..........a	-327.68
	1616	1617	-1.61376E+000	-2.00188E-001	-1.98717E+000	-2.00025E+000	2.40694E-004	11	..........a	-327.68
	1617	1618	-1.61136E+000	-2.00189E-001	-1.98915E+000	-2.00025E+000	2.40311E-004	11	..........a	-327.68
	1618	1619	-1.61296E+000	-2.00189E-001	-1.98899E+000	-2.00025E+000	2.51128E-004	11	..........a	-327.68
	1619	1620	-1.61376E+000	-2.00189E-001	-1.98663E+000	-2.00025E+000	2.49411E-004	11	..........a	-327.68
	1620	1621	-1.61336E+000	-2.00188E-001	-1.98994E+000	-2.00025E+000	2.57628E-004	11	..........a	-327.68
	1621	1622	-1.61416E+000	-2.00188E-001	-1.98692E+000	-2.00025E+000	2.59444E-004	11	..........a	-327.68
	1622	1623	-1.61136E+000	-2.00188E-001	-1.99045E+000	-2.00025E+000	2.52394E-004	11	..........a	-327.68
	1623	1624	-1.60496E+000	-2.00188E-001	-1.99594E+000	-2.00025E+000	2.54161E-004	11	..........a	-327.68
	1624	1625	-1.61296E+000	-2.00189E-001	-1.98922E+000	-2.00025E+000	2.42911E-004	11	..........a	-327.68
	1625	1626	-1.61296E+000	-2.00188E-001	-1.98842E+000	-2.00025E+000	2.46261E-004	11	..........a	-327.68
	1626	1627	-1.61376E+000	-2.00188E-001	-1.98832E+000	-2.00025E+000	2.57994E-004	11	..........a	-327.68
	1627	1628	-1.61336E+000	-2.00189E-001	-1.98953E+000	-2.00025E+000	2.55461E-004	11	..........a	-327.68
	1628	1629	-1.61416E+000	-2.00189E-001	-1.99053E+000	-2.00025E+000	2.48244E-004	11	..........a	-327.68
	1629	1630	-1.61256E+000	-2.00189E-001	-1.99267E+000	-2.00025E+000	2.46678E-004	11	..........a	-327.68
	1630	1631	-1.61216E+000	-2.00189E-001	-1.99462E+000	-2.00025E+000	2.59894E-004	11	..........a	-327.68
	1631	1632	-1.61496E+000	-2.00189E-001	-1.99383E+000	-2.00025E+000	2.53194E-004	11	..........a	-327.68
	1632	1633	-1.61416E+000	-2.00189E-001	-1.99577E+000	-2.00025E+000	2.61644E-004	11	..........a	-327.68
	1633	1634	-1.61416E+000	-2.00189E-001	-1.99723E+000	-2.00025E+000	2.59211E-004	11	..........a	-327.68
	1634	1635	-1.61296E+000	-2.00189E-001	-1.99871E+000	-2.00025E+000	2.58594E-004	11	..........a	-327.68
	1635	1636	-1.61416E+000	-2.00189E-001	-1.99588E+000	-2.00025E+000	2.37944E-004	11	..........a	-327.68
	1636	1637	-1.61576E+000	-2.00189E-001	-1.99250E+000	-2.00025E+000	2.48844E-004	11	..........a	-327.68
	1637	1638	-1.61376E+000	-2.00189E-001	-1.99282E+000	-2.00025E+000	2.44628E-004	11	..........a	-327.68
	1638	1639	-1.60576E+000	-2.00189E-001	-1.99942E+000	-2.00025E+000	2.43994E-004	11	..........a	-327.68
	1639	1640	-1.61336E+000	-2.00189E-001	-1.99117E+000	-2.00025E+000	2.49961E-004	11	..........a	-327.68
	1640	1641	-1.61336E+000	-2.00189E-001	-1.98885E+000	-2.00025E+000	2.51878E-004	11	..........a	-327.68
	1641	1642	-1.61176E+000	-2.00189E-001	-1.99071E+000	-2.00025E+000	2.49611E-004	11	..........a	-327.68
	1642	1643	-1.61256E+000	-2.00188E-001	-1.98577E+000	-2.00025E+000	2.44761E-004	11	..........a	-327.68
	1643	1644	-1.61216E+000	-2.00189E-001	-1.98782E+000	-2.00025E+000	2.56611E-004	11	..........a	-327.68
	1644	1645	-1.61256E+000	-2.00189E-001	-1.98681E+000	-2.00025E+000	2.50711E-004	11	..........a	-327.68
	1645	1646	-1.61216E+000	-2.00189E-001	-1.98957E+000	-2.00025E+000	2.59544E-004	11	..........a	-327.68
	1646	1647	-1.61256E+000	-2.00189E-001	-1.98904E+000	-2.00025E+000	2.51028E-004	11	..........a	-327.68
	1647	1648	-1.61336E+000	-2.00193E-001	-1.99045E+000	-2.00025E+000	3.40194E-004	11	..........a	-327.68
	1648	1649	-1.61296E+000	-2.00192E-001	-1.98827E+000	-2.00025E+000	3.44644E-004	11	..........a	-327.68
	1649	1650	-1.60576E+000	-2.00193E-001	-1.99911E+000	-2.00025E+000	3.42911E-004	11	..........a	-327.68
	1650	1651	-1.61136E+000	-2.00192E-001	-1.99297E+000	-2.00025E+000	3.39178E-004	11	..........a	-327.68
	1651	1652	-1.61376E+000	-2.00192E-001	-1.99392E+000	-2.00025E+000	3.37428E-004	11	..........a	-327.68
	1652	1653	-1.61296E+000	-2.00192E-001	-1.99309E+000	-2.00025E+000	3.40228E-004	11	..........a	-327.68
	1653	1654	-1.61336E+000	-2.00193E-001	-1.99276E+000	-2.00025E+000	3.41244E-004	11	..........a	-327.68
	1654	1655	-1.61336E+000	-2.00193E-001	-1.99143E+000	-2.00025E+000	3.42211E-004	11	..........a	-327.68
	1655	1656	-1.61376E+000	-2.00192E-001	-1.99515E+000	-2.00025E+000	3.40461E-004	11	..........a	-327.68
	1656	1657	-1.61456E+000	-2.00193E-001	-1.99277E+000	-2.00025E+000	3.41811E-004	11	..........a	-327.68
	1657	1658	-1.61136E+000	-2.00192E-001	-1.99394E+000	-2.00025E+000	3.40111E-004	11	..........a	-327.68
	1658	1659	-1.61256E+000	-2.00192E-001	-1.99021E+000	-2.00025E+000	3.40494E-004	11	..........a	-327.68
	1659	1660	-1.61336E+000	-2.00192E-001	-1.99205E+000	-2.00025E+000	3.39061E-004	11	..........a	-327.68
	1660	1661	-1.61376E+000	-2.00192E-001	-1.98917E+000	-2.00025E+000	3.45344E-004	11	..........a	-327.68
	1661	1662	-1.61216E+000	-2.00192E-001	-1.99094E+000	-2.00025E+000	3.37594E-004	11	..........a	-327.68
	1662	1663	-1.61216E+000	-2.00193E-001	-1.99062E+000	-2.00025E+000	3.39961E-004	11	..........a	-327.68
	1663	1664	-1.61176E+000	-2.00193E-001	-1.99087E+000	-2.00025E+000	3.35344E-004	11	..........a	-327.68
	1664	1665	-1.61096E+000	-2.00193E-001	-1.99032E+000	-2.00025E+000	3.44728E-004	11	..........a	-327.68
	1665	1666	-1.61256E+000	-2.00193E-001	-1.98892E+000	-2.00025E+000	3.41878E-004	11	..........a	-327.68
	1666	1667	-1.61296E+000	-2.00192E-001	-1.98742E+000	-2.00025E+000	3.30411E-004	11	..........a	-327.68
	1667	1668	-1.61096E+000	-2.00193E-001	-1.98868E+000	-2.00025E+000	3.42678E-004	11	..........a	-327.68
	1668	1669	-1.61136E+000	-2.00193E-001	-1.98538E+000	-2.00025E+000	3.40744E-004	11	..........a	-327.68
	1669	1670	-1.61096E+000	-2.00192E-001	-1.98825E+000	-2.00025E+000	3.37461E-004	11	..........a	-327.68
	1670	1671	-1.61136E+000	-2.00193E-001	-1.98866E+000	-2.00025E+000	3.49878E-004	11	..........a	-327.68
	1671	1672	-1.61016E+000	-2.00192E-001	-1.98939E+000	-2.00025E+000	3.33494E-004	11	..........a	-327.68
	1672	1673	-1.61296E+000	-2.00193E-001	-1.98697E+000	-2.00025E+000	3.34311E-004	11	..........a	-327.68
	1673	1674	-1.61216E+000	-2.00191E-001	-1.98794E+000	-2.00025E+000	3.05428E-004	11	..........a	-327.68
	1674	1675	-1.61296E+000	-2.00191E-001	-1.98760E+000	-2.00025E+000	2.97644E-004	11	..........a	-327.68
	1675	1676	-1.60456E+000	-2.00191E-001	-1.99564E+000	-2.00025E+000	3.11694E-004	11	..........a	-327.68
	1676	1677	-1.61136E+000	-2.00191E-001	-1.98871E+000	-2.00025E+000	2.96811E-004	11	..........a	-327.68
	1677	1678	-1.61136E+000	-2.00191E-001	-1.98623E+000	-2.00025E+000	3.03294E-004	11	..........a	-327.68
	1678	1679	-1.61056E+000	-2.00191E-001	-1.98741E+000	-2.00025E+000	3.05378E-004	11	..........a	-327.68
	1679	1680	-1.61296E+000	-2.00191E-001	-1.98337E+000	-2.00025E+000	3.08061E-004	11	..........a	-327.68
	1680	1681	-1.61296E+000	-2.00191E-001	-1.98335E+000	-2.00025E+000	3.11111E-004	11	..........a	-327.68
	1681	1682	-1.61056E+000	-2.00191E-001	-1.98458E+000	-2.00025E+000	3.13478E-004	11	..........a	-327.68
	1682	1683	-1.61136E+000	-2.00191E-001	-1.98383E+000	-2.00025E+000	3.01744E-004	11	..........a	-327.68
	1683	1684	-1.61376E+000	-2.00191E-001	-1.97832E+000	-2.00025E+000	3.13828E-004	11	..........a	-327.68
	1684	1685	-1.61056E+000	-2.00191E-001	-1.98394E+000	-2.00025E+000	2.61328E-004	11	..........a	-327.68
	1685	1686	-1.61016E+000	-2.00191E-001	-1.98564E+000	-2.00025E+000	2.56911E-004	11	..........a	-327.68
	1686	1687	-1.60896E+000	-2.00191E-001	-1.98686E+000	-2.00025E+000	2.63044E-004	11	..........a	-327.68
	1687	1688	-1.61056E+000	-2.00191E-001	-1.98383E+000	-2.00025E+000	2.58061E-004	11	..........a	-327.68
	1688	1689	-1.61016E+000	-2.00191E-001	-1.98527E+000	-2.00025E+000	2.60078E-004	11	..........a	-327.68
	1689	1690	-1.61016E+000	-2.00190E-001	-1.98458E+000	-2.00025E+000	2.55794E-004	11	..........a	-327.68
	1690	1691	-1.61096E+000	-2.00191E-001	-1.98497E+000	-2.00025E+000	2.63644E-004	11	..........a	-327.68
	1691	1692	-1.60936E+000	-2.00191E-001	-1.98683E+000	-2.00025E+000	2.63811E-004	11	..........a	-327.68
	1692	1693	-1.60936E+000	-2.00191E-001	-1.98862E+000	-2.00025E+000	2.65161E-004	11	..........a	-327.68
	1693	1694	-1.61016E+000	-2.00191E-001	-1.98610E+000	-2.00025E+000	2.64128E-004	11	..........a	-327.68
	1694	1695	-1.61216E+000	-2.00191E-001	-1.98363E+000	-2.00025E+000	2.63244E-004	11	..........a	-327.68
	1695	1696	-1.61176E+000	-2.00191E-001	-1.98372E+000	-2.00025E+000	2.64894E-004	11	..........a	-327.68
	1696	1697	-1.61096E+000	-2.00191E-001	-1.98732E+000	-2.00025E+000	2.66078E-004	11	..........a	-327.68
	1697	1698	-1.61056E+000	-2.00192E-001	-1.98365E+000	-2.00025E+000	2.72128E-004	11	..........a	-327.68
	1698	1699	-1.61136E+000	-2.00191E-001	-1.98934E+000	-2.00025E+000	2.56644E-004	11	..........a	-327.68
	1699	1700	-1.60856E+000	-2.00191E-001	-1.99173E+000	-2.00025E+000	2.62444E-004	11	..........a	-327.68
	1700	1701	-1.61136E+000	-2.00191E-001	-1.99156E+000	-2.00025E+000	2.60028E-004	11	..........a	-327.68
	1701	1702	-1.61096E+000	-2.00191E-001	-1.99315E+000	-2.00025E+000	2.74278E-004	11	..........a	-327.68
	1702	1703	-1.61256E+000	-2.00192E-001	-1.99264E+000	-2.00025E+000	2.63144E-004	11	..........a	-327.68
	1703	1704	-1.61176E+000	-2.00191E-001	-1.99109E+000	-2.00025E+000	2.63411E-004	11	..........a	-327.68
	1704	1705	-1.61016E+000	-2.00191E-001	-1.99498E+000	-2.00025E+000	2.60678E-004	11	..........a	-327.68
	1705	1706	-1.61096E+000	-2.00192E-001	-1.99274E+000	-2.00025E+000	2.61961E-004	11	..........a	-327.68
	1706	1707	-1.61096E+000	-2.00192E-001	-1.99297E+000	-2.00025E+000	2.73361E-004	11	..........a	-327.68
	1707	1708	-1.61216E+000	-2.00191E-001	-1.98980E+000	-2.00025E+000	2.61928E-004	11	..........a	-327.68
	1708	1709	-1.61176E+000	-2.00191E-001	-1.98970E+000	-2.00025E+000	2.71894E-004	11	..........a	-327.68
	1709	1710	-1.61176E+000	-2.00191E-001	-1.98923E+000	-2.00025E+000	2.66428E-004	11	..........a	-327.68
	1710	1711	-1.61176E+000	-2.00192E-001	-1.99046E+000	-2.00025E+000	2.58211E-004	11	..........a	-327.68
	1711	1712	-1.61016E+000	-2.00191E-001	-1.99141E+000	-2.00025E+000	2.58378E-004	11	..........a	-327.68
	1712	1713	-1.61296E+000	-2.00191E-001	-1.98861E+000	-2.00025E+000	2.65711E-004	11	..........a	-327.68
	1713	1714	-1.61176E+000	-2.00191E-001	-1.98959E+000	-2.00025E+000	2.67494E-004	11	..........a	-327.68
	1714	1715	-1.61096E+000	-2.00191E-001	-1.99101E+000	-2.00025E+000	2.67544E-004	11	..........a	-327.68
	1715	1716	-1.61216E+000	-2.00191E-001	-1.98891E+000	-2.00025E+000	2.59044E-004	11	..........a	-327.68
	1716	1717	-1.61136E+000	-2.00191E-001	-1.99001E+000	-2.00025E+000	2.58361E-004	11	..........a	-327.68
	1717	1718	-1.61216E+000	-2.00191E-001	-1.98887E+000	-2.00025E+000	2.58244E-004	11	..........a	-327.68
	1718	1719	-1.60976E+000	-2.00191E-001	-1.99070E+000	-2.00025E+000	2.54761E-004	11	..........a	-327.68
	1719	1720	-1.61056E+000	-2.00191E-001	-1.99028E+000	-2.00025E+000	2.48928E-004	11	..........a	-327.68
	1720	1721	-1.61056E+000	-2.00191E-001	-1.98925E+000	-2.00025E+000	2.61711E-004	11	..........a	-327.68
	1721	1722	-1.61256E+000	-2.00191E-001	-1.98974E+000	-2.00025E+000	2.56611E-004	11	..........a	-327.68
	1722	1723	-1.61016E+000	-2.00191E-001	-1.99291E+000	-2.00025E+000	2.57644E-004	11	..........a	-327.68
	1723	1724	-1.61056E+000	-2.00191E-001	-1.99033E+000	-2.00025E+000	2.58444E-004	11	..........a	-327.68
	1724	1725	-1.61176E+000	-2.00191E-001	-1.98865E+000	-2.00025E+000	2.62461E-004	11	..........a	-327.68
	1725	1726	-1.61256E+000	-2.00191E-001	-1.98737E+000	-2.00025E+000	2.65128E-004	11	..........a	-327.68
	1726	1727	-1.60976E+000	-2.00191E-001	-1.98935E+000	-2.00025E+000	2.64778E-004	11	..........a	-327.68
	1727	1728	-1.60936E+000	-2.00191E-001	-1.98985E+000	-2.00025E+000	2.63378E-004	11	..........a	-327.68
	1728	1729	-1.60696E+000	-2.00191E-001	-1.99348E+000	-2.00025E+000	2.66461E-004	11	..........a	-327.68
	1729	1730	-1.60376E+000	-2.00191E-001	-1.99673E+000	-2.00025E+000	2.66528E-004	11	..........a	-327.68
	1730	1731	-1.61016E+000	-2.00191E-001	-1.98940E+000	-2.00025E+000	2.62128E-004	11	..........a	-327.68
	1731	1732	-1.60376E+000	-2.00192E-001	-1.99714E+000	-2.00025E+000	2.67411E-004	11	..........a	-327.68
	1732	1733	-1.61096E+000	-2.00191E-001	-1.98891E+000	-2.00025E+000	2.65461E-004	11	..........a	-327.68
	1733	1734	-1.60856E+000	-2.00192E-001	-1.98985E+000	-2.00025E+000	2.64544E-004	11	..........a	-327.68
	1734	1735	-1.60896E+000	-2.00191E-001	-1.98934E+000	-2.00025E+000	2.68294E-004	11	..........a	-327.68
	1735	1736	-1.61016E+000	-2.00191E-001	-1.98810E+000	-2.00025E+000	2.67361E-004	11	..........a	-327.68
	1736	1737	-1.60856E+000	-2.00191E-001	-1.98798E+000	-2.00025E+000	2.58928E-004	11	..........a	-327.68
	1737	1738	-1.60936E+000	-2.00191E-001	-1.98683E+000	-2.00025E+000	2.62094E-004	11	..........a	-327.68
	1738	1739	-1.60856E+000	-2.00192E-001	-1.98880E+000	-2.00025E+000	2.85894E-004	11	..........a	-327.68
	1739	1740	-1.60936E+000	-2.00192E-001	-1.99061E+000	-2.00025E+000	2.93944E-004	11	..........a	-327.68
	1740	1741	-1.61016E+000	-2.00192E-001	-1.98907E+000	-2.00025E+000	2.92794E-004	11	..........a	-327.68
	1741	1742	-1.61016E+000	-2.00192E-001	-1.98973E+000	-2.00025E+000	2.98911E-004	11	..........a	-327.68
	1742	1743	-1.60296E+000	-2.00192E-001	-1.99752E+000	-2.00025E+000	2.85394E-004	11	..........a	-327.68
	1743	1744	-1.60856E+000	-2.00191E-001	-1.99077E+000	-2.00025E+000	2.79911E-004	11	..........a	-327.68
	1744	1745	-1.60936E+000	-2.00191E-001	-1.99173E+000	-2.00025E+000	2.88228E-004	11	..........a	-327.68
	1745	1746	-1.61016E+000	-2.00191E-001	-1.99205E+000	-2.00025E+000	2.86494E-004	11	..........a	-327.68
	1746	1747	-1.60936E+000	-2.00192E-001	-1.99116E+000	-2.00025E+000	2.87194E-004	11	..........a	-327.68
	1747	1748	-1.61096E+000	-2.00191E-001	-1.98868E+000	-2.00025E+000	2.90161E-004	11	..........a	-327.68
	1748	1749	-1.60856E+000	-2.00191E-001	-1.99054E+000	-2.00025E+000	2.91461E-004	11	..........a	-327.68
	1749	1750	-1.60936E+000	-2.00191E-001	-1.98818E+000	-2.00025E+000	2.83261E-004	11	..........a	-327.68
	1750	1751	-1.60856E+000	-2.00191E-001	-1.99027E+000	-2.00025E+000	2.84528E-004	11	..........a	-327.68
	1751	1752	-1.60936E+000	-2.00191E-001	-1.98808E+000	-2.00025E+000	2.86628E-004	11	..........a	-327.68
	1752	1753	-1.61016E+000	-2.00191E-001	-1.98839E+000	-2.00025E+000	2.88478E-004	11	..........a	-327.68
	1753	1754	-1.60776E+000	-2.00191E-001	-1.99180E+000	-2.00025E+000	2.85528E-004	11	..........a	-327.68
	1754	1755	-1.60936E+000	-2.00191E-001	-1.99084E+000	-2.00025E+000	2.83978E-004	11	..........a	-327.68
	1755	1756	-1.60216E+000	-2.00191E-001	-2.00133E+000	-2.00025E+000	2.89344E-004	11	..........a	-327.68
	1756	1757	-1.60936E+000	-2.00191E-001	-1.99317E+000	-2.00025E+000	2.93344E-004	11	..........a	-327.68
	1757	1758	-1.60296E+000	-2.00192E-001	-2.00061E+000	-2.00025E+000	2.85978E-004	11	..........a	-327.68
	1758	1759	-1.61096E+000	-2.00191E-001	-1.99245E+000	-2.00025E+000	2.81161E-004	11	..........a	-327.68
	1759	1760	-1.61136E+000	-2.00191E-001	-1.99356E+000	-2.00025E+000	2.88261E-004	11	..........a	-327.68
	1760	1761	-1.61056E+000	-2.00190E-001	-1.99354E+000	-2.00025E+000	2.82961E-004	11	..........a	-327.68
	1761	1762	-1.60936E+000	-2.00191E-001	-1.99731E+000	-2.00025E+000	2.88994E-004	11	..........a	-327.68
	1762	1763	-1.61176E+000	-2.00191E-001	-1.99458E+000	-2.00025E+000	2.92644E-004	11	..........a	-327.68
	1763	1764	-1.61176E+000	-2.00191E-001	-1.99593E+000	-2.00025E+000	2.93594E-004	11	..........a	-327.68
	1764	1765	-1.61136E+000	-2.00191E-001	-1.99433E+000	-2.00025E+000	3.00494E-004	11	..........a	-327.68
	1765	1766	-1.61136E+000	-2.00191E-001	-1.99527E+000	-2.00025E+000	2.93194E-004	11	..........a	-327.68
	1766	1767	-1.61056E+000	-2.00191E-001	-1.99715E+000	-2.00025E+000	2.97711E-004	11	..........a	-327.68
	1767	1768	-1.61216E+000	-2.00192E-001	-1.99874E+000	-2.00025E+000	3.01344E-004	11	..........a	-327.68
	1768	1769	-1.60936E+000	-2.00191E-001	-1.99788E+000	-2.00025E+000	2.96944E-004	11	..........a	-327.68
	1769	1770	-1.61176E+000	-2.00191E-001	-1.99713E+000	-2.00025E+000	2.95861E-004	11	..........a	-327.68
	1770	1771	-1.60336E+000	-2.00191E-001	-2.00261E+000	-2.00025E+000	2.97428E-004	11	..........a	-327.68
	1771	1772	-1.61216E+000	-2.00191E-001	-1.99391E+000	-2.00025E+000	2.96361E-004	11	..........a	-327.68
	1772	1773	-1.60336E+000	-2.00190E-001	-2.00177E+000	-2.00025E+000	2.92061E-004	11	..........a	-327.68
	1773	1774	-1.60856E+000	-2.00191E-001	-2.00094E+000	-2.00025E+000	2.86711E-004	11	..........a	-327.68
	1774	1775	-1.61216E+000	-2.00190E-001	-1.99561E+000	-2.00025E+000	2.87678E-004	11	..........a	-327.68
	1775	1776	-1.61096E+000	-2.00191E-001	-1.99632E+000	-2.00025E+000	2.85611E-004	11	..........a	-327.68
	1776	1777	-1.61216E+000	-2.00191E-001	-1.99386E+000	-2.00025E+000	2.94228E-004	11	..........a	-327.68
	1777	1778	-1.61216E+000	-2.00190E-001	-1.99470E+000	-2.00025E+000	2.88078E-004	11	..........a	-327.68
	1778	1779	-1.61176E+000	-2.00190E-001	-1.99495E+000	-2.00025E+000	2.88661E-004	11	..........a	-327.68
	1779	1780	-1.61016E+000	-2.00190E-001	-1.99718E+000	-2.00025E+000	2.99561E-004	11	..........a	-327.68
	1780	1781	-1.60896E+000	-2.00191E-001	-1.99644E+000	-2.00025E+000	3.02611E-004	11	..........a	-327.68
	1781	1782	-1.60296E+000	-2.00191E-001	-2.00398E+000	-2.00025E+000	3.02078E-004	11	..........a	-327.68
	1782	1783	-1.60936E+000	-2.00190E-001	-1.99483E+000	-2.00025E+000	3.00478E-004	11	..........a	-327.68
	1783	1784	-1.60376E+000	-2.00190E-001	-2.00018E+000	-2.00025E+000	2.97544E-004	11	..........a	-327.68
	1784	1785	-1.60856E+000	-2.00190E-001	-1.99606E+000	-2.00025E+000	3.02711E-004	11	..........a	-327.68
	1785	1786	-1.60936E+000	-2.00191E-001	-1.99639E+000	-2.00025E+000	3.03161E-004	11	..........a	-327.68
	1786	1787	-1.60856E+000	-2.00191E-001	-1.99687E+000	-2.00025E+000	2.96794E-004	11	..........a	-327.68
	1787	1788	-1.60936E+000	-2.00191E-001	-1.99636E+000	-2.00025E+000	2.91728E-004	11	..........a	-327.68
	1788	1789	-1.61176E+000	-2.00191E-001	-1.99424E+000	-2.00025E+000	2.94144E-004	11	..........a	-327.68
	1789	1790	-1.60936E+000	-2.00191E-001	-2.00119E+000	-2.00025E+000	3.01244E-004	11	..........a	-327.68
	1790	1791	-1.60936E+000	-2.00190E-001	-1.99862E+000	-2.00025E+000	3.02278E-004	11	..........a	-327.68
	1791	1792	-1.61136E+000	-2.00191E-001	-1.99900E+000	-2.00025E+000	3.04944E-004	11	..........a	-327.68
	1792	1793	-1.61136E+000	-2.00191E-001	-1.99700E+000	-2.00025E+000	3.01861E-004	11	..........a	-327.68
	1793	1794	-1.61176E+000	-2.00191E-001	-2.00071E+000	-2.00025E+000	2.93628E-004	11	..........a	-327.68
	1794	1795	-1.61016E+000	-2.00190E-001	-1.99892E+000	-2.00025E+000	2.97161E-004	11	..........a	-327.68
	1795	1796	-1.61176E+000	-2.00190E-001	-1.99733E+000	-2.00025E+000	3.01778E-004	11	..........a	-327.68
	1796	1797	-1.60376E+000	-2.00191E-001	-2.00240E+000	-2.00025E+000	2.99928E-004	11	..........a	-327.68
	1797	1798	-1.61256E+000	-2.00191E-001	-1.99662E+000	-2.00025E+000	3.02011E-004	11	..........a	-327.68
	1798	1799	-1.61096E+000	-2.00191E-001	-1.99522E+000	-2.00025E+000	2.94328E-004	11	..........a	-327.68
	1799	1800	-1.61176E+000	-2.00191E-001	-1.99459E+000	-2.00025E+000	2.95544E-004	11	..........a	-327.68
	1800	1801	-1.60976E+000	-2.00191E-001	-1.99401E+000	-2.00025E+000	2.92094E-004	11	..........a	-327.68
	1801	1802	-1.60976E+000	-2.00191E-001	-1.99579E+000	-2.00025E+000	2.92794E-004	11	..........a	-327.68
	1802	1803	-1.61096E+000	-2.00191E-001	-1.99277E+000	-2.00025E+000	2.96944E-004	11	..........a	-327.68
	1803	1804	-1.60936E+000	-2.00191E-001	-1.99611E+000	-2.00025E+000	3.01878E-004	11	..........a	-327.68
	1804	1805	-1.60856E+000	-2.00191E-001	-1.99412E+000	-2.00025E+000	3.01728E-004	11	..........a	-327.68
	1805	1806	-1.60856E+000	-2.00191E-001	-1.99725E+000	-2.00025E+000	2.99944E-004	11	..........a	-327.68
	1806	1807	-1.60856E+000	-2.00191E-001	-1.99424E+000	-2.00025E+000	2.99511E-004	11	..........a	-327.68
	1807	1808	-1.60856E+000	-2.00191E-001	-1.99562E+000	-2.00025E+000	3.01444E-004	11	..........a	-327.68
	1808	1809	-1.60936E+000	-2.00191E-001	-1.99120E+000	-2.00025E+000	3.01061E-004	11	..........a	-327.68
	1809	1810	-1.60776E+000	-2.00191E-001	-1.99514E+000	-2.00025E+000	3.02444E-004	11	..........a	-327.68
	1810	1811	-1.61016E+000	-2.00191E-001	-1.98971E+000	-2.00025E+000	3.01278E-004	11	..........a	-327.68
	1811	1812	-1.60216E+000	-2.00191E-001	-1.99870E+000	-2.00025E+000	2.99561E-004	11	..........a	-327.68
	1812	1813	-1.60936E+000	-2.00191E-001	-1.98867E+000	-2.00025E+000	3.10178E-004	11	..........a	-327.68
	1813	1814	-1.60936E+000	-2.00191E-001	-1.99186E+000	-2.00025E+000	3.01978E-004	11	..........a	-327.68
	1814	1815	-1.60856E+000	-2.00191E-001	-1.98985E+000	-2.00025E+000	2.99261E-004	11	..........a	-327.68
	1815	1816	-1.60856E+000	-2.00191E-001	-1.99347E+000	-2.00025E+000	2.96978E-004	11	..........a	-327.68
	1816	1817	-1.60936E+000	-2.00190E-001	-1.99485E+000	-2.00025E+000	3.06844E-004	11	..........a	-327.68
	1817	1818	-1.61016E+000	-2.00191E-001	-1.99296E+000	-2.00025E+000	3.01811E-004	11	..........a	-327.68
	1818	1819	-1.60936E+000	-2.00190E-001	-1.99252E+000	-2.00025E+000	3.04294E-004	11	..........a	-327.68
	1819	1820	-1.61016E+000	-2.00190E-001	-1.99331E+000	-2.00025E+000	3.03761E-004	11	..........a	-327.68
	1820	1821	-1.61176E+000	-2.00191E-001	-1.98893E+000	-2.00025E+000	3.15078E-004	11	..........a	-327.68
	1821	1822	-1.60616E+000	-2.00191E-001	-1.99800E+000	-2.00025E+000	3.14511E-004	11	..........a	-327.68
	1822	1823	-1.60696E+000	-2.00191E-001	-1.99415E+000	-2.00025E+000	3.08978E-004	11	..........a	-327.68
	1823	1824	-1.60736E+000	-2.00191E-001	-1.99476E+000	-2.00025E+000	3.14028E-004	11	..........a	-327.68
	1824	1825	-1.60136E+000	-2.00191E-001	-1.99868E+000	-2.00025E+000	3.08344E-004	11	..........a	-327.68
	1825	1826	-1.60696E+000	-2.00192E-001	-1.99395E+000	-2.00025E+000	3.10278E-004	11	..........a	-327.68
	1826	1827	-1.60936E+000	-2.00192E-001	-1.99059E+000	-2.00025E+000	3.16711E-004	11	..........a	-327.68
	1827	1828	-1.60936E+000	-2.00191E-001	-1.99413E+000	-2.00025E+000	3.04394E-004	11	..........a	-327.68
	1828	1829	-1.61096E+000	-2.00191E-001	-1.99228E+000	-2.00025E+000	3.17678E-004	11	..........a	-327.68
	1829	1830	-1.60696E+000	-2.00191E-001	-1.99851E+000	-2.00025E+000	3.24711E-004	11	..........a	-327.68
	1830	1831	-1.60536E+000	-2.00192E-001	-1.99756E+000	-2.00025E+000	3.23794E-004	11	..........a	-327.68
	1831	1832	-1.61096E+000	-2.00191E-001	-1.99795E+000	-2.00025E+000	3.20328E-004	11	..........a	-327.68
	1832	1833	-1.60856E+000	-2.00191E-001	-1.99947E+000	-2.00025E+000	3.20561E-004	11	..........a	-327.68
	1833	1834	-1.60296E+000	-2.00190E-001	-2.00903E+000	-2.00025E+000	3.11478E-004	11	..........a	-327.68
	1834	1835	-1.60776E+000	-2.00191E-001	-2.00167E+000	-2.00025E+000	3.17128E-004	11	..........a	-327.68
	1835	1836	-1.61256E+000	-2.00191E-001	-1.99949E+000	-2.00025E+000	3.15061E-004	11	..........a	-327.68
	1836	1837	-1.61016E+000	-2.00192E-001	-2.00072E+000	-2.00025E+000	3.13011E-004	11	..........a	-327.68
	1837	1838	-1.60856E+000	-2.00191E-001	-2.00219E+000	-2.00025E+000	3.13678E-004	11	..........a	-327.68
	1838	1839	-1.61056E+000	-2.00191E-001	-1.99860E+000	-2.00025E+000	3.24811E-004	11	..........a	-327.68
	1839	1840	-1.61056E+000	-2.00191E-001	-2.00165E+000	-2.00025E+000	3.15561E-004	11	..........a	-327.68
	1840	1841	-1.61216E+000	-2.00191E-001	-1.99688E+000	-2.00025E+000	3.18761E-004	11	..........a	-327.68
	1841	1842	-1.60936E+000	-2.00190E-001	-1.99940E+000	-2.00025E+000	3.10444E-004	11	..........a	-327.68
	1842	1843	-1.61176E+000	-2.00190E-001	-1.99486E+000	-2.00025E+000	3.12478E-004	11	..........a	-327.68
	1843	1844	-1.60936E+000	-2.00191E-001	-1.99952E+000	-2.00025E+000	3.11811E-004	11	..........a	-327.68
	1844	1845	-1.60936E+000	-2.00191E-001	-1.99802E+000	-2.00025E+000	3.22694E-004	11	..........a	-327.68
	1845	1846	-1.60816E+000	-2.00191E-001	-2.00006E+000	-2.00025E+000	3.12761E-004	11	..........a	-327.68
	1846	1847	-1.61056E+000	-2.00191E-001	-1.99702E+000	-2.00025E+000	3.12928E-004	11	..........a	-327.68
	1847	1848	-1.61176E+000	-2.00191E-001	-1.99857E+000	-2.00025E+000	3.12211E-004	11	..........a	-327.68
	1848	1849	-1.60896E+000	-2.00191E-001	-1.99993E+000	-2.00025E+000	3.02511E-004	11	..........a	-327.68
	1849	1850	-1.61176E+000	-2.00191E-001	-1.99887E+000	-2.00025E+000	3.10561E-004	11	..........a	-327.68
	1850	1851	-1.60296E+000	-2.00191E-001	-2.00577E+000	-2.00025E+000	3.17244E-004	11	..........a	-327.68
	1851	1852	-1.60936E+000	-2.00191E-001	-2.00139E+000	-2.00025E+000	3.10278E-004	11	..........a	-327.68
	1852	1853	-1.61096E+000	-2.00191E-001	-1.99706E+000	-2.00025E+000	3.05561E-004	11	..........a	-327.68
	1853	1854	-1.61016E+000	-2.00191E-001	-1.99917E+000	-2.00025E+000	3.05311E-004	11	..........a	-327.68
	1854	1855	-1.60936E+000	-2.00191E-001	-2.00005E+000	-2.00025E+000	3.11644E-004	11	..........a	-327.68
	1855	1856	-1.60896E+000	-2.00191E-001	-2.00143E+000	-2.00025E+000	3.05178E-004	11	..........a	-327.68
	1856	1857	-1.61096E+000	-2.00190E-001	-1.99674E+000	-2.00025E+000	3.12261E-004	11	..........a	-327.68
	1857	1858	-1.60776E+000	-2.00196E-001	-2.00144E+000	-2.00025E+000	5.09661E-004	11	..........a	-327.68
	1858	1859	-1.61096E+000	-2.00196E-001	-1.99889E+000	-2.00025E+000	5.10911E-004	11	..........a	-327.68
	1859	1860	-1.60296E+000	-2.00197E-001	-2.00591E+000	-2.00025E+000	5.05861E-004	11	..........a	-327.68
	1860	1861	-1.60896E+000	-2.00196E-001	-2.00126E+000	-2.00025E+000	5.12144E-004	11	..........a	-327.68
	1861	1862	-1.60296E+000	-2.00197E-001	-2.01022E+000	-2.00025E+000	5.11511E-004	11	..........a	-327.68
	1862	1863	-1.60976E+000	-2.00197E-001	-2.00095E+000	-2.00025E+000	5.16528E-004	11	..........a	-327.68
	1863	1864	-1.61016E+000	-2.00197E-001	-2.00333E+000	-2.00025E+000	5.16328E-004	11	..........a	-327.68
	1864	1865	-1.60856E+000	-2.00197E-001	-2.00111E+000	-2.00025E+000	5.00594E-004	11	..........a	-327.68
	1865	1866	-1.60856E+000	-2.00197E-001	-2.00321E+000	-2.00025E+000	5.12561E-004	11	..........a	-327.68
	1866	1867	-1.61016E+000	-2.00197E-001	-2.00093E+000	-2.00025E+000	5.19678E-004	11	..........a	-327.68
	1867	1868	-1.60856E+000	-2.00197E-001	-2.00342E+000	-2.00025E+000	5.13694E-004	11	..........a	-327.68
	1868	1869	-1.60936E+000	-2.00197E-001	-2.00081E+000	-2.00025E+000	5.11028E-004	11	..........a	-327.68
	1869	1870	-1.60936E+000	-2.00196E-001	-2.00190E+000	-2.00025E+000	5.10894E-004	11	..........a	-327.68
	1870	1871	-1.60856E+000	-2.00197E-001	-2.00207E+000	-2.00025E+000	5.11678E-004	11	..........a	-327.68
	1871	1872	-1.60936E+000	-2.00197E-001	-2.00305E+000	-2.00025E+000	5.03094E-004	11	..........a	-327.68
	1872	1873	-1.60936E+000	-2.00196E-001	-2.00306E+000	-2.00025E+000	5.05694E-004	11	..........a	-327.68
	1873	1874	-1.60936E+000	-2.00198E-001	-2.00389E+000	-2.00025E+000	5.10161E-004	11	..........a	-327.68
	1874	1875	-1.60936E+000	-2.00197E-001	-2.00364E+000	-2.00025E+000	5.20044E-004	11	..........a	-327.68
	1875	1876	-1.60856E+000	-2.00197E-001	-2.00574E+000	-2.00025E+000	5.16294E-004	11	..........a	-327.68
	1876	1877	-1.60176E+000	-2.00196E-001	-2.01120E+000	-2.00025E+000	4.92428E-004	11	..........a	-327.68
	1877	1878	-1.60856E+000	-2.00197E-001	-2.00548E+000	-2.00025E+000	5.13228E-004	11	..........a	-327.68
	1878	1879	-1.60856E+000	-2.00197E-001	-2.00632E+000	-2.00025E+000	4.95244E-004	11	..........a	-327.68
	1879	1880	-1.60856E+000	-2.00197E-001	-2.00413E+000	-2.00025E+000	5.03711E-004	11	..........a	-327.68
	1880	1881	-1.60936E+000	-2.00197E-001	-2.00450E+000	-2.00025E+000	4.99094E-004	11	..........a	-327.68
	1881	1882	-1.60856E+000	-2.00197E-001	-2.00492E+000	-2.00025E+000	5.10544E-004	11	..........a	-327.68
	1882	1883	-1.60976E+000	-2.00197E-001	-2.00232E+000	-2.00025E+000	5.04461E-004	11	..........a	-327.68
	1883	1884	-1.60936E+000	-2.00197E-001	-2.00230E+000	-2.00025E+000	5.04378E-004	11	..........a	-327.68
	1884	1885	-1.60976E+000	-2.00197E-001	-2.00376E+000	-2.00025E+000	4.92944E-004	11	..........a	-327.68
	1885	1886	-1.61016E+000	-2.00197E-001	-2.00198E+000	-2.00025E+000	5.11828E-004	11	..........a	-327.68
	1886	1887	-1.60776E+000	-2.00197E-001	-2.00508E+000	-2.00025E+000	5.04994E-004	11	..........a	-327.68
	1887	1888	-1.60216E+000	-2.00196E-001	-2.00977E+000	-2.00025E+000	5.08528E-004	11	..........a	-327.68
	1888	1889	-1.60976E+000	-2.00196E-001	-2.00221E+000	-2.00025E+000	5.11394E-004	11	..........a	-327.68
	1889	1890	-1.60136E+000	-2.00196E-001	-2.01006E+000	-2.00025E+000	5.01478E-004	11	..........a	-327.68
	1890	1891	-1.60816E+000	-2.00196E-001	-2.00397E+000	-2.00025E+000	5.07661E-004	11	..........a	-327.68
	1891	1892	-1.60696E+000	-2.00196E-001	-2.00563E+000	-2.00025E+000	4.96228E-004	11	..........a	-327.68
	1892	1893	-1.60856E+000	-2.00196E-001	-2.00432E+000	-2.00025E+000	5.08644E-004	11	..........a	-327.68
	1893	1894	-1.60776E+000	-2.00197E-001	-2.00488E+000	-2.00025E+000	5.00978E-004	11	..........a	-327.68
	1894	1895	-1.60776E+000	-2.00196E-001	-2.00580E+000	-2.00025E+000	5.11894E-004	11	..........a	-327.68
	1895	1896	-1.60816E+000	-2.00197E-001	-2.00469E+000	-2.00025E+000	5.11194E-004	11	..........a	-327.68
	1896	1897	-1.60696E+000	-2.00196E-001	-2.00636E+000	-2.00025E+000	5.12561E-004	11	..........a	-327.68
	1897	1898	-1.60736E+000	-2.00196E-001	-2.00608E+000	-2.00025E+000	5.15794E-004	11	..........a	-327.68
	1898	1899	-1.60696E+000	-2.00196E-001	-2.00696E+000	-2.00025E+000	5.03161E-004	11	..........a	-327.68
	1899	1900	-1.60776E+000	-2.00196E-001	-2.00491E+000	-2.00025E+000	5.04778E-004	11	..........a	-327.68
	1900	1901	-1.60856E+000	-2.00197E-001	-2.00443E+000	-2.00025E+000	5.16244E-004	11	..........a	-327.68
	1901	1902	-1.60896E+000	-2.00196E-001	-2.00232E+000	-2.00025E+000	5.03094E-004	11	..........a	-327.68
	1902	1903	-1.60176E+000	-2.00197E-001	-2.01074E+000	-2.00025E+000	5.18111E-004	11	..........a	-327.68
	1903	1904	-1.60816E+000	-2.00197E-001	-2.00602E+000	-2.00025E+000	5.17311E-004	11	..........a	-327.68
	1904	1905	-1.60136E+000	-2.00196E-001	-2.01352E+000	-2.00025E+000	5.11161E-004	11	..........a	-327.68
	1905	1906	-1.60856E+000	-2.00196E-001	-2.00309E+000	-2.00025E+000	5.09244E-004	11	..........a	-327.68
	1906	1907	-1.60936E+000	-2.00196E-001	-2.00578E+000	-2.00025E+000	5.10194E-004	11	..........a	-327.68
	1907	1908	-1.60896E+000	-2.00196E-001	-2.00435E+000	-2.00025E+000	5.16328E-004	11	..........a	-327.68
	1908	1909	-1.60896E+000	-2.00196E-001	-2.00833E+000	-2.00025E+000	5.14728E-004	11	..........a	-327.68
	1909	1910	-1.60736E+000	-2.00197E-001	-2.00691E+000	-2.00025E+000	5.17694E-004	11	..........a	-327.68
	1910	1911	-1.60696E+000	-2.00196E-001	-2.00888E+000	-2.00025E+000	5.13328E-004	11	..........a	-327.68
	1911	1912	-1.60936E+000	-2.00191E-001	-2.00633E+000	-2.00025E+000	3.50761E-004	11	..........a	-327.68
	1912	1913	-1.60776E+000	-2.00191E-001	-2.00751E+000	-2.00025E+000	3.45378E-004	11	..........a	-327.68
	1913	1914	-1.60176E+000	-2.00191E-001	-2.01293E+000	-2.00025E+000	3.50428E-004	11	..........a	-327.68
	1914	1915	-1.60776E+000	-2.00192E-001	-2.01108E+000	-2.00025E+000	3.65061E-004	11	..........a	-327.68
	1915	1916	-1.60216E+000	-2.00192E-001	-2.01452E+000	-2.00025E+000	3.68894E-004	11	..........a	-327.68
	1916	1917	-1.60936E+000	-2.00191E-001	-2.00662E+000	-2.00025E+000	3.58894E-004	11	..........a	-327.68
	1917	1918	-1.60856E+000	-2.00192E-001	-2.00521E+000	-2.00025E+000	3.53828E-004	11	..........a	-327.68
	1918	1919	-1.60896E+000	-2.00192E-001	-2.00565E+000	-2.00025E+000	3.49611E-004	11	..........a	-327.68
	1919	1920	-1.60816E+000	-2.00191E-001	-2.00538E+000	-2.00025E+000	3.55628E-004	11	..........a	-327.68
	1920	1921	-1.60856E+000	-2.00192E-001	-2.00915E+000	-2.00025E+000	3.56794E-004	11	..........a	-327.68
	1921	1922	-1.60696E+000	-2.00192E-001	-2.01098E+000	-2.00025E+000	3.56211E-004	11	..........a	-327.68
	1922	1923	-1.60936E+000	-2.00192E-001	-2.00888E+000	-2.00025E+000	3.52394E-004	11	..........a	-327.68
	1923	1924	-1.60816E+000	-2.00192E-001	-2.00774E+000	-2.00025E+000	3.56094E-004	11	..........a	-327.68
	1924	1925	-1.60856E+000	-2.00191E-001	-2.01160E+000	-2.00025E+000	3.52194E-004	11	..........a	-327.68
	1925	1926	-1.60816E+000	-2.00192E-001	-2.01083E+000	-2.00025E+000	3.56844E-004	11	..........a	-327.68
	1926	1927	-1.60856E+000	-2.00191E-001	-2.01268E+000	-2.00025E+000	3.53294E-004	11	..........a	-327.68
	1927	1928	-1.60856E+000	-2.00192E-001	-2.01329E+000	-2.00025E+000	3.46561E-004	11	..........a	-327.68
	1928	1929	-1.60216E+000	-2.00192E-001	-2.01925E+000	-2.00025E+000	3.45678E-004	11	..........a	-327.68
	1929	1930	-1.61016E+000	-2.00192E-001	-2.00864E+000	-2.00025E+000	3.45528E-004	11	..........a	-327.68
	1930	1931	-1.60856E+000	-2.00192E-001	-2.00949E+000	-2.00025E+000	3.42694E-004	11	..........a	-327.68
	1931	1932	-1.61016E+000	-2.00192E-001	-2.00632E+000	-2.00025E+000	3.49478E-004	11	..........a	-327.68
	1932	1933	-1.60936E+000	-2.00192E-001	-2.00743E+000	-2.00025E+000	3.44678E-004	11	..........a	-327.68
	1933	1934	-1.60976E+000	-2.00192E-001	-2.00842E+000	-2.00025E+000	3.47228E-004	11	..........a	-327.68
	1934	1935	-1.60776E+000	-2.00192E-001	-2.00855E+000	-2.00025E+000	3.49244E-004	11	..........a	-327.68
	1935	1936	-1.60856E+000	-2.00192E-001	-2.00636E+000	-2.00025E+000	3.50328E-004	11	..........a	-327.68
	1936	1937	-1.60856E+000	-2.00192E-001	-2.00556E+000	-2.00025E+000	3.48411E-004	11	..........a	-327.68
	1937	1938	-1.61016E+000	-2.00195E-001	-2.00321E+000	-2.00025E+000	4.83244E-004	11	..........a	-327.68
	1938	1939	-1.60936E+000	-2.00195E-001	-2.00257E+000	-2.00025E+000	4.95494E-004	11	..........a	-327.68
	1939	1940	-1.60776E+000	-2.00195E-001	-2.00516E+000	-2.00025E+000	4.98094E-004	11	..........a	-327.68
	1940	1941	-1.60776E+000	-2.00195E-001	-2.00428E+000	-2.00025E+000	4.89928E-004	11	..........a	-327.68
	1941	1942	-1.60136E+000	-2.00195E-001	-2.01206E+000	-2.00025E+000	4.81611E-004	11	..........a	-327.68
	1942	1943	-1.60936E+000	-2.00195E-001	-2.00397E+000	-2.00025E+000	4.94611E-004	11	..........a	-327.68
	1943	1944	-1.60696E+000	-2.00195E-001	-2.00853E+000	-2.00025E+000	4.93594E-004	11	..........a	-327.68
	1944	1945	-1.60856E+000	-2.00195E-001	-2.00637E+000	-2.00025E+000	4.97961E-004	11	..........a	-327.68
	1945	1946	-1.60776E+000	-2.00195E-001	-2.01150E+000	-2.00025E+000	4.87961E-004	11	..........a	-327.68
	1946	1947	-1.61016E+000	-2.00195E-001	-2.00748E+000	-2.00025E+000	4.88661E-004	11	..........a	-327.68
	1947	1948	-1.61016E+000	-2.00195E-001	-2.00963E+000	-2.00025E+000	4.82528E-004	11	..........a	-327.68
	1948	1949	-1.60856E+000	-2.00195E-001	-2.01001E+000	-2.00025E+000	4.85578E-004	11	..........a	-327.68
	1949	1950	-1.60936E+000	-2.00195E-001	-2.01448E+000	-2.00025E+000	4.86878E-004	11	..........a	-327.68
	1950	1951	-1.60936E+000	-2.00195E-001	-2.01257E+000	-2.00025E+000	4.79111E-004	11	..........a	-327.68
	1951	1952	-1.60936E+000	-2.00195E-001	-2.01412E+000	-2.00025E+000	4.88094E-004	11	..........a	-327.68
	1952	1953	-1.60936E+000	-2.00195E-001	-2.01449E+000	-2.00025E+000	4.90544E-004	11	..........a	-327.68
	1953	1954	-1.60896E+000	-2.00195E-001	-2.01571E+000	-2.00025E+000	4.89761E-004	11	..........a	-327.68
	1954	1955	-1.60776E+000	-2.00195E-001	-2.01450E+000	-2.00025E+000	4.99361E-004	11	..........a	-327.68
	1955	1956	-1.60856E+000	-2.00194E-001	-2.01549E+000	-2.00025E+000	5.00694E-004	11	..........a	-327.68
	1956	1957	-1.60856E+000	-2.00195E-001	-2.01202E+000	-2.00025E+000	4.90811E-004	11	..........a	-327.68
	1957	1958	-1.60856E+000	-2.00195E-001	-2.01481E+000	-2.00025E+000	4.95744E-004	11	..........a	-327.68
	1958	1959	-1.60856E+000	-2.00195E-001	-2.01670E+000	-2.00025E+000	4.91478E-004	11	..........a	-327.68
	1959	1960	-1.60936E+000	-2.00195E-001	-2.01731E+000	-2.00025E+000	4.97461E-004	11	..........a	-327.68
	1960	1961	-1.60896E+000	-2.00195E-001	-2.01628E+000	-2.00025E+000	4.90794E-004	11	..........a	-327.68
	1961	1962	-1.60896E+000	-2.00195E-001	-2.01662E+000	-2.00025E+000	4.85994E-004	11	..........a	-327.68
	1962	1963	-1.61016E+000	-2.00194E-001	-2.01289E+000	-2.00025E+000	4.80711E-004	11	..........a	-327.68
	1963	1964	-1.60936E+000	-2.00195E-001	-2.01482E+000	-2.00025E+000	4.90961E-004	11	..........a	-327.68
	1964	1965	-1.61016E+000	-2.00195E-001	-2.01188E+000	-2.00025E+000	4.89011E-004	11	..........a	-327.68
	1965	1966	-1.60856E+000	-2.00195E-001	-2.01262E+000	-2.00025E+000	4.91328E-004	11	..........a	-327.68
	1966	1967	-1.60936E+000	-2.00195E-001	-2.00958E+000	-2.00025E+000	4.74611E-004	11	..........a	-327.68
	1967	1968	-1.60856E+000	-2.00194E-001	-2.01234E+000	-2.00025E+000	4.81694E-004	11	..........a	-327.68
	1968	1969	-1.60856E+000	-2.00195E-001	-2.01188E+000	-2.00025E+000	4.84244E-004	11	..........a	-327.68
	1969	1970	-1.60136E+000	-2.00195E-001	-2.01865E+000	-2.00025E+000	4.87728E-004	11	..........a	-327.68
	1970	1971	-1.60776E+000	-2.00195E-001	-2.01238E+000	-2.00025E+000	4.80578E-004	11	..........a	-327.68
	1971	1972	-1.60216E+000	-2.00195E-001	-2.01820E+000	-2.00025E+000	4.91411E-004	11	..........a	-327.68
	1972	1973	-1.61016E+000	-2.00195E-001	-2.01031E+000	-2.00025E+000	4.91028E-004	11	..........a	-327.68
	1973	1974	-1.60856E+000	-2.00195E-001	-2.01165E+000	-2.00025E+000	4.87028E-004	11	..........a	-327.68
	1974	1975	-1.60856E+000	-2.00195E-001	-2.01296E+000	-2.00025E+000	4.90044E-004	11	..........a	-327.68
	1975	1976	-1.60856E+000	-2.00195E-001	-2.01179E+000	-2.00025E+000	4.88311E-004	11	..........a	-327.68
	1976	1977	-1.60856E+000	-2.00195E-001	-2.01301E+000	-2.00025E+000	4.84428E-004	11	..........a	-327.68
	1977	1978	-1.61016E+000	-2.00194E-001	-2.01089E+000	-2.00025E+000	4.94778E-004	11	..........a	-327.68
	1978	1979	-1.60776E+000	-2.00195E-001	-2.01586E+000	-2.00025E+000	4.90744E-004	11	..........a	-327.68
	1979	1980	-1.60936E+000	-2.00195E-001	-2.01156E+000	-2.00025E+000	4.88878E-004	11	..........a	-327.68
	1980	1981	-1.60936E+000	-2.00195E-001	-2.01209E+000	-2.00025E+000	4.93061E-004	11	..........a	-327.68
	1981	1982	-1.60936E+000	-2.00195E-001	-2.01173E+000	-2.00025E+000	4.92744E-004	11	..........a	-327.68
	1982	1983	-1.60216E+000	-2.00195E-001	-2.02143E+000	-2.00025E+000	4.88011E-004	11	..........a	-327.68
	1983	1984	-1.60776E+000	-2.00195E-001	-2.01535E+000	-2.00025E+000	4.92561E-004	11	..........a	-327.68
	1984	1985	-1.60136E+000	-2.00195E-001	-2.02404E+000	-2.00025E+000	4.91011E-004	11	..........a	-327.68
	1985	1986	-1.61016E+000	-2.00195E-001	-2.01559E+000	-2.00025E+000	4.82028E-004	11	..........a	-327.68
	1986	1987	-1.60856E+000	-2.00195E-001	-2.01812E+000	-2.00025E+000	4.80811E-004	11	..........a	-327.68
	1987	1988	-1.60896E+000	-2.00195E-001	-2.01628E+000	-2.00025E+000	4.83478E-004	11	..........a	-327.68
	1988	1989	-1.60936E+000	-2.00194E-001	-2.01729E+000	-2.00025E+000	4.85228E-004	11	..........a	-327.68
	1989	1990	-1.60776E+000	-2.00195E-001	-2.01646E+000	-2.00025E+000	4.85328E-004	11	..........a	-327.68
	1990	1991	-1.60936E+000	-2.00195E-001	-2.01755E+000	-2.00025E+000	4.83228E-004	11	..........a	-327.68
	1991	1992	-1.60936E+000	-2.00194E-001	-2.01589E+000	-2.00025E+000	4.91294E-004	11	..........a	-327.68
	1992	1993	-1.60936E+000	-2.00194E-001	-2.01646E+000	-2.00025E+000	4.90461E-004	11	..........a	-327.68
	1993	1994	-1.60936E+000	-2.00194E-001	-2.01363E+000	-2.00025E+000	4.91844E-004	11	..........a	-327.68
	1994	1995	-1.61096E+000	-2.00194E-001	-2.01223E+000	-2.00025E+000	4.91094E-004	11	..........a	-327.68
	1995	1996	-1.60856E+000	-2.00194E-001	-2.01377E+000	-2.00025E+000	4.86411E-004	11	..........a	-327.68
	1996	1997	-1.61096E+000	-2.00195E-001	-2.01263E+000	-2.00025E+000	4.90278E-004	11	..........a	-327.68
	1997	1998	-1.60856E+000	-2.00195E-001	-2.01275E+000	-2.00025E+000	4.90428E-004	11	..........a	-327.68
	1998	1999	-1.60936E+000	-2.00194E-001	-2.01390E+000	-2.00025E+000	4.91028E-004	11	..........a	-327.68
	1999	2000	-1.60216E+000	-2.00194E-001	-2.02207E+000	-2.00025E+000	4.93861E-004	11	..........a	-327.68
	2000	2001	-1.60936E+000	-2.00194E-001	-2.01639E+000	-2.00025E+000	4.87394E-004	11	..........a	-327.68
	2001	2002	-1.61096E+000	-2.00195E-001	-2.01358E+000	-2.00025E+000	4.89011E-004	11	..........a	-327.68
	2002	2003	-1.60936E+000	-2.00194E-001	-2.01425E+000	-2.00025E+000	4.88478E-004	11	..........a	-327.68
	2003	2004	-1.60936E+000	-2.00194E-001	-2.01566E+000	-2.00025E+000	4.84661E-004	11	..........a	-327.68
	2004	2005	-1.60856E+000	-2.00195E-001	-2.01584E+000	-2.00025E+000	4.88961E-004	11	..........a	-327.68
	2005	2006	-1.60936E+000	-2.00195E-001	-2.01405E+000	-2.00025E+000	4.99078E-004	11	..........a	-327.68
	2006	2007	-1.60936E+000	-2.00195E-001	-2.01405E+000	-2.00025E+000	4.92544E-004	11	..........a	-327.68
	2007	2008	-1.60856E+000	-2.00194E-001	-2.01382E+000	-2.00025E+000	4.82961E-004	11	..........a	-327.68
	2008	2009	-1.60856E+000	-2.00194E-001	-2.01586E+000	-2.00025E+000	4.85761E-004	11	..........a	-327.68
	2009	2010	-1.60776E+000	-2.00195E-001	-2.01820E+000	-2.00025E+000	4.96844E-004	11	..........a	-327.68
	2010	2011	-1.60776E+000	-2.00196E-001	-2.01529E+000	-2.00025E+000	4.95744E-004	11	..........a	-327.68
	2011	2012	-1.60696E+000	-2.00195E-001	-2.01681E+000	-2.00025E+000	4.92678E-004	11	..........a	-327.68
	2012	2013	-1.60136E+000	-2.00195E-001	-2.02286E+000	-2.00025E+000	4.94994E-004	11	..........a	-327.68
	2013	2014	-1.60896E+000	-2.00195E-001	-2.01667E+000	-2.00025E+000	4.95861E-004	11	..........a	-327.68
	2014	2015	-1.60936E+000	-2.00195E-001	-2.01498E+000	-2.00025E+000	4.97711E-004	11	..........a	-327.68
	2015	2016	-1.60936E+000	-2.00195E-001	-2.01878E+000	-2.00025E+000	4.95761E-004	11	..........a	-327.68
	2016	2017	-1.60936E+000	-2.00195E-001	-2.01724E+000	-2.00025E+000	4.86411E-004	11	..........a	-327.68
	2017	2018	-1.61016E+000	-2.00195E-001	-2.01530E+000	-2.00025E+000	4.98361E-004	11	..........a	-327.68
	2018	2019	-1.60936E+000	-2.00195E-001	-2.01358E+000	-2.00025E+000	4.91828E-004	11	..........a	-327.68
	2019	2020	-1.60856E+000	-2.00195E-001	-2.01893E+000	-2.00025E+000	4.99494E-004	11	..........a	-327.68
	2020	2021	-1.61256E+000	-2.00195E-001	-2.01370E+000	-2.00025E+000	4.88644E-004	11	..........a	-327.68
	2021	2022	-1.60776E+000	-2.00187E-001	-2.01954E+000	-2.00025E+000	3.54244E-004	11	..........a	-327.68
	2022	2023	-1.60936E+000	-2.00187E-001	-2.01792E+000	-2.00025E+000	3.53228E-004	11	..........a	-327.68
	2023	2024	-1.60216E+000	-2.00188E-001	-2.02522E+000	-2.00025E+000	3.61311E-004	11	..........a	-327.68
	2024	2025	-1.60936E+000	-2.00187E-001	-2.01593E+000	-2.00025E+000	3.58194E-004	11	..........a	-327.68
	2025	2026	-1.60216E+000	-2.00187E-001	-2.02517E+000	-2.00025E+000	3.61611E-004	11	..........a	-327.68
	2026	2027	-1.60936E+000	-2.00188E-001	-2.01538E+000	-2.00025E+000	3.59861E-004	11	..........a	-327.68
	2027	2028	-1.60696E+000	-2.00187E-001	-2.01830E+000	-2.00025E+000	3.62728E-004	11	..........a	-327.68
	2028	2029	-1.60696E+000	-2.00187E-001	-2.01781E+000	-2.00025E+000	3.52361E-004	11	..........a	-327.68
	2029	2030	-1.60736E+000	-2.00188E-001	-2.01729E+000	-2.00025E+000	3.54078E-004	11	..........a	-327.68
	2030	2031	-1.60816E+000	-2.00187E-001	-2.01368E+000	-2.00025E+000	3.53461E-004	11	..........a	-327.68
	2031	2032	-1.60816E+000	-2.00187E-001	-2.01640E+000	-2.00025E+000	3.54261E-004	11	..........a	-327.68
	2032	2033	-1.60896E+000	-2.00187E-001	-2.01540E+000	-2.00025E+000	3.54694E-004	11	..........a	-327.68
	2033	2034	-1.60856E+000	-2.00188E-001	-2.01841E+000	-2.00025E+000	3.54728E-004	11	..........a	-327.68
	2034	2035	-1.60736E+000	-2.00187E-001	-2.01919E+000	-2.00025E+000	3.53761E-004	11	..........a	-327.68
	2035	2036	-1.60856E+000	-2.00187E-001	-2.01849E+000	-2.00025E+000	3.54378E-004	11	..........a	-327.68
	2036	2037	-1.60776E+000	-2.00187E-001	-2.01892E+000	-2.00025E+000	3.53394E-004	11	..........a	-327.68
	2037	2038	-1.60816E+000	-2.00187E-001	-2.01814E+000	-2.00025E+000	3.52644E-004	11	..........a	-327.68
	2038	2039	-1.60136E+000	-2.00187E-001	-2.02572E+000	-2.00025E+000	3.58378E-004	11	..........a	-327.68
	2039	2040	-1.60936E+000	-2.00187E-001	-2.01804E+000	-2.00025E+000	3.55844E-004	11	..........a	-327.68
	2040	2041	-1.60816E+000	-2.00186E-001	-2.01761E+000	-2.00025E+000	3.50561E-004	11	..........a	-327.68
	2041	2042	-1.60776E+000	-2.00187E-001	-2.01955E+000	-2.00025E+000	3.51394E-004	11	..........a	-327.68
	2042	2043	-1.60936E+000	-2.00187E-001	-2.01645E+000	-2.00025E+000	3.53428E-004	11	..........a	-327.68
	2043	2044	-1.60856E+000	-2.00187E-001	-2.01670E+000	-2.00025E+000	3.51428E-004	11	..........a	-327.68
	2044	2045	-1.60936E+000	-2.00186E-001	-2.01789E+000	-2.00025E+000	3.56211E-004	11	..........a	-327.68
	2045	2046	-1.60776E+000	-2.00187E-001	-2.01965E+000	-2.00025E+000	3.57494E-004	11	..........a	-327.68
	2046	2047	-1.61096E+000	-2.00187E-001	-2.01644E+000	-2.00025E+000	3.53878E-004	11	..........a	-327.68
	2047	2048	-1.60976E+000	-2.00190E-001	-2.01866E+000	-2.00025E+000	4.91361E-004	11	..........a	-327.68
	2048	2049	-1.60736E+000	-2.00191E-001	-2.02127E+000	-2.00025E+000	4.82411E-004	11	..........a	-327.68
	2049	2050	-1.60136E+000	-2.00190E-001	-2.02688E+000	-2.00025E+000	4.80628E-004	11	..........a	-327.68
	2050	2051	-1.60896E+000	-2.00190E-001	-2.02125E+000	-2.00025E+000	4.74078E-004	11	..........a	-327.68
	2051	2052	-1.60216E+000	-2.00191E-001	-2.03040E+000	-2.00025E+000	4.78861E-004	11	..........a	-327.68
	2052	2053	-1.60856E+000	-2.00190E-001	-2.02195E+000	-2.00025E+000	4.79511E-004	11	..........a	-327.68
	2053	2054	-1.60936E+000	-2.00190E-001	-2.02168E+000	-2.00025E+000	4.80594E-004	11	..........a	-327.68
	2054	2055	-1.61016E+000	-2.00190E-001	-2.02280E+000	-2.00025E+000	4.80328E-004	11	..........a	-327.68
	2055	2056	-1.60896E+000	-2.00190E-001	-2.02370E+000	-2.00025E+000	4.83028E-004	11	..........a	-327.68
	2056	2057	-1.60776E+000	-2.00190E-001	-2.02585E+000	-2.00025E+000	4.86461E-004	11	..........a	-327.68
	2057	2058	-1.60936E+000	-2.00190E-001	-2.02292E+000	-2.00025E+000	4.91261E-004	11	..........a	-327.68
	2058	2059	-1.60856E+000	-2.00190E-001	-2.02389E+000	-2.00025E+000	4.91611E-004	11	..........a	-327.68
	2059	2060	-1.60896E+000	-2.00190E-001	-2.02306E+000	-2.00025E+000	4.89578E-004	11	..........a	-327.68
	2060	2061	-1.60896E+000	-2.00190E-001	-2.02520E+000	-2.00025E+000	4.89828E-004	11	..........a	-327.68
	2061	2062	-1.60856E+000	-2.00190E-001	-2.02361E+000	-2.00025E+000	4.89061E-004	11	..........a	-327.68
	2062	2063	-1.60816E+000	-2.00190E-001	-2.02545E+000	-2.00025E+000	4.84144E-004	11	..........a	-327.68
	2063	2064	-1.61016E+000	-2.00190E-001	-2.02256E+000	-2.00025E+000	4.87678E-004	11	..........a	-327.68
	2064	2065	-1.60216E+000	-2.00190E-001	-2.03068E+000	-2.00025E+000	4.85294E-004	11	..........a	-327.68
	2065	2066	-1.60736E+000	-2.00190E-001	-2.02543E+000	-2.00025E+000	4.81561E-004	11	..........a	-327.68
	2066	2067	-1.60856E+000	-2.00190E-001	-2.02492E+000	-2.00025E+000	4.76944E-004	11	..........a	-327.68
	2067	2068	-1.60896E+000	-2.00190E-001	-2.02396E+000	-2.00025E+000	4.83728E-004	11	..........a	-327.68
	2068	2069	-1.60856E+000	-2.00190E-001	-2.02607E+000	-2.00025E+000	4.79761E-004	11	..........a	-327.68
	2069	2070	-1.60816E+000	-2.00190E-001	-2.02473E+000	-2.00025E+000	4.82594E-004	11	..........a	-327.68
	2070	2071	-1.60856E+000	-2.00190E-001	-2.02412E+000	-2.00025E+000	4.84644E-004	11	..........a	-327.68
	2071	2072	-1.60936E+000	-2.00190E-001	-2.02385E+000	-2.00025E+000	4.83111E-004	11	..........a	-327.68
	2072	2073	-1.61016E+000	-2.00190E-001	-2.02579E+000	-2.00025E+000	4.75444E-004	11	..........a	-327.68
	2073	2074	-1.60856E+000	-2.00192E-001	-2.02456E+000	-2.00025E+000	8.84444E-005	11	..........a	-327.68
	2074	2075	-1.60856E+000	-2.00191E-001	-2.02641E+000	-2.00025E+000	8.79444E-005	11	..........a	-327.68
	2075	2076	-1.60856E+000	-2.00191E-001	-2.02484E+000	-2.00025E+000	8.92277E-005	11	..........a	-327.68
	2076	2077	-1.60936E+000	-2.00191E-001	-2.02296E+000	-2.00025E+000	9.62277E-005	11	..........a	-327.68
	2077	2078	-1.60216E+000	-2.00191E-001	-2.03122E+000	-2.00025E+000	1.07411E-004	11	..........a	-327.68
	2078	2079	-1.60936E+000	-2.00191E-001	-2.02654E+000	-2.00025E+000	1.04544E-004	11	..........a	-327.68
	2079	2080	-1.61016E+000	-2.00192E-001	-2.02602E+000	-2.00025E+000	1.09494E-004	11	..........a	-327.68
	2080	2081	-1.60776E+000	-2.00192E-001	-2.03165E+000	-2.00025E+000	9.91444E-005	11	..........a	-327.68
	2081	2082	-1.60936E+000	-2.00191E-001	-2.02729E+000	-2.00025E+000	9.01277E-005	11	..........a	-327.68
	2082	2083	-1.60936E+000	-2.00192E-001	-2.02848E+000	-2.00025E+000	8.98444E-005	11	..........a	-327.68
	2083	2084	-1.60936E+000	-2.00192E-001	-2.02538E+000	-2.00025E+000	9.76444E-005	11	..........a	-327.68
	2084	2085	-1.60856E+000	-2.00191E-001	-2.02656E+000	-2.00025E+000	1.03861E-004	11	..........a	-327.68
	2085	2086	-1.60856E+000	-2.00191E-001	-2.02576E+000	-2.00025E+000	1.04311E-004	11	..........a	-327.68
	2086	2087	-1.60936E+000	-2.00191E-001	-2.02611E+000	-2.00025E+000	1.07278E-004	11	..........a	-327.68
	2087	2088	-1.60736E+000	-2.00191E-001	-2.02526E+000	-2.00025E+000	9.41777E-005	11	..........a	-327.68
	2088	2089	-1.60696E+000	-2.00192E-001	-2.02776E+000	-2.00025E+000	9.69611E-005	11	..........a	-327.68
	2089	2090	-1.60856E+000	-2.00191E-001	-2.02514E+000	-2.00025E+000	1.03978E-004	11	..........a	-327.68
	2090	2091	-1.60136E+000	-2.00191E-001	-2.03487E+000	-2.00025E+000	1.06061E-004	11	..........a	-327.68
	2091	2092	-1.60936E+000	-2.00192E-001	-2.02545E+000	-2.00025E+000	1.01328E-004	11	..........a	-327.68
	2092	2093	-1.60216E+000	-2.00192E-001	-2.03212E+000	-2.00025E+000	1.04544E-004	11	..........a	-327.68
	2093	2094	-1.60856E+000	-2.00191E-001	-2.02637E+000	-2.00025E+000	9.74611E-005	11	..........a	-327.68
	2094	2095	-1.60856E+000	-2.00192E-001	-2.02624E+000	-2.00025E+000	9.84944E-005	11	..........a	-327.68
	2095	2096	-1.60976E+000	-2.00192E-001	-2.02238E+000	-2.00025E+000	8.71611E-005	11	..........a	-327.68
	2096	2097	-1.60936E+000	-2.00192E-001	-2.02347E+000	-2.00025E+000	9.16611E-005	11	..........a	-327.68
	2097	2098	-1.60816E+000	-2.00191E-001	-2.02360E+000	-2.00025E+000	8.00277E-005	11	..........a	-327.68
	2098	2099	-1.60776E+000	-2.00192E-001	-2.02275E+000	-2.00025E+000	9.08944E-005	11	..........a	-327.68
	2099	2100	-1.60856E+000	-2.00191E-001	-2.02083E+000	-2.00025E+000	9.24777E-005	11	..........a	-327.68
	2100	2101	-1.60856E+000	-2.00191E-001	-2.02006E+000	-2.00025E+000	9.65611E-005	11	..........a	-327.68
	2101	2102	-1.60776E+000	-2.00191E-001	-2.02053E+000	-2.00025E+000	9.05777E-005	11	..........a	-327.68
	2102	2103	-1.60856E+000	-2.00191E-001	-2.02089E+000	-2.00025E+000	8.36944E-005	11	..........a	-327.68
	2103	2104	-1.59976E+000	-2.00192E-001	-2.02768E+000	-2.00025E+000	9.08611E-005	11	..........a	-327.68
	2104	2105	-1.60656E+000	-2.00191E-001	-2.02015E+000	-2.00025E+000	9.18277E-005	11	..........a	-327.68
	2105	2106	-1.60776E+000	-2.00192E-001	-2.01969E+000	-2.00025E+000	9.93611E-005	11	..........a	-327.68
	2106	2107	-1.60776E+000	-2.00192E-001	-2.02081E+000	-2.00025E+000	1.09144E-004	11	..........a	-327.68
	2107	2108	-1.60816E+000	-2.00192E-001	-2.02139E+000	-2.00025E+000	1.11594E-004	11	..........a	-327.68
	2108	2109	-1.60896E+000	-2.00192E-001	-2.02192E+000	-2.00025E+000	9.92277E-005	11	..........a	-327.68
	2109	2110	-1.60616E+000	-2.00192E-001	-2.02468E+000	-2.00025E+000	1.01411E-004	11	..........a	-327.68
	2110	2111	-1.60776E+000	-2.00192E-001	-2.02377E+000	-2.00025E+000	9.15444E-005	11	..........a	-327.68
	2111	2112	-1.60776E+000	-2.00192E-001	-2.02381E+000	-2.00025E+000	9.08944E-005	11	..........a	-327.68
	2112	2113	-1.60776E+000	-2.00192E-001	-2.02589E+000	-2.00025E+000	9.34277E-005	11	..........a	-327.68
	2113	2114	-1.60856E+000	-2.00191E-001	-2.02589E+000	-2.00025E+000	9.19944E-005	11	..........a	-327.68
	2114	2115	-1.60776E+000	-2.00192E-001	-2.02610E+000	-2.00025E+000	9.06111E-005	11	..........a	-327.68
	2115	2116	-1.60856E+000	-2.00192E-001	-2.02621E+000	-2.00025E+000	9.27444E-005	11	..........a	-327.68
	2116	2117	-1.60936E+000	-2.00192E-001	-2.02344E+000	-2.00025E+000	9.77444E-005	11	..........a	-327.68
	2117	2118	-1.60616E+000	-2.00191E-001	-2.02679E+000	-2.00025E+000	1.06911E-004	11	..........a	-327.68
	2118	2119	-1.60056E+000	-2.00192E-001	-2.03258E+000	-2.00025E+000	1.03844E-004	11	..........a	-327.68
	2119	2120	-1.60776E+000	-2.00191E-001	-2.02386E+000	-2.00025E+000	9.72111E-005	11	..........a	-327.68
	2120	2121	-1.60736E+000	-2.00192E-001	-2.02646E+000	-2.00025E+000	1.03028E-004	11	..........a	-327.68
	2121	2122	-1.60976E+000	-2.00191E-001	-2.02406E+000	-2.00025E+000	9.69444E-005	11	..........a	-327.68
	2122	2123	-1.60696E+000	-2.00192E-001	-2.02594E+000	-2.00025E+000	1.00011E-004	11	..........a	-327.68
	2123	2124	-1.60856E+000	-2.00192E-001	-2.02469E+000	-2.00025E+000	9.31777E-005	11	..........a	-327.68
	2124	2125	-1.60856E+000	-2.00192E-001	-2.02575E+000	-2.00025E+000	9.62611E-005	11	..........a	-327.68
	2125	2126	-1.60856E+000	-2.00192E-001	-2.02529E+000	-2.00025E+000	1.04278E-004	11	..........a	-327.68
	2126	2127	-1.60776E+000	-2.00191E-001	-2.02757E+000	-2.00025E+000	1.00228E-004	11	..........a	-327.68
	2127	2128	-1.60776E+000	-2.00192E-001	-2.02858E+000	-2.00025E+000	1.12494E-004	11	..........a	-327.68
	2128	2129	-1.60856E+000	-2.00192E-001	-2.02566E+000	-2.00025E+000	1.09378E-004	11	..........a	-327.68
	2129	2130	-1.60816E+000	-2.00192E-001	-2.02755E+000	-2.00025E+000	1.29694E-004	11	..........a	-327.68
	2130	2131	-1.60856E+000	-2.00192E-001	-2.02588E+000	-2.00025E+000	1.20678E-004	11	..........a	-327.68
	2131	2132	-1.60856E+000	-2.00192E-001	-2.02576E+000	-2.00025E+000	1.11394E-004	11	..........a	-327.68
	2132	2133	-1.60856E+000	-2.00191E-001	-2.02487E+000	-2.00025E+000	1.06094E-004	11	..........a	-327.68
	2133	2134	-1.60056E+000	-2.00192E-001	-2.03434E+000	-2.00025E+000	1.04294E-004	11	..........a	-327.68
	2134	2135	-1.60696E+000	-2.00192E-001	-2.02676E+000	-2.00025E+000	1.14811E-004	11	..........a	-327.68
	2135	2136	-1.60696E+000	-2.00192E-001	-2.02815E+000	-2.00025E+000	1.20544E-004	11	..........a	-327.68
	2136	2137	-1.60776E+000	-2.00192E-001	-2.02800E+000	-2.00025E+000	1.10578E-004	11	..........a	-327.68
	2137	2138	-1.60856E+000	-2.00192E-001	-2.02792E+000	-2.00025E+000	1.01211E-004	11	..........a	-327.68
	2138	2139	-1.60856E+000	-2.00192E-001	-2.02593E+000	-2.00025E+000	1.04211E-004	11	..........a	-327.68
	2139	2140	-1.60776E+000	-2.00192E-001	-2.03017E+000	-2.00025E+000	8.64777E-005	11	..........a	-327.68
	2140	2141	-1.60776E+000	-2.00192E-001	-2.02952E+000	-2.00025E+000	9.96444E-005	11	..........a	-327.68
	2141	2142	-1.60856E+000	-2.00192E-001	-2.03117E+000	-2.00025E+000	1.04794E-004	11	..........a	-327.68
	2142	2143	-1.60936E+000	-2.00191E-001	-2.02862E+000	-2.00025E+000	1.11961E-004	11	..........a	-327.68
	2143	2144	-1.60936E+000	-2.00192E-001	-2.02955E+000	-2.00025E+000	1.07344E-004	11	..........a	-327.68
	2144	2145	-1.61056E+000	-2.00191E-001	-2.02633E+000	-2.00025E+000	1.05178E-004	11	..........a	-327.68
	2145	2146	-1.60936E+000	-2.00192E-001	-2.02948E+000	-2.00025E+000	9.80444E-005	11	..........a	-327.68
	2146	2147	-1.60736E+000	-2.00192E-001	-2.03031E+000	-2.00025E+000	9.73777E-005	11	..........a	-327.68
	2147	2148	-1.60696E+000	-2.00192E-001	-2.03140E+000	-2.00025E+000	9.81944E-005	11	..........a	-327.68
	2148	2149	-1.60816E+000	-2.00191E-001	-2.03008E+000	-2.00025E+000	1.02044E-004	11	..........a	-327.68
	2149	2150	-1.60776E+000	-2.00191E-001	-2.03351E+000	-2.00025E+000	1.11494E-004	11	..........a	-327.68
	2150	2151	-1.60856E+000	-2.00191E-001	-2.03371E+000	-2.00025E+000	1.23011E-004	11	..........a	-327.68
	2151	2152	-1.60936E+000	-2.00191E-001	-2.03392E+000	-2.00025E+000	1.22244E-004	11	..........a	-327.68
	2152	2153	-1.60776E+000	-2.00191E-001	-2.03325E+000	-2.00025E+000	1.04544E-004	11	..........a	-327.68
	2153	2154	-1.60776E+000	-2.00191E-001	-2.03619E+000	-2.00025E+000	1.05761E-004	11	..........a	-327.68
	2154	2155	-1.60696E+000	-2.00191E-001	-2.03590E+000	-2.00025E+000	9.76111E-005	11	..........a	-327.68
	2155	2156	-1.60856E+000	-2.00191E-001	-2.03596E+000	-2.00025E+000	1.00911E-004	11	..........a	-327.68
	2156	2157	-1.60856E+000	-2.00192E-001	-2.03127E+000	-2.00025E+000	9.83277E-005	11	..........a	-327.68
	2157	2158	-1.60856E+000	-2.00191E-001	-2.03574E+000	-2.00025E+000	3.22511E-004	11	..........a	-327.68
	2158	2159	-1.60856E+000	-2.00192E-001	-2.03355E+000	-2.00025E+000	3.29761E-004	11	..........a	-327.68
	2159	2160	-1.60976E+000	-2.00191E-001	-2.03333E+000	-2.00025E+000	3.31794E-004	11	..........a	-327.68
	2160	2161	-1.60816E+000	-2.00191E-001	-2.03219E+000	-2.00025E+000	3.28428E-004	11	..........a	-327.68
	2161	2162	-1.60776E+000	-2.00191E-001	-2.03704E+000	-2.00025E+000	3.29694E-004	11	..........a	-327.68
	2162	2163	-1.60816E+000	-2.00191E-001	-2.03366E+000	-2.00025E+000	3.25911E-004	11	..........a	-327.68
	2163	2164	-1.60696E+000	-2.00191E-001	-2.03560E+000	-2.00025E+000	3.30244E-004	11	..........a	-327.68
	2164	2165	-1.60816E+000	-2.00191E-001	-2.03348E+000	-2.00025E+000	3.33944E-004	11	..........a	-327.68
	2165	2166	-1.60896E+000	-2.00191E-001	-2.03532E+000	-2.00025E+000	3.32894E-004	11	..........a	-327.68
	2166	2167	-1.60776E+000	-2.00192E-001	-2.03427E+000	-2.00025E+000	3.30461E-004	11	..........a	-327.68
	2167	2168	-1.60696E+000	-2.00191E-001	-2.03462E+000	-2.00025E+000	3.23844E-004	11	..........a	-327.68
	2168	2169	-1.60856E+000	-2.00191E-001	-2.03140E+000	-2.00025E+000	3.27944E-004	11	..........a	-327.68
	2169	2170	-1.60776E+000	-2.00191E-001	-2.03006E+000	-2.00025E+000	3.31894E-004	11	..........a	-327.68
	2170	2171	-1.60696E+000	-2.00191E-001	-2.03033E+000	-2.00025E+000	3.23878E-004	11	..........a	-327.68
	2171	2172	-1.60816E+000	-2.00191E-001	-2.03085E+000	-2.00025E+000	3.29078E-004	11	..........a	-327.68
	2172	2173	-1.60696E+000	-2.00191E-001	-2.03150E+000	-2.00025E+000	3.29111E-004	11	..........a	-327.68
	2173	2174	-1.60736E+000	-2.00191E-001	-2.03333E+000	-2.00025E+000	3.22211E-004	11	..........a	-327.68
	2174	2175	-1.60056E+000	-2.00191E-001	-2.03981E+000	-2.00025E+000	3.21094E-004	11	..........a	-327.68
	2175	2176	-1.60816E+000	-2.00191E-001	-2.03159E+000	-2.00025E+000	3.26961E-004	11	..........a	-327.68
	2176	2177	-1.60696E+000	-2.00192E-001	-2.03490E+000	-2.00025E+000	3.27428E-004	11	..........a	-327.68
	2177	2178	-1.60776E+000	-2.00191E-001	-2.03531E+000	-2.00025E+000	3.26228E-004	11	..........a	-327.68
	2178	2179	-1.60736E+000	-2.00191E-001	-2.03465E+000	-2.00025E+000	3.21861E-004	11	..........a	-327.68
	2179	2180	-1.61056E+000	-2.00191E-001	-2.03324E+000	-2.00025E+000	3.23794E-004	11	..........a	-327.68
	2180	2181	-1.60976E+000	-2.00190E-001	-2.03291E+000	-2.00025E+000	3.19378E-004	11	..........a	-327.68
	2181	2182	-1.60936E+000	-2.00191E-001	-2.03533E+000	-2.00025E+000	3.23594E-004	11	..........a	-327.68
	2182	2183	-1.60856E+000	-2.00191E-001	-2.03489E+000	-2.00025E+000	3.32461E-004	11	..........a	-327.68
	2183	2184	-1.60936E+000	-2.00191E-001	-2.03541E+000	-2.00025E+000	3.01328E-004	11	..........a	-327.68
	2184	2185	-1.60776E+000	-2.00191E-001	-2.03822E+000	-2.00025E+000	2.98744E-004	11	..........a	-327.68
	2185	2186	-1.60896E+000	-2.00191E-001	-2.03538E+000	-2.00025E+000	3.00644E-004	11	..........a	-327.68
	2186	2187	-1.60736E+000	-2.00190E-001	-2.03734E+000	-2.00025E+000	3.06561E-004	11	..........a	-327.68
	2187	2188	-1.60136E+000	-2.00191E-001	-2.04137E+000	-2.00025E+000	3.04028E-004	11	..........a	-327.68
	2188	2189	-1.60776E+000	-2.00191E-001	-2.03535E+000	-2.00025E+000	3.04528E-004	11	..........a	-327.68
	2189	2190	-1.60976E+000	-2.00191E-001	-2.03198E+000	-2.00025E+000	3.06094E-004	11	..........a	-327.68
	2190	2191	-1.60936E+000	-2.00191E-001	-2.03480E+000	-2.00025E+000	3.14711E-004	11	..........a	-327.68
	2191	2192	-1.60856E+000	-2.00191E-001	-2.03366E+000	-2.00025E+000	3.02378E-004	11	..........a	-327.68
	2192	2193	-1.60976E+000	-2.00191E-001	-2.03286E+000	-2.00025E+000	3.05161E-004	11	..........a	-327.68
	2193	2194	-1.60936E+000	-2.00191E-001	-2.03139E+000	-2.00025E+000	3.10378E-004	11	..........a	-327.68
	2194	2195	-1.60936E+000	-2.00191E-001	-2.03249E+000	-2.00025E+000	3.06911E-004	11	..........a	-327.68
	2195	2196	-1.60776E+000	-2.00191E-001	-2.03582E+000	-2.00025E+000	3.07961E-004	11	..........a	-327.68
	2196	2197	-1.60856E+000	-2.00191E-001	-2.03629E+000	-2.00025E+000	3.03811E-004	11	..........a	-327.68
	2197	2198	-1.60696E+000	-2.00191E-001	-2.03528E+000	-2.00025E+000	3.05311E-004	11	..........a	-327.68
	2198	2199	-1.60856E+000	-2.00191E-001	-2.03689E+000	-2.00025E+000	3.10228E-004	11	..........a	-327.68
	2199	2200	-1.60936E+000	-2.00191E-001	-2.03442E+000	-2.00025E+000	3.14478E-004	11	..........a	-327.68
	2200	2201	-1.60096E+000	-2.00191E-001	-2.04637E+000	-2.00025E+000	3.13428E-004	11	..........a	-327.68
	2201	2202	-1.60936E+000	-2.00192E-001	-2.03663E+000	-2.00025E+000	3.12011E-004	11	..........a	-327.68
	2202	2203	-1.60856E+000	-2.00191E-001	-2.03876E+000	-2.00025E+000	3.08894E-004	11	..........a	-327.68
	2203	2204	-1.60856E+000	-2.00192E-001	-2.03656E+000	-2.00025E+000	3.13144E-004	11	..........a	-327.68
	2204	2205	-1.60816E+000	-2.00192E-001	-2.03692E+000	-2.00025E+000	3.06811E-004	11	..........a	-327.68
	2205	2206	-1.60936E+000	-2.00192E-001	-2.03375E+000	-2.00025E+000	3.07461E-004	11	..........a	-327.68
	2206	2207	-1.60776E+000	-2.00192E-001	-2.03802E+000	-2.00025E+000	3.08261E-004	11	..........a	-327.68
	2207	2208	-1.60776E+000	-2.00192E-001	-2.03635E+000	-2.00025E+000	3.00128E-004	11	..........a	-327.68
	2208	2209	-1.60936E+000	-2.00192E-001	-2.03457E+000	-2.00025E+000	2.97678E-004	11	..........a	-327.68
	2209	2210	-1.60776E+000	-2.00192E-001	-2.03457E+000	-2.00025E+000	3.15161E-004	11	..........a	-327.68
	2210	2211	-1.60856E+000	-2.00192E-001	-2.03354E+000	-2.00025E+000	3.14244E-004	11	..........a	-327.68
	2211	2212	-1.60856E+000	-2.00192E-001	-2.03250E+000	-2.00025E+000	3.17728E-004	11	..........a	-327.68
	2212	2213	-1.60936E+000	-2.00192E-001	-2.03315E+000	-2.00025E+000	3.09511E-004	11	..........a	-327.68
	2213	2214	-1.60096E+000	-2.00192E-001	-2.04014E+000	-2.00025E+000	3.14794E-004	11	..........a	-327.68
	2214	2215	-1.60776E+000	-2.00192E-001	-2.03335E+000	-2.00025E+000	3.04761E-004	11	..........a	-327.68
	2215	2216	-1.60696E+000	-2.00192E-001	-2.03414E+000	-2.00025E+000	3.17728E-004	11	..........a	-327.68
	2216	2217	-1.60776E+000	-2.00192E-001	-2.03451E+000	-2.00025E+000	3.04744E-004	11	..........a	-327.68
	2217	2218	-1.60936E+000	-2.00192E-001	-2.03196E+000	-2.00025E+000	3.12444E-004	11	..........a	-327.68
	2218	2219	-1.60856E+000	-2.00192E-001	-2.03585E+000	-2.00025E+000	3.12794E-004	11	..........a	-327.68
	2219	2220	-1.60936E+000	-2.00191E-001	-2.03400E+000	-2.00025E+000	3.12978E-004	11	..........a	-327.68
	2220	2221	-1.60936E+000	-2.00191E-001	-2.03292E+000	-2.00025E+000	3.12944E-004	11	..........a	-327.68
	2221	2222	-1.60856E+000	-2.00192E-001	-2.03790E+000	-2.00025E+000	3.07311E-004	11	..........a	-327.68
	2222	2223	-1.60856E+000	-2.00191E-001	-2.03680E+000	-2.00025E+000	3.10578E-004	11	..........a	-327.68
	2223	2224	-1.60856E+000	-2.00191E-001	-2.03680E+000	-2.00025E+000	3.09044E-004	11	..........a	-327.68
	2224	2225	-1.60136E+000	-2.00192E-001	-2.04441E+000	-2.00025E+000	3.07611E-004	11	..........a	-327.68
	2225	2226	-1.60856E+000	-2.00191E-001	-2.03630E+000	-2.00025E+000	3.08878E-004	11	..........a	-327.68
	2226	2227	-1.60856E+000	-2.00192E-001	-2.03574E+000	-2.00025E+000	3.03028E-004	11	..........a	-327.68
	2227	2228	-1.60936E+000	-2.00192E-001	-2.03751E+000	-2.00025E+000	3.09694E-004	11	..........a	-327.68
	2228	2229	-1.60856E+000	-2.00192E-001	-2.03686E+000	-2.00025E+000	3.13778E-004	11	..........a	-327.68
	2229	2230	-1.60856E+000	-2.00192E-001	-2.03755E+000	-2.00025E+000	3.15611E-004	11	..........a	-327.68
	2230	2231	-1.60896E+000	-2.00192E-001	-2.03741E+000	-2.00025E+000	3.12278E-004	11	..........a	-327.68
	2231	2232	-1.60936E+000	-2.00191E-001	-2.03693E+000	-2.00025E+000	3.05011E-004	11	..........a	-327.68
	2232	2233	-1.60776E+000	-2.00192E-001	-2.03787E+000	-2.00025E+000	3.07528E-004	11	..........a	-327.68
	2233	2234	-1.61016E+000	-2.00192E-001	-2.03809E+000	-2.00025E+000	3.13094E-004	11	..........a	-327.68
	2234	2235	-1.60856E+000	-2.00191E-001	-2.03653E+000	-2.00025E+000	3.09978E-004	11	..........a	-327.68
	2235	2236	-1.60936E+000	-2.00191E-001	-2.03838E+000	-2.00025E+000	3.09944E-004	11	..........a	-327.68
	2236	2237	-1.60856E+000	-2.00192E-001	-2.03829E+000	-2.00025E+000	3.18911E-004	11	..........a	-327.68
	2237	2238	-1.61016E+000	-2.00191E-001	-2.03693E+000	-2.00025E+000	3.06028E-004	11	..........a	-327.68
	2238	2239	-1.60856E+000	-2.00192E-001	-2.03668E+000	-2.00025E+000	3.09828E-004	11	..........a	-327.68
	2239	2240	-1.60216E+000	-2.00191E-001	-2.04570E+000	-2.00025E+000	3.11394E-004	11	..........a	-327.68
	2240	2241	-1.60856E+000	-2.00191E-001	-2.03873E+000	-2.00025E+000	3.14528E-004	11	..........a	-327.68
	2241	2242	-1.60856E+000	-2.00191E-001	-2.03889E+000	-2.00025E+000	3.22044E-004	11	..........a	-327.68
	2242	2243	-1.60856E+000	-2.00191E-001	-2.03635E+000	-2.00025E+000	3.16444E-004	11	..........a	-327.68
	2243	2244	-1.60776E+000	-2.00191E-001	-2.04225E+000	-2.00025E+000	3.06544E-004	11	..........a	-327.68
	2244	2245	-1.61016E+000	-2.00191E-001	-2.04017E+000	-2.00025E+000	3.08828E-004	11	..........a	-327.68
	2245	2246	-1.60856E+000	-2.00191E-001	-2.04363E+000	-2.00025E+000	3.12494E-004	11	..........a	-327.68
	2246	2247	-1.61016E+000	-2.00191E-001	-2.04030E+000	-2.00025E+000	3.06744E-004	11	..........a	-327.68
	2247	2248	-1.60856E+000	-2.00191E-001	-2.04262E+000	-2.00025E+000	3.13878E-004	11	..........a	-327.68
	2248	2249	-1.60936E+000	-2.00191E-001	-2.04202E+000	-2.00025E+000	3.14428E-004	11	..........a	-327.68
	2249	2250	-1.60856E+000	-2.00191E-001	-2.04246E+000	-2.00025E+000	3.07794E-004	11	..........a	-327.68
	2250	2251	-1.60816E+000	-2.00192E-001	-2.04082E+000	-2.00025E+000	3.14161E-004	11	..........a	-327.68
	2251	2252	-1.60776E+000	-2.00192E-001	-2.04394E+000	-2.00025E+000	3.15061E-004	11	..........a	-327.68
	2252	2253	-1.60976E+000	-2.00192E-001	-2.03848E+000	-2.00025E+000	3.14328E-004	11	..........a	-327.68
	2253	2254	-1.60936E+000	-2.00191E-001	-2.03927E+000	-2.00025E+000	3.10344E-004	11	..........a	-327.68
	2254	2255	-1.60216E+000	-2.00192E-001	-2.04769E+000	-2.00025E+000	3.06578E-004	11	..........a	-327.68
	2255	2256	-1.60936E+000	-2.00192E-001	-2.04187E+000	-2.00025E+000	3.05361E-004	11	..........a	-327.68
	2256	2257	-1.60216E+000	-2.00192E-001	-2.04658E+000	-2.00025E+000	3.02261E-004	11	..........a	-327.68
	2257	2258	-1.60936E+000	-2.00192E-001	-2.04094E+000	-2.00025E+000	3.03111E-004	11	..........a	-327.68
	2258	2259	-1.61016E+000	-2.00192E-001	-2.03883E+000	-2.00025E+000	3.04494E-004	11	..........a	-327.68
	2259	2260	-1.60776E+000	-2.00192E-001	-2.04218E+000	-2.00025E+000	3.07078E-004	11	..........a	-327.68
	2260	2261	-1.60936E+000	-2.00192E-001	-2.04051E+000	-2.00025E+000	3.07994E-004	11	..........a	-327.68
	2261	2262	-1.60896E+000	-2.00191E-001	-2.04332E+000	-2.00025E+000	3.00044E-004	11	..........a	-327.68
	2262	2263	-1.60936E+000	-2.00192E-001	-2.04150E+000	-2.00025E+000	3.09428E-004	11	..........a	-327.68
	2263	2264	-1.60776E+000	-2.00191E-001	-2.04331E+000	-2.00025E+000	3.04778E-004	11	..........a	-327.68
	2264	2265	-1.61056E+000	-2.00191E-001	-2.04012E+000	-2.00025E+000	3.06361E-004	11	..........a	-327.68
	2265	2266	-1.59976E+000	-2.00192E-001	-2.05466E+000	-2.00025E+000	3.02061E-004	11	..........a	-327.68
	2266	2267	-1.60896E+000	-2.00192E-001	-2.04555E+000	-2.00025E+000	2.97461E-004	11	..........a	-327.68
	2267	2268	-1.60736E+000	-2.00192E-001	-2.04474E+000	-2.00025E+000	2.93761E-004	11	..........a	-327.68
	2268	2269	-1.60776E+000	-2.00191E-001	-2.04311E+000	-2.00025E+000	3.01478E-004	11	..........a	-327.68
	2269	2270	-1.60856E+000	-2.00192E-001	-2.04490E+000	-2.00025E+000	3.00011E-004	11	..........a	-327.68
	2270	2271	-1.60816E+000	-2.00192E-001	-2.04594E+000	-2.00025E+000	3.03778E-004	11	..........a	-327.68
	2271	2272	-1.60816E+000	-2.00192E-001	-2.04478E+000	-2.00025E+000	3.02178E-004	11	..........a	-327.68
	2272	2273	-1.60976E+000	-2.00192E-001	-2.04161E+000	-2.00025E+000	3.03478E-004	11	..........a	-327.68
	2273	2274	-1.60536E+000	-2.00192E-001	-2.04676E+000	-2.00025E+000	3.06078E-004	11	..........a	-327.68
	2274	2275	-1.60896E+000	-2.00192E-001	-2.04358E+000	-2.00025E+000	3.21928E-004	11	..........a	-327.68
	2275	2276	-1.60936E+000	-2.00192E-001	-2.04256E+000	-2.00025E+000	3.20561E-004	11	..........a	-327.68
	2276	2277	-1.60936E+000	-2.00193E-001	-2.04314E+000	-2.00025E+000	3.17944E-004	11	..........a	-327.68
	2277	2278	-1.60856E+000	-2.00193E-001	-2.04057E+000	-2.00025E+000	3.28444E-004	11	..........a	-327.68
	2278	2279	-1.60136E+000	-2.00192E-001	-2.04668E+000	-2.00025E+000	3.26211E-004	11	..........a	-327.68
	2279	2280	-1.60856E+000	-2.00192E-001	-2.04121E+000	-2.00025E+000	3.29411E-004	11	..........a	-327.68
	2280	2281	-1.60896E+000	-2.00192E-001	-2.04169E+000	-2.00025E+000	3.31461E-004	11	..........a	-327.68
	2281	2282	-1.60856E+000	-2.00193E-001	-2.04056E+000	-2.00025E+000	3.27461E-004	11	..........a	-327.68
	2282	2283	-1.60496E+000	-2.00192E-001	-1.92151E+000	-2.00025E+000	3.25594E-004	11	..........a	-327.68
	2283	2284	-1.60536E+000	-2.00192E-001	-1.92105E+000	-2.00025E+000	3.35678E-004	11	..........a	-327.68
	2284	2285	-1.60736E+000	-2.00192E-001	-1.92459E+000	-2.00025E+000	3.19694E-004	11	..........a	-327.68
	2285	2286	-1.60696E+000	-2.00192E-001	-1.92533E+000	-2.00025E+000	3.26961E-004	11	..........a	-327.68
	2286	2287	-1.60776E+000	-2.00192E-001	-1.92408E+000	-2.00025E+000	3.26928E-004	11	..........a	-327.68
	2287	2288	-1.60776E+000	-2.00192E-001	-1.92299E+000	-2.00025E+000	3.21828E-004	11	..........a	-327.68
	2288	2289	-1.60776E+000	-2.00192E-001	-1.92487E+000	-2.00025E+000	3.31661E-004	11	..........a	-327.68
	2289	2290	-1.60816E+000	-2.00192E-001	-1.92218E+000	-2.00025E+000	3.17444E-004	11	..........a	-327.68
	2290	2291	-1.60736E+000	-2.00192E-001	-1.92293E+000	-2.00025E+000	3.22628E-004	11	..........a	-327.68
	2291	2292	-1.60136E+000	-2.00192E-001	-1.92591E+000	-2.00025E+000	3.23361E-004	11	..........a	-327.68
	2292	2293	-1.60736E+000	-2.00192E-001	-1.92318E+000	-2.00025E+000	3.28094E-004	11	..........a	-327.68
	2293	2294	-1.60856E+000	-2.00193E-001	-1.91726E+000	-2.00025E+000	3.32594E-004	11	..........a	-327.68
	2294	2295	-1.60856E+000	-2.00193E-001	-1.91895E+000	-2.00025E+000	3.29411E-004	11	..........a	-327.68
	2295	2296	-1.60856E+000	-2.00192E-001	-1.91800E+000	-2.00025E+000	3.23544E-004	11	..........a	-327.68
	2296	2297	-1.60696E+000	-2.00193E-001	-1.91860E+000	-2.00025E+000	3.25561E-004	11	..........a	-327.68
	2297	2298	-1.60616E+000	-2.00193E-001	-1.92095E+000	-2.00025E+000	3.23711E-004	11	..........a	-327.68
	2298	2299	-1.60856E+000	-2.00192E-001	-1.92211E+000	-2.00025E+000	3.15828E-004	11	..........a	-327.68
	2299	2300	-1.60696E+000	-2.00193E-001	-1.97408E+000	-2.00025E+000	3.31411E-004	11	..........a	-327.68
	2300	2301	-1.60776E+000	-2.00193E-001	-1.93611E+000	-2.00025E+000	3.25561E-004	11	..........a	-327.68
	2301	2302	-1.60856E+000	-2.00193E-001	-1.92663E+000	-2.00025E+000	3.33694E-004	11	..........a	-327.68
	2302	2303	-1.60776E+000	-2.00193E-001	-1.92936E+000	-2.00025E+000	3.31878E-004	11	..........a	-327.68
	2303	2304	-1.60696E+000	-2.00192E-001	-1.92962E+000	-2.00025E+000	3.33494E-004	11	..........a	-327.68
	2304	2305	-1.60776E+000	-2.00192E-001	-1.92820E+000	-2.00025E+000	3.30478E-004	11	..........a	-327.68
	2305	2306	-1.60856E+000	-2.00192E-001	-1.92372E+000	-2.00025E+000	3.25594E-004	11	..........a	-327.68
	2306	2307	-1.60776E+000	-2.00192E-001	-1.92880E+000	-2.00025E+000	3.22611E-004	11	..........a	-327.68
	2307	2308	-1.60856E+000	-2.00193E-001	-1.92741E+000	-2.00025E+000	3.33744E-004	11	..........a	-327.68
	2308	2309	-1.60856E+000	-2.00193E-001	-1.93856E+000	-2.00025E+000	3.25578E-004	11	..........a	-327.68
	2309	2310	-1.60856E+000	-2.00193E-001	-1.93256E+000	-2.00025E+000	3.31744E-004	11	..........a	-327.68
	2310	2311	-1.60976E+000	-2.00192E-001	-1.93215E+000	-2.00025E+000	3.30311E-004	11	..........a	-327.68
	2311	2312	-1.60936E+000	-2.00192E-001	-1.93068E+000	-2.00025E+000	3.26811E-004	11	..........a	-327.68
	2312	2313	-1.60856E+000	-2.00192E-001	-1.93297E+000	-2.00025E+000	3.25578E-004	11	..........a	-327.68
	2313	2314	-1.60856E+000	-2.00193E-001	-1.93132E+000	-2.00025E+000	3.27461E-004	11	..........a	-327.68
	2314	2315	-1.60776E+000	-2.00192E-001	-1.93309E+000	-2.00025E+000	3.36111E-004	11	..........a	-327.68
	2315	2316	-1.60856E+000	-2.00192E-001	-1.93243E+000	-2.00025E+000	3.30978E-004	11	..........a	-327.68
	2316	2317	-1.60936E+000	-2.00192E-001	-1.93152E+000	-2.00025E+000	3.23161E-004	11	..........a	-327.68
	2317	2318	-1.61016E+000	-2.00192E-001	-1.92996E+000	-2.00025E+000	3.33461E-004	11	..........a	-327.68
	2318	2319	-1.60856E+000	-2.00192E-001	-1.93335E+000	-2.00025E+000	3.30094E-004	11	..........a	-327.68
	2319	2320	-1.60856E+000	-2.00193E-001	-1.93206E+000	-2.00025E+000	3.32311E-004	11	..........a	-327.68
	2320	2321	-1.60776E+000	-2.00193E-001	-1.93227E+000	-2.00025E+000	3.33144E-004	11	..........a	-327.68
	2321	2322	-1.60776E+000	-2.00193E-001	-1.93128E+000	-2.00025E+000	3.26961E-004	11	..........a	-327.68
	2322	2323	-1.60856E+000	-2.00193E-001	-1.93306E+000	-2.00025E+000	3.34078E-004	11	..........a	-327.68
	2323	2324	-1.60936E+000	-2.00193E-001	-1.92828E+000	-2.00025E+000	3.37328E-004	11	..........a	-327.68
	2324	2325	-1.60776E+000	-2.00193E-001	-1.93047E+000	-2.00025E+000	3.38144E-004	11	..........a	-327.68
	2325	2326	-1.60936E+000	-2.00193E-001	-1.92804E+000	-2.00025E+000	3.36561E-004	11	..........a	-327.68
	2326	2327	-1.60936E+000	-2.00193E-001	-1.93060E+000	-2.00025E+000	3.34444E-004	11	..........a	-327.68
	2327	2328	-1.60856E+000	-2.00193E-001	-1.92778E+000	-2.00025E+000	3.28861E-004	11	..........a	-327.68
	2328	2329	-1.60896E+000	-2.00193E-001	-1.92822E+000	-2.00025E+000	3.33611E-004	11	..........a	-327.68
	2329	2330	-1.60776E+000	-2.00193E-001	-1.93275E+000	-2.00025E+000	3.27361E-004	11	..........a	-327.68
	2330	2331	-1.60856E+000	-2.00217E-001	-1.93136E+000	-2.00025E+000	9.57978E-004	11	..........a	-327.68
	2331	2332	-1.60776E+000	-2.00217E-001	-1.92982E+000	-2.00025E+000	9.69194E-004	11	..........a	-327.68
	2332	2333	-1.60856E+000	-2.00216E-001	-1.93229E+000	-2.00025E+000	9.56294E-004	11	..........a	-327.68
	2333	2334	-1.60936E+000	-2.00217E-001	-1.92809E+000	-2.00025E+000	9.70378E-004	11	..........a	-327.68
	2334	2335	-1.60216E+000	-2.00216E-001	-1.93643E+000	-2.00025E+000	9.65928E-004	11	..........a	-327.68
	2335	2336	-1.60776E+000	-2.00216E-001	-1.92753E+000	-2.00025E+000	9.62211E-004	11	..........a	-327.68
	2336	2337	-1.60696E+000	-2.00216E-001	-1.92932E+000	-2.00025E+000	9.67161E-004	11	..........a	-327.68
	2337	2338	-1.60776E+000	-2.00216E-001	-1.92694E+000	-2.00025E+000	9.61411E-004	11	..........a	-327.68
	2338	2339	-1.60856E+000	-2.00215E-001	-1.92784E+000	-2.00025E+000	9.57428E-004	11	..........a	-327.68
	2339	2340	-1.60776E+000	-2.00216E-001	-1.92516E+000	-2.00025E+000	9.59594E-004	11	..........a	-327.68
	2340	2341	-1.60776E+000	-2.00216E-001	-1.92704E+000	-2.00025E+000	9.69344E-004	11	..........a	-327.68
	2341	2342	-1.60776E+000	-2.00217E-001	-1.93010E+000	-2.00025E+000	9.64361E-004	11	..........a	-327.68
	2342	2343	-1.60776E+000	-2.00216E-001	-1.93026E+000	-2.00025E+000	9.63278E-004	11	..........a	-327.68
	2343	2344	-1.60936E+000	-2.00217E-001	-1.92780E+000	-2.00025E+000	9.70094E-004	11	..........a	-327.68
	2344	2345	-1.60856E+000	-2.00216E-001	-1.92853E+000	-2.00025E+000	9.64494E-004	11	..........a	-327.68
	2345	2346	-1.60696E+000	-2.00217E-001	-1.92762E+000	-2.00025E+000	9.72111E-004	11	..........a	-327.68
	2346	2347	-1.60776E+000	-2.00217E-001	-1.92982E+000	-2.00025E+000	9.68878E-004	11	..........a	-327.68
	2347	2348	-1.60056E+000	-2.00217E-001	-1.93520E+000	-2.00025E+000	9.60328E-004	11	..........a	-327.68
	2348	2349	-1.60856E+000	-2.00217E-001	-1.92673E+000	-2.00025E+000	9.60994E-004	11	..........a	-327.68
	2349	2350	-1.60936E+000	-2.00217E-001	-1.92488E+000	-2.00025E+000	9.72644E-004	11	..........a	-327.68
	2350	2351	-1.60776E+000	-2.00217E-001	-1.92735E+000	-2.00025E+000	9.68628E-004	11	..........a	-327.68
	2351	2352	-1.60776E+000	-2.00216E-001	-1.92457E+000	-2.00025E+000	9.60328E-004	11	..........a	-327.68
	2352	2353	-1.60696E+000	-2.00216E-001	-1.92796E+000	-2.00025E+000	9.67344E-004	11	..........a	-327.68
	2353	2354	-1.60776E+000	-2.00217E-001	-1.92609E+000	-2.00025E+000	9.74178E-004	11	..........a	-327.68
	2354	2355	-1.60616E+000	-2.00217E-001	-1.92625E+000	-2.00025E+000	9.61211E-004	11	..........a	-327.68
	2355	2356	-1.60856E+000	-2.00217E-001	-1.92272E+000	-2.00025E+000	9.63894E-004	11	..........a	-327.68
	2356	2357	-1.60856E+000	-2.00218E-001	-1.92613E+000	-2.00025E+000	9.67644E-004	11	..........a	-327.68
	2357	2358	-1.60736E+000	-2.00218E-001	-1.92633E+000	-2.00025E+000	9.69744E-004	11	..........a	-327.68
	2358	2359	-1.60696E+000	-2.00218E-001	-1.92780E+000	-2.00025E+000	9.74844E-004	11	..........a	-327.68
	2359	2360	-1.60896E+000	-2.00218E-001	-1.92576E+000	-2.00025E+000	9.72461E-004	11	..........a	-327.68
	2360	2361	-1.60936E+000	-2.00218E-001	-1.92799E+000	-2.00025E+000	9.76528E-004	11	..........a	-327.68
	2361	2362	-1.60616E+000	-2.00217E-001	-1.92957E+000	-2.00025E+000	9.68978E-004	11	..........a	-327.68
	2362	2363	-1.60056E+000	-2.00218E-001	-1.93763E+000	-2.00025E+000	9.62844E-004	11	..........a	-327.68
	2363	2364	-1.60976E+000	-2.00218E-001	-1.93063E+000	-2.00025E+000	9.64694E-004	11	..........a	-327.68
	2364	2365	-1.60736E+000	-2.00218E-001	-1.93137E+000	-2.00025E+000	9.71494E-004	11	..........a	-327.68
	2365	2366	-1.60936E+000	-2.00218E-001	-1.92878E+000	-2.00025E+000	9.70611E-004	11	..........a	-327.68
	2366	2367	-1.60856E+000	-2.00217E-001	-1.92901E+000	-2.00025E+000	9.74078E-004	11	..........a	-327.68
	2367	2368	-1.60936E+000	-2.00217E-001	-1.92735E+000	-2.00025E+000	9.70644E-004	11	..........a	-327.68
	2368	2369	-1.60776E+000	-2.00218E-001	-1.92844E+000	-2.00025E+000	9.67528E-004	11	..........a	-327.68
	2369	2370	-1.60816E+000	-2.00217E-001	-1.92882E+000	-2.00025E+000	9.67428E-004	11	..........a	-327.68
	2370	2371	-1.60776E+000	-2.00218E-001	-1.92515E+000	-2.00025E+000	9.59961E-004	11	..........a	-327.68
	2371	2372	-1.60696E+000	-2.00218E-001	-1.92804E+000	-2.00025E+000	9.70311E-004	11	..........a	-327.68
	2372	2373	-1.60776E+000	-2.00218E-001	-1.92926E+000	-2.00025E+000	9.70378E-004	11	..........a	-327.68
	2373	2374	-1.60856E+000	-2.00217E-001	-1.92793E+000	-2.00025E+000	9.74911E-004	11	..........a	-327.68
	2374	2375	-1.60776E+000	-2.00218E-001	-1.92722E+000	-2.00025E+000	9.76094E-004	11	..........a	-327.68
	2375	2376	-1.60696E+000	-2.00218E-001	-1.92841E+000	-2.00025E+000	9.78478E-004	11	..........a	-327.68
	2376	2377	-1.60776E+000	-2.00218E-001	-1.92941E+000	-2.00025E+000	9.76028E-004	11	..........a	-327.68
	2377	2378	-1.60776E+000	-2.00218E-001	-1.93041E+000	-2.00025E+000	9.71128E-004	11	..........a	-327.68
	2378	2379	-1.60696E+000	-2.00219E-001	-1.92980E+000	-2.00025E+000	9.75078E-004	11	..........a	-327.68
	2379	2380	-1.60816E+000	-2.00218E-001	-1.93153E+000	-2.00025E+000	9.70861E-004	11	..........a	-327.68
	2380	2381	-1.60776E+000	-2.00218E-001	-1.93288E+000	-2.00025E+000	9.77144E-004	11	..........a	-327.68
	2381	2382	-1.60776E+000	-2.00217E-001	-1.93364E+000	-2.00025E+000	9.76761E-004	11	..........a	-327.68
	2382	2383	-1.60856E+000	-2.00218E-001	-1.93283E+000	-2.00025E+000	9.69211E-004	11	..........a	-327.68
	2383	2384	-1.61016E+000	-2.00217E-001	-1.93247E+000	-2.00025E+000	9.72061E-004	11	..........a	-327.68
	2384	2385	-1.60776E+000	-2.00189E-001	-1.93550E+000	-2.00025E+000	2.28128E-004	11	..........a	-327.68
	2385	2386	-1.60896E+000	-2.00188E-001	-1.93579E+000	-2.00025E+000	2.40011E-004	11	..........a	-327.68
	2386	2387	-1.60216E+000	-2.00188E-001	-1.94032E+000	-2.00025E+000	2.41978E-004	11	..........a	-327.68
	2387	2388	-1.60856E+000	-2.00189E-001	-1.93502E+000	-2.00025E+000	2.43528E-004	11	..........a	-327.68
	2388	2389	-1.60776E+000	-2.00189E-001	-1.93460E+000	-2.00025E+000	2.34394E-004	11	..........a	-327.68
	2389	2390	-1.60856E+000	-2.00189E-001	-1.93752E+000	-2.00025E+000	2.39528E-004	11	..........a	-327.68
	2390	2391	-1.60816E+000	-2.00189E-001	-1.93485E+000	-2.00025E+000	2.44561E-004	11	..........a	-327.68
	2391	2392	-1.60856E+000	-2.00189E-001	-1.93402E+000	-2.00025E+000	2.47828E-004	11	..........a	-327.68
	2392	2393	-1.60976E+000	-2.00188E-001	-1.93229E+000	-2.00025E+000	2.46544E-004	11	..........a	-327.68
	2393	2394	-1.60736E+000	-2.00189E-001	-1.93708E+000	-2.00025E+000	2.44278E-004	11	..........a	-327.68
	2394	2395	-1.60696E+000	-2.00189E-001	-1.93445E+000	-2.00025E+000	2.43961E-004	11	..........a	-327.68
	2395	2396	-1.60696E+000	-2.00189E-001	-1.93451E+000	-2.00025E+000	2.38244E-004	11	..........a	-327.68
	2396	2397	-1.60736E+000	-2.00189E-001	-1.93353E+000	-2.00025E+000	2.41944E-004	11	..........a	-327.68
	2397	2398	-1.60776E+000	-2.00189E-001	-1.93524E+000	-2.00025E+000	2.50144E-004	11	..........a	-327.68
	2398	2399	-1.60856E+000	-2.00188E-001	-1.93165E+000	-2.00025E+000	2.39511E-004	11	..........a	-327.68
	2399	2400	-1.60776E+000	-2.00188E-001	-1.93414E+000	-2.00025E+000	2.46411E-004	11	..........a	-327.68
	2400	2401	-1.60896E+000	-2.00188E-001	-1.93199E+000	-2.00025E+000	2.42111E-004	11	..........a	-327.68
	2401	2402	-1.60736E+000	-2.00188E-001	-1.93266E+000	-2.00025E+000	2.31678E-004	11	..........a	-327.68
	2402	2403	-1.60816E+000	-2.00188E-001	-1.93238E+000	-2.00025E+000	2.46778E-004	11	..........a	-327.68
	2403	2404	-1.60696E+000	-2.00189E-001	-1.93370E+000	-2.00025E+000	2.36911E-004	11	..........a	-327.68
	2404	2405	-1.60776E+000	-2.00188E-001	-1.93448E+000	-2.00025E+000	2.46661E-004	11	..........a	-327.68
	2405	2406	-1.60696E+000	-2.00188E-001	-1.93558E+000	-2.00025E+000	2.44228E-004	11	..........a	-327.68
	2406	2407	-1.60936E+000	-2.00188E-001	-1.93302E+000	-2.00025E+000	2.39628E-004	11	..........a	-327.68
	2407	2408	-1.60736E+000	-2.00189E-001	-1.93351E+000	-2.00025E+000	2.47178E-004	11	..........a	-327.68
	2408	2409	-1.60776E+000	-2.00188E-001	-1.93351E+000	-2.00025E+000	2.47928E-004	11	..........a	-327.68
	2409	2410	-1.61016E+000	-2.00189E-001	-1.93116E+000	-2.00025E+000	2.55711E-004	11	..........a	-327.68
	2410	2411	-1.60856E+000	-2.00193E-001	-1.93307E+000	-2.00025E+000	3.38028E-004	11	..........a	-327.68
	2411	2412	-1.60656E+000	-2.00193E-001	-1.93423E+000	-2.00025E+000	3.43944E-004	11	..........a	-327.68
	2412	2413	-1.60816E+000	-2.00193E-001	-1.93394E+000	-2.00025E+000	3.39011E-004	11	..........a	-327.68
	2413	2414	-1.60656E+000	-2.00193E-001	-1.93578E+000	-2.00025E+000	3.38894E-004	11	..........a	-327.68
	2414	2415	-1.60056E+000	-2.00193E-001	-1.94260E+000	-2.00025E+000	3.36094E-004	11	..........a	-327.68
	2415	2416	-1.60736E+000	-2.00193E-001	-1.93486E+000	-2.00025E+000	3.37728E-004	11	..........a	-327.68
	2416	2417	-1.60696E+000	-2.00193E-001	-1.93693E+000	-2.00025E+000	3.29628E-004	11	..........a	-327.68
	2417	2418	-1.60896E+000	-2.00193E-001	-1.93445E+000	-2.00025E+000	3.39278E-004	11	..........a	-327.68
	2418	2419	-1.60776E+000	-2.00193E-001	-1.93725E+000	-2.00025E+000	3.28928E-004	11	..........a	-327.68
	2419	2420	-1.60696E+000	-2.00193E-001	-1.93721E+000	-2.00025E+000	3.38594E-004	11	..........a	-327.68
	2420	2421	-1.60816E+000	-2.00193E-001	-1.93732E+000	-2.00025E+000	3.37061E-004	11	..........a	-327.68
	2421	2422	-1.60816E+000	-2.00193E-001	-1.93583E+000	-2.00025E+000	3.38244E-004	11	..........a	-327.68
	2422	2423	-1.60856E+000	-2.00193E-001	-1.93853E+000	-2.00025E+000	3.44494E-004	11	..........a	-327.68
	2423	2424	-1.60776E+000	-2.00193E-001	-1.93713E+000	-2.00025E+000	3.41311E-004	11	..........a	-327.68
	2424	2425	-1.60616E+000	-2.00193E-001	-1.93910E+000	-2.00025E+000	3.37311E-004	11	..........a	-327.68
	2425	2426	-1.60536E+000	-2.00193E-001	-1.93885E+000	-2.00025E+000	3.36128E-004	11	..........a	-327.68
	2426	2427	-1.60696E+000	-2.00192E-001	-1.93822E+000	-2.00025E+000	3.32628E-004	11	..........a	-327.68
	2427	2428	-1.60096E+000	-2.00193E-001	-1.94243E+000	-2.00025E+000	3.32561E-004	11	..........a	-327.68
	2428	2429	-1.60776E+000	-2.00193E-001	-1.93729E+000	-2.00025E+000	3.38111E-004	11	..........a	-327.68
	2429	2430	-1.60776E+000	-2.00193E-001	-1.93618E+000	-2.00025E+000	3.30561E-004	11	..........a	-327.68
	2430	2431	-1.60816E+000	-2.00193E-001	-1.93729E+000	-2.00025E+000	3.33961E-004	11	..........a	-327.68
	2431	2432	-1.60696E+000	-2.00193E-001	-1.93674E+000	-2.00025E+000	3.30928E-004	11	..........a	-327.68
	2432	2433	-1.60616E+000	-2.00193E-001	-1.94127E+000	-2.00025E+000	3.30728E-004	11	..........a	-327.68
	2433	2434	-1.60816E+000	-2.00193E-001	-1.93541E+000	-2.00025E+000	3.31161E-004	11	..........a	-327.68
	2434	2435	-1.60856E+000	-2.00193E-001	-1.93647E+000	-2.00025E+000	3.32128E-004	11	..........a	-327.68
	2435	2436	-1.60936E+000	-2.00193E-001	-1.93467E+000	-2.00025E+000	3.38211E-004	11	..........a	-327.68
	2436	2437	-1.60936E+000	-2.00193E-001	-1.93828E+000	-2.00025E+000	3.30111E-004	11	..........a	-327.68
	2437	2438	-1.60696E+000	-2.00193E-001	-1.93942E+000	-2.00025E+000	3.35178E-004	11	..........a	-327.68
	2438	2439	-1.60856E+000	-2.00193E-001	-1.93712E+000	-2.00025E+000	3.28428E-004	11	..........a	-327.68
	2439	2440	-1.61016E+000	-2.00193E-001	-1.93624E+000	-2.00025E+000	3.29611E-004	11	..........a	-327.68
	2440	2441	-1.60056E+000	-2.00193E-001	-1.94851E+000	-2.00025E+000	3.41228E-004	11	..........a	-327.68
	2441	2442	-1.60736E+000	-2.00193E-001	-1.93785E+000	-2.00025E+000	3.34861E-004	11	..........a	-327.68
	2442	2443	-1.60776E+000	-2.00193E-001	-1.93701E+000	-2.00025E+000	3.29344E-004	11	..........a	-327.68
	2443	2444	-1.60816E+000	-2.00193E-001	-1.93910E+000	-2.00025E+000	3.34328E-004	11	..........a	-327.68
	2444	2445	-1.60696E+000	-2.00193E-001	-1.93988E+000	-2.00025E+000	3.24011E-004	11	..........a	-327.68
	2445	2446	-1.60696E+000	-2.00193E-001	-1.93674E+000	-2.00025E+000	3.25211E-004	11	..........a	-327.68
	2446	2447	-1.60816E+000	-2.00193E-001	-1.94092E+000	-2.00025E+000	3.21161E-004	11	..........a	-327.68
	2447	2448	-1.60856E+000	-2.00193E-001	-1.94119E+000	-2.00025E+000	3.24728E-004	11	..........a	-327.68
	2448	2449	-1.60776E+000	-2.00192E-001	-1.93957E+000	-2.00025E+000	3.15478E-004	11	..........a	-327.68
	2449	2450	-1.60856E+000	-2.00192E-001	-1.93962E+000	-2.00025E+000	3.34461E-004	11	..........a	-327.68
	2450	2451	-1.60896E+000	-2.00193E-001	-1.94192E+000	-2.00025E+000	3.32778E-004	11	..........a	-327.68
	2451	2452	-1.60776E+000	-2.00191E-001	-1.94022E+000	-2.00025E+000	3.12178E-004	11	..........a	-327.68
	2452	2453	-1.60936E+000	-2.00192E-001	-1.94081E+000	-2.00025E+000	2.98311E-004	11	..........a	-327.68
	2453	2454	-1.60136E+000	-2.00192E-001	-1.94742E+000	-2.00025E+000	2.91428E-004	11	..........a	-327.68
	2454	2455	-1.60696E+000	-2.00192E-001	-1.94099E+000	-2.00025E+000	3.02578E-004	11	..........a	-327.68
	2455	2456	-1.60136E+000	-2.00191E-001	-1.94683E+000	-2.00025E+000	3.02961E-004	11	..........a	-327.68
	2456	2457	-1.60776E+000	-2.00192E-001	-1.94241E+000	-2.00025E+000	3.07461E-004	11	..........a	-327.68
	2457	2458	-1.60856E+000	-2.00191E-001	-1.94070E+000	-2.00025E+000	3.06794E-004	11	..........a	-327.68
	2458	2459	-1.60696E+000	-2.00191E-001	-1.94343E+000	-2.00025E+000	3.02694E-004	11	..........a	-327.68
	2459	2460	-1.60936E+000	-2.00192E-001	-1.94068E+000	-2.00025E+000	3.09694E-004	11	..........a	-327.68
	2460	2461	-1.60856E+000	-2.00192E-001	-1.94260E+000	-2.00025E+000	3.04144E-004	11	..........a	-327.68
	2461	2462	-1.61176E+000	-2.00191E-001	-1.93772E+000	-2.00025E+000	3.03211E-004	11	..........a	-327.68
	2462	2463	-1.60816E+000	-2.00191E-001	-1.94150E+000	-2.00025E+000	2.62578E-004	11	..........a	-327.68
	2463	2464	-1.60936E+000	-2.00190E-001	-1.93914E+000	-2.00025E+000	2.66694E-004	11	..........a	-327.68
	2464	2465	-1.60856E+000	-2.00191E-001	-1.94022E+000	-2.00025E+000	2.72111E-004	11	..........a	-327.68
	2465	2466	-1.60776E+000	-2.00191E-001	-1.94259E+000	-2.00025E+000	2.69444E-004	11	..........a	-327.68
	2466	2467	-1.60736E+000	-2.00191E-001	-1.94293E+000	-2.00025E+000	2.70078E-004	11	..........a	-327.68
	2467	2468	-1.60936E+000	-2.00191E-001	-1.94118E+000	-2.00025E+000	2.70978E-004	11	..........a	-327.68
	2468	2469	-1.60856E+000	-2.00191E-001	-1.94070E+000	-2.00025E+000	2.64228E-004	11	..........a	-327.68
	2469	2470	-1.60856E+000	-2.00191E-001	-1.94006E+000	-2.00025E+000	2.57994E-004	11	..........a	-327.68
	2470	2471	-1.60856E+000	-2.00191E-001	-1.94202E+000	-2.00025E+000	2.67878E-004	11	..........a	-327.68
	2471	2472	-1.60736E+000	-2.00191E-001	-1.94369E+000	-2.00025E+000	2.65744E-004	11	..........a	-327.68
	2472	2473	-1.60856E+000	-2.00191E-001	-1.94137E+000	-2.00025E+000	2.65828E-004	11	..........a	-327.68
	2473	2474	-1.60856E+000	-2.00191E-001	-1.93994E+000	-2.00025E+000	2.67128E-004	11	..........a	-327.68
	2474	2475	-1.60856E+000	-2.00191E-001	-1.94002E+000	-2.00025E+000	2.66478E-004	11	..........a	-327.68
	2475	2476	-1.60776E+000	-2.00190E-001	-1.94193E+000	-2.00025E+000	2.67928E-004	11	..........a	-327.68
	2476	2477	-1.60776E+000	-2.00191E-001	-1.93967E+000	-2.00025E+000	2.73611E-004	11	..........a	-327.68
	2477	2478	-1.60776E+000	-2.00190E-001	-1.93780E+000	-2.00025E+000	2.63144E-004	11	..........a	-327.68
	2478	2479	-1.60776E+000	-2.00191E-001	-1.93897E+000	-2.00025E+000	2.66828E-004	11	..........a	-327.68
	2479	2480	-1.60096E+000	-2.00191E-001	-1.94555E+000	-2.00025E+000	2.66494E-004	11	..........a	-327.68
	2480	2481	-1.60696E+000	-2.00191E-001	-1.93693E+000	-2.00025E+000	2.68911E-004	11	..........a	-327.68
	2481	2482	-1.60096E+000	-2.00191E-001	-1.94376E+000	-2.00025E+000	2.68361E-004	11	..........a	-327.68
	2482	2483	-1.60736E+000	-2.00191E-001	-1.93684E+000	-2.00025E+000	2.69678E-004	11	..........a	-327.68
	2483	2484	-1.60816E+000	-2.00191E-001	-1.93544E+000	-2.00025E+000	2.63244E-004	11	..........a	-327.68
	2484	2485	-1.60816E+000	-2.00191E-001	-1.93472E+000	-2.00025E+000	2.69978E-004	11	..........a	-327.68
	2485	2486	-1.60816E+000	-2.00191E-001	-1.93616E+000	-2.00025E+000	2.63461E-004	11	..........a	-327.68
	2486	2487	-1.60696E+000	-2.00191E-001	-1.93483E+000	-2.00025E+000	2.61894E-004	11	..........a	-327.68
	2487	2488	-1.60776E+000	-2.00191E-001	-1.93731E+000	-2.00025E+000	2.65328E-004	11	..........a	-327.68
	2488	2489	-1.60696E+000	-2.00191E-001	-1.93797E+000	-2.00025E+000	2.47594E-004	11	..........a	-327.68
	2489	2490	-1.60656E+000	-2.00191E-001	-1.93870E+000	-2.00025E+000	2.56094E-004	11	..........a	-327.68
	2490	2491	-1.60776E+000	-2.00190E-001	-1.93696E+000	-2.00025E+000	2.54311E-004	11	..........a	-327.68
	2491	2492	-1.60816E+000	-2.00190E-001	-1.93641E+000	-2.00025E+000	2.54511E-004	11	..........a	-327.68
	2492	2493	-1.59936E+000	-2.00191E-001	-1.94274E+000	-2.00025E+000	2.51878E-004	11	..........a	-327.68
	2493	2494	-1.60776E+000	-2.00191E-001	-1.93678E+000	-2.00025E+000	2.59211E-004	11	..........a	-327.68
	2494	2495	-1.60776E+000	-2.00191E-001	-1.93730E+000	-2.00025E+000	2.58861E-004	11	..........a	-327.68
	2495	2496	-1.60656E+000	-2.00191E-001	-1.93920E+000	-2.00025E+000	2.62294E-004	11	..........a	-327.68
	2496	2497	-1.60856E+000	-2.00191E-001	-1.93499E+000	-2.00025E+000	2.57544E-004	11	..........a	-327.68
	2497	2498	-1.60696E+000	-2.00191E-001	-1.93811E+000	-2.00025E+000	2.58644E-004	11	..........a	-327.68
	2498	2499	-1.60976E+000	-2.00191E-001	-1.93257E+000	-2.00025E+000	2.65028E-004	11	..........a	-327.68
	2499	2500	-1.60576E+000	-2.00191E-001	-1.93887E+000	-2.00025E+000	2.65211E-004	11	..........a	-327.68
	2500	2501	-1.60736E+000	-2.00191E-001	-1.93733E+000	-2.00025E+000	2.68478E-004	11	..........a	-327.68
	2501	2502	-1.60816E+000	-2.00191E-001	-1.93706E+000	-2.00025E+000	2.71494E-004	11	..........a	-327.68
	2502	2503	-1.60736E+000	-2.00191E-001	-1.93553E+000	-2.00025E+000	2.66711E-004	11	..........a	-327.68
	2503	2504	-1.60736E+000	-2.00191E-001	-1.93706E+000	-2.00025E+000	2.73428E-004	11	..........a	-327.68
	2504	2505	-1.60576E+000	-2.00190E-001	-1.93481E+000	-2.00025E+000	2.70961E-004	11	..........a	-327.68
	2505	2506	-1.60616E+000	-2.00191E-001	-1.93767E+000	-2.00025E+000	2.71778E-004	11	..........a	-327.68
	2506	2507	-1.60736E+000	-2.00190E-001	-1.93605E+000	-2.00025E+000	2.67028E-004	11	..........a	-327.68
	2507	2508	-1.60016E+000	-2.00191E-001	-1.94438E+000	-2.00025E+000	2.67644E-004	11	..........a	-327.68
	2508	2509	-1.60576E+000	-2.00191E-001	-1.93704E+000	-2.00025E+000	2.70144E-004	11	..........a	-327.68
	2509	2510	-1.59936E+000	-2.00191E-001	-1.94787E+000	-2.00025E+000	2.70444E-004	11	..........a	-327.68
	2510	2511	-1.60656E+000	-2.00191E-001	-1.93810E+000	-2.00025E+000	2.72344E-004	11	..........a	-327.68
	2511	2512	-1.60776E+000	-2.00191E-001	-1.93819E+000	-2.00025E+000	2.81344E-004	11	..........a	-327.68
	2512	2513	-1.60776E+000	-2.00191E-001	-1.93685E+000	-2.00025E+000	2.67911E-004	11	..........a	-327.68
	2513	2514	-1.60856E+000	-2.00191E-001	-1.93992E+000	-2.00025E+000	2.68361E-004	11	..........a	-327.68
	2514	2515	-1.60856E+000	-2.00191E-001	-1.93612E+000	-2.00025E+000	2.68611E-004	11	..........a	-327.68
	2515	2516	-1.60936E+000	-2.00191E-001	-1.93597E+000	-2.00025E+000	2.72961E-004	11	..........a	-327.68
	2516	2517	-1.60816E+000	-2.00191E-001	-1.93529E+000	-2.00025E+000	2.79361E-004	11	..........a	-327.68
	2517	2518	-1.60776E+000	-2.00191E-001	-1.93765E+000	-2.00025E+000	2.81111E-004	11	..........a	-327.68
	2518	2519	-1.60656E+000	-2.00192E-001	-1.93786E+000	-2.00025E+000	2.79911E-004	11	..........a	-327.68
	2519	2520	-1.60656E+000	-2.00191E-001	-1.94031E+000	-2.00025E+000	2.74811E-004	11	..........a	-327.68
	2520	2521	-1.60736E+000	-2.00192E-001	-1.94025E+000	-2.00025E+000	2.79378E-004	11	..........a	-327.68
	2521	2522	-1.60696E+000	-2.00192E-001	-1.94428E+000	-2.00025E+000	2.79544E-004	11	..........a	-327.68
	2522	2523	-1.60856E+000	-2.00192E-001	-1.94396E+000	-2.00025E+000	2.72028E-004	11	..........a	-327.68
	2523	2524	-1.60856E+000	-2.00192E-001	-1.94655E+000	-2.00025E+000	2.67344E-004	11	..........a	-327.68
	2524	2525	-1.61016E+000	-2.00192E-001	-1.94572E+000	-2.00025E+000	2.71978E-004	11	..........a	-327.68
	2525	2526	-1.60936E+000	-2.00192E-001	-1.94748E+000	-2.00025E+000	2.78211E-004	11	..........a	-327.68
	2526	2527	-1.60856E+000	-2.00192E-001	-1.94859E+000	-2.00025E+000	2.78994E-004	11	..........a	-327.68
	2527	2528	-1.61016E+000	-2.00192E-001	-1.94614E+000	-2.00025E+000	2.67111E-004	11	..........a	-327.68
	2528	2529	-1.60936E+000	-2.00191E-001	-1.94384E+000	-2.00025E+000	2.75994E-004	11	..........a	-327.68
	2529	2530	-1.60856E+000	-2.00191E-001	-1.94655E+000	-2.00025E+000	2.69578E-004	11	..........a	-327.68
	2530	2531	-1.60856E+000	-2.00191E-001	-1.94534E+000	-2.00025E+000	2.73144E-004	11	..........a	-327.68
	2531	2532	-1.60856E+000	-2.00192E-001	-1.94499E+000	-2.00025E+000	2.68028E-004	11	..........a	-327.68
	2532	2533	-1.60936E+000	-2.00192E-001	-1.94417E+000	-2.00025E+000	2.66178E-004	11	..........a	-327.68
	2533	2534	-1.60856E+000	-2.00191E-001	-1.94481E+000	-2.00025E+000	2.69578E-004	11	..........a	-327.68
	2534	2535	-1.60736E+000	-2.00191E-001	-1.94484E+000	-2.00025E+000	2.67261E-004	11	..........a	-327.68
	2535	2536	-1.60136E+000	-2.00191E-001	-1.95147E+000	-2.00025E+000	2.69211E-004	11	..........a	-327.68
	2536	2537	-1.60896E+000	-2.00191E-001	-1.94234E+000	-2.00025E+000	2.66344E-004	11	..........a	-327.68
	2537	2538	-1.60736E+000	-2.00192E-001	-1.94543E+000	-2.00025E+000	2.61211E-004	11	..........a	-327.68
	2538	2539	-1.60896E+000	-2.00192E-001	-1.94332E+000	-2.00025E+000	2.68311E-004	11	..........a	-327.68
	2539	2540	-1.60696E+000	-2.00191E-001	-1.94557E+000	-2.00025E+000	2.64628E-004	11	..........a	-327.68
	2540	2541	-1.60856E+000	-2.00192E-001	-1.94281E+000	-2.00025E+000	2.73794E-004	11	..........a	-327.68
	2541	2542	-1.60776E+000	-2.00192E-001	-1.94331E+000	-2.00025E+000	2.72928E-004	11	..........a	-327.68
	2542	2543	-1.60856E+000	-2.00191E-001	-1.94419E+000	-2.00025E+000	2.77294E-004	11	..........a	-327.68
	2543	2544	-1.60856E+000	-2.00191E-001	-1.94401E+000	-2.00025E+000	2.71911E-004	11	..........a	-327.68
	2544	2545	-1.60776E+000	-2.00191E-001	-1.94326E+000	-2.00025E+000	2.65494E-004	11	..........a	-327.68
	2545	2546	-1.60776E+000	-2.00191E-001	-1.94353E+000	-2.00025E+000	2.75828E-004	11	..........a	-327.68
	2546	2547	-1.60696E+000	-2.00191E-001	-1.94473E+000	-2.00025E+000	2.74211E-004	11	..........a	-327.68
	2547	2548	-1.60696E+000	-2.00191E-001	-1.94474E+000	-2.00025E+000	2.87494E-004	11	..........a	-327.68
	2548	2549	-1.60096E+000	-2.00191E-001	-1.94978E+000	-2.00025E+000	2.73761E-004	11	..........a	-327.68
	2549	2550	-1.60696E+000	-2.00191E-001	-1.94475E+000	-2.00025E+000	2.71094E-004	11	..........a	-327.68
	2550	2551	-1.60736E+000	-2.00191E-001	-1.94472E+000	-2.00025E+000	2.72861E-004	11	..........a	-327.68
	2551	2552	-1.60776E+000	-2.00191E-001	-1.94237E+000	-2.00025E+000	2.69211E-004	11	..........a	-327.68
	2552	2553	-1.60976E+000	-2.00191E-001	-1.94089E+000	-2.00025E+000	2.64278E-004	11	..........a	-327.68
	2553	2554	-1.60856E+000	-2.00191E-001	-1.94163E+000	-2.00025E+000	2.66044E-004	11	..........a	-327.68
	2554	2555	-1.60776E+000	-2.00191E-001	-1.94237E+000	-2.00025E+000	2.68428E-004	11	..........a	-327.68
	2555	2556	-1.60856E+000	-2.00191E-001	-1.94169E+000	-2.00025E+000	2.66411E-004	11	..........a	-327.68
	2556	2557	-1.60736E+000	-2.00191E-001	-1.94120E+000	-2.00025E+000	2.70894E-004	11	..........a	-327.68
	2557	2558	-1.60776E+000	-2.00191E-001	-1.94116E+000	-2.00025E+000	2.72878E-004	11	..........a	-327.68
	2558	2559	-1.60736E+000	-2.00191E-001	-1.93988E+000	-2.00025E+000	2.73428E-004	11	..........a	-327.68
	2559	2560	-1.60776E+000	-2.00191E-001	-1.93863E+000	-2.00025E+000	2.75778E-004	11	..........a	-327.68
	2560	2561	-1.60776E+000	-2.00191E-001	-1.94132E+000	-2.00025E+000	2.71778E-004	11	..........a	-327.68
	2561	2562	-1.59976E+000	-2.00190E-001	-1.94919E+000	-2.00025E+000	2.70178E-004	11	..........a	-327.68
	2562	2563	-1.60776E+000	-2.00191E-001	-1.94112E+000	-2.00025E+000	2.72228E-004	11	..........a	-327.68
	2563	2564	-1.60696E+000	-2.00191E-001	-1.94252E+000	-2.00025E+000	2.63011E-004	11	..........a	-327.68
	2564	2565	-1.60736E+000	-2.00191E-001	-1.94181E+000	-2.00025E+000	2.65344E-004	11	..........a	-327.68
	2565	2566	-1.60776E+000	-2.00191E-001	-1.94301E+000	-2.00025E+000	2.67678E-004	11	..........a	-327.68
	2566	2567	-1.60736E+000	-2.00191E-001	-1.94527E+000	-2.00025E+000	2.61878E-004	11	..........a	-327.68
	2567	2568	-1.60696E+000	-2.00191E-001	-1.94514E+000	-2.00025E+000	2.65261E-004	11	..........a	-327.68
	2568	2569	-1.60696E+000	-2.00191E-001	-1.94539E+000	-2.00025E+000	2.67178E-004	11	..........a	-327.68
	2569	2570	-1.60776E+000	-2.00191E-001	-1.94498E+000	-2.00025E+000	2.68144E-004	11	..........a	-327.68
	2570	2571	-1.60816E+000	-2.00191E-001	-1.94393E+000	-2.00025E+000	2.68044E-004	11	..........a	-327.68
	2571	2572	-1.60696E+000	-2.00190E-001	-1.94638E+000	-2.00025E+000	2.67561E-004	11	..........a	-327.68
	2572	2573	-1.60936E+000	-2.00190E-001	-1.94345E+000	-2.00025E+000	2.62244E-004	11	..........a	-327.68
	2573	2574	-1.60776E+000	-2.00191E-001	-1.94874E+000	-2.00025E+000	2.66594E-004	11	..........a	-327.68
	2574	2575	-1.61016E+000	-2.00190E-001	-1.94715E+000	-2.00025E+000	2.65244E-004	11	..........a	-327.68
	2575	2576	-1.60776E+000	-2.00191E-001	-1.94823E+000	-2.00025E+000	2.67461E-004	11	..........a	-327.68
	2576	2577	-1.60776E+000	-2.00191E-001	-1.95114E+000	-2.00025E+000	2.71778E-004	11	..........a	-327.68
	2577	2578	-1.60856E+000	-2.00191E-001	-1.94951E+000	-2.00025E+000	2.72594E-004	11	..........a	-327.68
	2578	2579	-1.60256E+000	-2.00191E-001	-1.95734E+000	-2.00025E+000	2.75711E-004	11	..........a	-327.68
	2579	2580	-1.60936E+000	-2.00191E-001	-1.94911E+000	-2.00025E+000	2.80994E-004	11	..........a	-327.68
	2580	2581	-1.61016E+000	-2.00191E-001	-1.94805E+000	-2.00025E+000	2.74478E-004	11	..........a	-327.68
	2581	2582	-1.60776E+000	-2.00191E-001	-1.94919E+000	-2.00025E+000	2.77028E-004	11	..........a	-327.68
	2582	2583	-1.60936E+000	-2.00191E-001	-1.94665E+000	-2.00025E+000	2.67728E-004	11	..........a	-327.68
	2583	2584	-1.60856E+000	-2.00191E-001	-1.94745E+000	-2.00025E+000	2.71644E-004	11	..........a	-327.68
	2584	2585	-1.60776E+000	-2.00191E-001	-1.94973E+000	-2.00025E+000	2.75078E-004	11	..........a	-327.68
	2585	2586	-1.60776E+000	-2.00191E-001	-1.94871E+000	-2.00025E+000	2.77028E-004	11	..........a	-327.68
	2586	2587	-1.60696E+000	-2.00191E-001	-1.95129E+000	-2.00025E+000	2.65344E-004	11	..........a	-327.68
	2587	2588	-1.60856E+000	-2.00191E-001	-1.94844E+000	-2.00025E+000	2.67811E-004	11	..........a	-327.68
	2588	2589	-1.60776E+000	-2.00191E-001	-1.94859E+000	-2.00025E+000	2.69578E-004	11	..........a	-327.68
	2589	2590	-1.60776E+000	-2.00191E-001	-1.94974E+000	-2.00025E+000	2.71511E-004	11	..........a	-327.68
	2590	2591	-1.60856E+000	-2.00191E-001	-1.94966E+000	-2.00025E+000	2.66728E-004	11	..........a	-327.68
	2591	2592	-1.60216E+000	-2.00191E-001	-1.95394E+000	-2.00025E+000	2.71828E-004	11	..........a	-327.68
	2592	2593	-1.60856E+000	-2.00191E-001	-1.94623E+000	-2.00025E+000	2.73628E-004	11	..........a	-327.68
	2593	2594	-1.60856E+000	-2.00191E-001	-1.94631E+000	-2.00025E+000	2.81228E-004	11	..........a	-327.68
	2594	2595	-1.60776E+000	-2.00191E-001	-1.94675E+000	-2.00025E+000	2.70011E-004	11	..........a	-327.68
	2595	2596	-1.60896E+000	-2.00191E-001	-1.94300E+000	-2.00025E+000	2.70978E-004	11	..........a	-327.68
	2596	2597	-1.60736E+000	-2.00191E-001	-1.94707E+000	-2.00025E+000	2.76844E-004	11	..........a	-327.68
	2597	2598	-1.60776E+000	-2.00191E-001	-1.94544E+000	-2.00025E+000	2.68278E-004	11	..........a	-327.68
	2598	2599	-1.60696E+000	-2.00191E-001	-1.94867E+000	-2.00025E+000	2.71344E-004	11	..........a	-327.68
	2599	2600	-1.60856E+000	-2.00191E-001	-1.94705E+000	-2.00025E+000	2.59761E-004	11	..........a	-327.68
	2600	2601	-1.60776E+000	-2.00191E-001	-1.94685E+000	-2.00025E+000	2.91861E-004	11	..........a	-327.68
	2601	2602	-1.60816E+000	-2.00191E-001	-1.94701E+000	-2.00025E+000	2.85994E-004	11	..........a	-327.68
	2602	2603	-1.60216E+000	-2.00191E-001	-1.95328E+000	-2.00025E+000	2.94644E-004	11	..........a	-327.68
	2603	2604	-1.60976E+000	-2.00191E-001	-1.94566E+000	-2.00025E+000	2.91394E-004	11	..........a	-327.68
	2604	2605	-1.60176E+000	-2.00191E-001	-1.95221E+000	-2.00025E+000	2.89194E-004	11	..........a	-327.68
	2605	2606	-1.60976E+000	-2.00191E-001	-1.94489E+000	-2.00025E+000	2.85944E-004	11	..........a	-327.68
	2606	2607	-1.60696E+000	-2.00191E-001	-1.94696E+000	-2.00025E+000	2.91978E-004	11	..........a	-327.68
	2607	2608	-1.60736E+000	-2.00191E-001	-1.94588E+000	-2.00025E+000	2.91278E-004	11	..........a	-327.68
	2608	2609	-1.60776E+000	-2.00191E-001	-1.94797E+000	-2.00025E+000	2.94844E-004	11	..........a	-327.68
	2609	2610	-1.60736E+000	-2.00191E-001	-1.94855E+000	-2.00025E+000	2.89094E-004	11	..........a	-327.68
	2610	2611	-1.60616E+000	-2.00191E-001	-1.94856E+000	-2.00025E+000	2.88128E-004	11	..........a	-327.68
	2611	2612	-1.60776E+000	-2.00191E-001	-1.94804E+000	-2.00025E+000	2.89594E-004	11	..........a	-327.68
	2612	2613	-1.60696E+000	-2.00191E-001	-1.95032E+000	-2.00025E+000	2.81794E-004	11	..........a	-327.68
	2613	2614	-1.60856E+000	-2.00191E-001	-1.94913E+000	-2.00025E+000	2.89678E-004	11	..........a	-327.68
	2614	2615	-1.60696E+000	-2.00191E-001	-1.95306E+000	-2.00025E+000	2.84494E-004	11	..........a	-327.68
	2615	2616	-1.60776E+000	-2.00191E-001	-1.95061E+000	-2.00025E+000	2.87644E-004	11	..........a	-327.68
	2616	2617	-1.60936E+000	-2.00191E-001	-1.95116E+000	-2.00025E+000	2.87411E-004	11	..........a	-327.68
	2617	2618	-1.60776E+000	-2.00191E-001	-1.95004E+000	-2.00025E+000	2.84511E-004	11	..........a	-327.68
	2618	2619	-1.60696E+000	-2.00191E-001	-1.95452E+000	-2.00025E+000	2.84894E-004	11	..........a	-327.68
	2619	2620	-1.60136E+000	-2.00191E-001	-1.95932E+000	-2.00025E+000	2.86378E-004	11	..........a	-327.68
	2620	2621	-1.60776E+000	-2.00191E-001	-1.95306E+000	-2.00025E+000	2.83978E-004	11	..........a	-327.68
	2621	2622	-1.60896E+000	-2.00191E-001	-1.95209E+000	-2.00025E+000	2.87278E-004	11	..........a	-327.68
	2622	2623	-1.61016E+000	-2.00191E-001	-1.95129E+000	-2.00025E+000	2.93861E-004	11	..........a	-327.68
	2623	2624	-1.60856E+000	-2.00191E-001	-1.94925E+000	-2.00025E+000	2.99194E-004	11	..........a	-327.68
	2624	2625	-1.61016E+000	-2.00191E-001	-1.94925E+000	-2.00025E+000	2.94244E-004	11	..........a	-327.68
	2625	2626	-1.60936E+000	-2.00191E-001	-1.94952E+000	-2.00025E+000	3.04594E-004	11	..........a	-327.68
	2626	2627	-1.60776E+000	-2.00191E-001	-1.95290E+000	-2.00025E+000	2.95778E-004	11	..........a	-327.68
	2627	2628	-1.60936E+000	-2.00191E-001	-1.95064E+000	-2.00025E+000	2.94728E-004	11	..........a	-327.68
	2628	2629	-1.60776E+000	-2.00191E-001	-1.95399E+000	-2.00025E+000	2.95011E-004	11	..........a	-327.68
	2629	2630	-1.61016E+000	-2.00191E-001	-1.94861E+000	-2.00025E+000	2.94478E-004	11	..........a	-327.68
	2630	2631	-1.60936E+000	-2.00191E-001	-1.95148E+000	-2.00025E+000	2.92028E-004	11	..........a	-327.68
	2631	2632	-1.60896E+000	-2.00191E-001	-1.95400E+000	-2.00025E+000	2.97211E-004	11	..........a	-327.68
	2632	2633	-1.60216E+000	-2.00191E-001	-1.96026E+000	-2.00025E+000	2.98011E-004	11	..........a	-327.68
	2633	2634	-1.61016E+000	-2.00191E-001	-1.95038E+000	-2.00025E+000	2.97928E-004	11	..........a	-327.68
	2634	2635	-1.60936E+000	-2.00191E-001	-1.95316E+000	-2.00025E+000	2.90678E-004	11	..........a	-327.68
	2635	2636	-1.60936E+000	-2.00191E-001	-1.94904E+000	-2.00025E+000	2.87878E-004	11	..........a	-327.68
	2636	2637	-1.60936E+000	-2.00191E-001	-1.95200E+000	-2.00025E+000	2.95178E-004	11	..........a	-327.68
	2637	2638	-1.60856E+000	-2.00191E-001	-1.95244E+000	-2.00025E+000	2.98978E-004	11	..........a	-327.68
	2638	2639	-1.60776E+000	-2.00191E-001	-1.95430E+000	-2.00025E+000	3.00961E-004	11	..........a	-327.68
	2639	2640	-1.60856E+000	-2.00191E-001	-1.95543E+000	-2.00025E+000	2.95961E-004	11	..........a	-327.68
	2640	2641	-1.60856E+000	-2.00191E-001	-1.95959E+000	-2.00025E+000	2.98511E-004	11	..........a	-327.68
	2641	2642	-1.60776E+000	-2.00191E-001	-1.95876E+000	-2.00025E+000	2.91444E-004	11	..........a	-327.68
	2642	2643	-1.60896E+000	-2.00191E-001	-1.95789E+000	-2.00025E+000	2.90744E-004	11	..........a	-327.68
	2643	2644	-1.60936E+000	-2.00191E-001	-1.95572E+000	-2.00025E+000	2.95361E-004	11	..........a	-327.68
	2644	2645	-1.60936E+000	-2.00191E-001	-1.95787E+000	-2.00025E+000	2.87811E-004	11	..........a	-327.68
	2645	2646	-1.60256E+000	-2.00192E-001	-1.96256E+000	-2.00025E+000	2.85944E-004	11	..........a	-327.68
	2646	2647	-1.60936E+000	-2.00191E-001	-1.95474E+000	-2.00025E+000	2.97511E-004	11	..........a	-327.68
	2647	2648	-1.60896E+000	-2.00191E-001	-1.95515E+000	-2.00025E+000	2.88678E-004	11	..........a	-327.68
	2648	2649	-1.60936E+000	-2.00192E-001	-1.95582E+000	-2.00025E+000	2.95978E-004	11	..........a	-327.68
	2649	2650	-1.61016E+000	-2.00191E-001	-1.95335E+000	-2.00025E+000	2.94678E-004	11	..........a	-327.68
	2650	2651	-1.61056E+000	-2.00192E-001	-1.95445E+000	-2.00025E+000	2.84378E-004	11	..........a	-327.68
	2651	2652	-1.60856E+000	-2.00191E-001	-1.95578E+000	-2.00025E+000	2.97194E-004	11	..........a	-327.68
	2652	2653	-1.60856E+000	-2.00192E-001	-1.95638E+000	-2.00025E+000	3.00511E-004	11	..........a	-327.68
	2653	2654	-1.60856E+000	-2.00191E-001	-1.95589E+000	-2.00025E+000	2.96011E-004	11	..........a	-327.68
	2654	2655	-1.61016E+000	-2.00191E-001	-1.95704E+000	-2.00025E+000	2.84944E-004	11	..........a	-327.68
	2655	2656	-1.60936E+000	-2.00191E-001	-1.95806E+000	-2.00025E+000	2.98044E-004	11	..........a	-327.68
	2656	2657	-1.60856E+000	-2.00191E-001	-1.95763E+000	-2.00025E+000	2.94761E-004	11	..........a	-327.68
	2657	2658	-1.60856E+000	-2.00191E-001	-1.96087E+000	-2.00025E+000	3.00194E-004	11	..........a	-327.68
	2658	2659	-1.60936E+000	-2.00191E-001	-1.96179E+000	-2.00025E+000	2.96461E-004	11	..........a	-327.68
	2659	2660	-1.60896E+000	-2.00191E-001	-1.95950E+000	-2.00025E+000	3.02394E-004	11	..........a	-327.68
	2660	2661	-1.60296E+000	-2.00191E-001	-1.96678E+000	-2.00025E+000	2.86778E-004	11	..........a	-327.68
	2661	2662	-1.61096E+000	-2.00191E-001	-1.95789E+000	-2.00025E+000	2.92261E-004	11	..........a	-327.68
	2662	2663	-1.61096E+000	-2.00192E-001	-1.95767E+000	-2.00025E+000	2.95594E-004	11	..........a	-327.68
	2663	2664	-1.61256E+000	-2.00191E-001	-1.95416E+000	-2.00025E+000	2.93861E-004	11	..........a	-327.68
	2664	2665	-1.60936E+000	-2.00191E-001	-1.95722E+000	-2.00025E+000	2.91861E-004	11	..........a	-327.68
	2665	2666	-1.60936E+000	-2.00191E-001	-1.95455E+000	-2.00025E+000	2.98128E-004	11	..........a	-327.68
	2666	2667	-1.60936E+000	-2.00191E-001	-1.95455E+000	-2.00025E+000	3.03328E-004	11	..........a	-327.68
	2667	2668	-1.60776E+000	-2.00191E-001	-1.95322E+000	-2.00025E+000	2.95828E-004	11	..........a	-327.68
	2668	2669	-1.61016E+000	-2.00192E-001	-1.95394E+000	-2.00025E+000	2.96378E-004	11	..........a	-327.68
	2669	2670	-1.60376E+000	-2.00192E-001	-1.95854E+000	-2.00025E+000	3.13211E-004	11	..........a	-327.68
	2670	2671	-1.61216E+000	-2.00191E-001	-1.95146E+000	-2.00025E+000	3.12861E-004	11	..........a	-327.68
	2671	2672	-1.60016E+000	-2.00191E-001	-1.95986E+000	-2.00025E+000	3.04244E-004	11	..........a	-327.68
	2672	2673	-1.60936E+000	-2.00192E-001	-1.95376E+000	-2.00025E+000	3.13361E-004	11	..........a	-327.68
	2673	2674	-1.60216E+000	-2.00192E-001	-1.95914E+000	-2.00025E+000	3.12378E-004	11	..........a	-327.68
	2674	2675	-1.60736E+000	-2.00192E-001	-1.95445E+000	-2.00025E+000	3.08811E-004	11	..........a	-327.68
	2675	2676	-1.61136E+000	-2.00191E-001	-1.94998E+000	-2.00025E+000	3.04761E-004	11	..........a	-327.68
	2676	2677	-1.60736E+000	-2.00191E-001	-1.95587E+000	-2.00025E+000	3.14761E-004	11	..........a	-327.68
	2677	2678	-1.60736E+000	-2.00191E-001	-1.95573E+000	-2.00025E+000	3.08711E-004	11	..........a	-327.68
	2678	2679	-1.60856E+000	-2.00191E-001	-1.95459E+000	-2.00025E+000	3.15394E-004	11	..........a	-327.68
	2679	2680	-1.60776E+000	-2.00192E-001	-1.95518E+000	-2.00025E+000	3.14344E-004	11	..........a	-327.68
	2680	2681	-1.60696E+000	-2.00191E-001	-1.95759E+000	-2.00025E+000	3.16661E-004	11	..........a	-327.68
	2681	2682	-1.61296E+000	-2.00191E-001	-1.95024E+000	-2.00025E+000	3.11294E-004	11	..........a	-327.68
	2682	2683	-1.60816E+000	-2.00191E-001	-1.95587E+000	-2.00025E+000	3.03911E-004	11	..........a	-327.68
	2683	2684	-1.60296E+000	-2.00191E-001	-1.96147E+000	-2.00025E+000	3.14078E-004	11	..........a	-327.68
	2684	2685	-1.60776E+000	-2.00191E-001	-1.95839E+000	-2.00025E+000	3.12328E-004	11	..........a	-327.68
	2685	2686	-1.60616E+000	-2.00191E-001	-1.95960E+000	-2.00025E+000	3.08944E-004	11	..........a	-327.68
	2686	2687	-1.60856E+000	-2.00191E-001	-1.95776E+000	-2.00025E+000	3.06328E-004	11	..........a	-327.68
	2687	2688	-1.60816E+000	-2.00192E-001	-1.95838E+000	-2.00025E+000	3.08428E-004	11	..........a	-327.68
	2688	2689	-1.61296E+000	-2.00192E-001	-1.95501E+000	-2.00025E+000	3.06194E-004	11	..........a	-327.68
	2689	2690	-1.60616E+000	-2.00192E-001	-1.96061E+000	-2.00025E+000	3.06861E-004	11	..........a	-327.68
	2690	2691	-1.60976E+000	-2.00192E-001	-1.95670E+000	-2.00025E+000	3.10344E-004	11	..........a	-327.68
	2691	2692	-1.60616E+000	-2.00192E-001	-1.95890E+000	-2.00025E+000	3.05178E-004	11	..........a	-327.68
	2692	2693	-1.60976E+000	-2.00191E-001	-1.95638E+000	-2.00025E+000	2.99528E-004	11	..........a	-327.68
	2693	2694	-1.60536E+000	-2.00192E-001	-1.95842E+000	-2.00025E+000	2.98628E-004	11	..........a	-327.68
	2694	2695	-1.61016E+000	-2.00192E-001	-1.95648E+000	-2.00025E+000	3.04744E-004	11	..........a	-327.68
	2695	2696	-1.60496E+000	-2.00192E-001	-1.95773E+000	-2.00025E+000	3.09461E-004	11	..........a	-327.68
	2696	2697	-1.60976E+000	-2.00192E-001	-1.95206E+000	-2.00025E+000	3.06411E-004	11	..........a	-327.68
	2697	2698	-1.60616E+000	-2.00192E-001	-1.95693E+000	-2.00025E+000	3.13228E-004	11	..........a	-327.68
	2698	2699	-1.60616E+000	-2.00192E-001	-1.95813E+000	-2.00025E+000	3.11094E-004	11	..........a	-327.68
	2699	2700	-1.60296E+000	-2.00192E-001	-1.95838E+000	-2.00025E+000	3.03994E-004	11	..........a	-327.68
	2700	2701	-1.60856E+000	-2.00192E-001	-1.95543E+000	-2.00025E+000	3.03278E-004	11	..........a	-327.68
	2701	2702	-1.61016E+000	-2.00192E-001	-1.95379E+000	-2.00025E+000	3.03678E-004	11	..........a	-327.68
	2702	2703	-1.61336E+000	-2.00192E-001	-1.95441E+000	-2.00025E+000	3.02361E-004	11	..........a	-327.68
	2703	2704	-1.60856E+000	-2.00192E-001	-1.95829E+000	-2.00025E+000	3.04694E-004	11	..........a	-327.68
	2704	2705	-1.60696E+000	-2.00191E-001	-1.96059E+000	-2.00025E+000	3.11778E-004	11	..........a	-327.68
	2705	2706	-1.60976E+000	-2.00191E-001	-1.95634E+000	-2.00025E+000	3.04578E-004	11	..........a	-327.68
	2706	2707	-1.60616E+000	-2.00191E-001	-1.96171E+000	-2.00025E+000	3.05511E-004	11	..........a	-327.68
	2707	2708	-1.61376E+000	-2.00191E-001	-1.95382E+000	-2.00025E+000	3.06128E-004	11	..........a	-327.68
	2708	2709	-1.60856E+000	-2.00191E-001	-1.96089E+000	-2.00025E+000	3.04794E-004	11	..........a	-327.68
	2709	2710	-1.61176E+000	-2.00191E-001	-1.95568E+000	-2.00025E+000	3.03594E-004	11	..........a	-327.68
	2710	2711	-1.60856E+000	-2.00191E-001	-1.95878E+000	-2.00025E+000	3.00611E-004	11	..........a	-327.68
	2711	2712	-1.60936E+000	-2.00191E-001	-1.95489E+000	-2.00025E+000	3.03228E-004	11	..........a	-327.68
	2712	2713	-1.60776E+000	-2.00191E-001	-1.95958E+000	-2.00025E+000	3.01694E-004	11	..........a	-327.68
	2713	2714	-1.61016E+000	-2.00191E-001	-1.95625E+000	-2.00025E+000	2.92378E-004	11	..........a	-327.68
	2714	2715	-1.60216E+000	-2.00191E-001	-1.96464E+000	-2.00025E+000	2.93444E-004	11	..........a	-327.68
	2715	2716	-1.60856E+000	-2.00191E-001	-1.95563E+000	-2.00025E+000	2.97111E-004	11	..........a	-327.68
	2716	2717	-1.60936E+000	-2.00191E-001	-1.95777E+000	-2.00025E+000	2.94894E-004	11	..........a	-327.68
	2717	2718	-1.60856E+000	-2.00190E-001	-1.95712E+000	-2.00025E+000	2.92278E-004	11	..........a	-327.68
	2718	2719	-1.60976E+000	-2.00191E-001	-1.95641E+000	-2.00025E+000	2.96861E-004	11	..........a	-327.68
	2719	2720	-1.60896E+000	-2.00191E-001	-1.95578E+000	-2.00025E+000	2.92728E-004	11	..........a	-327.68
	2720	2721	-1.60936E+000	-2.00191E-001	-1.95841E+000	-2.00025E+000	2.99661E-004	11	..........a	-327.68
	2721	2722	-1.60856E+000	-2.00191E-001	-1.95573E+000	-2.00025E+000	2.97961E-004	11	..........a	-327.68
	2722	2723	-1.61016E+000	-2.00191E-001	-1.95434E+000	-2.00025E+000	3.00811E-004	11	..........a	-327.68
	2723	2724	-1.60896E+000	-2.00191E-001	-1.95388E+000	-2.00025E+000	3.06011E-004	11	..........a	-327.68
	2724	2725	-1.60856E+000	-2.00191E-001	-1.95614E+000	-2.00025E+000	3.05344E-004	11	..........a	-327.68
	2725	2726	-1.60216E+000	-2.00191E-001	-1.95935E+000	-2.00025E+000	2.97844E-004	11	..........a	-327.68
	2726	2727	-1.60696E+000	-2.00191E-001	-1.95399E+000	-2.00025E+000	3.05628E-004	11	..........a	-327.68
	2727	2728	-1.60696E+000	-2.00191E-001	-1.95460E+000	-2.00025E+000	3.05561E-004	11	..........a	-327.68
	2728	2729	-1.60736E+000	-2.00191E-001	-1.95611E+000	-2.00025E+000	2.95978E-004	11	..........a	-327.68
	2729	2730	-1.60736E+000	-2.00191E-001	-1.95598E+000	-2.00025E+000	3.02778E-004	11	..........a	-327.68
	2730	2731	-1.60816E+000	-2.00190E-001	-1.95744E+000	-2.00025E+000	3.00361E-004	11	..........a	-327.68
	2731	2732	-1.60936E+000	-2.00191E-001	-1.95633E+000	-2.00025E+000	2.94694E-004	11	..........a	-327.68
	2732	2733	-1.60776E+000	-2.00191E-001	-1.95922E+000	-2.00025E+000	2.94228E-004	11	..........a	-327.68
	2733	2734	-1.60776E+000	-2.00191E-001	-1.95851E+000	-2.00025E+000	3.00544E-004	11	..........a	-327.68
	2734	2735	-1.60896E+000	-2.00191E-001	-1.95808E+000	-2.00025E+000	2.89328E-004	11	..........a	-327.68
	2735	2736	-1.60856E+000	-2.00191E-001	-1.95591E+000	-2.00025E+000	2.93144E-004	11	..........a	-327.68
	2736	2737	-1.60856E+000	-2.00191E-001	-1.95747E+000	-2.00025E+000	2.92494E-004	11	..........a	-327.68
	2737	2738	-1.60736E+000	-2.00191E-001	-1.95797E+000	-2.00025E+000	2.90228E-004	11	..........a	-327.68
	2738	2739	-1.60816E+000	-2.00191E-001	-1.95750E+000	-2.00025E+000	2.97278E-004	11	..........a	-327.68
	2739	2740	-1.60896E+000	-2.00191E-001	-1.95545E+000	-2.00025E+000	3.01861E-004	11	..........a	-327.68
	2740	2741	-1.60816E+000	-2.00191E-001	-1.95774E+000	-2.00025E+000	3.02744E-004	11	..........a	-327.68
	2741	2742	-1.60936E+000	-2.00192E-001	-1.95724E+000	-2.00025E+000	3.01461E-004	11	..........a	-327.68
	2742	2743	-1.60136E+000	-2.00191E-001	-1.96542E+000	-2.00025E+000	2.98361E-004	11	..........a	-327.68
	2743	2744	-1.60856E+000	-2.00191E-001	-1.95843E+000	-2.00025E+000	3.01694E-004	11	..........a	-327.68
	2744	2745	-1.60936E+000	-2.00191E-001	-1.95868E+000	-2.00025E+000	2.97111E-004	11	..........a	-327.68
	2745	2746	-1.60816E+000	-2.00191E-001	-1.95626E+000	-2.00025E+000	3.04194E-004	11	..........a	-327.68
	2746	2747	-1.60856E+000	-2.00191E-001	-1.95487E+000	-2.00025E+000	3.00128E-004	11	..........a	-327.68
	2747	2748	-1.60856E+000	-2.00191E-001	-1.95650E+000	-2.00025E+000	2.95811E-004	11	..........a	-327.68
	2748	2749	-1.60696E+000	-2.00191E-001	-1.96069E+000	-2.00025E+000	2.99811E-004	11	..........a	-327.68
	2749	2750	-1.60856E+000	-2.00197E-001	-1.95670E+000	-2.00025E+000	5.00828E-004	11	..........a	-327.68
	2750	2751	-1.60776E+000	-2.00197E-001	-1.95635E+000	-2.00025E+000	5.11494E-004	11	..........a	-327.68
	2751	2752	-1.60776E+000	-2.00197E-001	-1.95789E+000	-2.00025E+000	5.06444E-004	11	..........a	-327.68
	2752	2753	-1.60896E+000	-2.00197E-001	-1.95822E+000	-2.00025E+000	5.13528E-004	11	..........a	-327.68
	2753	2754	-1.60096E+000	-2.00197E-001	-1.96631E+000	-2.00025E+000	4.97944E-004	11	..........a	-327.68
	2754	2755	-1.60856E+000	-2.00196E-001	-1.95981E+000	-2.00025E+000	5.04261E-004	11	..........a	-327.68
	2755	2756	-1.60936E+000	-2.00197E-001	-1.96007E+000	-2.00025E+000	4.98578E-004	11	..........a	-327.68
	2756	2757	-1.60936E+000	-2.00197E-001	-1.95983E+000	-2.00025E+000	4.96311E-004	11	..........a	-327.68
	2757	2758	-1.60776E+000	-2.00197E-001	-1.96046E+000	-2.00025E+000	5.04528E-004	11	..........a	-327.68
	2758	2759	-1.60896E+000	-2.00197E-001	-1.95977E+000	-2.00025E+000	5.08261E-004	11	..........a	-327.68
	2759	2760	-1.60936E+000	-2.00197E-001	-1.95872E+000	-2.00025E+000	4.99944E-004	11	..........a	-327.68
	2760	2761	-1.60856E+000	-2.00197E-001	-1.95905E+000	-2.00025E+000	5.10194E-004	11	..........a	-327.68
	2761	2762	-1.60736E+000	-2.00197E-001	-1.96178E+000	-2.00025E+000	5.06078E-004	11	..........a	-327.68
	2762	2763	-1.60816E+000	-2.00193E-001	-1.95964E+000	-2.00025E+000	3.36344E-004	11	..........a	-327.68
	2763	2764	-1.60856E+000	-2.00193E-001	-1.96408E+000	-2.00025E+000	3.45311E-004	11	..........a	-327.68
	2764	2765	-1.60216E+000	-2.00193E-001	-1.97177E+000	-2.00025E+000	3.42744E-004	11	..........a	-327.68
	2765	2766	-1.60736E+000	-2.00193E-001	-1.96463E+000	-2.00025E+000	3.45628E-004	11	..........a	-327.68
	2766	2767	-1.60296E+000	-2.00193E-001	-1.97025E+000	-2.00025E+000	3.41378E-004	11	..........a	-327.68
	2767	2768	-1.60856E+000	-2.00193E-001	-1.96499E+000	-2.00025E+000	3.40944E-004	11	..........a	-327.68
	2768	2769	-1.60856E+000	-2.00193E-001	-1.96376E+000	-2.00025E+000	3.41211E-004	11	..........a	-327.68
	2769	2770	-1.60856E+000	-2.00192E-001	-1.96233E+000	-2.00025E+000	3.39244E-004	11	..........a	-327.68
	2770	2771	-1.60856E+000	-2.00193E-001	-1.96297E+000	-2.00025E+000	3.34594E-004	11	..........a	-327.68
	2771	2772	-1.60896E+000	-2.00193E-001	-1.96406E+000	-2.00025E+000	3.37761E-004	11	..........a	-327.68
	2772	2773	-1.61096E+000	-2.00193E-001	-1.96059E+000	-2.00025E+000	3.38794E-004	11	..........a	-327.68
	2773	2774	-1.60936E+000	-2.00196E-001	-1.96337E+000	-2.00025E+000	4.80261E-004	11	..........a	-327.68
	2774	2775	-1.60896E+000	-2.00196E-001	-1.96287E+000	-2.00025E+000	4.76444E-004	11	..........a	-327.68
	2775	2776	-1.60296E+000	-2.00196E-001	-1.97077E+000	-2.00025E+000	4.67261E-004	11	..........a	-327.68
	2776	2777	-1.60816E+000	-2.00196E-001	-1.96238E+000	-2.00025E+000	4.67644E-004	11	..........a	-327.68
	2777	2778	-1.60296E+000	-2.00196E-001	-1.96655E+000	-2.00025E+000	4.72378E-004	11	..........a	-327.68
	2778	2779	-1.60936E+000	-2.00196E-001	-1.96037E+000	-2.00025E+000	4.83328E-004	11	..........a	-327.68
	2779	2780	-1.60776E+000	-2.00196E-001	-1.96063E+000	-2.00025E+000	4.86011E-004	11	..........a	-327.68
	2780	2781	-1.60936E+000	-2.00196E-001	-1.95772E+000	-2.00025E+000	4.82761E-004	11	..........a	-327.68
	2781	2782	-1.60696E+000	-2.00196E-001	-1.96048E+000	-2.00025E+000	4.77011E-004	11	..........a	-327.68
	2782	2783	-1.60776E+000	-2.00196E-001	-1.95823E+000	-2.00025E+000	4.80261E-004	11	..........a	-327.68
	2783	2784	-1.60776E+000	-2.00196E-001	-1.96102E+000	-2.00025E+000	4.76344E-004	11	..........a	-327.68
	2784	2785	-1.60856E+000	-2.00196E-001	-1.96096E+000	-2.00025E+000	4.70911E-004	11	..........a	-327.68
	2785	2786	-1.60896E+000	-2.00196E-001	-1.96083E+000	-2.00025E+000	4.72944E-004	11	..........a	-327.68
	2786	2787	-1.60776E+000	-2.00196E-001	-1.96129E+000	-2.00025E+000	4.79878E-004	11	..........a	-327.68
	2787	2788	-1.60856E+000	-2.00196E-001	-1.96500E+000	-2.00025E+000	4.82944E-004	11	..........a	-327.68
	2788	2789	-1.60776E+000	-2.00196E-001	-1.96522E+000	-2.00025E+000	4.77178E-004	11	..........a	-327.68
	2789	2790	-1.60816E+000	-2.00196E-001	-1.96603E+000	-2.00025E+000	4.77428E-004	11	..........a	-327.68
	2790	2791	-1.60856E+000	-2.00195E-001	-1.96373E+000	-2.00025E+000	4.80444E-004	11	..........a	-327.68
	2791	2792	-1.60776E+000	-2.00195E-001	-1.96589E+000	-2.00025E+000	4.79844E-004	11	..........a	-327.68
	2792	2793	-1.60856E+000	-2.00196E-001	-1.96255E+000	-2.00025E+000	4.83978E-004	11	..........a	-327.68
	2793	2794	-1.60936E+000	-2.00196E-001	-1.96536E+000	-2.00025E+000	4.74228E-004	11	..........a	-327.68
	2794	2795	-1.60936E+000	-2.00196E-001	-1.96517E+000	-2.00025E+000	4.81161E-004	11	..........a	-327.68
	2795	2796	-1.60936E+000	-2.00196E-001	-1.96556E+000	-2.00025E+000	4.76428E-004	11	..........a	-327.68
	2796	2797	-1.60856E+000	-2.00195E-001	-1.96543E+000	-2.00025E+000	4.78311E-004	11	..........a	-327.68
	2797	2798	-1.60936E+000	-2.00195E-001	-1.96573E+000	-2.00025E+000	4.85511E-004	11	..........a	-327.68
	2798	2799	-1.60936E+000	-2.00195E-001	-1.96357E+000	-2.00025E+000	4.78928E-004	11	..........a	-327.68
	2799	2800	-1.60936E+000	-2.00195E-001	-1.96561E+000	-2.00025E+000	4.83894E-004	11	..........a	-327.68
	2800	2801	-1.60896E+000	-2.00195E-001	-1.96319E+000	-2.00025E+000	4.86844E-004	11	..........a	-327.68
	2801	2802	-1.60936E+000	-2.00195E-001	-1.96555E+000	-2.00025E+000	4.74861E-004	11	..........a	-327.68
	2802	2803	-1.60936E+000	-2.00195E-001	-1.96286E+000	-2.00025E+000	4.82861E-004	11	..........a	-327.68
	2803	2804	-1.60296E+000	-2.00195E-001	-1.97114E+000	-2.00025E+000	4.87444E-004	11	..........a	-327.68
	2804	2805	-1.60936E+000	-2.00196E-001	-1.96287E+000	-2.00025E+000	4.83944E-004	11	..........a	-327.68
	2805	2806	-1.60216E+000	-2.00195E-001	-1.96892E+000	-2.00025E+000	4.88844E-004	11	..........a	-327.68
	2806	2807	-1.60776E+000	-2.00195E-001	-1.96092E+000	-2.00025E+000	4.86344E-004	11	..........a	-327.68
	2807	2808	-1.60936E+000	-2.00195E-001	-1.95885E+000	-2.00025E+000	4.84561E-004	11	..........a	-327.68
	2808	2809	-1.61096E+000	-2.00195E-001	-1.95446E+000	-2.00025E+000	4.82561E-004	11	..........a	-327.68
	2809	2810	-1.60936E+000	-2.00196E-001	-1.95799E+000	-2.00025E+000	4.82461E-004	11	..........a	-327.68
	2810	2811	-1.60856E+000	-2.00196E-001	-1.95565E+000	-2.00025E+000	4.82878E-004	11	..........a	-327.68
	2811	2812	-1.60976E+000	-2.00196E-001	-1.95433E+000	-2.00025E+000	4.84378E-004	11	..........a	-327.68
	2812	2813	-1.60776E+000	-2.00196E-001	-1.95597E+000	-2.00025E+000	4.75761E-004	11	..........a	-327.68
	2813	2814	-1.60776E+000	-2.00196E-001	-1.95641E+000	-2.00025E+000	4.87128E-004	11	..........a	-327.68
	2814	2815	-1.60776E+000	-2.00196E-001	-1.95429E+000	-2.00025E+000	4.85961E-004	11	..........a	-327.68
	2815	2816	-1.60856E+000	-2.00196E-001	-1.95364E+000	-2.00025E+000	4.93578E-004	11	..........a	-327.68
	2816	2817	-1.60856E+000	-2.00195E-001	-1.95260E+000	-2.00025E+000	4.85344E-004	11	..........a	-327.68
	2817	2818	-1.60776E+000	-2.00196E-001	-1.95542E+000	-2.00025E+000	4.84528E-004	11	..........a	-327.68
	2818	2819	-1.60856E+000	-2.00195E-001	-1.95410E+000	-2.00025E+000	4.86628E-004	11	..........a	-327.68
	2819	2820	-1.60776E+000	-2.00195E-001	-1.95466E+000	-2.00025E+000	4.78161E-004	11	..........a	-327.68
	2820	2821	-1.60896E+000	-2.00196E-001	-1.95175E+000	-2.00025E+000	4.71411E-004	11	..........a	-327.68
	2821	2822	-1.60936E+000	-2.00196E-001	-1.95574E+000	-2.00025E+000	4.96894E-004	11	..........a	-327.68
	2822	2823	-1.61016E+000	-2.00195E-001	-1.95379E+000	-2.00025E+000	4.93461E-004	11	..........a	-327.68
	2823	2824	-1.60856E+000	-2.00196E-001	-1.95552E+000	-2.00025E+000	4.82011E-004	11	..........a	-327.68
	2824	2825	-1.60856E+000	-2.00195E-001	-1.95374E+000	-2.00025E+000	4.86228E-004	11	..........a	-327.68
	2825	2826	-1.60896E+000	-2.00195E-001	-1.95595E+000	-2.00025E+000	4.73461E-004	11	..........a	-327.68
	2826	2827	-1.60776E+000	-2.00195E-001	-1.95363E+000	-2.00025E+000	4.77444E-004	11	..........a	-327.68
	2827	2828	-1.60696E+000	-2.00195E-001	-1.95552E+000	-2.00025E+000	4.86778E-004	11	..........a	-327.68
	2828	2829	-1.60776E+000	-2.00196E-001	-1.95463E+000	-2.00025E+000	4.89094E-004	11	..........a	-327.68
	2829	2830	-1.60856E+000	-2.00196E-001	-1.95433E+000	-2.00025E+000	4.87378E-004	11	..........a	-327.68
	2830	2831	-1.60776E+000	-2.00195E-001	-1.95317E+000	-2.00025E+000	4.83628E-004	11	..........a	-327.68
	2831	2832	-1.60776E+000	-2.00195E-001	-1.95420E+000	-2.00025E+000	4.80694E-004	11	..........a	-327.68
	2832	2833	-1.60776E+000	-2.00196E-001	-1.95304E+000	-2.00025E+000	4.84078E-004	11	..........a	-327.68
	2833	2834	-1.59976E+000	-2.00196E-001	-1.96242E+000	-2.00025E+000	4.83644E-004	11	..........a	-327.68
	2834	2835	-1.60816E+000	-2.00195E-001	-1.95253E+000	-2.00025E+000	4.86778E-004	11	..........a	-327.68
	2835	2836	-1.60816E+000	-2.00196E-001	-1.95764E+000	-2.00025E+000	4.81361E-004	11	..........a	-327.68
	2836	2837	-1.60776E+000	-2.00196E-001	-1.95625E+000	-2.00025E+000	4.78828E-004	11	..........a	-327.68
	2837	2838	-1.60776E+000	-2.00195E-001	-1.96046E+000	-2.00025E+000	4.79928E-004	11	..........a	-327.68
	2838	2839	-1.60776E+000	-2.00195E-001	-1.95952E+000	-2.00025E+000	4.87428E-004	11	..........a	-327.68
	2839	2840	-1.60776E+000	-2.00196E-001	-1.96081E+000	-2.00025E+000	4.89694E-004	11	..........a	-327.68
	2840	2841	-1.60696E+000	-2.00195E-001	-1.95915E+000	-2.00025E+000	4.87628E-004	11	..........a	-327.68
	2841	2842	-1.60936E+000	-2.00196E-001	-1.95821E+000	-2.00025E+000	4.94928E-004	11	..........a	-327.68
	2842	2843	-1.60696E+000	-2.00188E-001	-1.95884E+000	-2.00025E+000	3.58894E-004	11	..........a	-327.68
	2843	2844	-1.60736E+000	-2.00188E-001	-1.96078E+000	-2.00025E+000	3.59094E-004	11	..........a	-327.68
	2844	2845	-1.60776E+000	-2.00187E-001	-1.96027E+000	-2.00025E+000	3.54828E-004	11	..........a	-327.68
	2845	2846	-1.60736E+000	-2.00188E-001	-1.96201E+000	-2.00025E+000	3.57644E-004	11	..........a	-327.68
	2846	2847	-1.60136E+000	-2.00188E-001	-1.96552E+000	-2.00025E+000	3.55378E-004	11	..........a	-327.68
	2847	2848	-1.60776E+000	-2.00188E-001	-1.96154E+000	-2.00025E+000	3.54711E-004	11	..........a	-327.68
	2848	2849	-1.60696E+000	-2.00187E-001	-1.95997E+000	-2.00025E+000	3.58111E-004	11	..........a	-327.68
	2849	2850	-1.60896E+000	-2.00188E-001	-1.95846E+000	-2.00025E+000	3.57578E-004	11	..........a	-327.68
	2850	2851	-1.60856E+000	-2.00188E-001	-1.95979E+000	-2.00025E+000	3.57661E-004	11	..........a	-327.68
	2851	2852	-1.60856E+000	-2.00187E-001	-1.95936E+000	-2.00025E+000	3.61444E-004	11	..........a	-327.68
	2852	2853	-1.60816E+000	-2.00188E-001	-1.96179E+000	-2.00025E+000	3.67994E-004	11	..........a	-327.68
	2853	2854	-1.60816E+000	-2.00191E-001	-1.96400E+000	-2.00025E+000	4.92311E-004	11	..........a	-327.68
	2854	2855	-1.60856E+000	-2.00191E-001	-1.95983E+000	-2.00025E+000	4.92994E-004	11	..........a	-327.68
	2855	2856	-1.60856E+000	-2.00191E-001	-1.96210E+000	-2.00025E+000	4.88361E-004	11	..........a	-327.68
	2856	2857	-1.60776E+000	-2.00191E-001	-1.96200E+000	-2.00025E+000	4.85094E-004	11	..........a	-327.68
	2857	2858	-1.60136E+000	-2.00191E-001	-1.96822E+000	-2.00025E+000	4.90711E-004	11	..........a	-327.68
	2858	2859	-1.60856E+000	-2.00191E-001	-1.95839E+000	-2.00025E+000	4.83861E-004	11	..........a	-327.68
	2859	2860	-1.60856E+000	-2.00191E-001	-1.95949E+000	-2.00025E+000	4.91211E-004	11	..........a	-327.68
	2860	2861	-1.60856E+000	-2.00191E-001	-1.95955E+000	-2.00025E+000	4.72294E-004	11	..........a	-327.68
	2861	2862	-1.60936E+000	-2.00192E-001	-1.95909E+000	-2.00025E+000	4.74628E-004	11	..........a	-327.68
	2862	2863	-1.60776E+000	-2.00191E-001	-1.95856E+000	-2.00025E+000	4.74911E-004	11	..........a	-327.68
	2863	2864	-1.60776E+000	-2.00192E-001	-1.96044E+000	-2.00025E+000	4.79944E-004	11	..........a	-327.68
	2864	2865	-1.60776E+000	-2.00191E-001	-1.96089E+000	-2.00025E+000	4.75544E-004	11	..........a	-327.68
	2865	2866	-1.60856E+000	-2.00191E-001	-1.96012E+000	-2.00025E+000	4.82244E-004	11	..........a	-327.68
	2866	2867	-1.60536E+000	-2.00191E-001	-1.96295E+000	-2.00025E+000	4.73994E-004	11	..........a	-327.68
	2867	2868	-1.60816E+000	-2.00191E-001	-1.96176E+000	-2.00025E+000	4.75644E-004	11	..........a	-327.68
	2868	2869	-1.60736E+000	-2.00191E-001	-1.96044E+000	-2.00025E+000	4.81894E-004	11	..........a	-327.68
	2869	2870	-1.60776E+000	-2.00191E-001	-1.96259E+000	-2.00025E+000	4.69328E-004	11	..........a	-327.68
	2870	2871	-1.60856E+000	-2.00191E-001	-1.96118E+000	-2.00025E+000	4.67128E-004	11	..........a	-327.68
	2871	2872	-1.60856E+000	-2.00192E-001	-1.96373E+000	-2.00025E+000	4.74361E-004	11	..........a	-327.68
	2872	2873	-1.60776E+000	-2.00192E-001	-1.96487E+000	-2.00025E+000	4.67694E-004	11	..........a	-327.68
	2873	2874	-1.61016E+000	-2.00191E-001	-1.96524E+000	-2.00025E+000	4.72128E-004	11	..........a	-327.68
	2874	2875	-1.60936E+000	-2.00191E-001	-1.96367E+000	-2.00025E+000	4.66161E-004	11	..........a	-327.68
	2875	2876	-1.60936E+000	-2.00191E-001	-1.96525E+000	-2.00025E+000	4.63494E-004	11	..........a	-327.68
	2876	2877	-1.60936E+000	-2.00192E-001	-1.96280E+000	-2.00025E+000	4.64861E-004	11	..........a	-327.68
	2877	2878	-1.60856E+000	-2.00191E-001	-1.96709E+000	-2.00025E+000	4.65511E-004	11	..........a	-327.68
	2878	2879	-1.61016E+000	-2.00191E-001	-1.96546E+000	-2.00025E+000	4.71911E-004	11	..........a	-327.68
	2879	2880	-1.60936E+000	-2.00191E-001	-1.96622E+000	-2.00025E+000	4.69394E-004	11	..........a	-327.68
	2880	2881	-1.61016E+000	-2.00191E-001	-1.96602E+000	-2.00025E+000	4.69561E-004	11	..........a	-327.68
	2881	2882	-1.61016E+000	-2.00191E-001	-1.96911E+000	-2.00025E+000	4.74411E-004	11	..........a	-327.68
	2882	2883	-1.60856E+000	-2.00191E-001	-1.96788E+000	-2.00025E+000	4.74528E-004	11	..........a	-327.68
	2883	2884	-1.60936E+000	-2.00192E-001	-1.97015E+000	-2.00025E+000	4.76378E-004	11	..........a	-327.68
	2884	2885	-1.60816E+000	-2.00192E-001	-1.97051E+000	-2.00025E+000	4.69761E-004	11	..........a	-327.68
	2885	2886	-1.60256E+000	-2.00192E-001	-1.97612E+000	-2.00025E+000	4.61544E-004	11	..........a	-327.68
	2886	2887	-1.60936E+000	-2.00191E-001	-1.96924E+000	-2.00025E+000	4.64611E-004	11	..........a	-327.68
	2887	2888	-1.60936E+000	-2.00192E-001	-1.96874E+000	-2.00025E+000	4.75261E-004	11	..........a	-327.68
	2888	2889	-1.60856E+000	-2.00191E-001	-1.96830E+000	-2.00025E+000	4.69894E-004	11	..........a	-327.68
	2889	2890	-1.60896E+000	-2.00192E-001	-1.96801E+000	-2.00025E+000	4.71761E-004	11	..........a	-327.68
	2890	2891	-1.60856E+000	-2.00192E-001	-1.96687E+000	-2.00025E+000	4.69828E-004	11	..........a	-327.68
	2891	2892	-1.61016E+000	-2.00192E-001	-1.96748E+000	-2.00025E+000	4.57928E-004	11	..........a	-327.68
	2892	2893	-1.60976E+000	-2.00192E-001	-1.96869E+000	-2.00025E+000	4.59961E-004	11	..........a	-327.68
	2893	2894	-1.60936E+000	-2.00191E-001	-1.96837E+000	-2.00025E+000	4.62078E-004	11	..........a	-327.68
	2894	2895	-1.61056E+000	-2.00192E-001	-1.96642E+000	-2.00025E+000	4.70128E-004	11	..........a	-327.68
	2895	2896	-1.60856E+000	-2.00192E-001	-1.96845E+000	-2.00025E+000	4.66028E-004	11	..........a	-327.68
	2896	2897	-1.60936E+000	-2.00191E-001	-1.96546E+000	-2.00025E+000	4.68078E-004	11	..........a	-327.68
	2897	2898	-1.60936E+000	-2.00191E-001	-1.96896E+000	-2.00025E+000	4.63211E-004	11	..........a	-327.68
	2898	2899	-1.60976E+000	-2.00191E-001	-1.97014E+000	-2.00025E+000	4.66194E-004	11	..........a	-327.68
	2899	2900	-1.60936E+000	-2.00192E-001	-1.96913E+000	-2.00025E+000	4.61328E-004	11	..........a	-327.68
	2900	2901	-1.60296E+000	-2.00192E-001	-1.97363E+000	-2.00025E+000	4.64961E-004	11	..........a	-327.68
	2901	2902	-1.60936E+000	-2.00192E-001	-1.96788E+000	-2.00025E+000	4.69678E-004	11	..........a	-327.68
	2902	2903	-1.60936E+000	-2.00192E-001	-1.96758E+000	-2.00025E+000	4.63861E-004	11	..........a	-327.68
	2903	2904	-1.60896E+000	-2.00192E-001	-1.96824E+000	-2.00025E+000	4.69194E-004	11	..........a	-327.68
	2904	2905	-1.60856E+000	-2.00192E-001	-1.96820E+000	-2.00025E+000	4.78061E-004	11	..........a	-327.68
	2905	2906	-1.60776E+000	-2.00192E-001	-1.96853E+000	-2.00025E+000	4.77411E-004	11	..........a	-327.68
	2906	2907	-1.61016E+000	-2.00192E-001	-1.96592E+000	-2.00025E+000	4.76228E-004	11	..........a	-327.68
	2907	2908	-1.60816E+000	-2.00191E-001	-1.96837E+000	-2.00025E+000	4.76478E-004	11	..........a	-327.68
	2908	2909	-1.60936E+000	-2.00191E-001	-1.96738E+000	-2.00025E+000	4.85694E-004	11	..........a	-327.68
	2909	2910	-1.61016E+000	-2.00191E-001	-1.96744E+000	-2.00025E+000	4.81561E-004	11	..........a	-327.68
	2910	2911	-1.60776E+000	-2.00191E-001	-1.96701E+000	-2.00025E+000	4.78944E-004	11	..........a	-327.68
	2911	2912	-1.60936E+000	-2.00191E-001	-1.96827E+000	-2.00025E+000	4.85694E-004	11	..........a	-327.68
	2912	2913	-1.60896E+000	-2.00192E-001	-1.96803E+000	-2.00025E+000	4.78728E-004	11	..........a	-327.68
	2913	2914	-1.60216E+000	-2.00191E-001	-1.97499E+000	-2.00025E+000	4.80611E-004	11	..........a	-327.68
	2914	2915	-1.60936E+000	-2.00191E-001	-1.96701E+000	-2.00025E+000	4.81961E-004	11	..........a	-327.68
	2915	2916	-1.60216E+000	-2.00191E-001	-1.97740E+000	-2.00025E+000	4.78728E-004	11	..........a	-327.68
	2916	2917	-1.61016E+000	-2.00191E-001	-1.96898E+000	-2.00025E+000	4.82894E-004	11	..........a	-327.68
	2917	2918	-1.60776E+000	-2.00191E-001	-1.96972E+000	-2.00025E+000	4.79844E-004	11	..........a	-327.68
	2918	2919	-1.60856E+000	-2.00191E-001	-1.96960E+000	-2.00025E+000	4.79661E-004	11	..........a	-327.68
	2919	2920	-1.60696E+000	-2.00191E-001	-1.97043E+000	-2.00025E+000	4.69678E-004	11	..........a	-327.68
	2920	2921	-1.60736E+000	-2.00191E-001	-1.96852E+000	-2.00025E+000	4.73611E-004	11	..........a	-327.68
	2921	2922	-1.60816E+000	-2.00191E-001	-1.97137E+000	-2.00025E+000	4.65911E-004	11	..........a	-327.68
	2922	2923	-1.60856E+000	-2.00191E-001	-1.97230E+000	-2.00025E+000	4.64328E-004	11	..........a	-327.68
	2923	2924	-1.60776E+000	-2.00191E-001	-1.97496E+000	-2.00025E+000	4.74294E-004	11	..........a	-327.68
	2924	2925	-1.60936E+000	-2.00191E-001	-1.97600E+000	-2.00025E+000	4.72228E-004	11	..........a	-327.68
	2925	2926	-1.61016E+000	-2.00191E-001	-1.97286E+000	-2.00025E+000	4.73844E-004	11	..........a	-327.68
	2926	2927	-1.60856E+000	-2.00192E-001	-1.97512E+000	-2.00025E+000	4.68061E-004	11	..........a	-327.68
	2927	2928	-1.60936E+000	-2.00191E-001	-1.97408E+000	-2.00025E+000	4.62111E-004	11	..........a	-327.68
	2928	2929	-1.60856E+000	-2.00192E-001	-1.97778E+000	-2.00025E+000	4.65461E-004	11	..........a	-327.68
	2929	2930	-1.60936E+000	-2.00192E-001	-1.97527E+000	-2.00025E+000	4.71728E-004	11	..........a	-327.68
	2930	2931	-1.60136E+000	-2.00192E-001	-1.98181E+000	-2.00025E+000	4.76678E-004	11	..........a	-327.68
	2931	2932	-1.60856E+000	-2.00191E-001	-1.97270E+000	-2.00025E+000	4.83011E-004	11	..........a	-327.68
	2932	2933	-1.60936E+000	-2.00191E-001	-1.97241E+000	-2.00025E+000	4.67478E-004	11	..........a	-327.68
	2933	2934	-1.60776E+000	-2.00191E-001	-1.97407E+000	-2.00025E+000	4.69478E-004	11	..........a	-327.68
	2934	2935	-1.60936E+000	-2.00192E-001	-1.97243E+000	-2.00025E+000	4.61244E-004	11	..........a	-327.68
	2935	2936	-1.60856E+000	-2.00192E-001	-1.97212E+000	-2.00025E+000	4.74178E-004	11	..........a	-327.68
	2936	2937	-1.60936E+000	-2.00191E-001	-1.97245E+000	-2.00025E+000	4.70144E-004	11	..........a	-327.68
	2937	2938	-1.60936E+000	-2.00191E-001	-1.97195E+000	-2.00025E+000	4.64611E-004	11	..........a	-327.68
	2938	2939	-1.60936E+000	-2.00192E-001	-1.97372E+000	-2.00025E+000	4.71111E-004	11	..........a	-327.68
	2939	2940	-1.60936E+000	-2.00192E-001	-1.97171E+000	-2.00025E+000	4.70278E-004	11	..........a	-327.68
	2940	2941	-1.60936E+000	-2.00192E-001	-1.97243E+000	-2.00025E+000	4.71628E-004	11	..........a	-327.68
	2941	2942	-1.60216E+000	-2.00192E-001	-1.97868E+000	-2.00025E+000	4.57794E-004	11	..........a	-327.68
	2942	2943	-1.61016E+000	-2.00192E-001	-1.97100E+000	-2.00025E+000	4.67594E-004	11	..........a	-327.68
	2943	2944	-1.60216E+000	-2.00192E-001	-1.97625E+000	-2.00025E+000	4.67578E-004	11	..........a	-327.68
	2944	2945	-1.60936E+000	-2.00192E-001	-1.96960E+000	-2.00025E+000	4.77961E-004	11	..........a	-327.68
	2945	2946	-1.60856E+000	-2.00192E-001	-1.96924E+000	-2.00025E+000	4.77628E-004	11	..........a	-327.68
	2946	2947	-1.60776E+000	-2.00192E-001	-1.97545E+000	-2.00025E+000	4.67928E-004	11	..........a	-327.68
	2947	2948	-1.60856E+000	-2.00192E-001	-1.97320E+000	-2.00025E+000	4.77344E-004	11	..........a	-327.68
	2948	2949	-1.61016E+000	-2.00192E-001	-1.97329E+000	-2.00025E+000	4.63811E-004	11	..........a	-327.68
	2949	2950	-1.60976E+000	-2.00192E-001	-1.97258E+000	-2.00025E+000	4.72411E-004	11	..........a	-327.68
	2950	2951	-1.60856E+000	-2.00192E-001	-1.97627E+000	-2.00025E+000	4.73094E-004	11	..........a	-327.68
	2951	2952	-1.60936E+000	-2.00192E-001	-1.97329E+000	-2.00025E+000	4.81178E-004	11	..........a	-327.68
	2952	2953	-1.60936E+000	-2.00192E-001	-1.97289E+000	-2.00025E+000	4.78711E-004	11	..........a	-327.68
	2953	2954	-1.61016E+000	-2.00191E-001	-1.96986E+000	-2.00025E+000	4.79244E-004	11	..........a	-327.68
	2954	2955	-1.60776E+000	-2.00191E-001	-1.97407E+000	-2.00025E+000	4.80228E-004	11	..........a	-327.68
	2955	2956	-1.60776E+000	-2.00191E-001	-1.97180E+000	-2.00025E+000	4.78111E-004	11	..........a	-327.68
	2956	2957	-1.60776E+000	-2.00192E-001	-1.97292E+000	-2.00025E+000	4.71128E-004	11	..........a	-327.68
	2957	2958	-1.60856E+000	-2.00192E-001	-1.96943E+000	-2.00025E+000	4.72144E-004	11	..........a	-327.68
	2958	2959	-1.60136E+000	-2.00191E-001	-1.97894E+000	-2.00025E+000	4.83144E-004	11	..........a	-327.68
	2959	2960	-1.60616E+000	-2.00191E-001	-1.97222E+000	-2.00025E+000	4.76994E-004	11	..........a	-327.68
	2960	2961	-1.60896E+000	-2.00192E-001	-1.97104E+000	-2.00025E+000	4.70078E-004	11	..........a	-327.68
	2961	2962	-1.60776E+000	-2.00191E-001	-1.97087E+000	-2.00025E+000	4.63011E-004	11	..........a	-327.68
	2962	2963	-1.60856E+000	-2.00192E-001	-1.97175E+000	-2.00025E+000	4.74244E-004	11	..........a	-327.68
	2963	2964	-1.60896E+000	-2.00191E-001	-1.96818E+000	-2.00025E+000	4.57528E-004	11	..........a	-327.68
	2964	2965	-1.60856E+000	-2.00191E-001	-1.97063E+000	-2.00025E+000	4.66044E-004	11	..........a	-327.68
	2965	2966	-1.60776E+000	-2.00191E-001	-1.96925E+000	-2.00025E+000	4.70528E-004	11	..........a	-327.68
	2966	2967	-1.60936E+000	-2.00191E-001	-1.96764E+000	-2.00025E+000	4.73811E-004	11	..........a	-327.68
	2967	2968	-1.60696E+000	-2.00191E-001	-1.96963E+000	-2.00025E+000	4.72011E-004	11	..........a	-327.68
	2968	2969	-1.60936E+000	-2.00191E-001	-1.97217E+000	-2.00025E+000	4.75094E-004	11	..........a	-327.68
	2969	2970	-1.60696E+000	-2.00191E-001	-1.97102E+000	-2.00025E+000	4.69128E-004	11	..........a	-327.68
	2970	2971	-1.60776E+000	-2.00192E-001	-1.97325E+000	-2.00025E+000	4.70861E-004	11	..........a	-327.68
	2971	2972	-1.60136E+000	-2.00191E-001	-1.97832E+000	-2.00025E+000	4.72344E-004	11	..........a	-327.68
	2972	2973	-1.60896E+000	-2.00191E-001	-1.97263E+000	-2.00025E+000	4.72011E-004	11	..........a	-327.68
	2973	2974	-1.60216E+000	-2.00191E-001	-1.97876E+000	-2.00025E+000	4.66844E-004	11	..........a	-327.68
	2974	2975	-1.60776E+000	-2.00191E-001	-1.97385E+000	-2.00025E+000	4.73128E-004	11	..........a	-327.68
	2975	2976	-1.60776E+000	-2.00192E-001	-1.97296E+000	-2.00025E+000	4.76628E-004	11	..........a	-327.68
	2976	2977	-1.60856E+000	-2.00192E-001	-1.97476E+000	-2.00025E+000	4.77728E-004	11	..........a	-327.68
	2977	2978	-1.60696E+000	-2.00192E-001	-1.97478E+000	-2.00025E+000	4.71244E-004	11	..........a	-327.68
	2978	2979	-1.60776E+000	-2.00192E-001	-1.97404E+000	-2.00025E+000	4.76611E-004	11	..........a	-327.68
	2979	2980	-1.61016E+000	-2.00192E-001	-1.97017E+000	-2.00025E+000	4.76478E-004	11	..........a	-327.68
	2980	2981	-1.60936E+000	-2.00193E-001	-1.97289E+000	-2.00025E+000	1.04678E-004	11	..........a	-327.68
	2981	2982	-1.60936E+000	-2.00193E-001	-1.97090E+000	-2.00025E+000	1.11144E-004	11	..........a	-327.68
	2982	2983	-1.60096E+000	-2.00192E-001	-1.98218E+000	-2.00025E+000	1.14561E-004	11	..........a	-327.68
	2983	2984	-1.60856E+000	-2.00192E-001	-1.97293E+000	-2.00025E+000	1.08611E-004	11	..........a	-327.68
	2984	2985	-1.60136E+000	-2.00192E-001	-1.98246E+000	-2.00025E+000	1.15094E-004	11	..........a	-327.68
	2985	2986	-1.60696E+000	-2.00192E-001	-1.97652E+000	-2.00025E+000	1.22711E-004	11	..........a	-327.68
	2986	2987	-1.60776E+000	-2.00191E-001	-1.97734E+000	-2.00025E+000	1.29694E-004	11	..........a	-327.68
	2987	2988	-1.60776E+000	-2.00192E-001	-1.97536E+000	-2.00025E+000	1.14861E-004	11	..........a	-327.68
	2988	2989	-1.60856E+000	-2.00191E-001	-1.97581E+000	-2.00025E+000	1.19578E-004	11	..........a	-327.68
	2989	2990	-1.60856E+000	-2.00192E-001	-1.97693E+000	-2.00025E+000	1.08061E-004	11	..........a	-327.68
	2990	2991	-1.60816E+000	-2.00191E-001	-1.97857E+000	-2.00025E+000	1.17544E-004	11	..........a	-327.68
	2991	2992	-1.60856E+000	-2.00191E-001	-1.97635E+000	-2.00025E+000	1.05311E-004	11	..........a	-327.68
	2992	2993	-1.60936E+000	-2.00192E-001	-1.97716E+000	-2.00025E+000	1.11261E-004	11	..........a	-327.68
	2993	2994	-1.60936E+000	-2.00192E-001	-1.97536E+000	-2.00025E+000	1.05178E-004	11	..........a	-327.68
	2994	2995	-1.60936E+000	-2.00193E-001	-1.97612E+000	-2.00025E+000	1.00661E-004	11	..........a	-327.68
	2995	2996	-1.60776E+000	-2.00192E-001	-1.97588E+000	-2.00025E+000	1.04394E-004	11	..........a	-327.68
	2996	2997	-1.60776E+000	-2.00193E-001	-1.97836E+000	-2.00025E+000	9.72444E-005	11	..........a	-327.68
	2997	2998	-1.60256E+000	-2.00193E-001	-1.98022E+000	-2.00025E+000	9.94777E-005	11	..........a	-327.68
	2998	2999	-1.60936E+000	-2.00193E-001	-1.97723E+000	-2.00025E+000	9.31777E-005	11	..........a	-327.68
	2999	3000	-1.60216E+000	-2.00193E-001	-1.98393E+000	-2.00025E+000	1.02494E-004	11	..........a	-327.68
	3000	3001	-1.60936E+000	-2.00193E-001	-1.97931E+000	-2.00025E+000	1.20711E-004	11	..........a	-327.68
	3001	3002	-1.60936E+000	-2.00192E-001	-1.97835E+000	-2.00025E+000	1.05028E-004	11	..........a	-327.68
	3002	3003	-1.60936E+000	-2.00192E-001	-1.98022E+000	-2.00025E+000	1.05044E-004	11	..........a	-327.68
	3003	3004	-1.61176E+000	-2.00193E-001	-1.97631E+000	-2.00025E+000	1.03694E-004	11	..........a	-327.68
	3004	3005	-1.60856E+000	-2.00192E-001	-1.97791E+000	-2.00025E+000	1.03494E-004	11	..........a	-327.68
	3005	3006	-1.61016E+000	-2.00192E-001	-1.97586E+000	-2.00025E+000	1.10778E-004	11	..........a	-327.68
	3006	3007	-1.61016E+000	-2.00191E-001	-1.97857E+000	-2.00025E+000	3.42228E-004	11	..........a	-327.68
	3007	3008	-1.60936E+000	-2.00192E-001	-1.97810E+000	-2.00025E+000	3.43778E-004	11	..........a	-327.68
	3008	3009	-1.60296E+000	-2.00192E-001	-1.98748E+000	-2.00025E+000	3.37028E-004	11	..........a	-327.68
	3009	3010	-1.60856E+000	-2.00192E-001	-1.98125E+000	-2.00025E+000	3.40228E-004	11	..........a	-327.68
	3010	3011	-1.60856E+000	-2.00191E-001	-1.98381E+000	-2.00025E+000	3.35644E-004	11	..........a	-327.68
	3011	3012	-1.61056E+000	-2.00192E-001	-1.98052E+000	-2.00025E+000	3.32328E-004	11	..........a	-327.68
	3012	3013	-1.60976E+000	-2.00192E-001	-1.98091E+000	-2.00025E+000	3.42261E-004	11	..........a	-327.68
	3013	3014	-1.61096E+000	-2.00191E-001	-1.97844E+000	-2.00025E+000	3.38011E-004	11	..........a	-327.68
	3014	3015	-1.60856E+000	-2.00192E-001	-1.98133E+000	-2.00025E+000	3.38944E-004	11	..........a	-327.68
	3015	3016	-1.60856E+000	-2.00191E-001	-1.97922E+000	-2.00025E+000	3.34044E-004	11	..........a	-327.68
	3016	3017	-1.60856E+000	-2.00192E-001	-1.98094E+000	-2.00025E+000	3.39644E-004	11	..........a	-327.68
	3017	3018	-1.61016E+000	-2.00192E-001	-1.97902E+000	-2.00025E+000	3.38778E-004	11	..........a	-327.68
	3018	3019	-1.60856E+000	-2.00191E-001	-1.98039E+000	-2.00025E+000	3.36544E-004	11	..........a	-327.68
	3019	3020	-1.60936E+000	-2.00192E-001	-1.97928E+000	-2.00025E+000	3.42894E-004	11	..........a	-327.68
	3020	3021	-1.60936E+000	-2.00192E-001	-1.98037E+000	-2.00025E+000	3.38678E-004	11	..........a	-327.68
	3021	3022	-1.60776E+000	-2.00192E-001	-1.98005E+000	-2.00025E+000	3.37528E-004	11	..........a	-327.68
	3022	3023	-1.60856E+000	-2.00192E-001	-1.97835E+000	-2.00025E+000	3.40711E-004	11	..........a	-327.68
	3023	3024	-1.60696E+000	-2.00192E-001	-1.97854E+000	-2.00025E+000	3.40928E-004	11	..........a	-327.68
	3024	3025	-1.60816E+000	-2.00192E-001	-1.97934E+000	-2.00025E+000	3.35478E-004	11	..........a	-327.68
	3025	3026	-1.60136E+000	-2.00192E-001	-1.98502E+000	-2.00025E+000	3.37144E-004	11	..........a	-327.68
	3026	3027	-1.60696E+000	-2.00192E-001	-1.98029E+000	-2.00025E+000	3.35628E-004	11	..........a	-327.68
	3027	3028	-1.60776E+000	-2.00192E-001	-1.97910E+000	-2.00025E+000	3.39811E-004	11	..........a	-327.68
	3028	3029	-1.60776E+000	-2.00192E-001	-1.98046E+000	-2.00025E+000	3.32661E-004	11	..........a	-327.68
	3029	3030	-1.60776E+000	-2.00192E-001	-1.98031E+000	-2.00025E+000	3.34328E-004	11	..........a	-327.68
	3030	3031	-1.60936E+000	-2.00192E-001	-1.97839E+000	-2.00025E+000	3.35961E-004	11	..........a	-327.68
	3031	3032	-1.61016E+000	-2.00192E-001	-1.97761E+000	-2.00025E+000	3.35778E-004	11	..........a	-327.68
	3032	3033	-1.61016E+000	-2.00191E-001	-1.97709E+000	-2.00025E+000	3.11744E-004	11	..........a	-327.68
	3033	3034	-1.60776E+000	-2.00191E-001	-1.98009E+000	-2.00025E+000	3.17578E-004	11	..........a	-327.68
	3034	3035	-1.60136E+000	-2.00191E-001	-1.98640E+000	-2.00025E+000	3.14128E-004	11	..........a	-327.68
	3035	3036	-1.60856E+000	-2.00191E-001	-1.98075E+000	-2.00025E+000	3.02628E-004	11	..........a	-327.68
	3036	3037	-1.60216E+000	-2.00191E-001	-1.98725E+000	-2.00025E+000	3.11261E-004	11	..........a	-327.68
	3037	3038	-1.60976E+000	-2.00191E-001	-1.97918E+000	-2.00025E+000	3.14628E-004	11	..........a	-327.68
	3038	3039	-1.60936E+000	-2.00192E-001	-1.97814E+000	-2.00025E+000	3.13044E-004	11	..........a	-327.68
	3039	3040	-1.61016E+000	-2.00192E-001	-1.97573E+000	-2.00025E+000	3.13028E-004	11	..........a	-327.68
	3040	3041	-1.60856E+000	-2.00191E-001	-1.97638E+000	-2.00025E+000	3.07178E-004	11	..........a	-327.68
	3041	3042	-1.60936E+000	-2.00191E-001	-1.97369E+000	-2.00025E+000	3.08544E-004	11	..........a	-327.68
	3042	3043	-1.60936E+000	-2.00191E-001	-1.97542E+000	-2.00025E+000	3.15328E-004	11	..........a	-327.68
	3043	3044	-1.61016E+000	-2.00191E-001	-1.97380E+000	-2.00025E+000	3.14994E-004	11	..........a	-327.68
	3044	3045	-1.60776E+000	-2.00191E-001	-1.97973E+000	-2.00025E+000	3.18311E-004	11	..........a	-327.68
	3045	3046	-1.60856E+000	-2.00191E-001	-1.97884E+000	-2.00025E+000	3.20561E-004	11	..........a	-327.68
	3046	3047	-1.60696E+000	-2.00191E-001	-1.98078E+000	-2.00025E+000	3.13628E-004	11	..........a	-327.68
	3047	3048	-1.61096E+000	-2.00191E-001	-1.97682E+000	-2.00025E+000	3.12811E-004	11	..........a	-327.68
	3048	3049	-1.60936E+000	-2.00192E-001	-1.98033E+000	-2.00025E+000	3.08628E-004	11	..........a	-327.68
	3049	3050	-1.60856E+000	-2.00191E-001	-1.98370E+000	-2.00025E+000	3.12628E-004	11	..........a	-327.68
	3050	3051	-1.60856E+000	-2.00191E-001	-1.98248E+000	-2.00025E+000	3.08894E-004	11	..........a	-327.68
	3051	3052	-1.60896E+000	-2.00191E-001	-1.98280E+000	-2.00025E+000	3.08144E-004	11	..........a	-327.68
	3052	3053	-1.61096E+000	-2.00191E-001	-1.97970E+000	-2.00025E+000	3.12394E-004	11	..........a	-327.68
	3053	3054	-1.60816E+000	-2.00191E-001	-1.98314E+000	-2.00025E+000	3.06511E-004	11	..........a	-327.68
	3054	3055	-1.60976E+000	-2.00192E-001	-1.98110E+000	-2.00025E+000	3.18761E-004	11	..........a	-327.68
	3055	3056	-1.61016E+000	-2.00191E-001	-1.97940E+000	-2.00025E+000	3.12478E-004	11	..........a	-327.68
	3056	3057	-1.60936E+000	-2.00191E-001	-1.97949E+000	-2.00025E+000	3.14711E-004	11	..........a	-327.68
	3057	3058	-1.60896E+000	-2.00191E-001	-1.98299E+000	-2.00025E+000	3.18278E-004	11	..........a	-327.68
	3058	3059	-1.60936E+000	-2.00191E-001	-1.98302E+000	-2.00025E+000	3.05661E-004	11	..........a	-327.68
	3059	3060	-1.60936E+000	-2.00191E-001	-1.98096E+000	-2.00025E+000	3.15378E-004	11	..........a	-327.68
	3060	3061	-1.60216E+000	-2.00191E-001	-1.98780E+000	-2.00025E+000	3.17744E-004	11	..........a	-327.68
	3061	3062	-1.60776E+000	-2.00191E-001	-1.98194E+000	-2.00025E+000	3.12128E-004	11	..........a	-327.68
	3062	3063	-1.60856E+000	-2.00191E-001	-1.98046E+000	-2.00025E+000	3.19361E-004	11	..........a	-327.68
	3063	3064	-1.60776E+000	-2.00191E-001	-1.98049E+000	-2.00025E+000	3.14161E-004	11	..........a	-327.68
	3064	3065	-1.60856E+000	-2.00191E-001	-1.98066E+000	-2.00025E+000	3.13078E-004	11	..........a	-327.68
	3065	3066	-1.61016E+000	-2.00191E-001	-1.97942E+000	-2.00025E+000	3.13928E-004	11	..........a	-327.68
	3066	3067	-1.60936E+000	-2.00191E-001	-1.97792E+000	-2.00025E+000	3.19711E-004	11	..........a	-327.68
	3067	3068	-1.60936E+000	-2.00191E-001	-1.97761E+000	-2.00025E+000	3.13294E-004	11	..........a	-327.68
	3068	3069	-1.60856E+000	-2.00191E-001	-1.97969E+000	-2.00025E+000	3.14178E-004	11	..........a	-327.68
	3069	3070	-1.60816E+000	-2.00191E-001	-1.97982E+000	-2.00025E+000	3.13694E-004	11	..........a	-327.68
	3070	3071	-1.60296E+000	-2.00191E-001	-1.87731E+000	-2.00025E+000	3.17778E-004	11	..........a	-327.68
	3071	3072	-1.60536E+000	-2.00191E-001	-1.87712E+000	-2.00025E+000	3.20344E-004	11	..........a	-327.68
	3072	3073	-1.60576E+000	-2.00192E-001	-1.87873E+000	-2.00025E+000	3.12594E-004	11	..........a	-327.68
	3073	3074	-1.60736E+000	-2.00191E-001	-1.87738E+000	-2.00025E+000	3.18094E-004	11	..........a	-327.68
	3074	3075	-1.60656E+000	-2.00191E-001	-1.87703E+000	-2.00025E+000	3.10111E-004	11	..........a	-327.68
	3075	3076	-1.59976E+000	-2.00192E-001	-1.88681E+000	-2.00025E+000	3.19111E-004	11	..........a	-327.68
	3076	3077	-1.60616E+000	-2.00192E-001	-1.87985E+000	-2.00025E+000	3.15861E-004	11	..........a	-327.68
	3077	3078	-1.60776E+000	-2.00191E-001	-1.87967E+000	-2.00025E+000	3.13511E-004	11	..........a	-327.68
	3078	3079	-1.60776E+000	-2.00191E-001	-1.87806E+000	-2.00025E+000	3.07578E-004	11	..........a	-327.68
	3079	3080	-1.60896E+000	-2.00191E-001	-1.87840E+000	-2.00025E+000	3.21544E-004	11	..........a	-327.68
	3080	3081	-1.60856E+000	-2.00191E-001	-1.87832E+000	-2.00025E+000	3.30278E-004	11	..........a	-327.68
	3081	3082	-1.60696E+000	-2.00192E-001	-1.88026E+000	-2.00025E+000	3.15428E-004	11	..........a	-327.68
	3082	3083	-1.60696E+000	-2.00191E-001	-1.87956E+000	-2.00025E+000	3.20811E-004	11	..........a	-327.68
	3083	3084	-1.61216E+000	-2.00191E-001	-1.87730E+000	-2.00025E+000	3.18361E-004	11	..........a	-327.68
	3084	3085	-1.60816E+000	-2.00191E-001	-1.88063E+000	-2.00025E+000	3.02394E-004	11	..........a	-327.68
	3085	3086	-1.60656E+000	-2.00191E-001	-1.88525E+000	-2.00025E+000	3.11661E-004	11	..........a	-327.68
	3086	3087	-1.60056E+000	-2.00192E-001	-1.88935E+000	-2.00025E+000	3.12644E-004	11	..........a	-327.68
	3087	3088	-1.60696E+000	-2.00191E-001	-1.88510E+000	-2.00025E+000	3.19878E-004	11	..........a	-327.68
	3088	3089	-1.60096E+000	-2.00192E-001	-1.88874E+000	-2.00025E+000	3.10728E-004	11	..........a	-327.68
	3089	3090	-1.60776E+000	-2.00192E-001	-1.88305E+000	-2.00025E+000	3.13528E-004	11	..........a	-327.68
	3090	3091	-1.60576E+000	-2.00191E-001	-1.88169E+000	-2.00025E+000	3.24611E-004	11	..........a	-327.68
	3091	3092	-1.60816E+000	-2.00191E-001	-1.88124E+000	-2.00025E+000	3.15678E-004	11	..........a	-327.68
	3092	3093	-1.60856E+000	-2.00191E-001	-1.87926E+000	-2.00025E+000	3.11828E-004	11	..........a	-327.68
	3093	3094	-1.60816E+000	-2.00191E-001	-1.87988E+000	-2.00025E+000	3.10578E-004	11	..........a	-327.68
	3094	3095	-1.60656E+000	-2.00191E-001	-1.88128E+000	-2.00025E+000	3.13478E-004	11	..........a	-327.68
	3095	3096	-1.60736E+000	-2.00191E-001	-1.88350E+000	-2.00025E+000	3.21011E-004	11	..........a	-327.68
	3096	3097	-1.60656E+000	-2.00191E-001	-1.88318E+000	-2.00025E+000	3.26961E-004	11	..........a	-327.68
	3097	3098	-1.60696E+000	-2.00192E-001	-1.88415E+000	-2.00025E+000	3.22211E-004	11	..........a	-327.68
	3098	3099	-1.60856E+000	-2.00192E-001	-1.88187E+000	-2.00025E+000	3.20611E-004	11	..........a	-327.68
	3099	3100	-1.60696E+000	-2.00191E-001	-1.88574E+000	-2.00025E+000	3.17461E-004	11	..........a	-327.68
	3100	3101	-1.60776E+000	-2.00192E-001	-1.88582E+000	-2.00025E+000	3.20611E-004	11	..........a	-327.68
	3101	3102	-1.60776E+000	-2.00191E-001	-1.88827E+000	-2.00025E+000	3.17244E-004	11	..........a	-327.68
	3102	3103	-1.60936E+000	-2.00192E-001	-1.88488E+000	-2.00025E+000	3.19494E-004	11	..........a	-327.68
	3103	3104	-1.60136E+000	-2.00191E-001	-1.89496E+000	-2.00025E+000	3.14644E-004	11	..........a	-327.68
	3104	3105	-1.60936E+000	-2.00192E-001	-1.88466E+000	-2.00025E+000	3.13561E-004	11	..........a	-327.68
	3105	3106	-1.60776E+000	-2.00191E-001	-1.88606E+000	-2.00025E+000	3.12944E-004	11	..........a	-327.68
	3106	3107	-1.60776E+000	-2.00192E-001	-1.88274E+000	-2.00025E+000	3.08261E-004	11	..........a	-327.68
	3107	3108	-1.60856E+000	-2.00191E-001	-1.88378E+000	-2.00025E+000	3.16661E-004	11	..........a	-327.68
	3108	3109	-1.60696E+000	-2.00192E-001	-1.88310E+000	-2.00025E+000	3.15294E-004	11	..........a	-327.68
	3109	3110	-1.60776E+000	-2.00192E-001	-1.88313E+000	-2.00025E+000	3.18494E-004	11	..........a	-327.68
	3110	3111	-1.60576E+000	-2.00192E-001	-1.88091E+000	-2.00025E+000	3.16811E-004	11	..........a	-327.68
	3111	3112	-1.60696E+000	-2.00192E-001	-1.88179E+000	-2.00025E+000	3.23944E-004	11	..........a	-327.68
	3112	3113	-1.60816E+000	-2.00192E-001	-1.87871E+000	-2.00025E+000	3.15711E-004	11	..........a	-327.68
	3113	3114	-1.60696E+000	-2.00192E-001	-1.88021E+000	-2.00025E+000	3.07794E-004	11	..........a	-327.68
	3114	3115	-1.60616E+000	-2.00192E-001	-1.88110E+000	-2.00025E+000	3.21094E-004	11	..........a	-327.68
	3115	3116	-1.60736E+000	-2.00192E-001	-1.88219E+000	-2.00025E+000	3.17378E-004	11	..........a	-327.68
	3116	3117	-1.59976E+000	-2.00192E-001	-1.89043E+000	-2.00025E+000	3.17628E-004	11	..........a	-327.68
	3117	3118	-1.60536E+000	-2.00192E-001	-1.88541E+000	-2.00025E+000	3.16544E-004	11	..........a	-327.68
	3118	3119	-1.60696E+000	-2.00192E-001	-1.88496E+000	-2.00025E+000	3.20111E-004	11	..........a	-327.68
	3119	3120	-1.60776E+000	-2.00192E-001	-1.88853E+000	-2.00025E+000	3.17044E-004	11	..........a	-327.68
	3120	3121	-1.60816E+000	-2.00192E-001	-1.88619E+000	-2.00025E+000	3.11861E-004	11	..........a	-327.68
	3121	3122	-1.60696E+000	-2.00192E-001	-1.88720E+000	-2.00025E+000	3.15344E-004	11	..........a	-327.68
	3122	3123	-1.60776E+000	-2.00192E-001	-1.88561E+000	-2.00025E+000	3.17211E-004	11	..........a	-327.68
	3123	3124	-1.60856E+000	-2.00192E-001	-1.88448E+000	-2.00025E+000	3.20294E-004	11	..........a	-327.68
	3124	3125	-1.60696E+000	-2.00192E-001	-1.88666E+000	-2.00025E+000	3.17611E-004	11	..........a	-327.68
	3125	3126	-1.60896E+000	-2.00192E-001	-1.88485E+000	-2.00025E+000	3.33961E-004	11	..........a	-327.68
	3126	3127	-1.60776E+000	-2.00192E-001	-1.88320E+000	-2.00025E+000	3.28711E-004	11	..........a	-327.68
	3127	3128	-1.60296E+000	-2.00192E-001	-1.88961E+000	-2.00025E+000	3.36261E-004	11	..........a	-327.68
	3128	3129	-1.60776E+000	-2.00193E-001	-1.88235E+000	-2.00025E+000	3.36844E-004	11	..........a	-327.68
	3129	3130	-1.60816E+000	-2.00193E-001	-1.88214E+000	-2.00025E+000	3.38311E-004	11	..........a	-327.68
	3130	3131	-1.60776E+000	-2.00193E-001	-1.88163E+000	-2.00025E+000	3.32228E-004	11	..........a	-327.68
	3131	3132	-1.60856E+000	-2.00192E-001	-1.88114E+000	-2.00025E+000	3.38628E-004	11	..........a	-327.68
	3132	3133	-1.60776E+000	-2.00192E-001	-1.87967E+000	-2.00025E+000	3.32878E-004	11	..........a	-327.68
	3133	3134	-1.60776E+000	-2.00193E-001	-1.87823E+000	-2.00025E+000	3.38461E-004	11	..........a	-327.68
	3134	3135	-1.60616E+000	-2.00193E-001	-1.88065E+000	-2.00025E+000	3.36944E-004	11	..........a	-327.68
	3135	3136	-1.60776E+000	-2.00193E-001	-1.87933E+000	-2.00025E+000	3.35044E-004	11	..........a	-327.68
	3136	3137	-1.60776E+000	-2.00192E-001	-1.87703E+000	-2.00025E+000	3.31128E-004	11	..........a	-327.68
	3137	3138	-1.60896E+000	-2.00193E-001	-1.87605E+000	-2.00025E+000	3.35111E-004	11	..........a	-327.68
	3138	3139	-1.60776E+000	-2.00193E-001	-1.87853E+000	-2.00025E+000	3.28328E-004	11	..........a	-327.68
	3139	3140	-1.60736E+000	-2.00192E-001	-1.87809E+000	-2.00025E+000	3.27961E-004	11	..........a	-327.68
	3140	3141	-1.60936E+000	-2.00192E-001	-1.87921E+000	-2.00025E+000	3.35128E-004	11	..........a	-327.68
	3141	3142	-1.60776E+000	-2.00193E-001	-1.88231E+000	-2.00025E+000	3.36394E-004	11	..........a	-327.68
	3142	3143	-1.60856E+000	-2.00193E-001	-1.88104E+000	-2.00025E+000	3.40594E-004	11	..........a	-327.68
	3143	3144	-1.60736E+000	-2.00193E-001	-1.88344E+000	-2.00025E+000	3.33694E-004	11	..........a	-327.68
	3144	3145	-1.60936E+000	-2.00193E-001	-1.88245E+000	-2.00025E+000	3.26294E-004	11	..........a	-327.68
	3145	3146	-1.60856E+000	-2.00193E-001	-1.88392E+000	-2.00025E+000	3.34644E-004	11	..........a	-327.68
	3146	3147	-1.60856E+000	-2.00193E-001	-1.88163E+000	-2.00025E+000	3.32661E-004	11	..........a	-327.68
	3147	3148	-1.60776E+000	-2.00193E-001	-1.88586E+000	-2.00025E+000	3.28978E-004	11	..........a	-327.68
	3148	3149	-1.60856E+000	-2.00193E-001	-1.88502E+000	-2.00025E+000	3.19694E-004	11	..........a	-327.68
	3149	3150	-1.60856E+000	-2.00193E-001	-1.88469E+000	-2.00025E+000	3.29794E-004	11	..........a	-327.68
	3150	3151	-1.60776E+000	-2.00193E-001	-1.88471E+000	-2.00025E+000	3.32461E-004	11	..........a	-327.68
	3151	3152	-1.60856E+000	-2.00217E-001	-1.88363E+000	-2.00025E+000	9.68661E-004	11	..........a	-327.68
	3152	3153	-1.60696E+000	-2.00217E-001	-1.88445E+000	-2.00025E+000	9.68311E-004	11	..........a	-327.68
	3153	3154	-1.60296E+000	-2.00217E-001	-1.88802E+000	-2.00025E+000	9.63978E-004	11	..........a	-327.68
	3154	3155	-1.60856E+000	-2.00217E-001	-1.88366E+000	-2.00025E+000	9.61378E-004	11	..........a	-327.68
	3155	3156	-1.60216E+000	-2.00217E-001	-1.88884E+000	-2.00025E+000	9.67944E-004	11	..........a	-327.68
	3156	3157	-1.60776E+000	-2.00217E-001	-1.88527E+000	-2.00025E+000	9.65794E-004	11	..........a	-327.68
	3157	3158	-1.60976E+000	-2.00217E-001	-1.88331E+000	-2.00025E+000	9.67961E-004	11	..........a	-327.68
	3158	3159	-1.60856E+000	-2.00217E-001	-1.88255E+000	-2.00025E+000	9.68461E-004	11	..........a	-327.68
	3159	3160	-1.60936E+000	-2.00217E-001	-1.88178E+000	-2.00025E+000	9.62844E-004	11	..........a	-327.68
	3160	3161	-1.60856E+000	-2.00217E-001	-1.88322E+000	-2.00025E+000	9.65128E-004	11	..........a	-327.68
	3161	3162	-1.60856E+000	-2.00217E-001	-1.88139E+000	-2.00025E+000	9.62344E-004	11	..........a	-327.68
	3162	3163	-1.60936E+000	-2.00217E-001	-1.88053E+000	-2.00025E+000	9.65144E-004	11	..........a	-327.68
	3163	3164	-1.60816E+000	-2.00217E-001	-1.88290E+000	-2.00025E+000	9.63761E-004	11	..........a	-327.68
	3164	3165	-1.60976E+000	-2.00217E-001	-1.88094E+000	-2.00025E+000	9.61211E-004	11	..........a	-327.68
	3165	3166	-1.60656E+000	-2.00216E-001	-1.88339E+000	-2.00025E+000	9.56878E-004	11	..........a	-327.68
	3166	3167	-1.60136E+000	-2.00217E-001	-1.88685E+000	-2.00025E+000	9.47761E-004	11	..........a	-327.68
	3167	3168	-1.60776E+000	-2.00217E-001	-1.88150E+000	-2.00025E+000	9.47244E-004	11	..........a	-327.68
	3168	3169	-1.60776E+000	-2.00217E-001	-1.88306E+000	-2.00025E+000	9.58461E-004	11	..........a	-327.68
	3169	3170	-1.60856E+000	-2.00218E-001	-1.88273E+000	-2.00025E+000	9.62461E-004	11	..........a	-327.68
	3170	3171	-1.60816E+000	-2.00217E-001	-1.88249E+000	-2.00025E+000	9.65261E-004	11	..........a	-327.68
	3171	3172	-1.60856E+000	-2.00217E-001	-1.88346E+000	-2.00025E+000	9.62144E-004	11	..........a	-327.68
	3172	3173	-1.60896E+000	-2.00217E-001	-1.88337E+000	-2.00025E+000	9.65311E-004	11	..........a	-327.68
	3173	3174	-1.60936E+000	-2.00218E-001	-1.88203E+000	-2.00025E+000	9.72728E-004	11	..........a	-327.68
	3174	3175	-1.60856E+000	-2.00218E-001	-1.88470E+000	-2.00025E+000	9.65128E-004	11	..........a	-327.68
	3175	3176	-1.60776E+000	-2.00217E-001	-1.88565E+000	-2.00025E+000	9.67044E-004	11	..........a	-327.68
	3176	3177	-1.60856E+000	-2.00218E-001	-1.88714E+000	-2.00025E+000	9.71244E-004	11	..........a	-327.68
	3177	3178	-1.60856E+000	-2.00218E-001	-1.88796E+000	-2.00025E+000	9.69328E-004	11	..........a	-327.68
	3178	3179	-1.60936E+000	-2.00218E-001	-1.88730E+000	-2.00025E+000	9.72278E-004	11	..........a	-327.68
	3179	3180	-1.60936E+000	-2.00218E-001	-1.88766E+000	-2.00025E+000	9.71444E-004	11	..........a	-327.68
	3180	3181	-1.60936E+000	-2.00218E-001	-1.88767E+000	-2.00025E+000	9.71411E-004	11	..........a	-327.68
	3181	3182	-1.60336E+000	-2.00218E-001	-1.89414E+000	-2.00025E+000	9.76144E-004	11	..........a	-327.68
	3182	3183	-1.60856E+000	-2.00219E-001	-1.88935E+000	-2.00025E+000	9.69594E-004	11	..........a	-327.68
	3183	3184	-1.61016E+000	-2.00219E-001	-1.88564E+000	-2.00025E+000	9.65011E-004	11	..........a	-327.68
	3184	3185	-1.60936E+000	-2.00219E-001	-1.88737E+000	-2.00025E+000	9.67511E-004	11	..........a	-327.68
	3185	3186	-1.60856E+000	-2.00219E-001	-1.88868E+000	-2.00025E+000	9.66328E-004	11	..........a	-327.68
	3186	3187	-1.60936E+000	-2.00218E-001	-1.88969E+000	-2.00025E+000	9.60328E-004	11	..........a	-327.68
	3187	3188	-1.60856E+000	-2.00218E-001	-1.88968E+000	-2.00025E+000	9.68994E-004	11	..........a	-327.68
	3188	3189	-1.60936E+000	-2.00219E-001	-1.88920E+000	-2.00025E+000	9.64528E-004	11	..........a	-327.68
	3189	3190	-1.60856E+000	-2.00218E-001	-1.88927E+000	-2.00025E+000	9.66961E-004	11	..........a	-327.68
	3190	3191	-1.61056E+000	-2.00218E-001	-1.88836E+000	-2.00025E+000	9.62328E-004	11	..........a	-327.68
	3191	3192	-1.61016E+000	-2.00219E-001	-1.88894E+000	-2.00025E+000	9.70894E-004	11	..........a	-327.68
	3192	3193	-1.60856E+000	-2.00219E-001	-1.88962E+000	-2.00025E+000	9.71594E-004	11	..........a	-327.68
	3193	3194	-1.60976E+000	-2.00219E-001	-1.88837E+000	-2.00025E+000	9.75128E-004	11	..........a	-327.68
	3194	3195	-1.60856E+000	-2.00219E-001	-1.88873E+000	-2.00025E+000	9.74528E-004	11	..........a	-327.68
	3195	3196	-1.60936E+000	-2.00219E-001	-1.88875E+000	-2.00025E+000	9.81411E-004	11	..........a	-327.68
	3196	3197	-1.60216E+000	-2.00219E-001	-1.89480E+000	-2.00025E+000	9.71078E-004	11	..........a	-327.68
	3197	3198	-1.60856E+000	-2.00218E-001	-1.88882E+000	-2.00025E+000	9.71861E-004	11	..........a	-327.68
	3198	3199	-1.60216E+000	-2.00218E-001	-1.89540E+000	-2.00025E+000	9.68644E-004	11	..........a	-327.68
	3199	3200	-1.61016E+000	-2.00218E-001	-1.88828E+000	-2.00025E+000	9.72394E-004	11	..........a	-327.68
	3200	3201	-1.60696E+000	-2.00219E-001	-1.89056E+000	-2.00025E+000	9.75044E-004	11	..........a	-327.68
	3201	3202	-1.60936E+000	-2.00219E-001	-1.88864E+000	-2.00025E+000	9.73228E-004	11	..........a	-327.68
	3202	3203	-1.60776E+000	-2.00219E-001	-1.88889E+000	-2.00025E+000	9.80711E-004	11	..........a	-327.68
	3203	3204	-1.61016E+000	-2.00219E-001	-1.88682E+000	-2.00025E+000	9.72328E-004	11	..........a	-327.68
	3204	3205	-1.60936E+000	-2.00218E-001	-1.88613E+000	-2.00025E+000	9.64878E-004	11	..........a	-327.68
	3205	3206	-1.60856E+000	-2.00218E-001	-1.88789E+000	-2.00025E+000	9.68261E-004	11	..........a	-327.68
	3206	3207	-1.60776E+000	-2.00218E-001	-1.88822E+000	-2.00025E+000	9.76811E-004	11	..........a	-327.68
	3207	3208	-1.60776E+000	-2.00217E-001	-1.88799E+000	-2.00025E+000	9.76361E-004	11	..........a	-327.68
	3208	3209	-1.60856E+000	-2.00217E-001	-1.88706E+000	-2.00025E+000	9.65728E-004	11	..........a	-327.68
	3209	3210	-1.60856E+000	-2.00218E-001	-1.88542E+000	-2.00025E+000	9.72644E-004	11	..........a	-327.68
	3210	3211	-1.60856E+000	-2.00218E-001	-1.88495E+000	-2.00025E+000	9.70411E-004	11	..........a	-327.68
	3211	3212	-1.60216E+000	-2.00218E-001	-1.89138E+000	-2.00025E+000	9.66694E-004	11	..........a	-327.68
	3212	3213	-1.60936E+000	-2.00218E-001	-1.88349E+000	-2.00025E+000	9.69561E-004	11	..........a	-327.68
	3213	3214	-1.60776E+000	-2.00217E-001	-1.88292E+000	-2.00025E+000	9.64411E-004	11	..........a	-327.68
	3214	3215	-1.60776E+000	-2.00217E-001	-1.88312E+000	-2.00025E+000	9.61228E-004	11	..........a	-327.68
	3215	3216	-1.60856E+000	-2.00217E-001	-1.88278E+000	-2.00025E+000	9.64378E-004	11	..........a	-327.68
	3216	3217	-1.60616E+000	-2.00218E-001	-1.88450E+000	-2.00025E+000	9.68661E-004	11	..........a	-327.68
	3217	3218	-1.60896E+000	-2.00218E-001	-1.88426E+000	-2.00025E+000	9.71361E-004	11	..........a	-327.68
	3218	3219	-1.60616E+000	-2.00218E-001	-1.88728E+000	-2.00025E+000	9.63128E-004	11	..........a	-327.68
	3219	3220	-1.60776E+000	-2.00219E-001	-1.88580E+000	-2.00025E+000	9.69811E-004	11	..........a	-327.68
	3220	3221	-1.60856E+000	-2.00219E-001	-1.88458E+000	-2.00025E+000	9.73778E-004	11	..........a	-327.68
	3221	3222	-1.60776E+000	-2.00218E-001	-1.88701E+000	-2.00025E+000	9.75711E-004	11	..........a	-327.68
	3222	3223	-1.60856E+000	-2.00218E-001	-1.88500E+000	-2.00025E+000	9.71861E-004	11	..........a	-327.68
	3223	3224	-1.60776E+000	-2.00218E-001	-1.88709E+000	-2.00025E+000	9.65411E-004	11	..........a	-327.68
	3224	3225	-1.60216E+000	-2.00218E-001	-1.89365E+000	-2.00025E+000	9.66044E-004	11	..........a	-327.68
	3225	3226	-1.60776E+000	-2.00218E-001	-1.88842E+000	-2.00025E+000	9.67328E-004	11	..........a	-327.68
	3226	3227	-1.60136E+000	-2.00218E-001	-1.89567E+000	-2.00025E+000	9.73678E-004	11	..........a	-327.68
	3227	3228	-1.60936E+000	-2.00218E-001	-1.88914E+000	-2.00025E+000	9.70044E-004	11	..........a	-327.68
	3228	3229	-1.60936E+000	-2.00217E-001	-1.88713E+000	-2.00025E+000	9.64311E-004	11	..........a	-327.68
	3229	3230	-1.60856E+000	-2.00216E-001	-1.89161E+000	-2.00025E+000	9.66528E-004	11	..........a	-327.68
	3230	3231	-1.61016E+000	-2.00217E-001	-1.89002E+000	-2.00025E+000	9.70428E-004	11	..........a	-327.68
	3231	3232	-1.61016E+000	-2.00218E-001	-1.89044E+000	-2.00025E+000	9.64828E-004	11	..........a	-327.68
	3232	3233	-1.60896E+000	-2.00217E-001	-1.89132E+000	-2.00025E+000	9.60261E-004	11	..........a	-327.68
	3233	3234	-1.61256E+000	-2.00217E-001	-1.88860E+000	-2.00025E+000	9.67928E-004	11	..........a	-327.68
	3234	3235	-1.61096E+000	-2.00217E-001	-1.89000E+000	-2.00025E+000	9.65911E-004	11	..........a	-327.68
	3235	3236	-1.60856E+000	-2.00217E-001	-1.89403E+000	-2.00025E+000	9.66494E-004	11	..........a	-327.68
	3236	3237	-1.60936E+000	-2.00217E-001	-1.89240E+000	-2.00025E+000	9.62728E-004	11	..........a	-327.68
	3237	3238	-1.60856E+000	-2.00215E-001	-1.89308E+000	-2.00025E+000	9.42578E-004	11	..........a	-327.68
	3238	3239	-1.60896E+000	-2.00216E-001	-1.89257E+000	-2.00025E+000	9.55928E-004	11	..........a	-327.68
	3239	3240	-1.60776E+000	-2.00217E-001	-1.89509E+000	-2.00025E+000	9.51394E-004	11	..........a	-327.68
	3240	3241	-1.60856E+000	-2.00217E-001	-1.89426E+000	-2.00025E+000	9.56428E-004	11	..........a	-327.68
	3241	3242	-1.60296E+000	-2.00216E-001	-1.90125E+000	-2.00025E+000	9.59028E-004	11	..........a	-327.68
	3242	3243	-1.61096E+000	-2.00217E-001	-1.89148E+000	-2.00025E+000	9.51244E-004	11	..........a	-327.68
	3243	3244	-1.60976E+000	-2.00216E-001	-1.89385E+000	-2.00025E+000	9.50011E-004	11	..........a	-327.68
	3244	3245	-1.60856E+000	-2.00216E-001	-1.89456E+000	-2.00025E+000	9.48428E-004	11	..........a	-327.68
	3245	3246	-1.61016E+000	-2.00216E-001	-1.89211E+000	-2.00025E+000	9.54044E-004	11	..........a	-327.68
	3246	3247	-1.61016E+000	-2.00216E-001	-1.89195E+000	-2.00025E+000	9.47461E-004	11	..........a	-327.68
	3247	3248	-1.61216E+000	-2.00216E-001	-1.89084E+000	-2.00025E+000	9.45411E-004	11	..........a	-327.68
	3248	3249	-1.60856E+000	-2.00189E-001	-1.89417E+000	-2.00025E+000	2.33378E-004	11	..........a	-327.68
	3249	3250	-1.60896E+000	-2.00189E-001	-1.89392E+000	-2.00025E+000	2.27944E-004	11	..........a	-327.68
	3250	3251	-1.60936E+000	-2.00189E-001	-1.89061E+000	-2.00025E+000	2.38411E-004	11	..........a	-327.68
	3251	3252	-1.60856E+000	-2.00189E-001	-1.89359E+000	-2.00025E+000	2.26494E-004	11	..........a	-327.68
	3252	3253	-1.60936E+000	-2.00189E-001	-1.88914E+000	-2.00025E+000	2.27078E-004	11	..........a	-327.68
	3253	3254	-1.60856E+000	-2.00189E-001	-1.89220E+000	-2.00025E+000	2.33644E-004	11	..........a	-327.68
	3254	3255	-1.60936E+000	-2.00189E-001	-1.89163E+000	-2.00025E+000	2.34461E-004	11	..........a	-327.68
	3255	3256	-1.60936E+000	-2.00189E-001	-1.89318E+000	-2.00025E+000	2.24394E-004	11	..........a	-327.68
	3256	3257	-1.60936E+000	-2.00189E-001	-1.89418E+000	-2.00025E+000	2.27528E-004	11	..........a	-327.68
	3257	3258	-1.60856E+000	-2.00189E-001	-1.89626E+000	-2.00025E+000	2.40111E-004	11	..........a	-327.68
	3258	3259	-1.60856E+000	-2.00189E-001	-1.89523E+000	-2.00025E+000	2.31678E-004	11	..........a	-327.68
	3259	3260	-1.60976E+000	-2.00189E-001	-1.89521E+000	-2.00025E+000	2.32561E-004	11	..........a	-327.68
	3260	3261	-1.60936E+000	-2.00189E-001	-1.89308E+000	-2.00025E+000	2.34111E-004	11	..........a	-327.68
	3261	3262	-1.60856E+000	-2.00189E-001	-1.89547E+000	-2.00025E+000	2.45678E-004	11	..........a	-327.68
	3262	3263	-1.60856E+000	-2.00189E-001	-1.89647E+000	-2.00025E+000	2.31211E-004	11	..........a	-327.68
	3263	3264	-1.60776E+000	-2.00189E-001	-1.89797E+000	-2.00025E+000	2.37261E-004	11	..........a	-327.68
	3264	3265	-1.60856E+000	-2.00189E-001	-1.89454E+000	-2.00025E+000	2.37294E-004	11	..........a	-327.68
	3265	3266	-1.60856E+000	-2.00189E-001	-1.89545E+000	-2.00025E+000	2.45194E-004	11	..........a	-327.68
	3266	3267	-1.60936E+000	-2.00189E-001	-1.89256E+000	-2.00025E+000	2.29378E-004	11	..........a	-327.68
	3267	3268	-1.60296E+000	-2.00189E-001	-1.89937E+000	-2.00025E+000	2.26711E-004	11	..........a	-327.68
	3268	3269	-1.60776E+000	-2.00189E-001	-1.89217E+000	-2.00025E+000	2.30861E-004	11	..........a	-327.68
	3269	3270	-1.60776E+000	-2.00189E-001	-1.89202E+000	-2.00025E+000	2.20161E-004	11	..........a	-327.68
	3270	3271	-1.60776E+000	-2.00189E-001	-1.89130E+000	-2.00025E+000	2.26511E-004	11	..........a	-327.68
	3271	3272	-1.60856E+000	-2.00188E-001	-1.89457E+000	-2.00025E+000	2.18294E-004	11	..........a	-327.68
	3272	3273	-1.60936E+000	-2.00189E-001	-1.89263E+000	-2.00025E+000	2.21361E-004	11	..........a	-327.68
	3273	3274	-1.60856E+000	-2.00189E-001	-1.89757E+000	-2.00025E+000	2.35344E-004	11	..........a	-327.68
	3274	3275	-1.60856E+000	-2.00189E-001	-1.89784E+000	-2.00025E+000	2.30228E-004	11	..........a	-327.68
	3275	3276	-1.60856E+000	-2.00189E-001	-1.89781E+000	-2.00025E+000	2.22344E-004	11	..........a	-327.68
	3276	3277	-1.61136E+000	-2.00189E-001	-1.89645E+000	-2.00025E+000	2.25178E-004	11	..........a	-327.68
	3277	3278	-1.61096E+000	-2.00189E-001	-1.89897E+000	-2.00025E+000	2.28044E-004	11	..........a	-327.68
	3278	3279	-1.60296E+000	-2.00189E-001	-1.90394E+000	-2.00025E+000	2.25211E-004	11	..........a	-327.68
	3279	3280	-1.60816E+000	-2.00189E-001	-1.90002E+000	-2.00025E+000	2.28711E-004	11	..........a	-327.68
	3280	3281	-1.60256E+000	-2.00189E-001	-1.90289E+000	-2.00025E+000	2.37294E-004	11	..........a	-327.68
	3281	3282	-1.60936E+000	-2.00189E-001	-1.89779E+000	-2.00025E+000	2.36228E-004	11	..........a	-327.68
	3282	3283	-1.61096E+000	-2.00189E-001	-1.89333E+000	-2.00025E+000	2.35111E-004	11	..........a	-327.68
	3283	3284	-1.61016E+000	-2.00189E-001	-1.89614E+000	-2.00025E+000	2.29411E-004	11	..........a	-327.68
	3284	3285	-1.61016E+000	-2.00189E-001	-1.89600E+000	-2.00025E+000	2.27278E-004	11	..........a	-327.68
	3285	3286	-1.60896E+000	-2.00189E-001	-1.89878E+000	-2.00025E+000	2.28161E-004	11	..........a	-327.68
	3286	3287	-1.60856E+000	-2.00189E-001	-1.89707E+000	-2.00025E+000	2.41478E-004	11	..........a	-327.68
	3287	3288	-1.61016E+000	-2.00189E-001	-1.89639E+000	-2.00025E+000	2.34011E-004	11	..........a	-327.68
	3288	3289	-1.60856E+000	-2.00189E-001	-1.89775E+000	-2.00025E+000	2.32911E-004	11	..........a	-327.68
	3289	3290	-1.60936E+000	-2.00193E-001	-1.89727E+000	-2.00025E+000	3.22594E-004	11	..........a	-327.68
	3290	3291	-1.60896E+000	-2.00193E-001	-1.89798E+000	-2.00025E+000	3.24994E-004	11	..........a	-327.68
	3291	3292	-1.60296E+000	-2.00193E-001	-1.90565E+000	-2.00025E+000	3.28778E-004	11	..........a	-327.68
	3292	3293	-1.61016E+000	-2.00193E-001	-1.89794E+000	-2.00025E+000	3.20794E-004	11	..........a	-327.68
	3293	3294	-1.60936E+000	-2.00193E-001	-1.90072E+000	-2.00025E+000	3.23694E-004	11	..........a	-327.68
	3294	3295	-1.61296E+000	-2.00193E-001	-1.89461E+000	-2.00025E+000	3.21478E-004	11	..........a	-327.68
	3295	3296	-1.61016E+000	-2.00193E-001	-1.89814E+000	-2.00025E+000	3.24661E-004	11	..........a	-327.68
	3296	3297	-1.60936E+000	-2.00193E-001	-1.89687E+000	-2.00025E+000	3.21844E-004	11	..........a	-327.68
	3297	3298	-1.61016E+000	-2.00193E-001	-1.89614E+000	-2.00025E+000	3.25544E-004	11	..........a	-327.68
	3298	3299	-1.60936E+000	-2.00193E-001	-1.89593E+000	-2.00025E+000	3.24544E-004	11	..........a	-327.68
	3299	3300	-1.61136E+000	-2.00193E-001	-1.89415E+000	-2.00025E+000	3.25011E-004	11	..........a	-327.68
	3300	3301	-1.60936E+000	-2.00193E-001	-1.89479E+000	-2.00025E+000	3.20828E-004	11	..........a	-327.68
	3301	3302	-1.60856E+000	-2.00194E-001	-1.89609E+000	-2.00025E+000	3.25294E-004	11	..........a	-327.68
	3302	3303	-1.61096E+000	-2.00193E-001	-1.89257E+000	-2.00025E+000	3.22861E-004	11	..........a	-327.68
	3303	3304	-1.60856E+000	-2.00194E-001	-1.89518E+000	-2.00025E+000	3.23644E-004	11	..........a	-327.68
	3304	3305	-1.60216E+000	-2.00194E-001	-1.90046E+000	-2.00025E+000	3.17711E-004	11	..........a	-327.68
	3305	3306	-1.60936E+000	-2.00194E-001	-1.89449E+000	-2.00025E+000	3.29861E-004	11	..........a	-327.68
	3306	3307	-1.60216E+000	-2.00194E-001	-1.89905E+000	-2.00025E+000	3.28094E-004	11	..........a	-327.68
	3307	3308	-1.60936E+000	-2.00193E-001	-1.89293E+000	-2.00025E+000	3.28428E-004	11	..........a	-327.68
	3308	3309	-1.60936E+000	-2.00193E-001	-1.89310E+000	-2.00025E+000	3.26828E-004	11	..........a	-327.68
	3309	3310	-1.60856E+000	-2.00194E-001	-1.89564E+000	-2.00025E+000	3.31528E-004	11	..........a	-327.68
	3310	3311	-1.60696E+000	-2.00193E-001	-1.89421E+000	-2.00025E+000	3.29061E-004	11	..........a	-327.68
	3311	3312	-1.60936E+000	-2.00193E-001	-1.89292E+000	-2.00025E+000	3.30644E-004	11	..........a	-327.68
	3312	3313	-1.60776E+000	-2.00193E-001	-1.89354E+000	-2.00025E+000	3.24711E-004	11	..........a	-327.68
	3313	3314	-1.60856E+000	-2.00193E-001	-1.89397E+000	-2.00025E+000	3.24644E-004	11	..........a	-327.68
	3314	3315	-1.60936E+000	-2.00193E-001	-1.89267E+000	-2.00025E+000	3.34494E-004	11	..........a	-327.68
	3315	3316	-1.60856E+000	-2.00191E-001	-1.89728E+000	-2.00025E+000	3.05928E-004	11	..........a	-327.68
	3316	3317	-1.60936E+000	-2.00192E-001	-1.89413E+000	-2.00025E+000	2.87144E-004	11	..........a	-327.68
	3317	3318	-1.60856E+000	-2.00192E-001	-1.89612E+000	-2.00025E+000	2.97128E-004	11	..........a	-327.68
	3318	3319	-1.60856E+000	-2.00192E-001	-1.89692E+000	-2.00025E+000	2.99544E-004	11	..........a	-327.68
	3319	3320	-1.60296E+000	-2.00192E-001	-1.90597E+000	-2.00025E+000	3.06311E-004	11	..........a	-327.68
	3320	3321	-1.60856E+000	-2.00192E-001	-1.89789E+000	-2.00025E+000	2.95378E-004	11	..........a	-327.68
	3321	3322	-1.61016E+000	-2.00192E-001	-1.89752E+000	-2.00025E+000	3.01294E-004	11	..........a	-327.68
	3322	3323	-1.60936E+000	-2.00192E-001	-1.89748E+000	-2.00025E+000	2.97661E-004	11	..........a	-327.68
	3323	3324	-1.61096E+000	-2.00192E-001	-1.89839E+000	-2.00025E+000	2.99194E-004	11	..........a	-327.68
	3324	3325	-1.60936E+000	-2.00191E-001	-1.90007E+000	-2.00025E+000	2.90044E-004	11	..........a	-327.68
	3325	3326	-1.61096E+000	-2.00191E-001	-1.89965E+000	-2.00025E+000	2.96294E-004	11	..........a	-327.68
	3326	3327	-1.61096E+000	-2.00190E-001	-1.89813E+000	-2.00025E+000	2.50711E-004	11	..........a	-327.68
	3327	3328	-1.61056E+000	-2.00190E-001	-1.90173E+000	-2.00025E+000	2.54911E-004	11	..........a	-327.68
	3328	3329	-1.61176E+000	-2.00190E-001	-1.89997E+000	-2.00025E+000	2.50294E-004	11	..........a	-327.68
	3329	3330	-1.61136E+000	-2.00191E-001	-1.90201E+000	-2.00025E+000	2.45828E-004	11	..........a	-327.68
	3330	3331	-1.60896E+000	-2.00190E-001	-1.90374E+000	-2.00025E+000	2.51494E-004	11	..........a	-327.68
	3331	3332	-1.61136E+000	-2.00191E-001	-1.90186E+000	-2.00025E+000	2.47861E-004	11	..........a	-327.68
	3332	3333	-1.60936E+000	-2.00190E-001	-1.90577E+000	-2.00025E+000	2.55511E-004	11	..........a	-327.68
	3333	3334	-1.61136E+000	-2.00191E-001	-1.90628E+000	-2.00025E+000	2.53678E-004	11	..........a	-327.68
	3334	3335	-1.61096E+000	-2.00191E-001	-1.90504E+000	-2.00025E+000	2.57611E-004	11	..........a	-327.68
	3335	3336	-1.61136E+000	-2.00191E-001	-1.90495E+000	-2.00025E+000	2.58228E-004	11	..........a	-327.68
	3336	3337	-1.61136E+000	-2.00191E-001	-1.90482E+000	-2.00025E+000	2.56611E-004	11	..........a	-327.68
	3337	3338	-1.61016E+000	-2.00191E-001	-1.90667E+000	-2.00025E+000	2.55244E-004	11	..........a	-327.68
	3338	3339	-1.61016E+000	-2.00191E-001	-1.90454E+000	-2.00025E+000	2.55011E-004	11	..........a	-327.68
	3339	3340	-1.61136E+000	-2.00191E-001	-1.90259E+000	-2.00025E+000	2.57611E-004	11	..........a	-327.68
	3340	3341	-1.60976E+000	-2.00191E-001	-1.90403E+000	-2.00025E+000	2.54894E-004	11	..........a	-327.68
	3341	3342	-1.61016E+000	-2.00191E-001	-1.90231E+000	-2.00025E+000	2.52561E-004	11	..........a	-327.68
	3342	3343	-1.61056E+000	-2.00191E-001	-1.90156E+000	-2.00025E+000	2.60611E-004	11	..........a	-327.68
	3343	3344	-1.61056E+000	-2.00191E-001	-1.90082E+000	-2.00025E+000	2.52278E-004	11	..........a	-327.68
	3344	3345	-1.60896E+000	-2.00191E-001	-1.90353E+000	-2.00025E+000	2.49744E-004	11	..........a	-327.68
	3345	3346	-1.60336E+000	-2.00191E-001	-1.90925E+000	-2.00025E+000	2.49444E-004	11	..........a	-327.68
	3346	3347	-1.61096E+000	-2.00191E-001	-1.90305E+000	-2.00025E+000	2.43328E-004	11	..........a	-327.68
	3347	3348	-1.61056E+000	-2.00191E-001	-1.90343E+000	-2.00025E+000	2.50394E-004	11	..........a	-327.68
	3348	3349	-1.61136E+000	-2.00191E-001	-1.90507E+000	-2.00025E+000	2.56644E-004	11	..........a	-327.68
	3349	3350	-1.61016E+000	-2.00191E-001	-1.90675E+000	-2.00025E+000	2.48994E-004	11	..........a	-327.68
	3350	3351	-1.61096E+000	-2.00191E-001	-1.90671E+000	-2.00025E+000	2.52061E-004	11	..........a	-327.68
	3351	3352	-1.61056E+000	-2.00191E-001	-1.90659E+000	-2.00025E+000	2.50561E-004	11	..........a	-327.68
	3352	3353	-1.61096E+000	-2.00190E-001	-1.90675E+000	-2.00025E+000	2.48611E-004	11	..........a	-327.68
	3353	3354	-1.61016E+000	-2.00191E-001	-1.90667E+000	-2.00025E+000	2.44944E-004	11	..........a	-327.68
	3354	3355	-1.61136E+000	-2.00190E-001	-1.90722E+000	-2.00025E+000	2.45694E-004	11	..........a	-327.68
	3355	3356	-1.61136E+000	-2.00191E-001	-1.90579E+000	-2.00025E+000	2.42961E-004	11	..........a	-327.68
	3356	3357	-1.60416E+000	-2.00190E-001	-1.91267E+000	-2.00025E+000	2.33211E-004	11	..........a	-327.68
	3357	3358	-1.61136E+000	-2.00190E-001	-1.90471E+000	-2.00025E+000	2.36161E-004	11	..........a	-327.68
	3358	3359	-1.60416E+000	-2.00190E-001	-1.91411E+000	-2.00025E+000	2.44228E-004	11	..........a	-327.68
	3359	3360	-1.61136E+000	-2.00191E-001	-1.90577E+000	-2.00025E+000	2.46894E-004	11	..........a	-327.68
	3360	3361	-1.61136E+000	-2.00191E-001	-1.90552E+000	-2.00025E+000	2.42978E-004	11	..........a	-327.68
	3361	3362	-1.61096E+000	-2.00191E-001	-1.90447E+000	-2.00025E+000	2.41478E-004	11	..........a	-327.68
	3362	3363	-1.60976E+000	-2.00191E-001	-1.90775E+000	-2.00025E+000	2.42311E-004	11	..........a	-327.68
	3363	3364	-1.61016E+000	-2.00191E-001	-1.90553E+000	-2.00025E+000	2.46044E-004	11	..........a	-327.68
	3364	3365	-1.61016E+000	-2.00191E-001	-1.90755E+000	-2.00025E+000	2.42844E-004	11	..........a	-327.68
	3365	3366	-1.61296E+000	-2.00191E-001	-1.90378E+000	-2.00025E+000	2.53394E-004	11	..........a	-327.68
	3366	3367	-1.61136E+000	-2.00191E-001	-1.90665E+000	-2.00025E+000	2.45894E-004	11	..........a	-327.68
	3367	3368	-1.61016E+000	-2.00191E-001	-1.90616E+000	-2.00025E+000	2.51694E-004	11	..........a	-327.68
	3368	3369	-1.60976E+000	-2.00191E-001	-1.90982E+000	-2.00025E+000	2.50578E-004	11	..........a	-327.68
	3369	3370	-1.61176E+000	-2.00191E-001	-1.90592E+000	-2.00025E+000	2.49228E-004	11	..........a	-327.68
	3370	3371	-1.61056E+000	-2.00191E-001	-1.90874E+000	-2.00025E+000	2.41194E-004	11	..........a	-327.68
	3371	3372	-1.61096E+000	-2.00191E-001	-1.90794E+000	-2.00025E+000	2.47778E-004	11	..........a	-327.68
	3372	3373	-1.61216E+000	-2.00190E-001	-1.90723E+000	-2.00025E+000	2.49328E-004	11	..........a	-327.68
	3373	3374	-1.60376E+000	-2.00190E-001	-1.91466E+000	-2.00025E+000	2.59778E-004	11	..........a	-327.68
	3374	3375	-1.61136E+000	-2.00190E-001	-1.90913E+000	-2.00025E+000	2.55344E-004	11	..........a	-327.68
	3375	3376	-1.61096E+000	-2.00191E-001	-1.90687E+000	-2.00025E+000	2.52744E-004	11	..........a	-327.68
	3376	3377	-1.61096E+000	-2.00191E-001	-1.90871E+000	-2.00025E+000	2.50828E-004	11	..........a	-327.68
	3377	3378	-1.61096E+000	-2.00190E-001	-1.90570E+000	-2.00025E+000	2.50028E-004	11	..........a	-327.68
	3378	3379	-1.61296E+000	-2.00191E-001	-1.90649E+000	-2.00025E+000	2.51344E-004	11	..........a	-327.68
	3379	3380	-1.61096E+000	-2.00191E-001	-1.90702E+000	-2.00025E+000	2.49394E-004	11	..........a	-327.68
	3380	3381	-1.61296E+000	-2.00190E-001	-1.90748E+000	-2.00025E+000	2.48778E-004	11	..........a	-327.68
	3381	3382	-1.61136E+000	-2.00191E-001	-1.90811E+000	-2.00025E+000	2.53411E-004	11	..........a	-327.68
	3382	3383	-1.61216E+000	-2.00191E-001	-1.90998E+000	-2.00025E+000	2.49728E-004	11	..........a	-327.68
	3383	3384	-1.61176E+000	-2.00191E-001	-1.90748E+000	-2.00025E+000	2.50461E-004	11	..........a	-327.68
	3384	3385	-1.61096E+000	-2.00191E-001	-1.90946E+000	-2.00025E+000	2.53878E-004	11	..........a	-327.68
	3385	3386	-1.61256E+000	-2.00191E-001	-1.90548E+000	-2.00025E+000	2.61244E-004	11	..........a	-327.68
	3386	3387	-1.60416E+000	-2.00191E-001	-1.91700E+000	-2.00025E+000	2.61428E-004	11	..........a	-327.68
	3387	3388	-1.61216E+000	-2.00191E-001	-1.90649E+000	-2.00025E+000	2.57078E-004	11	..........a	-327.68
	3388	3389	-1.61296E+000	-2.00191E-001	-1.90701E+000	-2.00025E+000	2.54011E-004	11	..........a	-327.68
	3389	3390	-1.61176E+000	-2.00191E-001	-1.90803E+000	-2.00025E+000	2.50261E-004	11	..........a	-327.68
	3390	3391	-1.61296E+000	-2.00191E-001	-1.91050E+000	-2.00025E+000	2.48261E-004	11	..........a	-327.68
	3391	3392	-1.61176E+000	-2.00191E-001	-1.90775E+000	-2.00025E+000	2.44511E-004	11	..........a	-327.68
	3392	3393	-1.61456E+000	-2.00191E-001	-1.90751E+000	-2.00025E+000	2.41978E-004	11	..........a	-327.68
	3393	3394	-1.61256E+000	-2.00191E-001	-1.90663E+000	-2.00025E+000	2.49828E-004	11	..........a	-327.68
	3394	3395	-1.61496E+000	-2.00191E-001	-1.90474E+000	-2.00025E+000	2.55794E-004	11	..........a	-327.68
	3395	3396	-1.61136E+000	-2.00191E-001	-1.90655E+000	-2.00025E+000	2.81344E-004	11	..........a	-327.68
	3396	3397	-1.61136E+000	-2.00191E-001	-1.90847E+000	-2.00025E+000	2.76261E-004	11	..........a	-327.68
	3397	3398	-1.60456E+000	-2.00191E-001	-1.91342E+000	-2.00025E+000	2.81361E-004	11	..........a	-327.68
	3398	3399	-1.61136E+000	-2.00191E-001	-1.90830E+000	-2.00025E+000	2.72744E-004	11	..........a	-327.68
	3399	3400	-1.61016E+000	-2.00191E-001	-1.90781E+000	-2.00025E+000	2.65811E-004	11	..........a	-327.68
	3400	3401	-1.61136E+000	-2.00191E-001	-1.90766E+000	-2.00025E+000	2.72278E-004	11	..........a	-327.68
	3401	3402	-1.61096E+000	-2.00191E-001	-1.90551E+000	-2.00025E+000	2.66661E-004	11	..........a	-327.68
	3402	3403	-1.61176E+000	-2.00191E-001	-1.90611E+000	-2.00025E+000	2.76744E-004	11	..........a	-327.68
	3403	3404	-1.60936E+000	-2.00191E-001	-1.90669E+000	-2.00025E+000	2.75411E-004	11	..........a	-327.68
	3404	3405	-1.61176E+000	-2.00191E-001	-1.90645E+000	-2.00025E+000	2.77028E-004	11	..........a	-327.68
	3405	3406	-1.61176E+000	-2.00191E-001	-1.90424E+000	-2.00025E+000	2.72728E-004	11	..........a	-327.68
	3406	3407	-1.61176E+000	-2.00191E-001	-1.90635E+000	-2.00025E+000	2.88944E-004	11	..........a	-327.68
	3407	3408	-1.61256E+000	-2.00191E-001	-1.90323E+000	-2.00025E+000	2.92761E-004	11	..........a	-327.68
	3408	3409	-1.61056E+000	-2.00191E-001	-1.90698E+000	-2.00025E+000	2.92978E-004	11	..........a	-327.68
	3409	3410	-1.60856E+000	-2.00191E-001	-1.90595E+000	-2.00025E+000	2.85578E-004	11	..........a	-327.68
	3410	3411	-1.60976E+000	-2.00191E-001	-1.90642E+000	-2.00025E+000	2.94244E-004	11	..........a	-327.68
	3411	3412	-1.60976E+000	-2.00191E-001	-1.90506E+000	-2.00025E+000	2.88194E-004	11	..........a	-327.68
	3412	3413	-1.60896E+000	-2.00191E-001	-1.90789E+000	-2.00025E+000	2.84578E-004	11	..........a	-327.68
	3413	3414	-1.61016E+000	-2.00191E-001	-1.90608E+000	-2.00025E+000	2.78511E-004	11	..........a	-327.68
	3414	3415	-1.61016E+000	-2.00191E-001	-1.90896E+000	-2.00025E+000	2.88228E-004	11	..........a	-327.68
	3415	3416	-1.61016E+000	-2.00191E-001	-1.90595E+000	-2.00025E+000	2.89694E-004	11	..........a	-327.68
	3416	3417	-1.60856E+000	-2.00191E-001	-1.91178E+000	-2.00025E+000	2.90244E-004	11	..........a	-327.68
	3417	3418	-1.61016E+000	-2.00191E-001	-1.90885E+000	-2.00025E+000	2.95911E-004	11	..........a	-327.68
	3418	3419	-1.61096E+000	-2.00191E-001	-1.90973E+000	-2.00025E+000	2.95528E-004	11	..........a	-327.68
	3419	3420	-1.61256E+000	-2.00192E-001	-1.91153E+000	-2.00025E+000	3.07894E-004	11	..........a	-327.68
	3420	3421	-1.60856E+000	-2.00192E-001	-1.91621E+000	-2.00025E+000	3.02678E-004	11	..........a	-327.68
	3421	3422	-1.61256E+000	-2.00192E-001	-1.90914E+000	-2.00025E+000	3.01711E-004	11	..........a	-327.68
	3422	3423	-1.61096E+000	-2.00192E-001	-1.91460E+000	-2.00025E+000	3.06128E-004	11	..........a	-327.68
	3423	3424	-1.60256E+000	-2.00192E-001	-1.92117E+000	-2.00025E+000	2.98278E-004	11	..........a	-327.68
	3424	3425	-1.60816E+000	-2.00192E-001	-1.91712E+000	-2.00025E+000	3.03411E-004	11	..........a	-327.68
	3425	3426	-1.61336E+000	-2.00192E-001	-1.90802E+000	-2.00025E+000	3.07561E-004	11	..........a	-327.68
	3426	3427	-1.60776E+000	-2.00191E-001	-1.91537E+000	-2.00025E+000	3.01328E-004	11	..........a	-327.68
	3427	3428	-1.60856E+000	-2.00192E-001	-1.91404E+000	-2.00025E+000	3.08661E-004	11	..........a	-327.68
	3428	3429	-1.61256E+000	-2.00192E-001	-1.91141E+000	-2.00025E+000	3.10111E-004	11	..........a	-327.68
	3429	3430	-1.61096E+000	-2.00191E-001	-1.90849E+000	-2.00025E+000	3.02811E-004	11	..........a	-327.68
	3430	3431	-1.61176E+000	-2.00191E-001	-1.91218E+000	-2.00025E+000	3.11694E-004	11	..........a	-327.68
	3431	3432	-1.61176E+000	-2.00191E-001	-1.90960E+000	-2.00025E+000	3.10261E-004	11	..........a	-327.68
	3432	3433	-1.60416E+000	-2.00191E-001	-1.91949E+000	-2.00025E+000	3.15011E-004	11	..........a	-327.68
	3433	3434	-1.61176E+000	-2.00191E-001	-1.91187E+000	-2.00025E+000	3.11211E-004	11	..........a	-327.68
	3434	3435	-1.61296E+000	-2.00191E-001	-1.91153E+000	-2.00025E+000	3.12461E-004	11	..........a	-327.68
	3435	3436	-1.61256E+000	-2.00192E-001	-1.91323E+000	-2.00025E+000	3.07694E-004	11	..........a	-327.68
	3436	3437	-1.61016E+000	-2.00191E-001	-1.91786E+000	-2.00025E+000	3.06011E-004	11	..........a	-327.68
	3437	3438	-1.61256E+000	-2.00191E-001	-1.91439E+000	-2.00025E+000	3.05078E-004	11	..........a	-327.68
	3438	3439	-1.61096E+000	-2.00191E-001	-1.91795E+000	-2.00025E+000	3.00894E-004	11	..........a	-327.68
	3439	3440	-1.61136E+000	-2.00191E-001	-1.91605E+000	-2.00025E+000	3.01061E-004	11	..........a	-327.68
	3440	3441	-1.61256E+000	-2.00191E-001	-1.91774E+000	-2.00025E+000	3.06444E-004	11	..........a	-327.68
	3441	3442	-1.61296E+000	-2.00191E-001	-1.91257E+000	-2.00025E+000	3.05511E-004	11	..........a	-327.68
	3442	3443	-1.61216E+000	-2.00191E-001	-1.91437E+000	-2.00025E+000	3.13261E-004	11	..........a	-327.68
	3443	3444	-1.61376E+000	-2.00191E-001	-1.91079E+000	-2.00025E+000	3.04011E-004	11	..........a	-327.68
	3444	3445	-1.61256E+000	-2.00191E-001	-1.91293E+000	-2.00025E+000	3.04594E-004	11	..........a	-327.68
	3445	3446	-1.61056E+000	-2.00191E-001	-1.91329E+000	-2.00025E+000	2.99328E-004	11	..........a	-327.68
	3446	3447	-1.61136E+000	-2.00191E-001	-1.91449E+000	-2.00025E+000	3.01428E-004	11	..........a	-327.68
	3447	3448	-1.61096E+000	-2.00191E-001	-1.91174E+000	-2.00025E+000	3.01528E-004	11	..........a	-327.68
	3448	3449	-1.61016E+000	-2.00191E-001	-1.91545E+000	-2.00025E+000	2.96161E-004	11	..........a	-327.68
	3449	3450	-1.60416E+000	-2.00191E-001	-1.91876E+000	-2.00025E+000	2.99178E-004	11	..........a	-327.68
	3450	3451	-1.61136E+000	-2.00192E-001	-1.91363E+000	-2.00025E+000	3.01594E-004	11	..........a	-327.68
	3451	3452	-1.61096E+000	-2.00191E-001	-1.91336E+000	-2.00025E+000	3.10894E-004	11	..........a	-327.68
	3452	3453	-1.61056E+000	-2.00190E-001	-1.91407E+000	-2.00025E+000	3.08561E-004	11	..........a	-327.68
	3453	3454	-1.61136E+000	-2.00190E-001	-1.91100E+000	-2.00025E+000	3.04461E-004	11	..........a	-327.68
	3454	3455	-1.61176E+000	-2.00191E-001	-1.91554E+000	-2.00025E+000	3.07144E-004	11	..........a	-327.68
	3455	3456	-1.61136E+000	-2.00191E-001	-1.91443E+000	-2.00025E+000	3.08544E-004	11	..........a	-327.68
	3456	3457	-1.61016E+000	-2.00197E-001	-1.91487E+000	-2.00025E+000	4.91061E-004	11	..........a	-327.68
	3457	3458	-1.61096E+000	-2.00197E-001	-1.91388E+000	-2.00025E+000	5.07228E-004	11	..........a	-327.68
	3458	3459	-1.60336E+000	-2.00196E-001	-1.92257E+000	-2.00025E+000	4.93978E-004	11	..........a	-327.68
	3459	3460	-1.60936E+000	-2.00197E-001	-1.91450E+000	-2.00025E+000	5.00911E-004	11	..........a	-327.68
	3460	3461	-1.61096E+000	-2.00197E-001	-1.91396E+000	-2.00025E+000	4.93828E-004	11	..........a	-327.68
	3461	3462	-1.61096E+000	-2.00196E-001	-1.91228E+000	-2.00025E+000	4.85628E-004	11	..........a	-327.68
	3462	3463	-1.61056E+000	-2.00196E-001	-1.91576E+000	-2.00025E+000	4.90261E-004	11	..........a	-327.68
	3463	3464	-1.60976E+000	-2.00196E-001	-1.91437E+000	-2.00025E+000	5.04211E-004	11	..........a	-327.68
	3464	3465	-1.60856E+000	-2.00196E-001	-1.91716E+000	-2.00025E+000	4.90461E-004	11	..........a	-327.68
	3465	3466	-1.61056E+000	-2.00196E-001	-1.91132E+000	-2.00025E+000	4.91644E-004	11	..........a	-327.68
	3466	3467	-1.60856E+000	-2.00196E-001	-1.91581E+000	-2.00025E+000	4.76128E-004	11	..........a	-327.68
	3467	3468	-1.60856E+000	-2.00196E-001	-1.91283E+000	-2.00025E+000	4.89028E-004	11	..........a	-327.68
	3468	3469	-1.60856E+000	-2.00197E-001	-1.91426E+000	-2.00025E+000	4.95294E-004	11	..........a	-327.68
	3469	3470	-1.60856E+000	-2.00197E-001	-1.91224E+000	-2.00025E+000	4.87778E-004	11	..........a	-327.68
	3470	3471	-1.60896E+000	-2.00196E-001	-1.91455E+000	-2.00025E+000	5.06594E-004	11	..........a	-327.68
	3471	3472	-1.60776E+000	-2.00196E-001	-1.91478E+000	-2.00025E+000	4.95494E-004	11	..........a	-327.68
	3472	3473	-1.60896E+000	-2.00196E-001	-1.91484E+000	-2.00025E+000	5.01728E-004	11	..........a	-327.68
	3473	3474	-1.60776E+000	-2.00196E-001	-1.91327E+000	-2.00025E+000	4.89478E-004	11	..........a	-327.68
	3474	3475	-1.60936E+000	-2.00196E-001	-1.91668E+000	-2.00025E+000	5.00961E-004	11	..........a	-327.68
	3475	3476	-1.60296E+000	-2.00197E-001	-1.92245E+000	-2.00025E+000	5.01661E-004	11	..........a	-327.68
	3476	3477	-1.61056E+000	-2.00197E-001	-1.91558E+000	-2.00025E+000	4.96878E-004	11	..........a	-327.68
	3477	3478	-1.61016E+000	-2.00196E-001	-1.91604E+000	-2.00025E+000	5.00261E-004	11	..........a	-327.68
	3478	3479	-1.61056E+000	-2.00196E-001	-1.91703E+000	-2.00025E+000	5.11994E-004	11	..........a	-327.68
	3479	3480	-1.61136E+000	-2.00197E-001	-1.91606E+000	-2.00025E+000	5.14394E-004	11	..........a	-327.68
	3480	3481	-1.61176E+000	-2.00196E-001	-1.91756E+000	-2.00025E+000	4.94828E-004	11	..........a	-327.68
	3481	3482	-1.61136E+000	-2.00197E-001	-1.91660E+000	-2.00025E+000	5.08444E-004	11	..........a	-327.68
	3482	3483	-1.61096E+000	-2.00197E-001	-1.91875E+000	-2.00025E+000	4.96278E-004	11	..........a	-327.68
	3483	3484	-1.61136E+000	-2.00197E-001	-1.91521E+000	-2.00025E+000	5.05811E-004	11	..........a	-327.68
	3484	3485	-1.61136E+000	-2.00196E-001	-1.91602E+000	-2.00025E+000	5.03161E-004	11	..........a	-327.68
	3485	3486	-1.61176E+000	-2.00196E-001	-1.91355E+000	-2.00025E+000	4.98178E-004	11	..........a	-327.68
	3486	3487	-1.60416E+000	-2.00197E-001	-1.92213E+000	-2.00025E+000	5.03361E-004	11	..........a	-327.68
	3487	3488	-1.61176E+000	-2.00196E-001	-1.91200E+000	-2.00025E+000	4.92611E-004	11	..........a	-327.68
	3488	3489	-1.60336E+000	-2.00196E-001	-1.92292E+000	-2.00025E+000	4.93844E-004	11	..........a	-327.68
	3489	3490	-1.60896E+000	-2.00196E-001	-1.91582E+000	-2.00025E+000	4.88078E-004	11	..........a	-327.68
	3490	3491	-1.61056E+000	-2.00197E-001	-1.91497E+000	-2.00025E+000	4.96961E-004	11	..........a	-327.68
	3491	3492	-1.60976E+000	-2.00197E-001	-1.91491E+000	-2.00025E+000	5.06311E-004	11	..........a	-327.68
	3492	3493	-1.61016E+000	-2.00197E-001	-1.91655E+000	-2.00025E+000	4.95011E-004	11	..........a	-327.68
	3493	3494	-1.60856E+000	-2.00197E-001	-1.91600E+000	-2.00025E+000	5.06128E-004	11	..........a	-327.68
	3494	3495	-1.61016E+000	-2.00197E-001	-1.91672E+000	-2.00025E+000	4.95611E-004	11	..........a	-327.68
	3495	3496	-1.61016E+000	-2.00197E-001	-1.91501E+000	-2.00025E+000	4.91311E-004	11	..........a	-327.68
	3496	3497	-1.61216E+000	-2.00197E-001	-1.91410E+000	-2.00025E+000	4.90878E-004	11	..........a	-327.68
	3497	3498	-1.61096E+000	-2.00197E-001	-1.91365E+000	-2.00025E+000	4.84028E-004	11	..........a	-327.68
	3498	3499	-1.60856E+000	-2.00196E-001	-1.91671E+000	-2.00025E+000	4.88611E-004	11	..........a	-327.68
	3499	3500	-1.60776E+000	-2.00197E-001	-1.91574E+000	-2.00025E+000	4.81678E-004	11	..........a	-327.68
	3500	3501	-1.60976E+000	-2.00197E-001	-1.91473E+000	-2.00025E+000	4.96244E-004	11	..........a	-327.68
	3501	3502	-1.60296E+000	-2.00197E-001	-1.92102E+000	-2.00025E+000	4.92311E-004	11	..........a	-327.68
	3502	3503	-1.60856E+000	-2.00197E-001	-1.91676E+000	-2.00025E+000	4.95844E-004	11	..........a	-327.68
	3503	3504	-1.60296E+000	-2.00197E-001	-1.92091E+000	-2.00025E+000	4.90894E-004	11	..........a	-327.68
	3504	3505	-1.61096E+000	-2.00196E-001	-1.91619E+000	-2.00025E+000	4.93561E-004	11	..........a	-327.68
	3505	3506	-1.61016E+000	-2.00197E-001	-1.91752E+000	-2.00025E+000	5.02128E-004	11	..........a	-327.68
	3506	3507	-1.61016E+000	-2.00197E-001	-1.91890E+000	-2.00025E+000	5.01328E-004	11	..........a	-327.68
	3507	3508	-1.61016E+000	-2.00197E-001	-1.91892E+000	-2.00025E+000	5.03428E-004	11	..........a	-327.68
	3508	3509	-1.61216E+000	-2.00197E-001	-1.91541E+000	-2.00025E+000	5.02128E-004	11	..........a	-327.68
	3509	3510	-1.60936E+000	-2.00198E-001	-1.91807E+000	-2.00025E+000	4.98194E-004	11	..........a	-327.68
	3510	3511	-1.61136E+000	-2.00197E-001	-1.91382E+000	-2.00025E+000	4.97244E-004	11	..........a	-327.68
	3511	3512	-1.61176E+000	-2.00198E-001	-1.91590E+000	-2.00025E+000	5.06894E-004	11	..........a	-327.68
	3512	3513	-1.60816E+000	-2.00197E-001	-1.92062E+000	-2.00025E+000	5.03861E-004	11	..........a	-327.68
	3513	3514	-1.60896E+000	-2.00198E-001	-1.92100E+000	-2.00025E+000	4.97544E-004	11	..........a	-327.68
	3514	3515	-1.60896E+000	-2.00198E-001	-1.92016E+000	-2.00025E+000	4.98294E-004	11	..........a	-327.68
	3515	3516	-1.60856E+000	-2.00197E-001	-1.91841E+000	-2.00025E+000	4.95711E-004	11	..........a	-327.68
	3516	3517	-1.61096E+000	-2.00198E-001	-1.91604E+000	-2.00025E+000	5.01078E-004	11	..........a	-327.68
	3517	3518	-1.60976E+000	-2.00197E-001	-1.91698E+000	-2.00025E+000	4.98978E-004	11	..........a	-327.68
	3518	3519	-1.60936E+000	-2.00197E-001	-1.91573E+000	-2.00025E+000	5.07394E-004	11	..........a	-327.68
	3519	3520	-1.61016E+000	-2.00197E-001	-1.91453E+000	-2.00025E+000	5.00228E-004	11	..........a	-327.68
	3520	3521	-1.60936E+000	-2.00196E-001	-1.91373E+000	-2.00025E+000	5.08244E-004	11	..........a	-327.68
	3521	3522	-1.60936E+000	-2.00197E-001	-1.91495E+000	-2.00025E+000	5.04494E-004	11	..........a	-327.68
	3522	3523	-1.60936E+000	-2.00197E-001	-1.91249E+000	-2.00025E+000	4.98261E-004	11	..........a	-327.68
	3523	3524	-1.60776E+000	-2.00197E-001	-1.91733E+000	-2.00025E+000	5.03328E-004	11	..........a	-327.68
	3524	3525	-1.60856E+000	-2.00198E-001	-1.91487E+000	-2.00025E+000	5.09211E-004	11	..........a	-327.68
	3525	3526	-1.60936E+000	-2.00198E-001	-1.91736E+000	-2.00025E+000	5.17011E-004	11	..........a	-327.68
	3526	3527	-1.61056E+000	-2.00198E-001	-1.91613E+000	-2.00025E+000	5.05344E-004	11	..........a	-327.68
	3527	3528	-1.61216E+000	-2.00198E-001	-1.91549E+000	-2.00025E+000	5.02344E-004	11	..........a	-327.68
	3528	3529	-1.61016E+000	-2.00197E-001	-1.91799E+000	-2.00025E+000	4.90861E-004	11	..........a	-327.68
	3529	3530	-1.61096E+000	-2.00197E-001	-1.91726E+000	-2.00025E+000	5.04111E-004	11	..........a	-327.68
	3530	3531	-1.60936E+000	-2.00197E-001	-1.91604E+000	-2.00025E+000	4.93361E-004	11	..........a	-327.68
	3531	3532	-1.60256E+000	-2.00197E-001	-1.92393E+000	-2.00025E+000	4.89594E-004	11	..........a	-327.68
	3532	3533	-1.60856E+000	-2.00197E-001	-1.91834E+000	-2.00025E+000	5.01544E-004	11	..........a	-327.68
	3533	3534	-1.61256E+000	-2.00198E-001	-1.91572E+000	-2.00025E+000	5.06244E-004	11	..........a	-327.68
	3534	3535	-1.61056E+000	-2.00197E-001	-1.91658E+000	-2.00025E+000	5.06478E-004	11	..........a	-327.68
	3535	3536	-1.61216E+000	-2.00197E-001	-1.91569E+000	-2.00025E+000	5.09128E-004	11	..........a	-327.68
	3536	3537	-1.61016E+000	-2.00197E-001	-1.91666E+000	-2.00025E+000	5.00178E-004	11	..........a	-327.68
	3537	3538	-1.60936E+000	-2.00197E-001	-1.92002E+000	-2.00025E+000	4.92478E-004	11	..........a	-327.68
	3538	3539	-1.61056E+000	-2.00197E-001	-1.91530E+000	-2.00025E+000	5.03694E-004	11	..........a	-327.68
	3539	3540	-1.60976E+000	-2.00197E-001	-1.91910E+000	-2.00025E+000	4.95711E-004	11	..........a	-327.68
	3540	3541	-1.61176E+000	-2.00192E-001	-1.91567E+000	-2.00025E+000	3.39044E-004	11	..........a	-327.68
	3541	3542	-1.61056E+000	-2.00192E-001	-1.91633E+000	-2.00025E+000	3.46928E-004	11	..........a	-327.68
	3542	3543	-1.60856E+000	-2.00192E-001	-1.91654E+000	-2.00025E+000	3.41694E-004	11	..........a	-327.68
	3543	3544	-1.61056E+000	-2.00192E-001	-1.91460E+000	-2.00025E+000	3.36044E-004	11	..........a	-327.68
	3544	3545	-1.60936E+000	-2.00192E-001	-1.91561E+000	-2.00025E+000	3.35094E-004	11	..........a	-327.68
	3545	3546	-1.60896E+000	-2.00192E-001	-1.91773E+000	-2.00025E+000	3.37978E-004	11	..........a	-327.68
	3546	3547	-1.61056E+000	-2.00192E-001	-1.91357E+000	-2.00025E+000	3.40611E-004	11	..........a	-327.68
	3547	3548	-1.60856E+000	-2.00192E-001	-1.91672E+000	-2.00025E+000	3.34344E-004	11	..........a	-327.68
	3548	3549	-1.61016E+000	-2.00192E-001	-1.91622E+000	-2.00025E+000	3.35328E-004	11	..........a	-327.68
	3549	3550	-1.61096E+000	-2.00192E-001	-1.91629E+000	-2.00025E+000	3.34494E-004	11	..........a	-327.68
	3550	3551	-1.61056E+000	-2.00192E-001	-1.91910E+000	-2.00025E+000	3.40228E-004	11	..........a	-327.68
	3551	3552	-1.61176E+000	-2.00192E-001	-1.91813E+000	-2.00025E+000	3.35444E-004	11	..........a	-327.68
	3552	3553	-1.61176E+000	-2.00192E-001	-1.91907E+000	-2.00025E+000	3.37528E-004	11	..........a	-327.68
	3553	3554	-1.61216E+000	-2.00192E-001	-1.91740E+000	-2.00025E+000	3.41794E-004	11	..........a	-327.68
	3554	3555	-1.61016E+000	-2.00192E-001	-1.91924E+000	-2.00025E+000	3.28578E-004	11	..........a	-327.68
	3555	3556	-1.60856E+000	-2.00192E-001	-1.92159E+000	-2.00025E+000	3.34661E-004	11	..........a	-327.68
	3556	3557	-1.61096E+000	-2.00192E-001	-1.91930E+000	-2.00025E+000	3.36944E-004	11	..........a	-327.68
	3557	3558	-1.60376E+000	-2.00192E-001	-1.92432E+000	-2.00025E+000	3.33344E-004	11	..........a	-327.68
	3558	3559	-1.61016E+000	-2.00193E-001	-1.91858E+000	-2.00025E+000	3.40128E-004	11	..........a	-327.68
	3559	3560	-1.61056E+000	-2.00192E-001	-1.91623E+000	-2.00025E+000	3.35044E-004	11	..........a	-327.68
	3560	3561	-1.60976E+000	-2.00192E-001	-1.91813E+000	-2.00025E+000	3.44094E-004	11	..........a	-327.68
	3561	3562	-1.60896E+000	-2.00192E-001	-1.91697E+000	-2.00025E+000	3.36544E-004	11	..........a	-327.68
	3562	3563	-1.61056E+000	-2.00192E-001	-1.91757E+000	-2.00025E+000	3.40911E-004	11	..........a	-327.68
	3563	3564	-1.61056E+000	-2.00192E-001	-1.91697E+000	-2.00025E+000	3.36828E-004	11	..........a	-327.68
	3564	3565	-1.61056E+000	-2.00192E-001	-1.91810E+000	-2.00025E+000	3.39961E-004	11	..........a	-327.68
	3565	3566	-1.60936E+000	-2.00192E-001	-1.91883E+000	-2.00025E+000	3.33194E-004	11	..........a	-327.68
	3566	3567	-1.60936E+000	-2.00192E-001	-1.92054E+000	-2.00025E+000	3.37244E-004	11	..........a	-327.68
	3567	3568	-1.61056E+000	-2.00192E-001	-1.91896E+000	-2.00025E+000	3.32794E-004	11	..........a	-327.68
	3568	3569	-1.60936E+000	-2.00193E-001	-1.92344E+000	-2.00025E+000	3.35561E-004	11	..........a	-327.68
	3569	3570	-1.61056E+000	-2.00193E-001	-1.91966E+000	-2.00025E+000	3.37344E-004	11	..........a	-327.68
	3570	3571	-1.61096E+000	-2.00192E-001	-1.92425E+000	-2.00025E+000	3.40511E-004	11	..........a	-327.68
	3571	3572	-1.60896E+000	-2.00193E-001	-1.92507E+000	-2.00025E+000	3.39661E-004	11	..........a	-327.68
	3572	3573	-1.60376E+000	-2.00193E-001	-1.93046E+000	-2.00025E+000	3.28894E-004	11	..........a	-327.68
	3573	3574	-1.61256E+000	-2.00193E-001	-1.91960E+000	-2.00025E+000	3.43561E-004	11	..........a	-327.68
	3574	3575	-1.61216E+000	-2.00193E-001	-1.92005E+000	-2.00025E+000	3.36011E-004	11	..........a	-327.68
	3575	3576	-1.61256E+000	-2.00192E-001	-1.91812E+000	-2.00025E+000	3.37928E-004	11	..........a	-327.68
	3576	3577	-1.61216E+000	-2.00192E-001	-1.92016E+000	-2.00025E+000	3.34094E-004	11	..........a	-327.68
	3577	3578	-1.61016E+000	-2.00193E-001	-1.92179E+000	-2.00025E+000	3.36744E-004	11	..........a	-327.68
	3578	3579	-1.61056E+000	-2.00193E-001	-1.92126E+000	-2.00025E+000	3.31478E-004	11	..........a	-327.68
	3579	3580	-1.61056E+000	-2.00193E-001	-1.91839E+000	-2.00025E+000	3.35794E-004	11	..........a	-327.68
	3580	3581	-1.61176E+000	-2.00193E-001	-1.91907E+000	-2.00025E+000	3.32294E-004	11	..........a	-327.68
	3581	3582	-1.61016E+000	-2.00192E-001	-1.91898E+000	-2.00025E+000	3.36628E-004	11	..........a	-327.68
	3582	3583	-1.60896E+000	-2.00192E-001	-1.91952E+000	-2.00025E+000	3.34594E-004	11	..........a	-327.68
	3583	3584	-1.61096E+000	-2.00192E-001	-1.91772E+000	-2.00025E+000	3.33494E-004	11	..........a	-327.68
	3584	3585	-1.60936E+000	-2.00192E-001	-1.92125E+000	-2.00025E+000	3.29828E-004	11	..........a	-327.68
	3585	3586	-1.60336E+000	-2.00192E-001	-1.92647E+000	-2.00025E+000	3.41694E-004	11	..........a	-327.68
	3586	3587	-1.60936E+000	-2.00192E-001	-1.92366E+000	-2.00025E+000	3.35661E-004	11	..........a	-327.68
	3587	3588	-1.60416E+000	-2.00192E-001	-1.92980E+000	-2.00025E+000	3.37344E-004	11	..........a	-327.68
	3588	3589	-1.61136E+000	-2.00193E-001	-1.92345E+000	-2.00025E+000	3.44728E-004	11	..........a	-327.68
	3589	3590	-1.61216E+000	-2.00193E-001	-1.92297E+000	-2.00025E+000	3.36544E-004	11	..........a	-327.68
	3590	3591	-1.60976E+000	-2.00192E-001	-1.92710E+000	-2.00025E+000	3.32294E-004	11	..........a	-327.68
	3591	3592	-1.61336E+000	-2.00192E-001	-1.92353E+000	-2.00025E+000	3.38061E-004	11	..........a	-327.68
	3592	3593	-1.61336E+000	-2.00192E-001	-1.92273E+000	-2.00025E+000	3.35394E-004	11	..........a	-327.68
	3593	3594	-1.61376E+000	-2.00192E-001	-1.92135E+000	-2.00025E+000	3.37644E-004	11	..........a	-327.68
	3594	3595	-1.61216E+000	-2.00192E-001	-1.92374E+000	-2.00025E+000	3.37328E-004	11	..........a	-327.68
	3595	3596	-1.61096E+000	-2.00192E-001	-1.92282E+000	-2.00025E+000	3.31811E-004	11	..........a	-327.68
	3596	3597	-1.60456E+000	-2.00196E-001	-1.93114E+000	-2.00025E+000	4.71744E-004	11	..........a	-327.68
	3597	3598	-1.61176E+000	-2.00195E-001	-1.92447E+000	-2.00025E+000	4.86478E-004	11	..........a	-327.68
	3598	3599	-1.60416E+000	-2.00196E-001	-1.93105E+000	-2.00025E+000	4.87128E-004	11	..........a	-327.68
	3599	3600	-1.61296E+000	-2.00196E-001	-1.92233E+000	-2.00025E+000	4.90561E-004	11	..........a	-327.68
