EXPLAIN
TAG	GALVANOSTATIC
TITLE	LABEL	Galvanostatic Scan	Test Identifier
DATE	LABEL	7.2.2023	Date
TIME	LABEL	16:51:05	Time
NOTES	NOTES	1	Notes...
	
PSTAT	PSTAT	REF3000-19129	Potentiostat
IINIT	QUANT	-2.00000E+002	Initial I (mA/cm^2)
TINIT	QUANT	3.60000E+003	Initial Time (s)
IFINAL	QUANT	-2.00000E+002	Final I (mA/cm^2)
TFINAL	QUANT	0.00000E+000	Final Time (s)
SAMPLETIME	QUANT	1.00000E+000	Sample Period (s)
AREA	QUANT	1.00000E+000	Sample Area (cm^2)
DENSITY	QUANT	7.87000E+000	Density (g/cm^3)
EQUIV	QUANT	2.79200E+001	Equiv. Wt
IRCOMP	TOGGLE	T	IR Comp
EOC	QUANT	0	Open Circuit (V)
SEQUENCER	TOGGLE	TRUE	Run as Sequence
PSTATMODEL	IQUANT	5	Pstat Model
PSTATSECTION	LABEL	REF3000-19129	Pstat Section
PSTATSERIALNO	LABEL	19129	Pstat Serial Number
CTRLMODE	IQUANT	0	Control Mode
ELECTROMETER	IQUANT	0	RE=0 or CS=1
IESTAB	IQUANT	0	I/E Stability
CASPEED	IQUANT	4	Control Amp Speed
CONVENTION	IQUANT	1	Current Convention
ICHRANGE	IQUANT	2	Ich Range
ICHRANGEMODE	TOGGLE	T	Ich Auto Range
ICHOFFSETENABLE	TOGGLE	F	Ich Offset Enable
ICHOFFSET	QUANT	0	Ich Offset (V)
ICHFILTER	IQUANT	3	Ich Filter
VCHRANGE	IQUANT	3	Vch Range
VCHRANGEMODE	TOGGLE	T	Vch Auto Range
VCHOFFSETENABLE	TOGGLE	F	Vch Offset Enable
VCHOFFSET	QUANT	0	Vch Offset (V)
VCHFILTER	IQUANT	1	Vch Filter
ACHRANGE	IQUANT	2	Ach Range
ACHOFFSETENABLE	TOGGLE	F	Ach Offset Enable
ACHOFFSET	QUANT	0	Ach Offset (V)
ACHFILTER	IQUANT	1	Ach Filter
IERANGELOWERLIMIT	IQUANT	4	I/E Range Lower Limit
IERANGEMODE	TOGGLE	F	I/E AutoRange
IERANGE	IQUANT	11	I/E Range
POSFEEDENABLE	TOGGLE	F	Positive Feedback IR Comp
POSFEEDRESISTANCE	QUANT	0	Positive Feedback Resistance (ohm)
ACHSELECT	IQUANT	0	Ach Select
SENSECABLEID	IQUANT	14	Sense Cable ID
PWRCABLEID	IQUANT	13	Power Cable ID
DCCALDATE	LABEL	11/22/2022	DC Calibration Date
ACCALDATE	LABEL		AC Calibration Date
THERMOSELECT	IQUANT	1	Thermo Select
FRAMEWORKVERSION	QUANT	7.07	Framework Version
INSTRUMENTVERSION	LABEL	4.35	Instrument Version
COMPLIANCEVOLTAGE	IQUANT	0	Compliance Voltage
CURVE	TABLE	3600
	Pt	T	Vf	Im	Vu	Sig	Ach	IERange	Over	Temp
	#	s	V vs. Ref.	A	V	V	V	#	bits	deg C
	0	1	-1.64656E+000	-2.00173E-001	-2.39186E+000	-2.00025E+000	3.07644E-004	11	..........a	-327.68
	1	2	-1.66056E+000	-2.00182E-001	-2.38527E+000	-2.00025E+000	2.97694E-004	11	..........a	-327.68
	2	3	-1.66776E+000	-2.00186E-001	-2.38098E+000	-2.00025E+000	3.08194E-004	11	..........a	-327.68
	3	4	-1.67136E+000	-2.00188E-001	-2.37758E+000	-2.00025E+000	3.12311E-004	11	..........a	-327.68
	4	5	-1.67496E+000	-2.00190E-001	-2.37200E+000	-2.00025E+000	3.13944E-004	11	..........a	-327.68
	5	6	-1.67936E+000	-2.00191E-001	-2.36765E+000	-2.00025E+000	3.19011E-004	11	..........a	-327.68
	6	7	-1.68096E+000	-2.00192E-001	-2.36059E+000	-2.00025E+000	3.18778E-004	11	..........a	-327.68
	7	8	-1.68296E+000	-2.00192E-001	-2.35925E+000	-2.00025E+000	3.14678E-004	11	..........a	-327.68
	8	9	-1.68296E+000	-2.00192E-001	-2.35416E+000	-2.00025E+000	3.16444E-004	11	..........a	-327.68
	9	10	-1.68416E+000	-2.00193E-001	-2.35026E+000	-2.00025E+000	3.03994E-004	11	..........a	-327.68
	10	11	-1.68576E+000	-2.00193E-001	-2.34779E+000	-2.00025E+000	3.20144E-004	11	..........a	-327.68
	11	12	-1.68576E+000	-2.00193E-001	-2.34445E+000	-2.00025E+000	3.18511E-004	11	..........a	-327.68
	12	13	-1.68536E+000	-2.00193E-001	-2.34465E+000	-2.00025E+000	3.11111E-004	11	..........a	-327.68
	13	14	-1.68576E+000	-2.00194E-001	-2.33901E+000	-2.00025E+000	3.17144E-004	11	..........a	-327.68
	14	15	-1.68616E+000	-2.00194E-001	-2.33818E+000	-2.00025E+000	3.20628E-004	11	..........a	-327.68
	15	16	-1.68656E+000	-2.00194E-001	-2.33625E+000	-2.00025E+000	3.20578E-004	11	..........a	-327.68
	16	17	-1.68496E+000	-2.00194E-001	-2.33399E+000	-2.00025E+000	3.16428E-004	11	..........a	-327.68
	17	18	-1.68536E+000	-2.00194E-001	-2.33711E+000	-2.00025E+000	3.16961E-004	11	..........a	-327.68
	18	19	-1.68856E+000	-2.00194E-001	-2.33019E+000	-2.00025E+000	3.21578E-004	11	..........a	-327.68
	19	20	-1.68616E+000	-2.00194E-001	-2.33237E+000	-2.00025E+000	3.23378E-004	11	..........a	-327.68
	20	21	-1.68656E+000	-2.00194E-001	-2.33153E+000	-2.00025E+000	3.20528E-004	11	..........a	-327.68
	21	22	-1.68616E+000	-2.00195E-001	-2.32973E+000	-2.00025E+000	3.18561E-004	11	..........a	-327.68
	22	23	-1.68776E+000	-2.00194E-001	-2.32690E+000	-2.00025E+000	3.11794E-004	11	..........a	-327.68
	23	24	-1.68816E+000	-2.00194E-001	-2.32386E+000	-2.00025E+000	3.16294E-004	11	..........a	-327.68
	24	25	-1.68536E+000	-2.00194E-001	-2.32887E+000	-2.00025E+000	3.21744E-004	11	..........a	-327.68
	25	26	-1.68776E+000	-2.00194E-001	-2.32321E+000	-2.00025E+000	3.25044E-004	11	..........a	-327.68
	26	27	-1.68696E+000	-2.00194E-001	-2.32275E+000	-2.00025E+000	3.18861E-004	11	..........a	-327.68
	27	28	-1.68776E+000	-2.00194E-001	-2.31951E+000	-2.00025E+000	3.15278E-004	11	..........a	-327.68
	28	29	-1.68816E+000	-2.00194E-001	-2.31662E+000	-2.00025E+000	3.16661E-004	11	..........a	-327.68
	29	30	-1.68656E+000	-2.00195E-001	-2.31379E+000	-2.00025E+000	3.18011E-004	11	..........a	-327.68
	30	31	-1.68776E+000	-2.00194E-001	-2.30864E+000	-2.00025E+000	3.21894E-004	11	..........a	-327.68
	31	32	-1.68816E+000	-2.00195E-001	-2.30982E+000	-2.00025E+000	3.25761E-004	11	..........a	-327.68
	32	33	-1.68856E+000	-2.00195E-001	-2.30742E+000	-2.00025E+000	3.23644E-004	11	..........a	-327.68
	33	34	-1.68576E+000	-2.00194E-001	-2.30816E+000	-2.00025E+000	3.25594E-004	11	..........a	-327.68
	34	35	-1.68656E+000	-2.00195E-001	-2.30688E+000	-2.00025E+000	3.25994E-004	11	..........a	-327.68
	35	36	-1.68456E+000	-2.00195E-001	-2.30502E+000	-2.00025E+000	3.28561E-004	11	..........a	-327.68
	36	37	-1.68816E+000	-2.00195E-001	-2.30326E+000	-2.00025E+000	3.38928E-004	11	..........a	-327.68
	37	38	-1.68456E+000	-2.00195E-001	-2.30460E+000	-2.00025E+000	3.21578E-004	11	..........a	-327.68
	38	39	-1.68576E+000	-2.00195E-001	-2.30346E+000	-2.00025E+000	3.21494E-004	11	..........a	-327.68
	39	40	-1.68616E+000	-2.00195E-001	-2.30324E+000	-2.00025E+000	3.24478E-004	11	..........a	-327.68
	40	41	-1.68616E+000	-2.00195E-001	-2.30037E+000	-2.00025E+000	3.24761E-004	11	..........a	-327.68
	41	42	-1.68656E+000	-2.00195E-001	-2.30380E+000	-2.00025E+000	3.22644E-004	11	..........a	-327.68
	42	43	-1.68576E+000	-2.00195E-001	-2.29998E+000	-2.00025E+000	3.27461E-004	11	..........a	-327.68
	43	44	-1.68656E+000	-2.00195E-001	-2.30075E+000	-2.00025E+000	3.19194E-004	11	..........a	-327.68
	44	45	-1.68256E+000	-2.00194E-001	-2.30468E+000	-2.00025E+000	3.26144E-004	11	..........a	-327.68
	45	46	-1.68656E+000	-2.00194E-001	-2.30016E+000	-2.00025E+000	3.22394E-004	11	..........a	-327.68
	46	47	-1.68416E+000	-2.00194E-001	-2.30230E+000	-2.00025E+000	3.22444E-004	11	..........a	-327.68
	47	48	-1.68576E+000	-2.00195E-001	-2.29890E+000	-2.00025E+000	3.36394E-004	11	..........a	-327.68
	48	49	-1.68496E+000	-2.00195E-001	-2.29981E+000	-2.00025E+000	3.32544E-004	11	..........a	-327.68
	49	50	-1.68256E+000	-2.00195E-001	-2.29972E+000	-2.00025E+000	3.25978E-004	11	..........a	-327.68
	50	51	-1.68576E+000	-2.00194E-001	-2.29742E+000	-2.00025E+000	3.23378E-004	11	..........a	-327.68
	51	52	-1.68336E+000	-2.00195E-001	-2.29974E+000	-2.00025E+000	3.34661E-004	11	..........a	-327.68
	52	53	-1.68376E+000	-2.00195E-001	-2.29700E+000	-2.00025E+000	3.38744E-004	11	..........a	-327.68
	53	54	-1.68496E+000	-2.00195E-001	-2.29682E+000	-2.00025E+000	3.27011E-004	11	..........a	-327.68
	54	55	-1.68376E+000	-2.00195E-001	-2.29625E+000	-2.00025E+000	3.39278E-004	11	..........a	-327.68
	55	56	-1.68256E+000	-2.00194E-001	-2.29820E+000	-2.00025E+000	3.30178E-004	11	..........a	-327.68
	56	57	-1.68336E+000	-2.00194E-001	-2.29699E+000	-2.00025E+000	3.20311E-004	11	..........a	-327.68
	57	58	-1.68336E+000	-2.00195E-001	-2.29759E+000	-2.00025E+000	3.31411E-004	11	..........a	-327.68
	58	59	-1.68256E+000	-2.00195E-001	-2.29740E+000	-2.00025E+000	3.24028E-004	11	..........a	-327.68
	59	60	-1.68496E+000	-2.00195E-001	-2.29300E+000	-2.00025E+000	3.19878E-004	11	..........a	-327.68
	60	61	-1.68416E+000	-2.00194E-001	-2.29614E+000	-2.00025E+000	3.26128E-004	11	..........a	-327.68
	61	62	-1.68496E+000	-2.00195E-001	-2.29161E+000	-2.00025E+000	3.32461E-004	11	..........a	-327.68
	62	63	-1.68496E+000	-2.00194E-001	-2.29479E+000	-2.00025E+000	3.30044E-004	11	..........a	-327.68
	63	64	-1.68416E+000	-2.00195E-001	-2.29684E+000	-2.00025E+000	3.27528E-004	11	..........a	-327.68
	64	65	-1.68256E+000	-2.00195E-001	-2.29753E+000	-2.00025E+000	3.28411E-004	11	..........a	-327.68
	65	66	-1.68336E+000	-2.00195E-001	-2.29832E+000	-2.00025E+000	3.34494E-004	11	..........a	-327.68
	66	67	-1.68496E+000	-2.00195E-001	-2.29560E+000	-2.00025E+000	3.33378E-004	11	..........a	-327.68
	67	68	-1.68176E+000	-2.00195E-001	-2.29871E+000	-2.00025E+000	3.37511E-004	11	..........a	-327.68
	68	69	-1.68136E+000	-2.00196E-001	-2.29842E+000	-2.00025E+000	3.33661E-004	11	..........a	-327.68
	69	70	-1.68176E+000	-2.00195E-001	-2.29756E+000	-2.00025E+000	3.28361E-004	11	..........a	-327.68
	70	71	-1.68256E+000	-2.00195E-001	-2.29695E+000	-2.00025E+000	3.27644E-004	11	..........a	-327.68
	71	72	-1.68096E+000	-2.00195E-001	-2.29563E+000	-2.00025E+000	3.28394E-004	11	..........a	-327.68
	72	73	-1.68256E+000	-2.00195E-001	-2.29716E+000	-2.00025E+000	3.30478E-004	11	..........a	-327.68
	73	74	-1.68216E+000	-2.00195E-001	-2.29399E+000	-2.00025E+000	3.28761E-004	11	..........a	-327.68
	74	75	-1.68096E+000	-2.00195E-001	-2.29367E+000	-2.00025E+000	3.16261E-004	11	..........a	-327.68
	75	76	-1.68176E+000	-2.00195E-001	-2.29201E+000	-2.00025E+000	3.19178E-004	11	..........a	-327.68
	76	77	-1.68336E+000	-2.00195E-001	-2.28963E+000	-2.00025E+000	3.26594E-004	11	..........a	-327.68
	77	78	-1.67856E+000	-2.00195E-001	-2.29560E+000	-2.00025E+000	3.24728E-004	11	..........a	-327.68
	78	79	-1.68336E+000	-2.00195E-001	-2.28829E+000	-2.00025E+000	3.23461E-004	11	..........a	-327.68
	79	80	-1.68096E+000	-2.00195E-001	-2.29132E+000	-2.00025E+000	3.26344E-004	11	..........a	-327.68
	80	81	-1.68016E+000	-2.00195E-001	-2.29114E+000	-2.00025E+000	3.23144E-004	11	..........a	-327.68
	81	82	-1.67976E+000	-2.00195E-001	-2.29090E+000	-2.00025E+000	3.21228E-004	11	..........a	-327.68
	82	83	-1.68136E+000	-2.00195E-001	-2.28997E+000	-2.00025E+000	3.15561E-004	11	..........a	-327.68
	83	84	-1.67976E+000	-2.00195E-001	-2.29054E+000	-2.00025E+000	3.21911E-004	11	..........a	-327.68
	84	85	-1.68016E+000	-2.00195E-001	-2.29105E+000	-2.00025E+000	3.19978E-004	11	..........a	-327.68
	85	86	-1.67976E+000	-2.00195E-001	-2.28889E+000	-2.00025E+000	3.20378E-004	11	..........a	-327.68
	86	87	-1.68056E+000	-2.00195E-001	-2.28964E+000	-2.00025E+000	3.17611E-004	11	..........a	-327.68
	87	88	-1.68256E+000	-2.00195E-001	-2.28886E+000	-2.00025E+000	3.18044E-004	11	..........a	-327.68
	88	89	-1.68336E+000	-2.00195E-001	-2.28766E+000	-2.00025E+000	3.27428E-004	11	..........a	-327.68
	89	90	-1.68336E+000	-2.00195E-001	-2.28656E+000	-2.00025E+000	3.15194E-004	11	..........a	-327.68
	90	91	-1.68256E+000	-2.00195E-001	-2.28968E+000	-2.00025E+000	3.24211E-004	11	..........a	-327.68
	91	92	-1.68096E+000	-2.00195E-001	-2.29257E+000	-2.00025E+000	3.22078E-004	11	..........a	-327.68
	92	93	-1.68176E+000	-2.00195E-001	-2.29142E+000	-2.00025E+000	3.25194E-004	11	..........a	-327.68
	93	94	-1.68176E+000	-2.00195E-001	-2.29138E+000	-2.00025E+000	3.22044E-004	11	..........a	-327.68
	94	95	-1.68336E+000	-2.00195E-001	-2.28909E+000	-2.00025E+000	3.20311E-004	11	..........a	-327.68
	95	96	-1.68336E+000	-2.00196E-001	-2.28954E+000	-2.00025E+000	3.18778E-004	11	..........a	-327.68
	96	97	-1.68376E+000	-2.00195E-001	-2.29117E+000	-2.00025E+000	3.21678E-004	11	..........a	-327.68
	97	98	-1.68336E+000	-2.00195E-001	-2.28917E+000	-2.00025E+000	3.20278E-004	11	..........a	-327.68
	98	99	-1.68336E+000	-2.00195E-001	-2.28971E+000	-2.00025E+000	3.21461E-004	11	..........a	-327.68
	99	100	-1.68336E+000	-2.00195E-001	-2.28753E+000	-2.00025E+000	3.25644E-004	11	..........a	-327.68
	100	101	-1.68176E+000	-2.00195E-001	-2.28879E+000	-2.00025E+000	3.21894E-004	11	..........a	-327.68
	101	102	-1.68416E+000	-2.00195E-001	-2.28135E+000	-2.00025E+000	3.18594E-004	11	..........a	-327.68
	102	103	-1.68496E+000	-2.00195E-001	-2.28176E+000	-2.00025E+000	3.20611E-004	11	..........a	-327.68
	103	104	-1.68496E+000	-2.00195E-001	-2.28225E+000	-2.00025E+000	3.17561E-004	11	..........a	-327.68
	104	105	-1.68656E+000	-2.00195E-001	-2.28282E+000	-2.00025E+000	3.15561E-004	11	..........a	-327.68
	105	106	-1.68496E+000	-2.00195E-001	-2.28379E+000	-2.00025E+000	3.19061E-004	11	..........a	-327.68
	106	107	-1.68456E+000	-2.00195E-001	-2.28338E+000	-2.00025E+000	3.21694E-004	11	..........a	-327.68
	107	108	-1.68456E+000	-2.00195E-001	-2.28450E+000	-2.00025E+000	3.23028E-004	11	..........a	-327.68
	108	109	-1.68456E+000	-2.00195E-001	-2.28526E+000	-2.00025E+000	3.19394E-004	11	..........a	-327.68
	109	110	-1.68496E+000	-2.00196E-001	-2.28395E+000	-2.00025E+000	3.29244E-004	11	..........a	-327.68
	110	111	-1.68616E+000	-2.00195E-001	-2.28431E+000	-2.00025E+000	3.21728E-004	11	..........a	-327.68
	111	112	-1.68736E+000	-2.00195E-001	-2.28130E+000	-2.00025E+000	3.23411E-004	11	..........a	-327.68
	112	113	-1.68656E+000	-2.00195E-001	-2.28516E+000	-2.00025E+000	3.28144E-004	11	..........a	-327.68
	113	114	-1.68696E+000	-2.00195E-001	-2.28465E+000	-2.00025E+000	3.26661E-004	11	..........a	-327.68
	114	115	-1.68616E+000	-2.00195E-001	-2.28265E+000	-2.00025E+000	3.31594E-004	11	..........a	-327.68
	115	116	-1.68376E+000	-2.00195E-001	-2.28608E+000	-2.00025E+000	3.23111E-004	11	..........a	-327.68
	116	117	-1.68856E+000	-2.00195E-001	-2.27898E+000	-2.00025E+000	3.20928E-004	11	..........a	-327.68
	117	118	-1.68456E+000	-2.00195E-001	-2.28717E+000	-2.00025E+000	3.21594E-004	11	..........a	-327.68
	118	119	-1.68816E+000	-2.00195E-001	-2.28091E+000	-2.00025E+000	3.19928E-004	11	..........a	-327.68
	119	120	-1.68776E+000	-2.00195E-001	-2.28100E+000	-2.00025E+000	3.18844E-004	11	..........a	-327.68
	120	121	-1.68736E+000	-2.00195E-001	-2.28108E+000	-2.00025E+000	3.27344E-004	11	..........a	-327.68
	121	122	-1.68856E+000	-2.00195E-001	-2.27953E+000	-2.00025E+000	3.14944E-004	11	..........a	-327.68
	122	123	-1.68976E+000	-2.00195E-001	-2.28022E+000	-2.00025E+000	3.15128E-004	11	..........a	-327.68
	123	124	-1.69696E+000	-2.00195E-001	-2.27218E+000	-2.00025E+000	3.10511E-004	11	..........a	-327.68
	124	125	-1.69296E+000	-2.00195E-001	-2.27700E+000	-2.00025E+000	3.16128E-004	11	..........a	-327.68
	125	126	-1.69096E+000	-2.00195E-001	-2.27952E+000	-2.00025E+000	3.23128E-004	11	..........a	-327.68
	126	127	-1.68976E+000	-2.00195E-001	-2.27866E+000	-2.00025E+000	2.99894E-004	11	..........a	-327.68
	127	128	-1.69096E+000	-2.00195E-001	-2.28136E+000	-2.00025E+000	3.04311E-004	11	..........a	-327.68
	128	129	-1.69056E+000	-2.00195E-001	-2.28016E+000	-2.00025E+000	3.09078E-004	11	..........a	-327.68
	129	130	-1.69256E+000	-2.00194E-001	-2.27874E+000	-2.00025E+000	3.08344E-004	11	..........a	-327.68
	130	131	-1.69016E+000	-2.00195E-001	-2.28002E+000	-2.00025E+000	3.02478E-004	11	..........a	-327.68
	131	132	-1.69376E+000	-2.00195E-001	-2.27732E+000	-2.00025E+000	3.05144E-004	11	..........a	-327.68
	132	133	-1.69256E+000	-2.00195E-001	-2.27891E+000	-2.00025E+000	3.05444E-004	11	..........a	-327.68
	133	134	-1.69296E+000	-2.00195E-001	-2.27701E+000	-2.00025E+000	3.00694E-004	11	..........a	-327.68
	134	135	-1.69096E+000	-2.00195E-001	-2.28204E+000	-2.00025E+000	2.96428E-004	11	..........a	-327.68
	135	136	-1.69456E+000	-2.00195E-001	-2.27440E+000	-2.00025E+000	3.01078E-004	11	..........a	-327.68
	136	137	-1.69576E+000	-2.00195E-001	-2.27507E+000	-2.00025E+000	3.03011E-004	11	..........a	-327.68
	137	138	-1.69136E+000	-2.00196E-001	-2.27796E+000	-2.00025E+000	2.95494E-004	11	..........a	-327.68
	138	139	-1.69336E+000	-2.00195E-001	-2.27762E+000	-2.00025E+000	3.09078E-004	11	..........a	-327.68
	139	140	-1.69736E+000	-2.00195E-001	-2.27628E+000	-2.00025E+000	3.05144E-004	11	..........a	-327.68
	140	141	-1.69816E+000	-2.00195E-001	-2.27385E+000	-2.00025E+000	3.09528E-004	11	..........a	-327.68
	141	142	-1.69736E+000	-2.00196E-001	-2.27898E+000	-2.00025E+000	3.06928E-004	11	..........a	-327.68
	142	143	-1.69736E+000	-2.00195E-001	-2.27983E+000	-2.00025E+000	3.01461E-004	11	..........a	-327.68
	143	144	-1.69656E+000	-2.00195E-001	-2.27891E+000	-2.00025E+000	3.01411E-004	11	..........a	-327.68
	144	145	-1.70056E+000	-2.00195E-001	-2.27689E+000	-2.00025E+000	3.02561E-004	11	..........a	-327.68
	145	146	-1.69896E+000	-2.00195E-001	-2.27564E+000	-2.00025E+000	3.00194E-004	11	..........a	-327.68
	146	147	-1.70256E+000	-2.00195E-001	-2.27665E+000	-2.00025E+000	3.01494E-004	11	..........a	-327.68
	147	148	-1.70256E+000	-2.00195E-001	-2.27608E+000	-2.00025E+000	3.01528E-004	11	..........a	-327.68
	148	149	-1.70256E+000	-2.00195E-001	-2.27869E+000	-2.00025E+000	3.07928E-004	11	..........a	-327.68
	149	150	-1.70376E+000	-2.00194E-001	-2.27780E+000	-2.00025E+000	2.92011E-004	11	..........a	-327.68
	150	151	-1.70416E+000	-2.00194E-001	-2.27640E+000	-2.00025E+000	3.01894E-004	11	..........a	-327.68
	151	152	-1.70656E+000	-2.00194E-001	-2.27577E+000	-2.00025E+000	2.99761E-004	11	..........a	-327.68
	152	153	-1.70776E+000	-2.00196E-001	-2.27465E+000	-2.00025E+000	3.35461E-004	11	..........a	-327.68
	153	154	-1.70736E+000	-2.00196E-001	-2.27677E+000	-2.00025E+000	3.40344E-004	11	..........a	-327.68
	154	155	-1.70896E+000	-2.00195E-001	-2.27512E+000	-2.00025E+000	3.41011E-004	11	..........a	-327.68
	155	156	-1.70896E+000	-2.00196E-001	-2.27612E+000	-2.00025E+000	3.46328E-004	11	..........a	-327.68
	156	157	-1.70936E+000	-2.00196E-001	-2.27633E+000	-2.00025E+000	3.42144E-004	11	..........a	-327.68
	157	158	-1.70856E+000	-2.00196E-001	-2.27888E+000	-2.00025E+000	3.46428E-004	11	..........a	-327.68
	158	159	-1.70936E+000	-2.00196E-001	-2.27691E+000	-2.00025E+000	3.43678E-004	11	..........a	-327.68
	159	160	-1.70976E+000	-2.00196E-001	-2.27897E+000	-2.00025E+000	3.37544E-004	11	..........a	-327.68
	160	161	-1.71096E+000	-2.00196E-001	-2.27738E+000	-2.00025E+000	3.33394E-004	11	..........a	-327.68
	161	162	-1.71056E+000	-2.00196E-001	-2.28133E+000	-2.00025E+000	3.34728E-004	11	..........a	-327.68
	162	163	-1.71176E+000	-2.00196E-001	-2.27770E+000	-2.00025E+000	3.38144E-004	11	..........a	-327.68
	163	164	-1.71336E+000	-2.00196E-001	-2.28098E+000	-2.00025E+000	3.37344E-004	11	..........a	-327.68
	164	165	-1.71456E+000	-2.00196E-001	-2.27806E+000	-2.00025E+000	3.44311E-004	11	..........a	-327.68
	165	166	-1.71656E+000	-2.00196E-001	-2.27762E+000	-2.00025E+000	3.47978E-004	11	..........a	-327.68
	166	167	-1.71496E+000	-2.00196E-001	-2.27878E+000	-2.00025E+000	3.45828E-004	11	..........a	-327.68
	167	168	-1.71656E+000	-2.00195E-001	-2.27519E+000	-2.00025E+000	3.39828E-004	11	..........a	-327.68
	168	169	-1.71776E+000	-2.00196E-001	-2.27493E+000	-2.00025E+000	3.40778E-004	11	..........a	-327.68
	169	170	-1.71576E+000	-2.00196E-001	-2.27345E+000	-2.00025E+000	3.36194E-004	11	..........a	-327.68
	170	171	-1.71816E+000	-2.00196E-001	-2.27272E+000	-2.00025E+000	3.40811E-004	11	..........a	-327.68
	171	172	-1.71816E+000	-2.00196E-001	-2.27006E+000	-2.00025E+000	3.38644E-004	11	..........a	-327.68
	172	173	-1.71696E+000	-2.00196E-001	-2.27242E+000	-2.00025E+000	3.40211E-004	11	..........a	-327.68
	173	174	-1.72016E+000	-2.00196E-001	-2.27131E+000	-2.00025E+000	3.36328E-004	11	..........a	-327.68
	174	175	-1.72016E+000	-2.00196E-001	-2.27104E+000	-2.00025E+000	3.32061E-004	11	..........a	-327.68
	175	176	-1.71936E+000	-2.00196E-001	-2.27506E+000	-2.00025E+000	3.33528E-004	11	..........a	-327.68
	176	177	-1.72016E+000	-2.00196E-001	-2.27290E+000	-2.00025E+000	3.35378E-004	11	..........a	-327.68
	177	178	-1.71976E+000	-2.00196E-001	-2.27675E+000	-2.00025E+000	3.38061E-004	11	..........a	-327.68
	178	179	-1.72056E+000	-2.00201E-001	-2.27339E+000	-2.00025E+000	6.48928E-004	11	..........a	-327.68
	179	180	-1.72176E+000	-2.00203E-001	-2.27239E+000	-2.00025E+000	6.84594E-004	11	..........a	-327.68
	180	181	-1.71656E+000	-2.00204E-001	-2.27777E+000	-2.00025E+000	7.03978E-004	11	..........a	-327.68
	181	182	-1.72056E+000	-2.00205E-001	-2.27251E+000	-2.00025E+000	7.08878E-004	11	..........a	-327.68
	182	183	-1.72056E+000	-2.00205E-001	-2.27481E+000	-2.00025E+000	7.14628E-004	11	..........a	-327.68
	183	184	-1.72296E+000	-2.00204E-001	-2.27340E+000	-2.00025E+000	7.12561E-004	11	..........a	-327.68
	184	185	-1.72376E+000	-2.00204E-001	-2.27110E+000	-2.00025E+000	7.03178E-004	11	..........a	-327.68
	185	186	-1.72296E+000	-2.00203E-001	-2.27396E+000	-2.00025E+000	6.77928E-004	11	..........a	-327.68
	186	187	-1.72616E+000	-2.00204E-001	-2.27004E+000	-2.00025E+000	6.92528E-004	11	..........a	-327.68
	187	188	-1.72536E+000	-2.00203E-001	-2.27308E+000	-2.00025E+000	6.92294E-004	11	..........a	-327.68
	188	189	-1.72696E+000	-2.00205E-001	-2.27077E+000	-2.00025E+000	7.05628E-004	11	..........a	-327.68
	189	190	-1.72776E+000	-2.00204E-001	-2.27337E+000	-2.00025E+000	7.00411E-004	11	..........a	-327.68
	190	191	-1.72856E+000	-2.00204E-001	-2.27358E+000	-2.00025E+000	7.00411E-004	11	..........a	-327.68
	191	192	-1.72856E+000	-2.00204E-001	-2.27285E+000	-2.00025E+000	6.93594E-004	11	..........a	-327.68
	192	193	-1.72936E+000	-2.00202E-001	-2.27572E+000	-2.00025E+000	6.73178E-004	11	..........a	-327.68
	193	194	-1.72656E+000	-2.00203E-001	-2.27623E+000	-2.00025E+000	6.77044E-004	11	..........a	-327.68
	194	195	-1.72856E+000	-2.00203E-001	-2.27442E+000	-2.00025E+000	6.91861E-004	11	..........a	-327.68
	195	196	-1.72696E+000	-2.00202E-001	-2.27745E+000	-2.00025E+000	6.81261E-004	11	..........a	-327.68
	196	197	-1.72936E+000	-2.00203E-001	-2.27429E+000	-2.00025E+000	6.90611E-004	11	..........a	-327.68
	197	198	-1.73016E+000	-2.00203E-001	-2.27411E+000	-2.00025E+000	6.89294E-004	11	..........a	-327.68
	198	199	-1.73296E+000	-2.00203E-001	-2.27116E+000	-2.00025E+000	6.84844E-004	11	..........a	-327.68
	199	200	-1.73176E+000	-2.00202E-001	-2.27408E+000	-2.00025E+000	6.77244E-004	11	..........a	-327.68
	200	201	-1.73136E+000	-2.00203E-001	-2.27376E+000	-2.00025E+000	6.94294E-004	11	..........a	-327.68
	201	202	-1.73336E+000	-2.00203E-001	-2.27354E+000	-2.00025E+000	6.93228E-004	11	..........a	-327.68
	202	203	-1.73256E+000	-2.00204E-001	-2.27555E+000	-2.00025E+000	7.01511E-004	11	..........a	-327.68
	203	204	-1.73336E+000	-2.00204E-001	-2.27357E+000	-2.00025E+000	6.96161E-004	11	..........a	-327.68
	204	205	-1.73496E+000	-2.00204E-001	-2.27613E+000	-2.00025E+000	7.01811E-004	11	..........a	-327.68
	205	206	-1.73416E+000	-2.00205E-001	-2.27629E+000	-2.00025E+000	7.10011E-004	11	..........a	-327.68
	206	207	-1.73216E+000	-2.00202E-001	-2.27824E+000	-2.00025E+000	6.69644E-004	11	..........a	-327.68
	207	208	-1.73456E+000	-2.00203E-001	-2.27703E+000	-2.00025E+000	6.74828E-004	11	..........a	-327.68
	208	209	-1.73456E+000	-2.00203E-001	-2.27754E+000	-2.00025E+000	6.98811E-004	11	..........a	-327.68
	209	210	-1.73736E+000	-2.00204E-001	-2.27510E+000	-2.00025E+000	7.00378E-004	11	..........a	-327.68
	210	211	-1.73736E+000	-2.00204E-001	-2.27243E+000	-2.00025E+000	6.96561E-004	11	..........a	-327.68
	211	212	-1.74056E+000	-2.00204E-001	-2.27009E+000	-2.00025E+000	7.01561E-004	11	..........a	-327.68
	212	213	-1.73856E+000	-2.00204E-001	-2.27097E+000	-2.00025E+000	6.91244E-004	11	..........a	-327.68
	213	214	-1.73896E+000	-2.00203E-001	-2.27083E+000	-2.00025E+000	6.88361E-004	11	..........a	-327.68
	214	215	-1.74096E+000	-2.00202E-001	-2.26987E+000	-2.00025E+000	6.59144E-004	11	..........a	-327.68
	215	216	-1.73976E+000	-2.00203E-001	-2.27180E+000	-2.00025E+000	6.70878E-004	11	..........a	-327.68
	216	217	-1.74056E+000	-2.00204E-001	-2.27565E+000	-2.00025E+000	6.86344E-004	11	..........a	-327.68
	217	218	-1.73976E+000	-2.00191E-001	-2.27823E+000	-2.00025E+000	1.84828E-004	11	..........a	-327.68
	218	219	-1.74056E+000	-2.00191E-001	-2.27857E+000	-2.00025E+000	1.81961E-004	11	..........a	-327.68
	219	220	-1.73896E+000	-2.00191E-001	-2.28138E+000	-2.00025E+000	1.86561E-004	11	..........a	-327.68
	220	221	-1.74056E+000	-2.00191E-001	-2.27659E+000	-2.00025E+000	1.78644E-004	11	..........a	-327.68
	221	222	-1.74216E+000	-2.00191E-001	-2.27993E+000	-2.00025E+000	1.78644E-004	11	..........a	-327.68
	222	223	-1.74256E+000	-2.00191E-001	-2.27625E+000	-2.00025E+000	1.81694E-004	11	..........a	-327.68
	223	224	-1.74216E+000	-2.00191E-001	-2.27898E+000	-2.00025E+000	1.79661E-004	11	..........a	-327.68
	224	225	-1.74336E+000	-2.00191E-001	-2.27832E+000	-2.00025E+000	1.85094E-004	11	..........a	-327.68
	225	226	-1.74136E+000	-2.00190E-001	-2.28152E+000	-2.00025E+000	1.88144E-004	11	..........a	-327.68
	226	227	-1.74256E+000	-2.00191E-001	-2.28244E+000	-2.00025E+000	1.84878E-004	11	..........a	-327.68
	227	228	-1.74256E+000	-2.00191E-001	-2.28268E+000	-2.00025E+000	1.84294E-004	11	..........a	-327.68
	228	229	-1.74176E+000	-2.00197E-001	-2.28644E+000	-2.00025E+000	3.03911E-004	11	..........a	-327.68
	229	230	-1.74176E+000	-2.00197E-001	-2.28687E+000	-2.00025E+000	3.01661E-004	11	..........a	-327.68
	230	231	-1.74376E+000	-2.00197E-001	-2.28693E+000	-2.00025E+000	3.05761E-004	11	..........a	-327.68
	231	232	-1.74576E+000	-2.00197E-001	-2.28437E+000	-2.00025E+000	3.05461E-004	11	..........a	-327.68
	232	233	-1.74416E+000	-2.00197E-001	-2.28466E+000	-2.00025E+000	3.02661E-004	11	..........a	-327.68
	233	234	-1.74576E+000	-2.00197E-001	-2.28566E+000	-2.00025E+000	3.09044E-004	11	..........a	-327.68
	234	235	-1.74656E+000	-2.00197E-001	-2.28380E+000	-2.00025E+000	3.06694E-004	11	..........a	-327.68
	235	236	-1.74576E+000	-2.00197E-001	-2.28627E+000	-2.00025E+000	3.09078E-004	11	..........a	-327.68
	236	237	-1.74576E+000	-2.00197E-001	-2.29000E+000	-2.00025E+000	3.04544E-004	11	..........a	-327.68
	237	238	-1.74576E+000	-2.00198E-001	-2.29013E+000	-2.00025E+000	3.00061E-004	11	..........a	-327.68
	238	239	-1.74616E+000	-2.00197E-001	-2.29334E+000	-2.00025E+000	2.95094E-004	11	..........a	-327.68
	239	240	-1.74496E+000	-2.00197E-001	-2.29519E+000	-2.00025E+000	2.94661E-004	11	..........a	-327.68
	240	241	-1.74696E+000	-2.00197E-001	-2.29535E+000	-2.00025E+000	3.02528E-004	11	..........a	-327.68
	241	242	-1.74616E+000	-2.00197E-001	-2.29617E+000	-2.00025E+000	3.15111E-004	11	..........a	-327.68
	242	243	-1.74616E+000	-2.00197E-001	-2.29693E+000	-2.00025E+000	3.06578E-004	11	..........a	-327.68
	243	244	-1.74736E+000	-2.00197E-001	-2.29835E+000	-2.00025E+000	3.06578E-004	11	..........a	-327.68
	244	245	-1.74736E+000	-2.00197E-001	-2.29844E+000	-2.00025E+000	3.14528E-004	11	..........a	-327.68
	245	246	-1.74776E+000	-2.00197E-001	-2.29996E+000	-2.00025E+000	3.12961E-004	11	..........a	-327.68
	246	247	-1.74896E+000	-2.00197E-001	-2.29951E+000	-2.00025E+000	3.11344E-004	11	..........a	-327.68
	247	248	-1.74416E+000	-2.00197E-001	-2.30210E+000	-2.00025E+000	3.07244E-004	11	..........a	-327.68
	248	249	-1.74776E+000	-2.00197E-001	-2.29332E+000	-2.00025E+000	3.12478E-004	11	..........a	-327.68
	249	250	-1.74856E+000	-2.00197E-001	-2.29293E+000	-2.00025E+000	3.03861E-004	11	..........a	-327.68
	250	251	-1.74696E+000	-2.00197E-001	-2.29701E+000	-2.00025E+000	3.09944E-004	11	..........a	-327.68
	251	252	-1.74776E+000	-2.00197E-001	-2.29303E+000	-2.00025E+000	3.03044E-004	11	..........a	-327.68
	252	253	-1.74816E+000	-2.00198E-001	-2.29776E+000	-2.00025E+000	3.01328E-004	11	..........a	-327.68
	253	254	-1.74816E+000	-2.00197E-001	-2.29933E+000	-2.00025E+000	3.04061E-004	11	..........a	-327.68
	254	255	-1.74976E+000	-2.00197E-001	-2.29837E+000	-2.00025E+000	3.11411E-004	11	..........a	-327.68
	255	256	-1.74896E+000	-2.00197E-001	-2.30163E+000	-2.00025E+000	3.14644E-004	11	..........a	-327.68
	256	257	-1.74816E+000	-2.00197E-001	-2.30034E+000	-2.00025E+000	3.07461E-004	11	..........a	-327.68
	257	258	-1.74976E+000	-2.00197E-001	-2.29979E+000	-2.00025E+000	3.04128E-004	11	..........a	-327.68
	258	259	-1.74896E+000	-2.00197E-001	-2.30137E+000	-2.00025E+000	3.00078E-004	11	..........a	-327.68
	259	260	-1.75136E+000	-2.00197E-001	-2.30156E+000	-2.00025E+000	3.01911E-004	11	..........a	-327.68
	260	261	-1.74656E+000	-2.00198E-001	-2.30873E+000	-2.00025E+000	3.04544E-004	11	..........a	-327.68
	261	262	-1.75056E+000	-2.00198E-001	-2.30250E+000	-2.00025E+000	2.98994E-004	11	..........a	-327.68
	262	263	-1.74976E+000	-2.00198E-001	-2.30765E+000	-2.00025E+000	3.06911E-004	11	..........a	-327.68
	263	264	-1.75056E+000	-2.00198E-001	-2.27334E+000	-2.00025E+000	3.06794E-004	11	..........a	-327.68
	264	265	-1.75056E+000	-2.00197E-001	-2.27617E+000	-2.00025E+000	3.02844E-004	11	..........a	-327.68
	265	266	-1.74976E+000	-2.00198E-001	-2.27851E+000	-2.00025E+000	2.98511E-004	11	..........a	-327.68
	266	267	-1.75176E+000	-2.00197E-001	-2.27558E+000	-2.00025E+000	2.95428E-004	11	..........a	-327.68
	267	268	-1.75056E+000	-2.00197E-001	-2.28070E+000	-2.00025E+000	3.00028E-004	11	..........a	-327.68
	268	269	-1.75296E+000	-2.00197E-001	-2.27798E+000	-2.00025E+000	3.01528E-004	11	..........a	-327.68
	269	270	-1.75216E+000	-2.00197E-001	-2.27743E+000	-2.00025E+000	3.02161E-004	11	..........a	-327.68
	270	271	-1.75336E+000	-2.00198E-001	-2.27445E+000	-2.00025E+000	3.01894E-004	11	..........a	-327.68
	271	272	-1.75256E+000	-2.00197E-001	-2.27463E+000	-2.00025E+000	3.06411E-004	11	..........a	-327.68
	272	273	-1.75176E+000	-2.00197E-001	-2.27582E+000	-2.00025E+000	2.96128E-004	11	..........a	-327.68
	273	274	-1.75216E+000	-2.00197E-001	-2.27263E+000	-2.00025E+000	2.86928E-004	11	..........a	-327.68
	274	275	-1.75016E+000	-2.00198E-001	-2.27824E+000	-2.00025E+000	2.87844E-004	11	..........a	-327.68
	275	276	-1.75256E+000	-2.00197E-001	-2.27732E+000	-2.00025E+000	2.99428E-004	11	..........a	-327.68
	276	277	-1.75176E+000	-2.00197E-001	-2.27632E+000	-2.00025E+000	3.01544E-004	11	..........a	-327.68
	277	278	-1.75176E+000	-2.00197E-001	-2.27737E+000	-2.00025E+000	2.98311E-004	11	..........a	-327.68
	278	279	-1.75096E+000	-2.00197E-001	-2.27762E+000	-2.00025E+000	3.00294E-004	11	..........a	-327.68
	279	280	-1.75336E+000	-2.00197E-001	-2.27849E+000	-2.00025E+000	3.03061E-004	11	..........a	-327.68
	280	281	-1.75176E+000	-2.00197E-001	-2.27887E+000	-2.00025E+000	3.05394E-004	11	..........a	-327.68
	281	282	-1.75256E+000	-2.00197E-001	-2.27964E+000	-2.00025E+000	3.02444E-004	11	..........a	-327.68
	282	283	-1.75096E+000	-2.00197E-001	-2.28140E+000	-2.00025E+000	3.09578E-004	11	..........a	-327.68
	283	284	-1.75376E+000	-2.00197E-001	-2.27827E+000	-2.00025E+000	3.02511E-004	11	..........a	-327.68
	284	285	-1.75336E+000	-2.00197E-001	-2.28267E+000	-2.00025E+000	3.01294E-004	11	..........a	-327.68
	285	286	-1.75536E+000	-2.00197E-001	-2.27755E+000	-2.00025E+000	3.00544E-004	11	..........a	-327.68
	286	287	-1.75256E+000	-2.00197E-001	-2.28466E+000	-2.00025E+000	3.03161E-004	11	..........a	-327.68
	287	288	-1.75376E+000	-2.00197E-001	-2.28380E+000	-2.00025E+000	3.07228E-004	11	..........a	-327.68
	288	289	-1.75456E+000	-2.00197E-001	-2.28369E+000	-2.00025E+000	3.03544E-004	11	..........a	-327.68
	289	290	-1.75376E+000	-2.00198E-001	-2.28598E+000	-2.00025E+000	3.00628E-004	11	..........a	-327.68
	290	291	-1.75056E+000	-2.00197E-001	-2.28250E+000	-2.00025E+000	3.06478E-004	11	..........a	-327.68
	291	292	-1.75296E+000	-2.00197E-001	-2.28532E+000	-2.00025E+000	2.93478E-004	11	..........a	-327.68
	292	293	-1.75256E+000	-2.00197E-001	-2.28581E+000	-2.00025E+000	3.02878E-004	11	..........a	-327.68
	293	294	-1.75176E+000	-2.00197E-001	-2.28534E+000	-2.00025E+000	3.02178E-004	11	..........a	-327.68
	294	295	-1.75376E+000	-2.00197E-001	-2.28653E+000	-2.00025E+000	3.05961E-004	11	..........a	-327.68
	295	296	-1.75296E+000	-2.00198E-001	-2.28457E+000	-2.00025E+000	3.15194E-004	11	..........a	-327.68
	296	297	-1.75456E+000	-2.00197E-001	-2.29099E+000	-2.00025E+000	3.12844E-004	11	..........a	-327.68
	297	298	-1.75376E+000	-2.00196E-001	-2.29323E+000	-2.00025E+000	2.99278E-004	11	..........a	-327.68
	298	299	-1.75456E+000	-2.00195E-001	-2.29478E+000	-2.00025E+000	2.85328E-004	11	..........a	-327.68
	299	300	-1.75056E+000	-2.00195E-001	-2.30253E+000	-2.00025E+000	2.94361E-004	11	..........a	-327.68
	300	301	-1.75376E+000	-2.00196E-001	-2.29720E+000	-2.00025E+000	2.88311E-004	11	..........a	-327.68
	301	302	-1.75336E+000	-2.00196E-001	-2.30145E+000	-2.00025E+000	2.91628E-004	11	..........a	-327.68
	302	303	-1.75456E+000	-2.00195E-001	-2.29806E+000	-2.00025E+000	2.75544E-004	11	..........a	-327.68
	303	304	-1.75456E+000	-2.00196E-001	-2.30364E+000	-2.00025E+000	2.89811E-004	11	..........a	-327.68
	304	305	-1.75496E+000	-2.00195E-001	-2.30184E+000	-2.00025E+000	2.87578E-004	11	..........a	-327.68
	305	306	-1.75536E+000	-2.00195E-001	-2.30399E+000	-2.00025E+000	2.88211E-004	11	..........a	-327.68
	306	307	-1.75456E+000	-2.00196E-001	-2.30549E+000	-2.00025E+000	2.92711E-004	11	..........a	-327.68
	307	308	-1.75536E+000	-2.00196E-001	-2.30571E+000	-2.00025E+000	2.85128E-004	11	..........a	-327.68
	308	309	-1.75456E+000	-2.00196E-001	-2.31138E+000	-2.00025E+000	2.81061E-004	11	..........a	-327.68
	309	310	-1.75536E+000	-2.00196E-001	-2.31055E+000	-2.00025E+000	2.85411E-004	11	..........a	-327.68
	310	311	-1.75456E+000	-2.00196E-001	-2.30894E+000	-2.00025E+000	2.87978E-004	11	..........a	-327.68
	311	312	-1.75496E+000	-2.00196E-001	-2.30605E+000	-2.00025E+000	2.80228E-004	11	..........a	-327.68
	312	313	-1.75216E+000	-2.00196E-001	-2.31067E+000	-2.00025E+000	2.83444E-004	11	..........a	-327.68
	313	314	-1.75416E+000	-2.00196E-001	-2.30869E+000	-2.00025E+000	2.82044E-004	11	..........a	-327.68
	314	315	-1.74936E+000	-2.00196E-001	-2.31445E+000	-2.00025E+000	2.89661E-004	11	..........a	-327.68
	315	316	-1.75416E+000	-2.00195E-001	-2.31176E+000	-2.00025E+000	2.87278E-004	11	..........a	-327.68
	316	317	-1.75256E+000	-2.00196E-001	-2.31456E+000	-2.00025E+000	2.85494E-004	11	..........a	-327.68
	317	318	-1.75176E+000	-2.00196E-001	-2.31565E+000	-2.00025E+000	2.81711E-004	11	..........a	-327.68
	318	319	-1.75256E+000	-2.00196E-001	-2.31424E+000	-2.00025E+000	2.69928E-004	11	..........a	-327.68
	319	320	-1.75256E+000	-2.00196E-001	-2.31171E+000	-2.00025E+000	2.81444E-004	11	..........a	-327.68
	320	321	-1.75256E+000	-2.00196E-001	-2.31512E+000	-2.00025E+000	2.87444E-004	11	..........a	-327.68
	321	322	-1.75336E+000	-2.00196E-001	-2.31367E+000	-2.00025E+000	2.90161E-004	11	..........a	-327.68
	322	323	-1.75256E+000	-2.00197E-001	-2.31889E+000	-2.00025E+000	2.89644E-004	11	..........a	-327.68
	323	324	-1.75256E+000	-2.00196E-001	-2.32045E+000	-2.00025E+000	2.86811E-004	11	..........a	-327.68
	324	325	-1.75176E+000	-2.00196E-001	-2.27278E+000	-2.00025E+000	2.88678E-004	11	..........a	-327.68
	325	326	-1.74936E+000	-2.00195E-001	-2.27268E+000	-2.00025E+000	2.46528E-004	11	..........a	-327.68
	326	327	-1.75336E+000	-2.00195E-001	-2.26524E+000	-2.00025E+000	2.63644E-004	11	..........a	-327.68
	327	328	-1.75096E+000	-2.00195E-001	-2.27123E+000	-2.00025E+000	2.51344E-004	11	..........a	-327.68
	328	329	-1.75256E+000	-2.00195E-001	-2.26899E+000	-2.00025E+000	2.54061E-004	11	..........a	-327.68
	329	330	-1.75176E+000	-2.00195E-001	-2.27360E+000	-2.00025E+000	2.54611E-004	11	..........a	-327.68
	330	331	-1.75336E+000	-2.00195E-001	-2.27736E+000	-2.00025E+000	2.51761E-004	11	..........a	-327.68
	331	332	-1.75176E+000	-2.00195E-001	-2.27790E+000	-2.00025E+000	2.56544E-004	11	..........a	-327.68
	332	333	-1.75176E+000	-2.00195E-001	-2.28181E+000	-2.00025E+000	2.59511E-004	11	..........a	-327.68
	333	334	-1.75096E+000	-2.00196E-001	-2.28029E+000	-2.00025E+000	2.51161E-004	11	..........a	-327.68
	334	335	-1.75376E+000	-2.00195E-001	-2.27751E+000	-2.00025E+000	2.58861E-004	11	..........a	-327.68
	335	336	-1.75296E+000	-2.00195E-001	-2.27779E+000	-2.00025E+000	2.50661E-004	11	..........a	-327.68
	336	337	-1.75096E+000	-2.00196E-001	-2.27857E+000	-2.00025E+000	2.45944E-004	11	..........a	-327.68
	337	338	-1.75096E+000	-2.00196E-001	-2.27854E+000	-2.00025E+000	2.52894E-004	11	..........a	-327.68
	338	339	-1.75176E+000	-2.00196E-001	-2.27890E+000	-2.00025E+000	2.52894E-004	11	..........a	-327.68
	339	340	-1.75256E+000	-2.00195E-001	-2.28412E+000	-2.00025E+000	2.49044E-004	11	..........a	-327.68
	340	341	-1.74976E+000	-2.00196E-001	-2.28412E+000	-2.00025E+000	2.41094E-004	11	..........a	-327.68
	341	342	-1.75336E+000	-2.00196E-001	-2.28375E+000	-2.00025E+000	2.44911E-004	11	..........a	-327.68
	342	343	-1.75016E+000	-2.00195E-001	-2.28360E+000	-2.00025E+000	2.51794E-004	11	..........a	-327.68
	343	344	-1.75376E+000	-2.00195E-001	-2.28339E+000	-2.00025E+000	2.45744E-004	11	..........a	-327.68
	344	345	-1.75296E+000	-2.00196E-001	-2.28456E+000	-2.00025E+000	2.44411E-004	11	..........a	-327.68
	345	346	-1.75256E+000	-2.00195E-001	-2.28798E+000	-2.00025E+000	2.61211E-004	11	..........a	-327.68
	346	347	-1.75416E+000	-2.00196E-001	-2.28853E+000	-2.00025E+000	2.47028E-004	11	..........a	-327.68
	347	348	-1.75376E+000	-2.00195E-001	-2.28961E+000	-2.00025E+000	2.51044E-004	11	..........a	-327.68
	348	349	-1.75176E+000	-2.00195E-001	-2.29540E+000	-2.00025E+000	2.48678E-004	11	..........a	-327.68
	349	350	-1.75216E+000	-2.00195E-001	-2.29397E+000	-2.00025E+000	2.46828E-004	11	..........a	-327.68
	350	351	-1.75296E+000	-2.00195E-001	-2.29181E+000	-2.00025E+000	2.40744E-004	11	..........a	-327.68
	351	352	-1.75296E+000	-2.00196E-001	-2.29353E+000	-2.00025E+000	1.16044E-004	11	..........a	-327.68
	352	353	-1.75336E+000	-2.00195E-001	-2.29654E+000	-2.00025E+000	1.23228E-004	11	..........a	-327.68
	353	354	-1.75016E+000	-2.00195E-001	-2.30289E+000	-2.00025E+000	1.20744E-004	11	..........a	-327.68
	354	355	-1.75336E+000	-2.00195E-001	-2.29952E+000	-2.00025E+000	1.23078E-004	11	..........a	-327.68
	355	356	-1.75376E+000	-2.00195E-001	-2.29884E+000	-2.00025E+000	1.16644E-004	11	..........a	-327.68
	356	357	-1.75096E+000	-2.00196E-001	-2.30396E+000	-2.00025E+000	1.18361E-004	11	..........a	-327.68
	357	358	-1.75176E+000	-2.00195E-001	-2.30176E+000	-2.00025E+000	1.14144E-004	11	..........a	-327.68
	358	359	-1.75176E+000	-2.00195E-001	-2.30488E+000	-2.00025E+000	1.23344E-004	11	..........a	-327.68
	359	360	-1.75176E+000	-2.00195E-001	-2.30170E+000	-2.00025E+000	1.16061E-004	11	..........a	-327.68
	360	361	-1.75336E+000	-2.00195E-001	-2.30303E+000	-2.00025E+000	1.22494E-004	11	..........a	-327.68
	361	362	-1.75096E+000	-2.00196E-001	-2.30678E+000	-2.00025E+000	1.14044E-004	11	..........a	-327.68
	362	363	-1.75336E+000	-2.00196E-001	-2.30036E+000	-2.00025E+000	1.16744E-004	11	..........a	-327.68
	363	364	-1.75176E+000	-2.00196E-001	-2.30442E+000	-2.00025E+000	1.13144E-004	11	..........a	-327.68
	364	365	-1.75096E+000	-2.00196E-001	-2.30602E+000	-2.00025E+000	1.14261E-004	11	..........a	-327.68
	365	366	-1.75296E+000	-2.00196E-001	-2.30733E+000	-2.00025E+000	1.14244E-004	11	..........a	-327.68
	366	367	-1.75216E+000	-2.00196E-001	-2.30769E+000	-2.00025E+000	1.20311E-004	11	..........a	-327.68
	367	368	-1.75176E+000	-2.00195E-001	-2.26288E+000	-2.00025E+000	1.19711E-004	11	..........a	-327.68
	368	369	-1.74936E+000	-2.00196E-001	-2.27067E+000	-2.00025E+000	1.22528E-004	11	..........a	-327.68
	369	370	-1.75256E+000	-2.00196E-001	-2.26546E+000	-2.00025E+000	1.21961E-004	11	..........a	-327.68
	370	371	-1.75336E+000	-2.00196E-001	-2.26536E+000	-2.00025E+000	1.19178E-004	11	..........a	-327.68
	371	372	-1.75096E+000	-2.00196E-001	-2.26857E+000	-2.00025E+000	1.19394E-004	11	..........a	-327.68
	372	373	-1.75336E+000	-2.00196E-001	-2.26765E+000	-2.00025E+000	1.21644E-004	11	..........a	-327.68
	373	374	-1.75256E+000	-2.00196E-001	-2.26977E+000	-2.00025E+000	1.19411E-004	11	..........a	-327.68
	374	375	-1.75336E+000	-2.00196E-001	-2.27278E+000	-2.00025E+000	1.18144E-004	11	..........a	-327.68
	375	376	-1.75176E+000	-2.00196E-001	-2.28104E+000	-2.00025E+000	1.18311E-004	11	..........a	-327.68
	376	377	-1.75136E+000	-2.00195E-001	-2.28488E+000	-2.00025E+000	1.14761E-004	11	..........a	-327.68
	377	378	-1.75056E+000	-2.00195E-001	-2.29287E+000	-2.00025E+000	2.83044E-004	11	..........a	-327.68
	378	379	-1.75176E+000	-2.00195E-001	-2.29747E+000	-2.00025E+000	2.85011E-004	11	..........a	-327.68
	379	380	-1.75296E+000	-2.00195E-001	-2.30144E+000	-2.00025E+000	2.81878E-004	11	..........a	-327.68
	380	381	-1.75176E+000	-2.00195E-001	-2.31028E+000	-2.00025E+000	2.79561E-004	11	..........a	-327.68
	381	382	-1.75336E+000	-2.00195E-001	-2.30851E+000	-2.00025E+000	2.86761E-004	11	..........a	-327.68
	382	383	-1.75096E+000	-2.00195E-001	-2.31208E+000	-2.00025E+000	2.90161E-004	11	..........a	-327.68
	383	384	-1.75176E+000	-2.00196E-001	-2.31245E+000	-2.00025E+000	2.88494E-004	11	..........a	-327.68
	384	385	-1.75096E+000	-2.00195E-001	-2.31658E+000	-2.00025E+000	2.83094E-004	11	..........a	-327.68
	385	386	-1.75256E+000	-2.00195E-001	-2.31489E+000	-2.00025E+000	2.88794E-004	11	..........a	-327.68
	386	387	-1.75176E+000	-2.00195E-001	-2.31757E+000	-2.00025E+000	2.90694E-004	11	..........a	-327.68
	387	388	-1.75096E+000	-2.00195E-001	-2.32047E+000	-2.00025E+000	2.90244E-004	11	..........a	-327.68
	388	389	-1.75176E+000	-2.00195E-001	-2.31995E+000	-2.00025E+000	2.83044E-004	11	..........a	-327.68
	389	390	-1.75096E+000	-2.00194E-001	-2.32404E+000	-2.00025E+000	2.86794E-004	11	..........a	-327.68
	390	391	-1.75176E+000	-2.00195E-001	-2.32418E+000	-2.00025E+000	2.78961E-004	11	..........a	-327.68
	391	392	-1.75216E+000	-2.00195E-001	-2.32722E+000	-2.00025E+000	2.83561E-004	11	..........a	-327.68
	392	393	-1.75216E+000	-2.00195E-001	-2.33092E+000	-2.00025E+000	2.88861E-004	11	..........a	-327.68
	393	394	-1.75256E+000	-2.00195E-001	-2.32984E+000	-2.00025E+000	2.83544E-004	11	..........a	-327.68
	394	395	-1.75096E+000	-2.00195E-001	-2.33501E+000	-2.00025E+000	2.84411E-004	11	..........a	-327.68
	395	396	-1.75256E+000	-2.00195E-001	-2.33333E+000	-2.00025E+000	2.90828E-004	11	..........a	-327.68
	396	397	-1.75336E+000	-2.00195E-001	-2.33696E+000	-2.00025E+000	2.87628E-004	11	..........a	-327.68
	397	398	-1.75336E+000	-2.00195E-001	-2.33987E+000	-2.00025E+000	2.82728E-004	11	..........a	-327.68
	398	399	-1.75256E+000	-2.00195E-001	-2.33853E+000	-2.00025E+000	2.77011E-004	11	..........a	-327.68
	399	400	-1.75136E+000	-2.00195E-001	-2.34296E+000	-2.00025E+000	2.89894E-004	11	..........a	-327.68
	400	401	-1.75096E+000	-2.00195E-001	-2.34373E+000	-2.00025E+000	2.77861E-004	11	..........a	-327.68
	401	402	-1.75216E+000	-2.00195E-001	-2.34770E+000	-2.00025E+000	2.87078E-004	11	..........a	-327.68
	402	403	-1.75296E+000	-2.00194E-001	-2.34684E+000	-2.00025E+000	2.82694E-004	11	..........a	-327.68
	403	404	-1.74736E+000	-2.00194E-001	-2.35516E+000	-2.00025E+000	2.99978E-004	11	..........a	-327.68
	404	405	-1.74936E+000	-2.00195E-001	-2.35556E+000	-2.00025E+000	3.04378E-004	11	..........a	-327.68
	405	406	-1.74936E+000	-2.00195E-001	-2.35291E+000	-2.00025E+000	3.06411E-004	11	..........a	-327.68
	406	407	-1.75376E+000	-2.00194E-001	-2.30041E+000	-2.00025E+000	3.02294E-004	11	..........a	-327.68
	407	408	-1.75216E+000	-2.00195E-001	-2.29912E+000	-2.00025E+000	3.09678E-004	11	..........a	-327.68
	408	409	-1.74816E+000	-2.00195E-001	-2.30591E+000	-2.00025E+000	3.13511E-004	11	..........a	-327.68
	409	410	-1.75456E+000	-2.00194E-001	-2.29937E+000	-2.00025E+000	3.01061E-004	11	..........a	-327.68
	410	411	-1.75456E+000	-2.00195E-001	-2.29762E+000	-2.00025E+000	2.99911E-004	11	..........a	-327.68
	411	412	-1.74536E+000	-2.00195E-001	-2.31196E+000	-2.00025E+000	2.95928E-004	11	..........a	-327.68
	412	413	-1.75216E+000	-2.00195E-001	-2.30915E+000	-2.00025E+000	3.02194E-004	11	..........a	-327.68
	413	414	-1.75456E+000	-2.00195E-001	-2.30841E+000	-2.00025E+000	2.99894E-004	11	..........a	-327.68
	414	415	-1.75096E+000	-2.00195E-001	-2.31119E+000	-2.00025E+000	3.02111E-004	11	..........a	-327.68
	415	416	-1.74976E+000	-2.00195E-001	-2.31257E+000	-2.00025E+000	3.04978E-004	11	..........a	-327.68
	416	417	-1.75376E+000	-2.00195E-001	-2.31094E+000	-2.00025E+000	3.01444E-004	11	..........a	-327.68
	417	418	-1.74696E+000	-2.00195E-001	-2.31804E+000	-2.00025E+000	2.91911E-004	11	..........a	-327.68
	418	419	-1.74656E+000	-2.00195E-001	-2.32353E+000	-2.00025E+000	2.98394E-004	11	..........a	-327.68
	419	420	-1.75216E+000	-2.00195E-001	-2.31931E+000	-2.00025E+000	2.99161E-004	11	..........a	-327.68
	420	421	-1.75416E+000	-2.00195E-001	-2.32512E+000	-2.00025E+000	2.99178E-004	11	..........a	-327.68
	421	422	-1.75016E+000	-2.00195E-001	-2.33076E+000	-2.00025E+000	2.97761E-004	11	..........a	-327.68
	422	423	-1.74816E+000	-2.00195E-001	-2.33149E+000	-2.00025E+000	2.94278E-004	11	..........a	-327.68
	423	424	-1.74856E+000	-2.00195E-001	-2.33019E+000	-2.00025E+000	2.93911E-004	11	..........a	-327.68
	424	425	-1.74816E+000	-2.00195E-001	-2.33173E+000	-2.00025E+000	2.99344E-004	11	..........a	-327.68
	425	426	-1.75056E+000	-2.00195E-001	-2.33409E+000	-2.00025E+000	3.02994E-004	11	..........a	-327.68
	426	427	-1.74616E+000	-2.00195E-001	-2.33837E+000	-2.00025E+000	3.03261E-004	11	..........a	-327.68
	427	428	-1.75056E+000	-2.00195E-001	-2.33625E+000	-2.00025E+000	3.00128E-004	11	..........a	-327.68
	428	429	-1.74736E+000	-2.00195E-001	-2.34473E+000	-2.00025E+000	2.99344E-004	11	..........a	-327.68
	429	430	-1.74816E+000	-2.00194E-001	-2.34393E+000	-2.00025E+000	2.74761E-004	11	..........a	-327.68
	430	431	-1.75056E+000	-2.00193E-001	-2.34549E+000	-2.00025E+000	2.82261E-004	11	..........a	-327.68
	431	432	-1.74976E+000	-2.00194E-001	-2.34732E+000	-2.00025E+000	2.78111E-004	11	..........a	-327.68
	432	433	-1.75096E+000	-2.00194E-001	-2.34948E+000	-2.00025E+000	2.75844E-004	11	..........a	-327.68
	433	434	-1.75056E+000	-2.00194E-001	-2.35129E+000	-2.00025E+000	2.78028E-004	11	..........a	-327.68
	434	435	-1.74976E+000	-2.00193E-001	-2.35338E+000	-2.00025E+000	2.67111E-004	11	..........a	-327.68
	435	436	-1.74976E+000	-2.00193E-001	-2.35846E+000	-2.00025E+000	2.74911E-004	11	..........a	-327.68
	436	437	-1.74896E+000	-2.00194E-001	-2.36280E+000	-2.00025E+000	2.77311E-004	11	..........a	-327.68
	437	438	-1.74976E+000	-2.00193E-001	-2.36611E+000	-2.00025E+000	2.79294E-004	11	..........a	-327.68
	438	439	-1.75136E+000	-2.00193E-001	-2.36592E+000	-2.00025E+000	2.72511E-004	11	..........a	-327.68
	439	440	-1.74936E+000	-2.00194E-001	-2.36837E+000	-2.00025E+000	2.72078E-004	11	..........a	-327.68
	440	441	-1.75056E+000	-2.00193E-001	-2.36663E+000	-2.00025E+000	2.73078E-004	11	..........a	-327.68
	441	442	-1.74816E+000	-2.00194E-001	-2.37246E+000	-2.00025E+000	2.80428E-004	11	..........a	-327.68
	442	443	-1.74736E+000	-2.00194E-001	-2.37716E+000	-2.00025E+000	2.81178E-004	11	..........a	-327.68
	443	444	-1.74816E+000	-2.00194E-001	-2.38158E+000	-2.00025E+000	2.83311E-004	11	..........a	-327.68
	444	445	-1.74816E+000	-2.00193E-001	-2.38636E+000	-2.00025E+000	2.76128E-004	11	..........a	-327.68
	445	446	-1.74696E+000	-2.00194E-001	-2.38240E+000	-2.00025E+000	2.73461E-004	11	..........a	-327.68
	446	447	-1.74816E+000	-2.00194E-001	-2.38333E+000	-2.00025E+000	2.74861E-004	11	..........a	-327.68
	447	448	-1.74736E+000	-2.00194E-001	-2.39031E+000	-2.00025E+000	2.79111E-004	11	..........a	-327.68
	448	449	-1.74776E+000	-2.00194E-001	-2.39182E+000	-2.00025E+000	2.82311E-004	11	..........a	-327.68
	449	450	-1.74656E+000	-2.00195E-001	-2.39317E+000	-2.00025E+000	2.84528E-004	11	..........a	-327.68
	450	451	-1.74736E+000	-2.00194E-001	-2.39422E+000	-2.00025E+000	2.82978E-004	11	..........a	-327.68
	451	452	-1.74576E+000	-2.00194E-001	-2.39715E+000	-2.00025E+000	2.74811E-004	11	..........a	-327.68
	452	453	-1.74536E+000	-2.00194E-001	-2.40237E+000	-2.00025E+000	2.76944E-004	11	..........a	-327.68
	453	454	-1.74696E+000	-2.00194E-001	-2.40002E+000	-2.00025E+000	2.80594E-004	11	..........a	-327.68
	454	455	-1.74776E+000	-2.00194E-001	-2.40522E+000	-2.00025E+000	2.75094E-004	11	..........a	-327.68
	455	456	-1.74696E+000	-2.00197E-001	-2.40578E+000	-2.00025E+000	4.41694E-004	11	..........a	-327.68
	456	457	-1.74696E+000	-2.00196E-001	-2.40611E+000	-2.00025E+000	4.34078E-004	11	..........a	-327.68
	457	458	-1.74696E+000	-2.00196E-001	-2.40810E+000	-2.00025E+000	4.35044E-004	11	..........a	-327.68
	458	459	-1.74696E+000	-2.00196E-001	-2.40907E+000	-2.00025E+000	4.40478E-004	11	..........a	-327.68
	459	460	-1.74616E+000	-2.00196E-001	-2.41413E+000	-2.00025E+000	4.41511E-004	11	..........a	-327.68
	460	461	-1.74696E+000	-2.00196E-001	-2.41658E+000	-2.00025E+000	4.42928E-004	11	..........a	-327.68
	461	462	-1.74696E+000	-2.00197E-001	-2.41821E+000	-2.00025E+000	4.47828E-004	11	..........a	-327.68
	462	463	-1.74616E+000	-2.00196E-001	-2.42093E+000	-2.00025E+000	4.38844E-004	11	..........a	-327.68
	463	464	-1.74696E+000	-2.00196E-001	-2.41867E+000	-2.00025E+000	4.38961E-004	11	..........a	-327.68
	464	465	-1.74616E+000	-2.00196E-001	-2.42442E+000	-2.00025E+000	4.34794E-004	11	..........a	-327.68
	465	466	-1.74456E+000	-2.00196E-001	-2.42668E+000	-2.00025E+000	4.31461E-004	11	..........a	-327.68
	466	467	-1.74696E+000	-2.00195E-001	-2.42629E+000	-2.00025E+000	4.33978E-004	11	..........a	-327.68
	467	468	-1.74696E+000	-2.00195E-001	-2.42655E+000	-2.00025E+000	4.40728E-004	11	..........a	-327.68
	468	469	-1.74776E+000	-2.00195E-001	-2.42612E+000	-2.00025E+000	4.41894E-004	11	..........a	-327.68
	469	470	-1.74496E+000	-2.00196E-001	-2.43137E+000	-2.00025E+000	4.34294E-004	11	..........a	-327.68
	470	471	-1.74376E+000	-2.00196E-001	-2.43138E+000	-2.00025E+000	4.40428E-004	11	..........a	-327.68
	471	472	-1.74576E+000	-2.00196E-001	-2.42973E+000	-2.00025E+000	4.28194E-004	11	..........a	-327.68
	472	473	-1.74656E+000	-2.00196E-001	-2.31393E+000	-2.00025E+000	4.40344E-004	11	..........a	-327.68
	473	474	-1.74616E+000	-2.00196E-001	-2.30168E+000	-2.00025E+000	4.38194E-004	11	..........a	-327.68
	474	475	-1.74456E+000	-2.00196E-001	-2.30901E+000	-2.00025E+000	4.38511E-004	11	..........a	-327.68
	475	476	-1.74456E+000	-2.00196E-001	-2.31000E+000	-2.00025E+000	4.53711E-004	11	..........a	-327.68
	476	477	-1.74616E+000	-2.00196E-001	-2.31126E+000	-2.00025E+000	4.36444E-004	11	..........a	-327.68
	477	478	-1.74376E+000	-2.00196E-001	-2.31321E+000	-2.00025E+000	4.39161E-004	11	..........a	-327.68
	478	479	-1.74536E+000	-2.00195E-001	-2.31367E+000	-2.00025E+000	4.41211E-004	11	..........a	-327.68
	479	480	-1.74416E+000	-2.00196E-001	-2.31737E+000	-2.00025E+000	4.34728E-004	11	..........a	-327.68
	480	481	-1.74376E+000	-2.00195E-001	-2.31676E+000	-2.00025E+000	4.42028E-004	11	..........a	-327.68
	481	482	-1.74096E+000	-2.00195E-001	-2.32187E+000	-2.00025E+000	3.41228E-004	11	..........a	-327.68
	482	483	-1.74416E+000	-2.00195E-001	-2.31917E+000	-2.00025E+000	3.32878E-004	11	..........a	-327.68
	483	484	-1.74176E+000	-2.00196E-001	-2.32588E+000	-2.00025E+000	3.42328E-004	11	..........a	-327.68
	484	485	-1.74096E+000	-2.00195E-001	-2.32931E+000	-2.00025E+000	3.36278E-004	11	..........a	-327.68
	485	486	-1.74336E+000	-2.00195E-001	-2.32921E+000	-2.00025E+000	3.25261E-004	11	..........a	-327.68
	486	487	-1.74336E+000	-2.00195E-001	-2.33024E+000	-2.00025E+000	3.44494E-004	11	..........a	-327.68
	487	488	-1.74336E+000	-2.00195E-001	-2.33112E+000	-2.00025E+000	3.36194E-004	11	..........a	-327.68
	488	489	-1.74096E+000	-2.00195E-001	-2.33750E+000	-2.00025E+000	3.36344E-004	11	..........a	-327.68
	489	490	-1.74096E+000	-2.00195E-001	-2.33242E+000	-2.00025E+000	3.33011E-004	11	..........a	-327.68
	490	491	-1.74016E+000	-2.00196E-001	-2.33178E+000	-2.00025E+000	3.35578E-004	11	..........a	-327.68
	491	492	-1.74336E+000	-2.00196E-001	-2.33028E+000	-2.00025E+000	3.31794E-004	11	..........a	-327.68
	492	493	-1.74256E+000	-2.00195E-001	-2.33079E+000	-2.00025E+000	3.33761E-004	11	..........a	-327.68
	493	494	-1.74016E+000	-2.00196E-001	-2.33621E+000	-2.00025E+000	3.37878E-004	11	..........a	-327.68
	494	495	-1.74096E+000	-2.00195E-001	-2.33554E+000	-2.00025E+000	3.41178E-004	11	..........a	-327.68
	495	496	-1.74096E+000	-2.00195E-001	-2.33911E+000	-2.00025E+000	3.40311E-004	11	..........a	-327.68
	496	497	-1.74256E+000	-2.00195E-001	-2.33945E+000	-2.00025E+000	3.38094E-004	11	..........a	-327.68
	497	498	-1.74016E+000	-2.00195E-001	-2.34298E+000	-2.00025E+000	3.35844E-004	11	..........a	-327.68
	498	499	-1.74096E+000	-2.00195E-001	-2.34383E+000	-2.00025E+000	3.38811E-004	11	..........a	-327.68
	499	500	-1.74136E+000	-2.00195E-001	-2.35014E+000	-2.00025E+000	3.35844E-004	11	..........a	-327.68
	500	501	-1.74096E+000	-2.00195E-001	-2.35848E+000	-2.00025E+000	3.33211E-004	11	..........a	-327.68
	501	502	-1.74096E+000	-2.00195E-001	-2.35864E+000	-2.00025E+000	3.38778E-004	11	..........a	-327.68
	502	503	-1.74176E+000	-2.00195E-001	-2.36089E+000	-2.00025E+000	3.38561E-004	11	..........a	-327.68
	503	504	-1.74096E+000	-2.00196E-001	-2.36419E+000	-2.00025E+000	3.38711E-004	11	..........a	-327.68
	504	505	-1.74096E+000	-2.00195E-001	-2.36613E+000	-2.00025E+000	3.28378E-004	11	..........a	-327.68
	505	506	-1.74176E+000	-2.00195E-001	-2.36677E+000	-2.00025E+000	3.30544E-004	11	..........a	-327.68
	506	507	-1.74096E+000	-2.00195E-001	-2.37020E+000	-2.00025E+000	3.31561E-004	11	..........a	-327.68
	507	508	-1.73936E+000	-2.00194E-001	-2.37152E+000	-2.00025E+000	4.34294E-004	11	..........a	-327.68
	508	509	-1.74216E+000	-2.00194E-001	-2.36646E+000	-2.00025E+000	4.33128E-004	11	..........a	-327.68
	509	510	-1.73816E+000	-2.00194E-001	-2.36496E+000	-2.00025E+000	4.39411E-004	11	..........a	-327.68
	510	511	-1.74096E+000	-2.00194E-001	-2.36182E+000	-2.00025E+000	4.40244E-004	11	..........a	-327.68
	511	512	-1.74096E+000	-2.00194E-001	-2.36626E+000	-2.00025E+000	4.41178E-004	11	..........a	-327.68
	512	513	-1.74096E+000	-2.00194E-001	-2.36715E+000	-2.00025E+000	4.54311E-004	11	..........a	-327.68
	513	514	-1.74096E+000	-2.00194E-001	-2.36629E+000	-2.00025E+000	4.40444E-004	11	..........a	-327.68
	514	515	-1.74016E+000	-2.00194E-001	-2.37256E+000	-2.00025E+000	4.34694E-004	11	..........a	-327.68
	515	516	-1.74256E+000	-2.00194E-001	-2.36969E+000	-2.00025E+000	4.42878E-004	11	..........a	-327.68
	516	517	-1.74096E+000	-2.00194E-001	-2.37728E+000	-2.00025E+000	4.48178E-004	11	..........a	-327.68
	517	518	-1.74216E+000	-2.00194E-001	-2.37918E+000	-2.00025E+000	4.47078E-004	11	..........a	-327.68
	518	519	-1.73976E+000	-2.00194E-001	-2.38408E+000	-2.00025E+000	4.47794E-004	11	..........a	-327.68
	519	520	-1.74136E+000	-2.00194E-001	-2.38700E+000	-2.00025E+000	4.38111E-004	11	..........a	-327.68
	520	521	-1.74216E+000	-2.00195E-001	-2.38800E+000	-2.00025E+000	4.40544E-004	11	..........a	-327.68
	521	522	-1.74016E+000	-2.00194E-001	-2.39504E+000	-2.00025E+000	4.43728E-004	11	..........a	-327.68
	522	523	-1.74096E+000	-2.00194E-001	-2.39597E+000	-2.00025E+000	4.42794E-004	11	..........a	-327.68
	523	524	-1.74216E+000	-2.00194E-001	-2.40030E+000	-2.00025E+000	4.39261E-004	11	..........a	-327.68
	524	525	-1.74096E+000	-2.00194E-001	-2.40518E+000	-2.00025E+000	4.42478E-004	11	..........a	-327.68
	525	526	-1.74096E+000	-2.00194E-001	-2.40630E+000	-2.00025E+000	4.39778E-004	11	..........a	-327.68
	526	527	-1.74216E+000	-2.00194E-001	-2.40949E+000	-2.00025E+000	4.42011E-004	11	..........a	-327.68
	527	528	-1.74016E+000	-2.00194E-001	-2.41252E+000	-2.00025E+000	4.48811E-004	11	..........a	-327.68
	528	529	-1.74016E+000	-2.00195E-001	-2.39773E+000	-2.00025E+000	4.53511E-004	11	..........a	-327.68
	529	530	-1.73936E+000	-2.00194E-001	-2.26207E+000	-2.00025E+000	4.40811E-004	11	..........a	-327.68
	530	531	-1.74176E+000	-2.00194E-001	-2.26540E+000	-2.00025E+000	4.47028E-004	11	..........a	-327.68
	531	532	-1.74056E+000	-2.00194E-001	-2.27034E+000	-2.00025E+000	4.41378E-004	11	..........a	-327.68
	532	533	-1.73976E+000	-2.00194E-001	-2.27484E+000	-2.00025E+000	4.41311E-004	11	..........a	-327.68
	533	534	-1.74136E+000	-2.00195E-001	-2.27889E+000	-2.00025E+000	3.38711E-004	11	..........a	-327.68
	534	535	-1.74216E+000	-2.00195E-001	-2.27771E+000	-2.00025E+000	3.43161E-004	11	..........a	-327.68
	535	536	-1.74056E+000	-2.00195E-001	-2.28390E+000	-2.00025E+000	3.39511E-004	11	..........a	-327.68
	536	537	-1.74096E+000	-2.00195E-001	-2.28107E+000	-2.00025E+000	3.40378E-004	11	..........a	-327.68
	537	538	-1.74216E+000	-2.00195E-001	-2.28837E+000	-2.00025E+000	3.39611E-004	11	..........a	-327.68
	538	539	-1.73976E+000	-2.00195E-001	-2.28861E+000	-2.00025E+000	3.39994E-004	11	..........a	-327.68
	539	540	-1.74056E+000	-2.00195E-001	-2.28708E+000	-2.00025E+000	3.45294E-004	11	..........a	-327.68
	540	541	-1.74056E+000	-2.00195E-001	-2.29725E+000	-2.00025E+000	3.46761E-004	11	..........a	-327.68
	541	542	-1.74216E+000	-2.00194E-001	-2.29561E+000	-2.00025E+000	3.45144E-004	11	..........a	-327.68
	542	543	-1.74056E+000	-2.00195E-001	-2.30644E+000	-2.00025E+000	3.49228E-004	11	..........a	-327.68
	543	544	-1.74016E+000	-2.00195E-001	-2.30899E+000	-2.00025E+000	3.41561E-004	11	..........a	-327.68
	544	545	-1.74216E+000	-2.00195E-001	-2.31020E+000	-2.00025E+000	3.42878E-004	11	..........a	-327.68
	545	546	-1.74176E+000	-2.00195E-001	-2.31912E+000	-2.00025E+000	3.44844E-004	11	..........a	-327.68
	546	547	-1.74016E+000	-2.00195E-001	-2.32199E+000	-2.00025E+000	3.42594E-004	11	..........a	-327.68
	547	548	-1.74136E+000	-2.00195E-001	-2.32780E+000	-2.00025E+000	3.47894E-004	11	..........a	-327.68
	548	549	-1.73856E+000	-2.00195E-001	-2.33240E+000	-2.00025E+000	3.52578E-004	11	..........a	-327.68
	549	550	-1.73896E+000	-2.00195E-001	-2.33958E+000	-2.00025E+000	3.48011E-004	11	..........a	-327.68
	550	551	-1.74016E+000	-2.00195E-001	-2.33876E+000	-2.00025E+000	3.44044E-004	11	..........a	-327.68
	551	552	-1.74016E+000	-2.00195E-001	-2.34059E+000	-2.00025E+000	3.34394E-004	11	..........a	-327.68
	552	553	-1.74096E+000	-2.00195E-001	-2.34898E+000	-2.00025E+000	3.39044E-004	11	..........a	-327.68
	553	554	-1.73976E+000	-2.00195E-001	-2.35280E+000	-2.00025E+000	3.45028E-004	11	..........a	-327.68
	554	555	-1.74096E+000	-2.00195E-001	-2.36183E+000	-2.00025E+000	3.48011E-004	11	..........a	-327.68
	555	556	-1.74056E+000	-2.00195E-001	-2.35479E+000	-2.00025E+000	3.56861E-004	11	..........a	-327.68
	556	557	-1.73776E+000	-2.00195E-001	-2.36662E+000	-2.00025E+000	3.48161E-004	11	..........a	-327.68
	557	558	-1.73816E+000	-2.00195E-001	-2.36923E+000	-2.00025E+000	3.49078E-004	11	..........a	-327.68
	558	559	-1.73936E+000	-2.00195E-001	-2.36909E+000	-2.00025E+000	3.48194E-004	11	..........a	-327.68
	559	560	-1.74056E+000	-2.00196E-001	-2.37416E+000	-2.00025E+000	3.48811E-004	11	..........a	-327.68
	560	561	-1.73896E+000	-2.00195E-001	-2.37381E+000	-2.00025E+000	3.52044E-004	11	..........a	-327.68
	561	562	-1.73256E+000	-2.00195E-001	-2.39031E+000	-2.00025E+000	3.52644E-004	11	..........a	-327.68
	562	563	-1.73776E+000	-2.00195E-001	-2.38521E+000	-2.00025E+000	3.60111E-004	11	..........a	-327.68
	563	564	-1.74136E+000	-2.00195E-001	-2.38700E+000	-2.00025E+000	3.47578E-004	11	..........a	-327.68
	564	565	-1.73896E+000	-2.00195E-001	-2.39089E+000	-2.00025E+000	3.46028E-004	11	..........a	-327.68
	565	566	-1.73816E+000	-2.00195E-001	-2.39034E+000	-2.00025E+000	3.55161E-004	11	..........a	-327.68
	566	567	-1.73976E+000	-2.00195E-001	-2.39731E+000	-2.00025E+000	3.45278E-004	11	..........a	-327.68
	567	568	-1.73976E+000	-2.00195E-001	-2.39597E+000	-2.00025E+000	3.50078E-004	11	..........a	-327.68
	568	569	-1.73456E+000	-2.00195E-001	-2.40492E+000	-2.00025E+000	3.47978E-004	11	..........a	-327.68
	569	570	-1.73736E+000	-2.00195E-001	-2.40146E+000	-2.00025E+000	3.48128E-004	11	..........a	-327.68
	570	571	-1.73976E+000	-2.00194E-001	-2.40341E+000	-2.00025E+000	3.45294E-004	11	..........a	-327.68
	571	572	-1.74056E+000	-2.00195E-001	-2.40392E+000	-2.00025E+000	3.53294E-004	11	..........a	-327.68
	572	573	-1.74056E+000	-2.00195E-001	-2.40356E+000	-2.00025E+000	3.38661E-004	11	..........a	-327.68
	573	574	-1.73736E+000	-2.00195E-001	-2.41209E+000	-2.00025E+000	3.34911E-004	11	..........a	-327.68
	574	575	-1.73896E+000	-2.00195E-001	-2.41002E+000	-2.00025E+000	3.38678E-004	11	..........a	-327.68
	575	576	-1.74056E+000	-2.00194E-001	-2.41542E+000	-2.00025E+000	3.46961E-004	11	..........a	-327.68
	576	577	-1.73336E+000	-2.00195E-001	-2.42347E+000	-2.00025E+000	3.52011E-004	11	..........a	-327.68
	577	578	-1.73736E+000	-2.00195E-001	-2.42134E+000	-2.00025E+000	3.49544E-004	11	..........a	-327.68
	578	579	-1.73896E+000	-2.00195E-001	-2.42337E+000	-2.00025E+000	3.54978E-004	11	..........a	-327.68
	579	580	-1.74056E+000	-2.00195E-001	-2.42349E+000	-2.00025E+000	3.46578E-004	11	..........a	-327.68
	580	581	-1.73816E+000	-2.00194E-001	-2.43114E+000	-2.00025E+000	3.43228E-004	11	..........a	-327.68
	581	582	-1.73456E+000	-2.00194E-001	-2.43199E+000	-2.00025E+000	3.48361E-004	11	..........a	-327.68
	582	583	-1.73456E+000	-2.00195E-001	-2.43549E+000	-2.00025E+000	3.51778E-004	11	..........a	-327.68
	583	584	-1.73456E+000	-2.00194E-001	-2.43620E+000	-2.00025E+000	3.51094E-004	11	..........a	-327.68
	584	585	-1.73336E+000	-2.00195E-001	-2.28641E+000	-2.00025E+000	3.53728E-004	11	..........a	-327.68
	585	586	-1.73376E+000	-2.00194E-001	-2.28403E+000	-2.00025E+000	3.48328E-004	11	..........a	-327.68
	586	587	-1.73536E+000	-2.00194E-001	-2.27372E+000	-2.00025E+000	3.44244E-004	11	..........a	-327.68
	587	588	-1.73456E+000	-2.00194E-001	-2.28128E+000	-2.00025E+000	3.46211E-004	11	..........a	-327.68
	588	589	-1.73456E+000	-2.00194E-001	-2.27805E+000	-2.00025E+000	3.42778E-004	11	..........a	-327.68
	589	590	-1.73416E+000	-2.00194E-001	-2.28604E+000	-2.00025E+000	3.42794E-004	11	..........a	-327.68
	590	591	-1.73536E+000	-2.00194E-001	-2.28763E+000	-2.00025E+000	3.42661E-004	11	..........a	-327.68
	591	592	-1.73536E+000	-2.00194E-001	-2.28966E+000	-2.00025E+000	3.43328E-004	11	..........a	-327.68
	592	593	-1.73536E+000	-2.00194E-001	-2.29688E+000	-2.00025E+000	3.43578E-004	11	..........a	-327.68
	593	594	-1.73696E+000	-2.00195E-001	-2.29707E+000	-2.00025E+000	3.42344E-004	11	..........a	-327.68
	594	595	-1.73776E+000	-2.00195E-001	-2.30501E+000	-2.00025E+000	3.40878E-004	11	..........a	-327.68
	595	596	-1.73456E+000	-2.00194E-001	-2.30873E+000	-2.00025E+000	3.37978E-004	11	..........a	-327.68
	596	597	-1.73776E+000	-2.00194E-001	-2.30756E+000	-2.00025E+000	3.42978E-004	11	..........a	-327.68
	597	598	-1.73696E+000	-2.00194E-001	-2.31351E+000	-2.00025E+000	3.40461E-004	11	..........a	-327.68
	598	599	-1.73416E+000	-2.00194E-001	-2.31571E+000	-2.00025E+000	3.51728E-004	11	..........a	-327.68
	599	600	-1.73576E+000	-2.00194E-001	-2.32364E+000	-2.00025E+000	3.48828E-004	11	..........a	-327.68
	600	601	-1.73536E+000	-2.00194E-001	-2.32491E+000	-2.00025E+000	3.41428E-004	11	..........a	-327.68
	601	602	-1.73456E+000	-2.00194E-001	-2.33365E+000	-2.00025E+000	3.34328E-004	11	..........a	-327.68
	602	603	-1.73536E+000	-2.00195E-001	-2.33703E+000	-2.00025E+000	3.35144E-004	11	..........a	-327.68
	603	604	-1.73496E+000	-2.00194E-001	-2.34288E+000	-2.00025E+000	3.39344E-004	11	..........a	-327.68
	604	605	-1.73456E+000	-2.00193E-001	-2.34740E+000	-2.00025E+000	3.41994E-004	11	..........a	-327.68
	605	606	-1.73456E+000	-2.00194E-001	-2.34481E+000	-2.00025E+000	3.43744E-004	11	..........a	-327.68
	606	607	-1.73376E+000	-2.00194E-001	-2.35373E+000	-2.00025E+000	3.51561E-004	11	..........a	-327.68
	607	608	-1.73536E+000	-2.00194E-001	-2.35733E+000	-2.00025E+000	3.39928E-004	11	..........a	-327.68
	608	609	-1.73536E+000	-2.00194E-001	-2.36253E+000	-2.00025E+000	3.45511E-004	11	..........a	-327.68
	609	610	-1.73496E+000	-2.00194E-001	-2.36533E+000	-2.00025E+000	3.51111E-004	11	..........a	-327.68
	610	611	-1.73536E+000	-2.00194E-001	-2.36756E+000	-2.00025E+000	3.41478E-004	11	..........a	-327.68
	611	612	-1.73536E+000	-2.00194E-001	-2.36948E+000	-2.00025E+000	3.46344E-004	11	..........a	-327.68
	612	613	-1.73456E+000	-2.00194E-001	-2.37199E+000	-2.00025E+000	3.40678E-004	11	..........a	-327.68
	613	614	-1.73456E+000	-2.00194E-001	-2.38001E+000	-2.00025E+000	3.48078E-004	11	..........a	-327.68
	614	615	-1.73376E+000	-2.00194E-001	-2.38030E+000	-2.00025E+000	3.52328E-004	11	..........a	-327.68
	615	616	-1.73536E+000	-2.00200E-001	-2.38616E+000	-2.00025E+000	2.93044E-004	11	..........a	-327.68
	616	617	-1.73536E+000	-2.00201E-001	-2.38877E+000	-2.00025E+000	2.86961E-004	11	..........a	-327.68
	617	618	-1.73456E+000	-2.00200E-001	-2.39513E+000	-2.00025E+000	2.93228E-004	11	..........a	-327.68
	618	619	-1.73776E+000	-2.00200E-001	-2.39425E+000	-2.00025E+000	2.88461E-004	11	..........a	-327.68
	619	620	-1.73496E+000	-2.00200E-001	-2.40353E+000	-2.00025E+000	2.98194E-004	11	..........a	-327.68
	620	621	-1.73496E+000	-2.00200E-001	-2.40894E+000	-2.00025E+000	3.10928E-004	11	..........a	-327.68
	621	622	-1.73536E+000	-2.00200E-001	-2.40858E+000	-2.00025E+000	2.91344E-004	11	..........a	-327.68
	622	623	-1.73496E+000	-2.00201E-001	-2.41154E+000	-2.00025E+000	2.98461E-004	11	..........a	-327.68
	623	624	-1.73496E+000	-2.00201E-001	-2.41232E+000	-2.00025E+000	2.93294E-004	11	..........a	-327.68
	624	625	-1.73376E+000	-2.00201E-001	-2.41556E+000	-2.00025E+000	2.95228E-004	11	..........a	-327.68
	625	626	-1.73496E+000	-2.00201E-001	-2.41687E+000	-2.00025E+000	3.02011E-004	11	..........a	-327.68
	626	627	-1.73416E+000	-2.00201E-001	-2.41513E+000	-2.00025E+000	3.02094E-004	11	..........a	-327.68
	627	628	-1.73256E+000	-2.00201E-001	-2.41990E+000	-2.00025E+000	2.98944E-004	11	..........a	-327.68
	628	629	-1.73376E+000	-2.00195E-001	-2.41794E+000	-2.00025E+000	3.28344E-004	11	..........a	-327.68
	629	630	-1.73336E+000	-2.00195E-001	-2.42358E+000	-2.00025E+000	3.20744E-004	11	..........a	-327.68
	630	631	-1.73136E+000	-2.00195E-001	-2.42492E+000	-2.00025E+000	3.21511E-004	11	..........a	-327.68
	631	632	-1.73336E+000	-2.00195E-001	-2.42623E+000	-2.00025E+000	3.20811E-004	11	..........a	-327.68
	632	633	-1.73216E+000	-2.00195E-001	-2.41740E+000	-2.00025E+000	3.18628E-004	11	..........a	-327.68
	633	634	-1.73256E+000	-2.00195E-001	-2.27912E+000	-2.00025E+000	3.21311E-004	11	..........a	-327.68
	634	635	-1.73176E+000	-2.00195E-001	-2.29023E+000	-2.00025E+000	3.13244E-004	11	..........a	-327.68
	635	636	-1.73176E+000	-2.00195E-001	-2.29071E+000	-2.00025E+000	3.16561E-004	11	..........a	-327.68
	636	637	-1.73496E+000	-2.00195E-001	-2.29596E+000	-2.00025E+000	3.22711E-004	11	..........a	-327.68
	637	638	-1.73416E+000	-2.00195E-001	-2.28990E+000	-2.00025E+000	3.18278E-004	11	..........a	-327.68
	638	639	-1.73176E+000	-2.00195E-001	-2.29641E+000	-2.00025E+000	3.19594E-004	11	..........a	-327.68
	639	640	-1.73336E+000	-2.00195E-001	-2.29516E+000	-2.00025E+000	3.22994E-004	11	..........a	-327.68
	640	641	-1.73256E+000	-2.00195E-001	-2.29779E+000	-2.00025E+000	3.18794E-004	11	..........a	-327.68
	641	642	-1.73016E+000	-2.00195E-001	-2.31087E+000	-2.00025E+000	3.24978E-004	11	..........a	-327.68
	642	643	-1.73336E+000	-2.00195E-001	-2.30897E+000	-2.00025E+000	3.23678E-004	11	..........a	-327.68
	643	644	-1.73336E+000	-2.00195E-001	-2.31553E+000	-2.00025E+000	3.25428E-004	11	..........a	-327.68
	644	645	-1.73336E+000	-2.00196E-001	-2.31586E+000	-2.00025E+000	3.24461E-004	11	..........a	-327.68
	645	646	-1.73096E+000	-2.00196E-001	-2.32438E+000	-2.00025E+000	3.28144E-004	11	..........a	-327.68
	646	647	-1.73496E+000	-2.00196E-001	-2.32893E+000	-2.00025E+000	3.28694E-004	11	..........a	-327.68
	647	648	-1.73416E+000	-2.00195E-001	-2.33155E+000	-2.00025E+000	3.29511E-004	11	..........a	-327.68
	648	649	-1.73336E+000	-2.00196E-001	-2.34207E+000	-2.00025E+000	3.28911E-004	11	..........a	-327.68
	649	650	-1.73456E+000	-2.00196E-001	-2.34065E+000	-2.00025E+000	3.31244E-004	11	..........a	-327.68
	650	651	-1.73296E+000	-2.00196E-001	-2.34802E+000	-2.00025E+000	3.28544E-004	11	..........a	-327.68
	651	652	-1.73336E+000	-2.00195E-001	-2.34805E+000	-2.00025E+000	3.25444E-004	11	..........a	-327.68
	652	653	-1.73416E+000	-2.00195E-001	-2.35175E+000	-2.00025E+000	3.26044E-004	11	..........a	-327.68
	653	654	-1.73416E+000	-2.00196E-001	-2.35799E+000	-2.00025E+000	3.25661E-004	11	..........a	-327.68
	654	655	-1.73216E+000	-2.00196E-001	-2.36612E+000	-2.00025E+000	3.26661E-004	11	..........a	-327.68
	655	656	-1.73176E+000	-2.00196E-001	-2.37375E+000	-2.00025E+000	3.27294E-004	11	..........a	-327.68
	656	657	-1.73176E+000	-2.00196E-001	-2.37112E+000	-2.00025E+000	3.28778E-004	11	..........a	-327.68
	657	658	-1.73336E+000	-2.00196E-001	-2.37750E+000	-2.00025E+000	3.26911E-004	11	..........a	-327.68
	658	659	-1.72936E+000	-2.00196E-001	-2.38509E+000	-2.00025E+000	3.27228E-004	11	..........a	-327.68
	659	660	-1.73096E+000	-2.00196E-001	-2.38635E+000	-2.00025E+000	3.25978E-004	11	..........a	-327.68
	660	661	-1.73336E+000	-2.00196E-001	-2.38839E+000	-2.00025E+000	3.31644E-004	11	..........a	-327.68
	661	662	-1.73336E+000	-2.00196E-001	-2.39240E+000	-2.00025E+000	3.28144E-004	11	..........a	-327.68
	662	663	-1.73256E+000	-2.00196E-001	-2.39843E+000	-2.00025E+000	3.25944E-004	11	..........a	-327.68
	663	664	-1.73256E+000	-2.00196E-001	-2.39792E+000	-2.00025E+000	3.23344E-004	11	..........a	-327.68
	664	665	-1.73336E+000	-2.00196E-001	-2.40267E+000	-2.00025E+000	3.25778E-004	11	..........a	-327.68
	665	666	-1.73056E+000	-2.00196E-001	-2.41070E+000	-2.00025E+000	3.21128E-004	11	..........a	-327.68
	666	667	-1.73176E+000	-2.00196E-001	-2.40896E+000	-2.00025E+000	3.34778E-004	11	..........a	-327.68
	667	668	-1.73256E+000	-2.00196E-001	-2.41183E+000	-2.00025E+000	3.45544E-004	11	..........a	-327.68
	668	669	-1.73176E+000	-2.00196E-001	-2.41783E+000	-2.00025E+000	3.45844E-004	11	..........a	-327.68
	669	670	-1.73016E+000	-2.00196E-001	-2.42500E+000	-2.00025E+000	3.43428E-004	11	..........a	-327.68
	670	671	-1.73256E+000	-2.00195E-001	-2.42125E+000	-2.00025E+000	3.48861E-004	11	..........a	-327.68
	671	672	-1.73096E+000	-2.00195E-001	-2.42687E+000	-2.00025E+000	3.54044E-004	11	..........a	-327.68
	672	673	-1.73336E+000	-2.00195E-001	-2.42745E+000	-2.00025E+000	3.48111E-004	11	..........a	-327.68
	673	674	-1.73096E+000	-2.00196E-001	-2.43344E+000	-2.00025E+000	3.54478E-004	11	..........a	-327.68
	674	675	-1.73096E+000	-2.00196E-001	-2.43651E+000	-2.00025E+000	3.53061E-004	11	..........a	-327.68
	675	676	-1.73136E+000	-2.00196E-001	-2.43263E+000	-2.00025E+000	3.51661E-004	11	..........a	-327.68
	676	677	-1.73256E+000	-2.00196E-001	-2.43476E+000	-2.00025E+000	3.47428E-004	11	..........a	-327.68
	677	678	-1.73016E+000	-2.00195E-001	-2.43254E+000	-2.00025E+000	3.49844E-004	11	..........a	-327.68
	678	679	-1.73096E+000	-2.00195E-001	-2.43260E+000	-2.00025E+000	3.48361E-004	11	..........a	-327.68
	679	680	-1.73136E+000	-2.00195E-001	-2.25985E+000	-2.00025E+000	3.49278E-004	11	..........a	-327.68
	680	681	-1.73056E+000	-2.00195E-001	-2.25918E+000	-2.00025E+000	3.42011E-004	11	..........a	-327.68
	681	682	-1.73056E+000	-2.00195E-001	-2.26048E+000	-2.00025E+000	3.40328E-004	11	..........a	-327.68
	682	683	-1.73296E+000	-2.00195E-001	-2.26165E+000	-2.00025E+000	3.42694E-004	11	..........a	-327.68
	683	684	-1.73056E+000	-2.00195E-001	-2.27223E+000	-2.00025E+000	3.43161E-004	11	..........a	-327.68
	684	685	-1.72976E+000	-2.00195E-001	-2.27436E+000	-2.00025E+000	3.38961E-004	11	..........a	-327.68
	685	686	-1.73096E+000	-2.00195E-001	-2.28465E+000	-2.00025E+000	3.41711E-004	11	..........a	-327.68
	686	687	-1.73096E+000	-2.00196E-001	-2.28577E+000	-2.00025E+000	3.46478E-004	11	..........a	-327.68
	687	688	-1.73096E+000	-2.00195E-001	-2.29480E+000	-2.00025E+000	3.40878E-004	11	..........a	-327.68
	688	689	-1.73216E+000	-2.00195E-001	-2.29633E+000	-2.00025E+000	3.38778E-004	11	..........a	-327.68
	689	690	-1.73296E+000	-2.00195E-001	-2.29871E+000	-2.00025E+000	3.39494E-004	11	..........a	-327.68
	690	691	-1.73136E+000	-2.00195E-001	-2.30516E+000	-2.00025E+000	3.45244E-004	11	..........a	-327.68
	691	692	-1.73136E+000	-2.00195E-001	-2.30768E+000	-2.00025E+000	3.36844E-004	11	..........a	-327.68
	692	693	-1.73136E+000	-2.00195E-001	-2.31460E+000	-2.00025E+000	3.36511E-004	11	..........a	-327.68
	693	694	-1.73296E+000	-2.00195E-001	-2.31531E+000	-2.00025E+000	3.10711E-004	11	..........a	-327.68
	694	695	-1.73176E+000	-2.00195E-001	-2.32379E+000	-2.00025E+000	3.13628E-004	11	..........a	-327.68
	695	696	-1.72736E+000	-2.00195E-001	-2.33630E+000	-2.00025E+000	3.13394E-004	11	..........a	-327.68
	696	697	-1.73176E+000	-2.00195E-001	-2.33632E+000	-2.00025E+000	3.17244E-004	11	..........a	-327.68
	697	698	-1.73056E+000	-2.00195E-001	-2.33801E+000	-2.00025E+000	3.14111E-004	11	..........a	-327.68
	698	699	-1.73096E+000	-2.00195E-001	-2.34557E+000	-2.00025E+000	3.13028E-004	11	..........a	-327.68
	699	700	-1.73016E+000	-2.00195E-001	-2.34081E+000	-2.00025E+000	3.25478E-004	11	..........a	-327.68
	700	701	-1.73136E+000	-2.00195E-001	-2.33991E+000	-2.00025E+000	3.11561E-004	11	..........a	-327.68
	701	702	-1.73056E+000	-2.00195E-001	-2.34789E+000	-2.00025E+000	3.10444E-004	11	..........a	-327.68
	702	703	-1.73176E+000	-2.00195E-001	-2.34581E+000	-2.00025E+000	3.09094E-004	11	..........a	-327.68
	703	704	-1.73136E+000	-2.00195E-001	-2.35399E+000	-2.00025E+000	3.15394E-004	11	..........a	-327.68
	704	705	-1.73016E+000	-2.00196E-001	-2.35961E+000	-2.00025E+000	3.14294E-004	11	..........a	-327.68
	705	706	-1.73136E+000	-2.00195E-001	-2.36274E+000	-2.00025E+000	3.15861E-004	11	..........a	-327.68
	706	707	-1.73056E+000	-2.00196E-001	-2.36866E+000	-2.00025E+000	3.14428E-004	11	..........a	-327.68
	707	708	-1.73296E+000	-2.00196E-001	-2.36688E+000	-2.00025E+000	3.16944E-004	11	..........a	-327.68
	708	709	-1.73136E+000	-2.00196E-001	-2.37506E+000	-2.00025E+000	3.19094E-004	11	..........a	-327.68
	709	710	-1.72976E+000	-2.00196E-001	-2.37416E+000	-2.00025E+000	3.24761E-004	11	..........a	-327.68
	710	711	-1.73296E+000	-2.00196E-001	-2.37438E+000	-2.00025E+000	3.20261E-004	11	..........a	-327.68
	711	712	-1.73096E+000	-2.00196E-001	-2.37796E+000	-2.00025E+000	3.15111E-004	11	..........a	-327.68
	712	713	-1.73096E+000	-2.00195E-001	-2.38031E+000	-2.00025E+000	3.17278E-004	11	..........a	-327.68
	713	714	-1.73136E+000	-2.00195E-001	-2.38808E+000	-2.00025E+000	3.16544E-004	11	..........a	-327.68
	714	715	-1.72936E+000	-2.00195E-001	-2.39170E+000	-2.00025E+000	3.13578E-004	11	..........a	-327.68
	715	716	-1.73136E+000	-2.00195E-001	-2.39691E+000	-2.00025E+000	3.16111E-004	11	..........a	-327.68
	716	717	-1.73136E+000	-2.00195E-001	-2.39747E+000	-2.00025E+000	3.11044E-004	11	..........a	-327.68
	717	718	-1.73016E+000	-2.00195E-001	-2.40258E+000	-2.00025E+000	3.14861E-004	11	..........a	-327.68
	718	719	-1.73136E+000	-2.00195E-001	-2.40059E+000	-2.00025E+000	3.11328E-004	11	..........a	-327.68
	719	720	-1.73056E+000	-2.00195E-001	-2.40116E+000	-2.00025E+000	3.14344E-004	11	..........a	-327.68
	720	721	-1.73016E+000	-2.00195E-001	-2.40138E+000	-2.00025E+000	3.12578E-004	11	..........a	-327.68
	721	722	-1.72856E+000	-2.00195E-001	-2.39816E+000	-2.00025E+000	3.12228E-004	11	..........a	-327.68
	722	723	-1.72896E+000	-2.00195E-001	-2.25044E+000	-2.00025E+000	3.16378E-004	11	..........a	-327.68
	723	724	-1.72856E+000	-2.00194E-001	-2.25148E+000	-2.00025E+000	3.15611E-004	11	..........a	-327.68
	724	725	-1.73096E+000	-2.00195E-001	-2.25731E+000	-2.00025E+000	3.10411E-004	11	..........a	-327.68
	725	726	-1.73056E+000	-2.00195E-001	-2.25773E+000	-2.00025E+000	3.12511E-004	11	..........a	-327.68
	726	727	-1.72976E+000	-2.00195E-001	-2.26415E+000	-2.00025E+000	3.13661E-004	11	..........a	-327.68
	727	728	-1.72976E+000	-2.00195E-001	-2.26987E+000	-2.00025E+000	3.14761E-004	11	..........a	-327.68
	728	729	-1.72816E+000	-2.00195E-001	-2.27264E+000	-2.00025E+000	3.13278E-004	11	..........a	-327.68
	729	730	-1.73096E+000	-2.00195E-001	-2.27864E+000	-2.00025E+000	3.17978E-004	11	..........a	-327.68
	730	731	-1.73016E+000	-2.00195E-001	-2.28229E+000	-2.00025E+000	3.12394E-004	11	..........a	-327.68
	731	732	-1.72736E+000	-2.00195E-001	-2.29335E+000	-2.00025E+000	3.19761E-004	11	..........a	-327.68
	732	733	-1.72896E+000	-2.00195E-001	-2.29400E+000	-2.00025E+000	3.08178E-004	11	..........a	-327.68
	733	734	-1.72816E+000	-2.00196E-001	-2.29999E+000	-2.00025E+000	3.10228E-004	11	..........a	-327.68
	734	735	-1.72816E+000	-2.00196E-001	-2.30415E+000	-2.00025E+000	3.12694E-004	11	..........a	-327.68
	735	736	-1.72776E+000	-2.00195E-001	-2.30451E+000	-2.00025E+000	3.03244E-004	11	..........a	-327.68
	736	737	-1.72896E+000	-2.00196E-001	-2.31145E+000	-2.00025E+000	3.09461E-004	11	..........a	-327.68
	737	738	-1.72816E+000	-2.00196E-001	-2.30877E+000	-2.00025E+000	3.11228E-004	11	..........a	-327.68
	738	739	-1.72896E+000	-2.00195E-001	-2.31571E+000	-2.00025E+000	3.08994E-004	11	..........a	-327.68
	739	740	-1.72896E+000	-2.00196E-001	-2.31875E+000	-2.00025E+000	3.20061E-004	11	..........a	-327.68
	740	741	-1.72736E+000	-2.00196E-001	-2.33051E+000	-2.00025E+000	3.11278E-004	11	..........a	-327.68
	741	742	-1.72976E+000	-2.00196E-001	-2.33362E+000	-2.00025E+000	3.14844E-004	11	..........a	-327.68
	742	743	-1.72856E+000	-2.00196E-001	-2.33653E+000	-2.00025E+000	3.19761E-004	11	..........a	-327.68
	743	744	-1.72896E+000	-2.00195E-001	-2.34160E+000	-2.00025E+000	3.08994E-004	11	..........a	-327.68
	744	745	-1.72896E+000	-2.00195E-001	-2.34364E+000	-2.00025E+000	3.02694E-004	11	..........a	-327.68
	745	746	-1.72736E+000	-2.00195E-001	-2.35227E+000	-2.00025E+000	2.97244E-004	11	..........a	-327.68
	746	747	-1.72896E+000	-2.00195E-001	-2.35297E+000	-2.00025E+000	3.01461E-004	11	..........a	-327.68
	747	748	-1.72976E+000	-2.00195E-001	-2.35581E+000	-2.00025E+000	2.99311E-004	11	..........a	-327.68
	748	749	-1.72816E+000	-2.00195E-001	-2.36310E+000	-2.00025E+000	3.06328E-004	11	..........a	-327.68
	749	750	-1.72536E+000	-2.00195E-001	-2.36158E+000	-2.00025E+000	3.04694E-004	11	..........a	-327.68
	750	751	-1.72816E+000	-2.00195E-001	-2.36446E+000	-2.00025E+000	2.89794E-004	11	..........a	-327.68
	751	752	-1.72936E+000	-2.00195E-001	-2.36586E+000	-2.00025E+000	2.96894E-004	11	..........a	-327.68
	752	753	-1.73056E+000	-2.00195E-001	-2.37022E+000	-2.00025E+000	2.93678E-004	11	..........a	-327.68
	753	754	-1.73016E+000	-2.00195E-001	-2.37522E+000	-2.00025E+000	2.97561E-004	11	..........a	-327.68
	754	755	-1.72536E+000	-2.00195E-001	-2.38910E+000	-2.00025E+000	3.03028E-004	11	..........a	-327.68
	755	756	-1.72816E+000	-2.00195E-001	-2.39245E+000	-2.00025E+000	2.98511E-004	11	..........a	-327.68
	756	757	-1.72736E+000	-2.00194E-001	-2.39292E+000	-2.00025E+000	2.91311E-004	11	..........a	-327.68
	757	758	-1.72816E+000	-2.00195E-001	-2.39931E+000	-2.00025E+000	2.99361E-004	11	..........a	-327.68
	758	759	-1.72736E+000	-2.00195E-001	-2.39367E+000	-2.00025E+000	3.01611E-004	11	..........a	-327.68
	759	760	-1.72816E+000	-2.00195E-001	-2.39860E+000	-2.00025E+000	2.97428E-004	11	..........a	-327.68
	760	761	-1.72456E+000	-2.00195E-001	-2.39471E+000	-2.00025E+000	3.00344E-004	11	..........a	-327.68
	761	762	-1.72656E+000	-2.00195E-001	-2.39372E+000	-2.00025E+000	3.00811E-004	11	..........a	-327.68
	762	763	-1.72416E+000	-2.00195E-001	-2.39961E+000	-2.00025E+000	3.04278E-004	11	..........a	-327.68
	763	764	-1.72976E+000	-2.00195E-001	-2.39415E+000	-2.00025E+000	3.09028E-004	11	..........a	-327.68
	764	765	-1.72536E+000	-2.00195E-001	-2.25209E+000	-2.00025E+000	3.02361E-004	11	..........a	-327.68
	765	766	-1.72696E+000	-2.00195E-001	-2.25166E+000	-2.00025E+000	3.06828E-004	11	..........a	-327.68
	766	767	-1.72736E+000	-2.00195E-001	-2.25855E+000	-2.00025E+000	3.08328E-004	11	..........a	-327.68
	767	768	-1.72736E+000	-2.00195E-001	-2.26057E+000	-2.00025E+000	3.05344E-004	11	..........a	-327.68
	768	769	-1.72736E+000	-2.00195E-001	-2.26306E+000	-2.00025E+000	3.02911E-004	11	..........a	-327.68
	769	770	-1.72496E+000	-2.00195E-001	-2.27548E+000	-2.00025E+000	3.11794E-004	11	..........a	-327.68
	770	771	-1.72536E+000	-2.00195E-001	-2.27583E+000	-2.00025E+000	2.99928E-004	11	..........a	-327.68
	771	772	-1.72456E+000	-2.00195E-001	-2.28236E+000	-2.00025E+000	3.05928E-004	11	..........a	-327.68
	772	773	-1.72776E+000	-2.00195E-001	-2.27997E+000	-2.00025E+000	3.09944E-004	11	..........a	-327.68
	773	774	-1.72616E+000	-2.00195E-001	-2.28597E+000	-2.00025E+000	3.09161E-004	11	..........a	-327.68
	774	775	-1.72696E+000	-2.00195E-001	-2.28900E+000	-2.00025E+000	3.07528E-004	11	..........a	-327.68
	775	776	-1.72616E+000	-2.00195E-001	-2.29466E+000	-2.00025E+000	3.03378E-004	11	..........a	-327.68
	776	777	-1.72536E+000	-2.00195E-001	-2.30209E+000	-2.00025E+000	3.09078E-004	11	..........a	-327.68
	777	778	-1.72776E+000	-2.00195E-001	-2.29899E+000	-2.00025E+000	3.11544E-004	11	..........a	-327.68
	778	779	-1.72856E+000	-2.00195E-001	-2.30342E+000	-2.00025E+000	3.02328E-004	11	..........a	-327.68
	779	780	-1.72776E+000	-2.00196E-001	-2.30278E+000	-2.00025E+000	3.04661E-004	11	..........a	-327.68
	780	781	-1.72776E+000	-2.00195E-001	-2.31019E+000	-2.00025E+000	2.89728E-004	11	..........a	-327.68
	781	782	-1.72696E+000	-2.00195E-001	-2.31607E+000	-2.00025E+000	3.01244E-004	11	..........a	-327.68
	782	783	-1.72536E+000	-2.00195E-001	-2.32042E+000	-2.00025E+000	3.05578E-004	11	..........a	-327.68
	783	784	-1.72536E+000	-2.00195E-001	-2.33076E+000	-2.00025E+000	2.98461E-004	11	..........a	-327.68
	784	785	-1.72656E+000	-2.00195E-001	-2.33203E+000	-2.00025E+000	3.00111E-004	11	..........a	-327.68
	785	786	-1.72736E+000	-2.00196E-001	-2.33726E+000	-2.00025E+000	2.93578E-004	11	..........a	-327.68
	786	787	-1.72776E+000	-2.00196E-001	-2.33903E+000	-2.00025E+000	2.89978E-004	11	..........a	-327.68
	787	788	-1.72616E+000	-2.00196E-001	-2.34778E+000	-2.00025E+000	3.05794E-004	11	..........a	-327.68
	788	789	-1.72616E+000	-2.00196E-001	-2.35252E+000	-2.00025E+000	3.02028E-004	11	..........a	-327.68
	789	790	-1.72736E+000	-2.00196E-001	-2.35056E+000	-2.00025E+000	3.02094E-004	11	..........a	-327.68
	790	791	-1.72816E+000	-2.00195E-001	-2.35193E+000	-2.00025E+000	2.94861E-004	11	..........a	-327.68
	791	792	-1.72736E+000	-2.00195E-001	-2.35300E+000	-2.00025E+000	3.01794E-004	11	..........a	-327.68
	792	793	-1.72696E+000	-2.00194E-001	-2.35878E+000	-2.00025E+000	2.96378E-004	11	..........a	-327.68
	793	794	-1.72536E+000	-2.00195E-001	-2.36811E+000	-2.00025E+000	2.95544E-004	11	..........a	-327.68
	794	795	-1.72576E+000	-2.00195E-001	-2.37862E+000	-2.00025E+000	2.95844E-004	11	..........a	-327.68
	795	796	-1.72536E+000	-2.00195E-001	-2.37804E+000	-2.00025E+000	3.01628E-004	11	..........a	-327.68
	796	797	-1.72776E+000	-2.00195E-001	-2.37544E+000	-2.00025E+000	2.97194E-004	11	..........a	-327.68
	797	798	-1.72696E+000	-2.00195E-001	-2.38276E+000	-2.00025E+000	3.01544E-004	11	..........a	-327.68
	798	799	-1.72536E+000	-2.00195E-001	-2.38265E+000	-2.00025E+000	3.07861E-004	11	..........a	-327.68
	799	800	-1.72696E+000	-2.00195E-001	-2.38638E+000	-2.00025E+000	3.00844E-004	11	..........a	-327.68
	800	801	-1.72576E+000	-2.00195E-001	-2.38439E+000	-2.00025E+000	3.04311E-004	11	..........a	-327.68
	801	802	-1.72576E+000	-2.00196E-001	-2.38631E+000	-2.00025E+000	3.01911E-004	11	..........a	-327.68
	802	803	-1.72616E+000	-2.00196E-001	-2.39135E+000	-2.00025E+000	3.02061E-004	11	..........a	-327.68
	803	804	-1.72176E+000	-2.00196E-001	-2.39859E+000	-2.00025E+000	3.12194E-004	11	..........a	-327.68
	804	805	-1.72576E+000	-2.00196E-001	-2.40124E+000	-2.00025E+000	3.07411E-004	11	..........a	-327.68
	805	806	-1.72096E+000	-2.00196E-001	-2.40529E+000	-2.00025E+000	3.06144E-004	11	..........a	-327.68
	806	807	-1.72616E+000	-2.00196E-001	-2.40219E+000	-2.00025E+000	3.05861E-004	11	..........a	-327.68
	807	808	-1.72376E+000	-2.00196E-001	-2.24883E+000	-2.00025E+000	3.05328E-004	11	..........a	-327.68
	808	809	-1.72376E+000	-2.00196E-001	-2.24650E+000	-2.00025E+000	3.10394E-004	11	..........a	-327.68
	809	810	-1.72456E+000	-2.00195E-001	-2.25412E+000	-2.00025E+000	3.02678E-004	11	..........a	-327.68
	810	811	-1.72576E+000	-2.00195E-001	-2.25254E+000	-2.00025E+000	3.07461E-004	11	..........a	-327.68
	811	812	-1.72376E+000	-2.00195E-001	-2.26201E+000	-2.00025E+000	3.08911E-004	11	..........a	-327.68
	812	813	-1.72616E+000	-2.00196E-001	-2.25840E+000	-2.00025E+000	3.09394E-004	11	..........a	-327.68
	813	814	-1.72696E+000	-2.00196E-001	-2.26178E+000	-2.00025E+000	3.02994E-004	11	..........a	-327.68
	814	815	-1.72376E+000	-2.00195E-001	-2.26438E+000	-2.00025E+000	2.97944E-004	11	..........a	-327.68
	815	816	-1.72336E+000	-2.00195E-001	-2.26936E+000	-2.00025E+000	3.12461E-004	11	..........a	-327.68
	816	817	-1.72416E+000	-2.00196E-001	-2.27528E+000	-2.00025E+000	3.07444E-004	11	..........a	-327.68
	817	818	-1.72496E+000	-2.00195E-001	-2.27703E+000	-2.00025E+000	3.07228E-004	11	..........a	-327.68
	818	819	-1.72576E+000	-2.00195E-001	-2.28748E+000	-2.00025E+000	3.03661E-004	11	..........a	-327.68
	819	820	-1.72416E+000	-2.00196E-001	-2.28876E+000	-2.00025E+000	3.06411E-004	11	..........a	-327.68
	820	821	-1.72536E+000	-2.00195E-001	-2.29925E+000	-2.00025E+000	3.00311E-004	11	..........a	-327.68
	821	822	-1.72376E+000	-2.00195E-001	-2.30690E+000	-2.00025E+000	3.06278E-004	11	..........a	-327.68
	822	823	-1.72616E+000	-2.00195E-001	-2.30381E+000	-2.00025E+000	3.13311E-004	11	..........a	-327.68
	823	824	-1.72296E+000	-2.00195E-001	-2.31526E+000	-2.00025E+000	3.06428E-004	11	..........a	-327.68
	824	825	-1.72656E+000	-2.00196E-001	-2.31011E+000	-2.00025E+000	3.07244E-004	11	..........a	-327.68
	825	826	-1.72456E+000	-2.00195E-001	-2.32324E+000	-2.00025E+000	3.00978E-004	11	..........a	-327.68
	826	827	-1.72496E+000	-2.00196E-001	-2.32728E+000	-2.00025E+000	2.96278E-004	11	..........a	-327.68
	827	828	-1.72616E+000	-2.00195E-001	-2.32478E+000	-2.00025E+000	2.98744E-004	11	..........a	-327.68
	828	829	-1.72536E+000	-2.00195E-001	-2.33536E+000	-2.00025E+000	2.96344E-004	11	..........a	-327.68
	829	830	-1.72296E+000	-2.00195E-001	-2.33866E+000	-2.00025E+000	3.02194E-004	11	..........a	-327.68
	830	831	-1.72656E+000	-2.00195E-001	-2.34262E+000	-2.00025E+000	2.99361E-004	11	..........a	-327.68
	831	832	-1.72576E+000	-2.00195E-001	-2.34416E+000	-2.00025E+000	2.94161E-004	11	..........a	-327.68
	832	833	-1.72496E+000	-2.00195E-001	-2.35051E+000	-2.00025E+000	3.00928E-004	11	..........a	-327.68
	833	834	-1.72336E+000	-2.00195E-001	-2.35689E+000	-2.00025E+000	3.07644E-004	11	..........a	-327.68
	834	835	-1.72536E+000	-2.00195E-001	-2.35985E+000	-2.00025E+000	3.01628E-004	11	..........a	-327.68
	835	836	-1.72536E+000	-2.00195E-001	-2.36795E+000	-2.00025E+000	3.06478E-004	11	..........a	-327.68
	836	837	-1.72736E+000	-2.00195E-001	-2.36318E+000	-2.00025E+000	3.07911E-004	11	..........a	-327.68
	837	838	-1.72456E+000	-2.00195E-001	-2.37211E+000	-2.00025E+000	3.12078E-004	11	..........a	-327.68
	838	839	-1.72416E+000	-2.00195E-001	-2.36683E+000	-2.00025E+000	3.06261E-004	11	..........a	-327.68
	839	840	-1.72416E+000	-2.00195E-001	-2.36779E+000	-2.00025E+000	3.00311E-004	11	..........a	-327.68
	840	841	-1.72376E+000	-2.00195E-001	-2.36961E+000	-2.00025E+000	3.06078E-004	11	..........a	-327.68
	841	842	-1.72376E+000	-2.00195E-001	-2.37219E+000	-2.00025E+000	3.06078E-004	11	..........a	-327.68
	842	843	-1.72496E+000	-2.00195E-001	-2.37450E+000	-2.00025E+000	3.02828E-004	11	..........a	-327.68
	843	844	-1.72336E+000	-2.00195E-001	-2.37775E+000	-2.00025E+000	3.12778E-004	11	..........a	-327.68
	844	845	-1.72696E+000	-2.00196E-001	-2.37818E+000	-2.00025E+000	3.36561E-004	11	..........a	-327.68
	845	846	-1.72336E+000	-2.00197E-001	-2.38188E+000	-2.00025E+000	3.43294E-004	11	..........a	-327.68
	846	847	-1.72216E+000	-2.00196E-001	-2.38961E+000	-2.00025E+000	3.37394E-004	11	..........a	-327.68
	847	848	-1.72376E+000	-2.00197E-001	-2.38397E+000	-2.00025E+000	3.43094E-004	11	..........a	-327.68
	848	849	-1.72656E+000	-2.00196E-001	-2.38423E+000	-2.00025E+000	3.33961E-004	11	..........a	-327.68
	849	850	-1.72416E+000	-2.00196E-001	-2.39071E+000	-2.00025E+000	3.35111E-004	11	..........a	-327.68
	850	851	-1.72536E+000	-2.00197E-001	-2.38826E+000	-2.00025E+000	3.36744E-004	11	..........a	-327.68
	851	852	-1.72416E+000	-2.00197E-001	-2.39242E+000	-2.00025E+000	3.41528E-004	11	..........a	-327.68
	852	853	-1.72456E+000	-2.00197E-001	-2.30274E+000	-2.00025E+000	3.37478E-004	11	..........a	-327.68
	853	854	-1.72416E+000	-2.00196E-001	-2.24308E+000	-2.00025E+000	3.39094E-004	11	..........a	-327.68
	854	855	-1.72496E+000	-2.00196E-001	-2.23954E+000	-2.00025E+000	3.35028E-004	11	..........a	-327.68
	855	856	-1.72496E+000	-2.00197E-001	-2.24254E+000	-2.00025E+000	3.32461E-004	11	..........a	-327.68
	856	857	-1.72376E+000	-2.00196E-001	-2.25095E+000	-2.00025E+000	3.28494E-004	11	..........a	-327.68
	857	858	-1.72336E+000	-2.00196E-001	-2.25543E+000	-2.00025E+000	3.34961E-004	11	..........a	-327.68
	858	859	-1.72496E+000	-2.00196E-001	-2.26392E+000	-2.00025E+000	3.27944E-004	11	..........a	-327.68
	859	860	-1.72456E+000	-2.00196E-001	-2.26456E+000	-2.00025E+000	3.28411E-004	11	..........a	-327.68
	860	861	-1.72576E+000	-2.00197E-001	-2.27023E+000	-2.00025E+000	3.23161E-004	11	..........a	-327.68
	861	862	-1.72016E+000	-2.00197E-001	-2.27666E+000	-2.00025E+000	3.42144E-004	11	..........a	-327.68
	862	863	-1.72496E+000	-2.00197E-001	-2.27204E+000	-2.00025E+000	3.43828E-004	11	..........a	-327.68
	863	864	-1.72256E+000	-2.00197E-001	-2.28204E+000	-2.00025E+000	3.48728E-004	11	..........a	-327.68
	864	865	-1.72416E+000	-2.00196E-001	-2.28112E+000	-2.00025E+000	3.44694E-004	11	..........a	-327.68
	865	866	-1.72496E+000	-2.00196E-001	-2.29029E+000	-2.00025E+000	3.46244E-004	11	..........a	-327.68
	866	867	-1.72496E+000	-2.00197E-001	-2.29532E+000	-2.00025E+000	3.45194E-004	11	..........a	-327.68
	867	868	-1.72336E+000	-2.00197E-001	-2.30359E+000	-2.00025E+000	3.39694E-004	11	..........a	-327.68
	868	869	-1.72536E+000	-2.00197E-001	-2.30618E+000	-2.00025E+000	3.33744E-004	11	..........a	-327.68
	869	870	-1.72576E+000	-2.00197E-001	-2.31036E+000	-2.00025E+000	3.43211E-004	11	..........a	-327.68
	870	871	-1.72576E+000	-2.00197E-001	-2.31759E+000	-2.00025E+000	3.37961E-004	11	..........a	-327.68
	871	872	-1.72536E+000	-2.00197E-001	-2.31707E+000	-2.00025E+000	3.41678E-004	11	..........a	-327.68
	872	873	-1.72576E+000	-2.00196E-001	-2.32422E+000	-2.00025E+000	3.33928E-004	11	..........a	-327.68
	873	874	-1.72536E+000	-2.00197E-001	-2.32382E+000	-2.00025E+000	3.36578E-004	11	..........a	-327.68
	874	875	-1.72336E+000	-2.00197E-001	-2.33144E+000	-2.00025E+000	3.39028E-004	11	..........a	-327.68
	875	876	-1.72616E+000	-2.00197E-001	-2.33509E+000	-2.00025E+000	3.36244E-004	11	..........a	-327.68
	876	877	-1.72336E+000	-2.00197E-001	-2.34039E+000	-2.00025E+000	3.32828E-004	11	..........a	-327.68
	877	878	-1.72336E+000	-2.00197E-001	-2.34721E+000	-2.00025E+000	3.41161E-004	11	..........a	-327.68
	878	879	-1.72416E+000	-2.00196E-001	-2.34660E+000	-2.00025E+000	3.42728E-004	11	..........a	-327.68
	879	880	-1.72296E+000	-2.00197E-001	-2.35478E+000	-2.00025E+000	3.41694E-004	11	..........a	-327.68
	880	881	-1.72616E+000	-2.00197E-001	-2.35094E+000	-2.00025E+000	3.31061E-004	11	..........a	-327.68
	881	882	-1.72456E+000	-2.00197E-001	-2.35705E+000	-2.00025E+000	3.33411E-004	11	..........a	-327.68
	882	883	-1.72496E+000	-2.00197E-001	-2.36037E+000	-2.00025E+000	3.39244E-004	11	..........a	-327.68
	883	884	-1.72496E+000	-2.00197E-001	-2.36359E+000	-2.00025E+000	3.47428E-004	11	..........a	-327.68
	884	885	-1.72256E+000	-2.00197E-001	-2.36806E+000	-2.00025E+000	3.31228E-004	11	..........a	-327.68
	885	886	-1.72176E+000	-2.00197E-001	-2.36938E+000	-2.00025E+000	3.38561E-004	11	..........a	-327.68
	886	887	-1.72296E+000	-2.00196E-001	-2.37697E+000	-2.00025E+000	3.36894E-004	11	..........a	-327.68
	887	888	-1.72256E+000	-2.00196E-001	-2.37839E+000	-2.00025E+000	3.39228E-004	11	..........a	-327.68
	888	889	-1.72416E+000	-2.00197E-001	-2.37640E+000	-2.00025E+000	3.35061E-004	11	..........a	-327.68
	889	890	-1.72096E+000	-2.00196E-001	-2.38485E+000	-2.00025E+000	3.39561E-004	11	..........a	-327.68
	890	891	-1.72336E+000	-2.00197E-001	-2.37268E+000	-2.00025E+000	3.32428E-004	11	..........a	-327.68
	891	892	-1.72296E+000	-2.00197E-001	-2.37588E+000	-2.00025E+000	3.31778E-004	11	..........a	-327.68
	892	893	-1.71976E+000	-2.00196E-001	-2.22232E+000	-2.00025E+000	3.27028E-004	11	..........a	-327.68
	893	894	-1.72256E+000	-2.00196E-001	-2.22774E+000	-2.00025E+000	3.37211E-004	11	..........a	-327.68
	894	895	-1.72216E+000	-2.00197E-001	-2.23074E+000	-2.00025E+000	3.41694E-004	11	..........a	-327.68
	895	896	-1.72136E+000	-2.00196E-001	-2.23061E+000	-2.00025E+000	3.35794E-004	11	..........a	-327.68
	896	897	-1.72256E+000	-2.00196E-001	-2.23777E+000	-2.00025E+000	3.42561E-004	11	..........a	-327.68
	897	898	-1.72416E+000	-2.00197E-001	-2.23888E+000	-2.00025E+000	3.43444E-004	11	..........a	-327.68
	898	899	-1.72416E+000	-2.00197E-001	-2.25091E+000	-2.00025E+000	3.29711E-004	11	..........a	-327.68
	899	900	-1.72456E+000	-2.00196E-001	-2.24765E+000	-2.00025E+000	3.37944E-004	11	..........a	-327.68
	900	901	-1.71936E+000	-2.00201E-001	-2.25865E+000	-2.00025E+000	6.40894E-004	11	..........a	-327.68
	901	902	-1.72216E+000	-2.00201E-001	-2.26118E+000	-2.00025E+000	6.40694E-004	11	..........a	-327.68
	902	903	-1.72296E+000	-2.00201E-001	-2.26759E+000	-2.00025E+000	6.31011E-004	11	..........a	-327.68
	903	904	-1.72336E+000	-2.00202E-001	-2.26864E+000	-2.00025E+000	6.43061E-004	11	..........a	-327.68
	904	905	-1.72216E+000	-2.00200E-001	-2.27554E+000	-2.00025E+000	6.17428E-004	11	..........a	-327.68
	905	906	-1.72536E+000	-2.00200E-001	-2.28298E+000	-2.00025E+000	6.25828E-004	11	..........a	-327.68
	906	907	-1.72376E+000	-2.00201E-001	-2.28628E+000	-2.00025E+000	6.41544E-004	11	..........a	-327.68
	907	908	-1.72256E+000	-2.00202E-001	-2.29062E+000	-2.00025E+000	6.64478E-004	11	..........a	-327.68
	908	909	-1.72176E+000	-2.00202E-001	-2.29215E+000	-2.00025E+000	6.48311E-004	11	..........a	-327.68
	909	910	-1.72176E+000	-2.00191E-001	-2.29695E+000	-2.00025E+000	1.86494E-004	11	..........a	-327.68
	910	911	-1.72216E+000	-2.00191E-001	-2.30731E+000	-2.00025E+000	1.82644E-004	11	..........a	-327.68
	911	912	-1.72256E+000	-2.00191E-001	-2.30832E+000	-2.00025E+000	1.75811E-004	11	..........a	-327.68
	912	913	-1.72216E+000	-2.00191E-001	-2.31764E+000	-2.00025E+000	1.74861E-004	11	..........a	-327.68
	913	914	-1.72416E+000	-2.00191E-001	-2.31737E+000	-2.00025E+000	1.73694E-004	11	..........a	-327.68
	914	915	-1.72456E+000	-2.00191E-001	-2.32045E+000	-2.00025E+000	1.76061E-004	11	..........a	-327.68
	915	916	-1.72256E+000	-2.00191E-001	-2.33493E+000	-2.00025E+000	1.73311E-004	11	..........a	-327.68
	916	917	-1.72256E+000	-2.00191E-001	-2.33896E+000	-2.00025E+000	1.80178E-004	11	..........a	-327.68
	917	918	-1.72336E+000	-2.00191E-001	-2.34178E+000	-2.00025E+000	1.74994E-004	11	..........a	-327.68
	918	919	-1.72136E+000	-2.00191E-001	-2.34325E+000	-2.00025E+000	1.68794E-004	11	..........a	-327.68
	919	920	-1.72416E+000	-2.00191E-001	-2.34702E+000	-2.00025E+000	1.76911E-004	11	..........a	-327.68
	920	921	-1.72296E+000	-2.00191E-001	-2.34875E+000	-2.00025E+000	1.75944E-004	11	..........a	-327.68
	921	922	-1.72256E+000	-2.00191E-001	-2.35409E+000	-2.00025E+000	1.64561E-004	11	..........a	-327.68
	922	923	-1.72016E+000	-2.00197E-001	-2.36306E+000	-2.00025E+000	2.95394E-004	11	..........a	-327.68
	923	924	-1.72256E+000	-2.00197E-001	-2.36210E+000	-2.00025E+000	3.03744E-004	11	..........a	-327.68
	924	925	-1.72176E+000	-2.00197E-001	-2.36597E+000	-2.00025E+000	2.95128E-004	11	..........a	-327.68
	925	926	-1.72136E+000	-2.00197E-001	-2.36375E+000	-2.00025E+000	3.02228E-004	11	..........a	-327.68
	926	927	-1.72336E+000	-2.00197E-001	-2.36688E+000	-2.00025E+000	2.97794E-004	11	..........a	-327.68
	927	928	-1.72016E+000	-2.00198E-001	-2.37220E+000	-2.00025E+000	2.98794E-004	11	..........a	-327.68
	928	929	-1.71976E+000	-2.00198E-001	-2.37643E+000	-2.00025E+000	2.95528E-004	11	..........a	-327.68
	929	930	-1.72176E+000	-2.00197E-001	-2.37989E+000	-2.00025E+000	2.89744E-004	11	..........a	-327.68
	930	931	-1.72216E+000	-2.00197E-001	-2.38230E+000	-2.00025E+000	2.97311E-004	11	..........a	-327.68
	931	932	-1.72216E+000	-2.00197E-001	-2.39079E+000	-2.00025E+000	2.89311E-004	11	..........a	-327.68
	932	933	-1.72136E+000	-2.00197E-001	-2.39569E+000	-2.00025E+000	3.00328E-004	11	..........a	-327.68
	933	934	-1.72056E+000	-2.00196E-001	-2.39402E+000	-2.00025E+000	3.04828E-004	11	..........a	-327.68
	934	935	-1.71976E+000	-2.00196E-001	-2.39494E+000	-2.00025E+000	3.00228E-004	11	..........a	-327.68
	935	936	-1.72136E+000	-2.00196E-001	-2.39380E+000	-2.00025E+000	3.00661E-004	11	..........a	-327.68
	936	937	-1.71976E+000	-2.00196E-001	-2.39510E+000	-2.00025E+000	3.13511E-004	11	..........a	-327.68
	937	938	-1.71976E+000	-2.00196E-001	-2.39300E+000	-2.00025E+000	3.13528E-004	11	..........a	-327.68
	938	939	-1.71896E+000	-2.00196E-001	-2.24683E+000	-2.00025E+000	3.09694E-004	11	..........a	-327.68
	939	940	-1.71976E+000	-2.00196E-001	-2.23672E+000	-2.00025E+000	3.03878E-004	11	..........a	-327.68
	940	941	-1.72176E+000	-2.00196E-001	-2.24096E+000	-2.00025E+000	3.06894E-004	11	..........a	-327.68
	941	942	-1.72136E+000	-2.00196E-001	-2.24606E+000	-2.00025E+000	2.99011E-004	11	..........a	-327.68
	942	943	-1.71896E+000	-2.00196E-001	-2.25546E+000	-2.00025E+000	3.00311E-004	11	..........a	-327.68
	943	944	-1.72056E+000	-2.00196E-001	-2.26352E+000	-2.00025E+000	3.02844E-004	11	..........a	-327.68
	944	945	-1.71816E+000	-2.00196E-001	-2.26306E+000	-2.00025E+000	3.04028E-004	11	..........a	-327.68
	945	946	-1.72056E+000	-2.00196E-001	-2.27025E+000	-2.00025E+000	2.98644E-004	11	..........a	-327.68
	946	947	-1.72136E+000	-2.00195E-001	-2.26984E+000	-2.00025E+000	2.87028E-004	11	..........a	-327.68
	947	948	-1.72056E+000	-2.00196E-001	-2.27909E+000	-2.00025E+000	2.92511E-004	11	..........a	-327.68
	948	949	-1.72056E+000	-2.00196E-001	-2.28756E+000	-2.00025E+000	2.90778E-004	11	..........a	-327.68
	949	950	-1.72016E+000	-2.00196E-001	-2.28639E+000	-2.00025E+000	2.99344E-004	11	..........a	-327.68
	950	951	-1.71976E+000	-2.00196E-001	-2.29750E+000	-2.00025E+000	2.96678E-004	11	..........a	-327.68
	951	952	-1.71936E+000	-2.00196E-001	-2.29964E+000	-2.00025E+000	2.94278E-004	11	..........a	-327.68
	952	953	-1.72216E+000	-2.00196E-001	-2.30591E+000	-2.00025E+000	2.96228E-004	11	..........a	-327.68
	953	954	-1.72096E+000	-2.00196E-001	-2.30974E+000	-2.00025E+000	2.97178E-004	11	..........a	-327.68
	954	955	-1.72136E+000	-2.00196E-001	-2.31562E+000	-2.00025E+000	2.93644E-004	11	..........a	-327.68
	955	956	-1.71976E+000	-2.00196E-001	-2.31882E+000	-2.00025E+000	2.87178E-004	11	..........a	-327.68
	956	957	-1.72056E+000	-2.00197E-001	-2.32148E+000	-2.00025E+000	2.95044E-004	11	..........a	-327.68
	957	958	-1.72096E+000	-2.00197E-001	-2.32758E+000	-2.00025E+000	2.97594E-004	11	..........a	-327.68
	958	959	-1.71896E+000	-2.00196E-001	-2.33447E+000	-2.00025E+000	2.87494E-004	11	..........a	-327.68
	959	960	-1.72056E+000	-2.00196E-001	-2.33849E+000	-2.00025E+000	2.96311E-004	11	..........a	-327.68
	960	961	-1.72016E+000	-2.00196E-001	-2.33993E+000	-2.00025E+000	2.81878E-004	11	..........a	-327.68
	961	962	-1.71896E+000	-2.00196E-001	-2.34301E+000	-2.00025E+000	2.96978E-004	11	..........a	-327.68
	962	963	-1.71976E+000	-2.00196E-001	-2.35383E+000	-2.00025E+000	2.93511E-004	11	..........a	-327.68
	963	964	-1.71736E+000	-2.00196E-001	-2.35376E+000	-2.00025E+000	2.90561E-004	11	..........a	-327.68
	964	965	-1.72056E+000	-2.00196E-001	-2.35864E+000	-2.00025E+000	3.02761E-004	11	..........a	-327.68
	965	966	-1.72056E+000	-2.00196E-001	-2.36024E+000	-2.00025E+000	3.04044E-004	11	..........a	-327.68
	966	967	-1.72136E+000	-2.00196E-001	-2.36421E+000	-2.00025E+000	3.04178E-004	11	..........a	-327.68
	967	968	-1.72056E+000	-2.00197E-001	-2.36896E+000	-2.00025E+000	3.06578E-004	11	..........a	-327.68
	968	969	-1.71896E+000	-2.00196E-001	-2.37496E+000	-2.00025E+000	2.96728E-004	11	..........a	-327.68
	969	970	-1.71896E+000	-2.00196E-001	-2.38200E+000	-2.00025E+000	3.07211E-004	11	..........a	-327.68
	970	971	-1.71896E+000	-2.00196E-001	-2.38076E+000	-2.00025E+000	3.00761E-004	11	..........a	-327.68
	971	972	-1.71976E+000	-2.00196E-001	-2.38644E+000	-2.00025E+000	3.08544E-004	11	..........a	-327.68
	972	973	-1.72216E+000	-2.00196E-001	-2.38529E+000	-2.00025E+000	3.01978E-004	11	..........a	-327.68
	973	974	-1.71976E+000	-2.00196E-001	-2.39500E+000	-2.00025E+000	2.96478E-004	11	..........a	-327.68
	974	975	-1.71816E+000	-2.00196E-001	-2.39847E+000	-2.00025E+000	3.04244E-004	11	..........a	-327.68
	975	976	-1.71976E+000	-2.00197E-001	-2.39819E+000	-2.00025E+000	2.97961E-004	11	..........a	-327.68
	976	977	-1.71896E+000	-2.00196E-001	-2.40255E+000	-2.00025E+000	2.83611E-004	11	..........a	-327.68
	977	978	-1.71896E+000	-2.00196E-001	-2.40286E+000	-2.00025E+000	2.95994E-004	11	..........a	-327.68
	978	979	-1.72056E+000	-2.00196E-001	-2.40616E+000	-2.00025E+000	2.93344E-004	11	..........a	-327.68
	979	980	-1.71896E+000	-2.00196E-001	-2.40140E+000	-2.00025E+000	2.95794E-004	11	..........a	-327.68
	980	981	-1.71816E+000	-2.00196E-001	-2.39359E+000	-2.00025E+000	2.97978E-004	11	..........a	-327.68
	981	982	-1.71976E+000	-2.00197E-001	-2.24682E+000	-2.00025E+000	3.05861E-004	11	..........a	-327.68
	982	983	-1.72056E+000	-2.00197E-001	-2.25110E+000	-2.00025E+000	3.05194E-004	11	..........a	-327.68
	983	984	-1.72016E+000	-2.00197E-001	-2.26030E+000	-2.00025E+000	3.04561E-004	11	..........a	-327.68
	984	985	-1.72136E+000	-2.00197E-001	-2.25785E+000	-2.00025E+000	3.04794E-004	11	..........a	-327.68
	985	986	-1.71976E+000	-2.00196E-001	-2.27184E+000	-2.00025E+000	3.06011E-004	11	..........a	-327.68
	986	987	-1.72056E+000	-2.00196E-001	-2.27570E+000	-2.00025E+000	2.97761E-004	11	..........a	-327.68
	987	988	-1.71816E+000	-2.00196E-001	-2.28493E+000	-2.00025E+000	3.01694E-004	11	..........a	-327.68
	988	989	-1.71896E+000	-2.00196E-001	-2.29130E+000	-2.00025E+000	3.07628E-004	11	..........a	-327.68
	989	990	-1.71976E+000	-2.00196E-001	-2.28878E+000	-2.00025E+000	3.07544E-004	11	..........a	-327.68
	990	991	-1.72136E+000	-2.00196E-001	-2.29385E+000	-2.00025E+000	3.00728E-004	11	..........a	-327.68
	991	992	-1.71976E+000	-2.00196E-001	-2.29848E+000	-2.00025E+000	3.12528E-004	11	..........a	-327.68
	992	993	-1.71976E+000	-2.00196E-001	-2.30844E+000	-2.00025E+000	3.06461E-004	11	..........a	-327.68
	993	994	-1.71896E+000	-2.00196E-001	-2.31661E+000	-2.00025E+000	2.94861E-004	11	..........a	-327.68
	994	995	-1.72096E+000	-2.00196E-001	-2.32065E+000	-2.00025E+000	2.97561E-004	11	..........a	-327.68
	995	996	-1.71896E+000	-2.00196E-001	-2.32281E+000	-2.00025E+000	3.03911E-004	11	..........a	-327.68
	996	997	-1.72016E+000	-2.00196E-001	-2.32170E+000	-2.00025E+000	3.03411E-004	11	..........a	-327.68
	997	998	-1.71976E+000	-2.00196E-001	-2.33134E+000	-2.00025E+000	2.93161E-004	11	..........a	-327.68
	998	999	-1.72136E+000	-2.00196E-001	-2.32891E+000	-2.00025E+000	3.02228E-004	11	..........a	-327.68
	999	1000	-1.71896E+000	-2.00196E-001	-2.33889E+000	-2.00025E+000	3.11394E-004	11	..........a	-327.68
	1000	1001	-1.72056E+000	-2.00196E-001	-2.33515E+000	-2.00025E+000	3.07111E-004	11	..........a	-327.68
	1001	1002	-1.71936E+000	-2.00195E-001	-2.34136E+000	-2.00025E+000	3.05628E-004	11	..........a	-327.68
	1002	1003	-1.71816E+000	-2.00196E-001	-2.34980E+000	-2.00025E+000	3.09711E-004	11	..........a	-327.68
	1003	1004	-1.71976E+000	-2.00196E-001	-2.34926E+000	-2.00025E+000	3.08911E-004	11	..........a	-327.68
	1004	1005	-1.72016E+000	-2.00196E-001	-2.35732E+000	-2.00025E+000	3.02161E-004	11	..........a	-327.68
	1005	1006	-1.72016E+000	-2.00196E-001	-2.35999E+000	-2.00025E+000	2.95211E-004	11	..........a	-327.68
	1006	1007	-1.71896E+000	-2.00196E-001	-2.36703E+000	-2.00025E+000	2.97361E-004	11	..........a	-327.68
	1007	1008	-1.71976E+000	-2.00196E-001	-2.36395E+000	-2.00025E+000	3.09811E-004	11	..........a	-327.68
	1008	1009	-1.71896E+000	-2.00196E-001	-2.37066E+000	-2.00025E+000	3.06111E-004	11	..........a	-327.68
	1009	1010	-1.72056E+000	-2.00196E-001	-2.37583E+000	-2.00025E+000	3.01094E-004	11	..........a	-327.68
	1010	1011	-1.71976E+000	-2.00196E-001	-2.37547E+000	-2.00025E+000	3.08278E-004	11	..........a	-327.68
	1011	1012	-1.71896E+000	-2.00196E-001	-2.38031E+000	-2.00025E+000	3.04878E-004	11	..........a	-327.68
	1012	1013	-1.71976E+000	-2.00196E-001	-2.37975E+000	-2.00025E+000	3.12544E-004	11	..........a	-327.68
	1013	1014	-1.71936E+000	-2.00197E-001	-2.38342E+000	-2.00025E+000	3.03444E-004	11	..........a	-327.68
	1014	1015	-1.71736E+000	-2.00196E-001	-2.23159E+000	-2.00025E+000	2.98094E-004	11	..........a	-327.68
	1015	1016	-1.71896E+000	-2.00196E-001	-2.23440E+000	-2.00025E+000	3.02728E-004	11	..........a	-327.68
	1016	1017	-1.71816E+000	-2.00196E-001	-2.24286E+000	-2.00025E+000	3.04794E-004	11	..........a	-327.68
	1017	1018	-1.71576E+000	-2.00195E-001	-2.24977E+000	-2.00025E+000	2.56328E-004	11	..........a	-327.68
	1018	1019	-1.71896E+000	-2.00195E-001	-2.25579E+000	-2.00025E+000	2.50278E-004	11	..........a	-327.68
	1019	1020	-1.71736E+000	-2.00196E-001	-2.25794E+000	-2.00025E+000	2.55244E-004	11	..........a	-327.68
	1020	1021	-1.71896E+000	-2.00195E-001	-2.26932E+000	-2.00025E+000	2.61478E-004	11	..........a	-327.68
	1021	1022	-1.71896E+000	-2.00196E-001	-2.27599E+000	-2.00025E+000	2.55661E-004	11	..........a	-327.68
	1022	1023	-1.72136E+000	-2.00196E-001	-2.27590E+000	-2.00025E+000	2.53144E-004	11	..........a	-327.68
	1023	1024	-1.71936E+000	-2.00196E-001	-2.28539E+000	-2.00025E+000	2.55628E-004	11	..........a	-327.68
	1024	1025	-1.71816E+000	-2.00195E-001	-2.28755E+000	-2.00025E+000	2.41928E-004	11	..........a	-327.68
	1025	1026	-1.71896E+000	-2.00195E-001	-2.29427E+000	-2.00025E+000	2.54944E-004	11	..........a	-327.68
	1026	1027	-1.71816E+000	-2.00195E-001	-2.29744E+000	-2.00025E+000	2.56811E-004	11	..........a	-327.68
	1027	1028	-1.71896E+000	-2.00195E-001	-2.30323E+000	-2.00025E+000	2.52728E-004	11	..........a	-327.68
	1028	1029	-1.71856E+000	-2.00195E-001	-2.30660E+000	-2.00025E+000	1.09994E-004	11	..........a	-327.68
	1029	1030	-1.71936E+000	-2.00196E-001	-2.30699E+000	-2.00025E+000	1.10878E-004	11	..........a	-327.68
	1030	1031	-1.71656E+000	-2.00196E-001	-2.31822E+000	-2.00025E+000	1.02428E-004	11	..........a	-327.68
	1031	1032	-1.72136E+000	-2.00196E-001	-2.31777E+000	-2.00025E+000	1.08611E-004	11	..........a	-327.68
	1032	1033	-1.71976E+000	-2.00195E-001	-2.32641E+000	-2.00025E+000	1.12994E-004	11	..........a	-327.68
	1033	1034	-1.71976E+000	-2.00196E-001	-2.33144E+000	-2.00025E+000	1.13078E-004	11	..........a	-327.68
	1034	1035	-1.72056E+000	-2.00196E-001	-2.33570E+000	-2.00025E+000	1.08378E-004	11	..........a	-327.68
	1035	1036	-1.72056E+000	-2.00196E-001	-2.34022E+000	-2.00025E+000	1.09944E-004	11	..........a	-327.68
	1036	1037	-1.71816E+000	-2.00196E-001	-2.34565E+000	-2.00025E+000	1.12011E-004	11	..........a	-327.68
	1037	1038	-1.71936E+000	-2.00196E-001	-2.35698E+000	-2.00025E+000	1.10278E-004	11	..........a	-327.68
	1038	1039	-1.71896E+000	-2.00196E-001	-2.35030E+000	-2.00025E+000	1.03378E-004	11	..........a	-327.68
	1039	1040	-1.71896E+000	-2.00196E-001	-2.35381E+000	-2.00025E+000	1.12211E-004	11	..........a	-327.68
	1040	1041	-1.71976E+000	-2.00196E-001	-2.35519E+000	-2.00025E+000	1.04211E-004	11	..........a	-327.68
	1041	1042	-1.71976E+000	-2.00196E-001	-2.35751E+000	-2.00025E+000	1.07411E-004	11	..........a	-327.68
	1042	1043	-1.72056E+000	-2.00196E-001	-2.36103E+000	-2.00025E+000	1.15711E-004	11	..........a	-327.68
	1043	1044	-1.71816E+000	-2.00195E-001	-2.36617E+000	-2.00025E+000	1.07444E-004	11	..........a	-327.68
	1044	1045	-1.71896E+000	-2.00196E-001	-2.37176E+000	-2.00025E+000	1.07661E-004	11	..........a	-327.68
	1045	1046	-1.71896E+000	-2.00196E-001	-2.37212E+000	-2.00025E+000	1.07444E-004	11	..........a	-327.68
	1046	1047	-1.71896E+000	-2.00196E-001	-2.37595E+000	-2.00025E+000	1.03511E-004	11	..........a	-327.68
	1047	1048	-1.71856E+000	-2.00196E-001	-2.37986E+000	-2.00025E+000	1.02411E-004	11	..........a	-327.68
	1048	1049	-1.71816E+000	-2.00196E-001	-2.38347E+000	-2.00025E+000	1.04594E-004	11	..........a	-327.68
	1049	1050	-1.71816E+000	-2.00196E-001	-2.39325E+000	-2.00025E+000	1.06961E-004	11	..........a	-327.68
	1050	1051	-1.71816E+000	-2.00196E-001	-2.39382E+000	-2.00025E+000	1.06411E-004	11	..........a	-327.68
	1051	1052	-1.71896E+000	-2.00196E-001	-2.40101E+000	-2.00025E+000	1.07461E-004	11	..........a	-327.68
	1052	1053	-1.71896E+000	-2.00196E-001	-2.40155E+000	-2.00025E+000	1.07861E-004	11	..........a	-327.68
	1053	1054	-1.71736E+000	-2.00196E-001	-2.40970E+000	-2.00025E+000	1.13061E-004	11	..........a	-327.68
	1054	1055	-1.71856E+000	-2.00196E-001	-2.41350E+000	-2.00025E+000	1.03278E-004	11	..........a	-327.68
	1055	1056	-1.71816E+000	-2.00196E-001	-2.40562E+000	-2.00025E+000	1.00394E-004	11	..........a	-327.68
	1056	1057	-1.71536E+000	-2.00196E-001	-2.22709E+000	-2.00025E+000	1.11344E-004	11	..........a	-327.68
	1057	1058	-1.71656E+000	-2.00196E-001	-2.22415E+000	-2.00025E+000	1.09894E-004	11	..........a	-327.68
	1058	1059	-1.71576E+000	-2.00196E-001	-2.23281E+000	-2.00025E+000	1.06594E-004	11	..........a	-327.68
	1059	1060	-1.71976E+000	-2.00196E-001	-2.23202E+000	-2.00025E+000	1.07378E-004	11	..........a	-327.68
	1060	1061	-1.71576E+000	-2.00196E-001	-2.23805E+000	-2.00025E+000	1.06078E-004	11	..........a	-327.68
	1061	1062	-1.71856E+000	-2.00196E-001	-2.24586E+000	-2.00025E+000	1.08811E-004	11	..........a	-327.68
	1062	1063	-1.71816E+000	-2.00195E-001	-2.24590E+000	-2.00025E+000	1.12878E-004	11	..........a	-327.68
	1063	1064	-1.71656E+000	-2.00195E-001	-2.25459E+000	-2.00025E+000	1.16294E-004	11	..........a	-327.68
	1064	1065	-1.71656E+000	-2.00195E-001	-2.25717E+000	-2.00025E+000	1.07878E-004	11	..........a	-327.68
	1065	1066	-1.71816E+000	-2.00195E-001	-2.26279E+000	-2.00025E+000	1.11094E-004	11	..........a	-327.68
	1066	1067	-1.71856E+000	-2.00195E-001	-2.27167E+000	-2.00025E+000	1.10828E-004	11	..........a	-327.68
	1067	1068	-1.71856E+000	-2.00195E-001	-2.27211E+000	-2.00025E+000	1.14278E-004	11	..........a	-327.68
	1068	1069	-1.71816E+000	-2.00196E-001	-2.28022E+000	-2.00025E+000	1.12928E-004	11	..........a	-327.68
	1069	1070	-1.71736E+000	-2.00196E-001	-2.28550E+000	-2.00025E+000	1.13378E-004	11	..........a	-327.68
	1070	1071	-1.71776E+000	-2.00196E-001	-2.29404E+000	-2.00025E+000	1.10894E-004	11	..........a	-327.68
	1071	1072	-1.71736E+000	-2.00196E-001	-2.29908E+000	-2.00025E+000	1.15694E-004	11	..........a	-327.68
	1072	1073	-1.71656E+000	-2.00196E-001	-2.30458E+000	-2.00025E+000	1.14861E-004	11	..........a	-327.68
	1073	1074	-1.71856E+000	-2.00196E-001	-2.30680E+000	-2.00025E+000	1.10061E-004	11	..........a	-327.68
	1074	1075	-1.71696E+000	-2.00196E-001	-2.31095E+000	-2.00025E+000	1.12994E-004	11	..........a	-327.68
	1075	1076	-1.71976E+000	-2.00196E-001	-2.31627E+000	-2.00025E+000	1.03978E-004	11	..........a	-327.68
	1076	1077	-1.71816E+000	-2.00196E-001	-2.32282E+000	-2.00025E+000	1.11411E-004	11	..........a	-327.68
	1077	1078	-1.71656E+000	-2.00196E-001	-2.33207E+000	-2.00025E+000	1.08744E-004	11	..........a	-327.68
	1078	1079	-1.71816E+000	-2.00195E-001	-2.33627E+000	-2.00025E+000	1.11411E-004	11	..........a	-327.68
	1079	1080	-1.71696E+000	-2.00196E-001	-2.33883E+000	-2.00025E+000	1.12661E-004	11	..........a	-327.68
	1080	1081	-1.71896E+000	-2.00196E-001	-2.34410E+000	-2.00025E+000	1.09961E-004	11	..........a	-327.68
	1081	1082	-1.71696E+000	-2.00196E-001	-2.34837E+000	-2.00025E+000	1.15261E-004	11	..........a	-327.68
	1082	1083	-1.71696E+000	-2.00196E-001	-2.35711E+000	-2.00025E+000	1.15411E-004	11	..........a	-327.68
	1083	1084	-1.71816E+000	-2.00196E-001	-2.35649E+000	-2.00025E+000	1.18228E-004	11	..........a	-327.68
	1084	1085	-1.71856E+000	-2.00196E-001	-2.36196E+000	-2.00025E+000	1.15311E-004	11	..........a	-327.68
	1085	1086	-1.71856E+000	-2.00196E-001	-2.36304E+000	-2.00025E+000	1.17028E-004	11	..........a	-327.68
	1086	1087	-1.71736E+000	-2.00196E-001	-2.36389E+000	-2.00025E+000	1.11528E-004	11	..........a	-327.68
	1087	1088	-1.71816E+000	-2.00196E-001	-2.36963E+000	-2.00025E+000	1.12461E-004	11	..........a	-327.68
	1088	1089	-1.71856E+000	-2.00196E-001	-2.37059E+000	-2.00025E+000	1.18278E-004	11	..........a	-327.68
	1089	1090	-1.71776E+000	-2.00196E-001	-2.38545E+000	-2.00025E+000	1.11628E-004	11	..........a	-327.68
	1090	1091	-1.71696E+000	-2.00196E-001	-2.38531E+000	-2.00025E+000	1.15178E-004	11	..........a	-327.68
	1091	1092	-1.71616E+000	-2.00196E-001	-2.39216E+000	-2.00025E+000	1.17244E-004	11	..........a	-327.68
	1092	1093	-1.71576E+000	-2.00196E-001	-2.39728E+000	-2.00025E+000	1.14411E-004	11	..........a	-327.68
	1093	1094	-1.71776E+000	-2.00196E-001	-2.39543E+000	-2.00025E+000	1.18178E-004	11	..........a	-327.68
	1094	1095	-1.71496E+000	-2.00196E-001	-2.40225E+000	-2.00025E+000	1.16761E-004	11	..........a	-327.68
	1095	1096	-1.71616E+000	-2.00196E-001	-2.39496E+000	-2.00025E+000	1.17828E-004	11	..........a	-327.68
	1096	1097	-1.71616E+000	-2.00196E-001	-2.40043E+000	-2.00025E+000	1.14228E-004	11	..........a	-327.68
	1097	1098	-1.71696E+000	-2.00196E-001	-2.39566E+000	-2.00025E+000	1.17744E-004	11	..........a	-327.68
	1098	1099	-1.71456E+000	-2.00196E-001	-2.36892E+000	-2.00025E+000	1.10878E-004	11	..........a	-327.68
	1099	1100	-1.71536E+000	-2.00196E-001	-2.23916E+000	-2.00025E+000	1.13394E-004	11	..........a	-327.68
	1100	1101	-1.71536E+000	-2.00197E-001	-2.24134E+000	-2.00025E+000	1.15244E-004	11	..........a	-327.68
	1101	1102	-1.71376E+000	-2.00196E-001	-2.25199E+000	-2.00025E+000	1.12244E-004	11	..........a	-327.68
	1102	1103	-1.71776E+000	-2.00196E-001	-2.25258E+000	-2.00025E+000	1.10578E-004	11	..........a	-327.68
	1103	1104	-1.71376E+000	-2.00196E-001	-2.25933E+000	-2.00025E+000	1.14778E-004	11	..........a	-327.68
	1104	1105	-1.71656E+000	-2.00196E-001	-2.26808E+000	-2.00025E+000	1.15944E-004	11	..........a	-327.68
	1105	1106	-1.71776E+000	-2.00196E-001	-2.27105E+000	-2.00025E+000	1.12328E-004	11	..........a	-327.68
	1106	1107	-1.71616E+000	-2.00197E-001	-2.28110E+000	-2.00025E+000	1.12344E-004	11	..........a	-327.68
	1107	1108	-1.71656E+000	-2.00196E-001	-2.27530E+000	-2.00025E+000	1.05611E-004	11	..........a	-327.68
	1108	1109	-1.71856E+000	-2.00196E-001	-2.28010E+000	-2.00025E+000	1.08344E-004	11	..........a	-327.68
	1109	1110	-1.71976E+000	-2.00197E-001	-2.28195E+000	-2.00025E+000	1.04494E-004	11	..........a	-327.68
	1110	1111	-1.71856E+000	-2.00197E-001	-2.28725E+000	-2.00025E+000	1.08061E-004	11	..........a	-327.68
	1111	1112	-1.71776E+000	-2.00197E-001	-2.29757E+000	-2.00025E+000	1.03961E-004	11	..........a	-327.68
	1112	1113	-1.71736E+000	-2.00196E-001	-2.29931E+000	-2.00025E+000	1.14228E-004	11	..........a	-327.68
	1113	1114	-1.71616E+000	-2.00196E-001	-2.30715E+000	-2.00025E+000	1.14394E-004	11	..........a	-327.68
	1114	1115	-1.71536E+000	-2.00197E-001	-2.30875E+000	-2.00025E+000	1.12828E-004	11	..........a	-327.68
	1115	1116	-1.71776E+000	-2.00196E-001	-2.31338E+000	-2.00025E+000	1.13428E-004	11	..........a	-327.68
	1116	1117	-1.71216E+000	-2.00197E-001	-2.32316E+000	-2.00025E+000	1.07311E-004	11	..........a	-327.68
	1117	1118	-1.71856E+000	-2.00196E-001	-2.32243E+000	-2.00025E+000	1.15094E-004	11	..........a	-327.68
	1118	1119	-1.71576E+000	-2.00197E-001	-2.33140E+000	-2.00025E+000	1.12094E-004	11	..........a	-327.68
	1119	1120	-1.71896E+000	-2.00197E-001	-2.33181E+000	-2.00025E+000	1.14894E-004	11	..........a	-327.68
	1120	1121	-1.71776E+000	-2.00197E-001	-2.33867E+000	-2.00025E+000	1.08261E-004	11	..........a	-327.68
	1121	1122	-1.71616E+000	-2.00196E-001	-2.34469E+000	-2.00025E+000	1.12911E-004	11	..........a	-327.68
	1122	1123	-1.71536E+000	-2.00196E-001	-2.35257E+000	-2.00025E+000	1.15961E-004	11	..........a	-327.68
	1123	1124	-1.71736E+000	-2.00196E-001	-2.35416E+000	-2.00025E+000	1.14778E-004	11	..........a	-327.68
	1124	1125	-1.71536E+000	-2.00196E-001	-2.35912E+000	-2.00025E+000	1.15128E-004	11	..........a	-327.68
	1125	1126	-1.71616E+000	-2.00196E-001	-2.36115E+000	-2.00025E+000	1.18478E-004	11	..........a	-327.68
	1126	1127	-1.71736E+000	-2.00197E-001	-2.36712E+000	-2.00025E+000	1.13044E-004	11	..........a	-327.68
	1127	1128	-1.71656E+000	-2.00197E-001	-2.37908E+000	-2.00025E+000	1.17878E-004	11	..........a	-327.68
	1128	1129	-1.71776E+000	-2.00196E-001	-2.37449E+000	-2.00025E+000	1.07878E-004	11	..........a	-327.68
	1129	1130	-1.71456E+000	-2.00197E-001	-2.38333E+000	-2.00025E+000	1.12178E-004	11	..........a	-327.68
	1130	1131	-1.71496E+000	-2.00197E-001	-2.38220E+000	-2.00025E+000	1.12094E-004	11	..........a	-327.68
	1131	1132	-1.71816E+000	-2.00197E-001	-2.38108E+000	-2.00025E+000	1.15944E-004	11	..........a	-327.68
	1132	1133	-1.71576E+000	-2.00197E-001	-2.39093E+000	-2.00025E+000	1.10494E-004	11	..........a	-327.68
	1133	1134	-1.71736E+000	-2.00197E-001	-2.38839E+000	-2.00025E+000	1.05561E-004	11	..........a	-327.68
	1134	1135	-1.71696E+000	-2.00197E-001	-2.38723E+000	-2.00025E+000	1.07961E-004	11	..........a	-327.68
	1135	1136	-1.71696E+000	-2.00196E-001	-2.38740E+000	-2.00025E+000	1.13311E-004	11	..........a	-327.68
	1136	1137	-1.71696E+000	-2.00196E-001	-2.39136E+000	-2.00025E+000	1.10628E-004	11	..........a	-327.68
	1137	1138	-1.71456E+000	-2.00196E-001	-2.38876E+000	-2.00025E+000	1.04478E-004	11	..........a	-327.68
	1138	1139	-1.71576E+000	-2.00196E-001	-2.20713E+000	-2.00025E+000	1.09761E-004	11	..........a	-327.68
	1139	1140	-1.71536E+000	-2.00196E-001	-2.20215E+000	-2.00025E+000	1.12528E-004	11	..........a	-327.68
	1140	1141	-1.71496E+000	-2.00196E-001	-2.20789E+000	-2.00025E+000	1.10811E-004	11	..........a	-327.68
	1141	1142	-1.71616E+000	-2.00197E-001	-2.21441E+000	-2.00025E+000	1.05761E-004	11	..........a	-327.68
	1142	1143	-1.71776E+000	-2.00196E-001	-2.21702E+000	-2.00025E+000	1.09811E-004	11	..........a	-327.68
	1143	1144	-1.71696E+000	-2.00196E-001	-2.22764E+000	-2.00025E+000	1.06294E-004	11	..........a	-327.68
	1144	1145	-1.71456E+000	-2.00196E-001	-2.22926E+000	-2.00025E+000	1.10511E-004	11	..........a	-327.68
	1145	1146	-1.71736E+000	-2.00196E-001	-2.22978E+000	-2.00025E+000	1.12078E-004	11	..........a	-327.68
	1146	1147	-1.71856E+000	-2.00196E-001	-2.23137E+000	-2.00025E+000	1.11094E-004	11	..........a	-327.68
	1147	1148	-1.71576E+000	-2.00196E-001	-2.23561E+000	-2.00025E+000	1.08644E-004	11	..........a	-327.68
	1148	1149	-1.71856E+000	-2.00196E-001	-2.23955E+000	-2.00025E+000	1.13561E-004	11	..........a	-327.68
	1149	1150	-1.71856E+000	-2.00196E-001	-2.23991E+000	-2.00025E+000	1.07911E-004	11	..........a	-327.68
	1150	1151	-1.71856E+000	-2.00196E-001	-2.24909E+000	-2.00025E+000	1.10461E-004	11	..........a	-327.68
	1151	1152	-1.71776E+000	-2.00196E-001	-2.24970E+000	-2.00025E+000	1.07161E-004	11	..........a	-327.68
	1152	1153	-1.71696E+000	-2.00196E-001	-2.25532E+000	-2.00025E+000	1.05844E-004	11	..........a	-327.68
	1153	1154	-1.71816E+000	-2.00196E-001	-2.26044E+000	-2.00025E+000	1.09211E-004	11	..........a	-327.68
	1154	1155	-1.71936E+000	-2.00196E-001	-2.26139E+000	-2.00025E+000	1.11278E-004	11	..........a	-327.68
	1155	1156	-1.71656E+000	-2.00196E-001	-2.27284E+000	-2.00025E+000	3.00461E-004	11	..........a	-327.68
	1156	1157	-1.71696E+000	-2.00196E-001	-2.27092E+000	-2.00025E+000	2.95278E-004	11	..........a	-327.68
	1157	1158	-1.71496E+000	-2.00196E-001	-2.27999E+000	-2.00025E+000	2.93411E-004	11	..........a	-327.68
	1158	1159	-1.71616E+000	-2.00196E-001	-2.27957E+000	-2.00025E+000	2.92394E-004	11	..........a	-327.68
	1159	1160	-1.71696E+000	-2.00196E-001	-2.28504E+000	-2.00025E+000	2.91011E-004	11	..........a	-327.68
	1160	1161	-1.71576E+000	-2.00196E-001	-2.28882E+000	-2.00025E+000	2.93278E-004	11	..........a	-327.68
	1161	1162	-1.71616E+000	-2.00196E-001	-2.29201E+000	-2.00025E+000	2.94961E-004	11	..........a	-327.68
	1162	1163	-1.71576E+000	-2.00195E-001	-2.29947E+000	-2.00025E+000	2.93578E-004	11	..........a	-327.68
	1163	1164	-1.71576E+000	-2.00195E-001	-2.30136E+000	-2.00025E+000	2.95661E-004	11	..........a	-327.68
	1164	1165	-1.71576E+000	-2.00196E-001	-2.31119E+000	-2.00025E+000	2.92544E-004	11	..........a	-327.68
	1165	1166	-1.71776E+000	-2.00196E-001	-2.31204E+000	-2.00025E+000	2.93294E-004	11	..........a	-327.68
	1166	1167	-1.71856E+000	-2.00196E-001	-2.31622E+000	-2.00025E+000	2.84694E-004	11	..........a	-327.68
	1167	1168	-1.71736E+000	-2.00195E-001	-2.32229E+000	-2.00025E+000	2.94278E-004	11	..........a	-327.68
	1168	1169	-1.71616E+000	-2.00196E-001	-2.32397E+000	-2.00025E+000	2.91161E-004	11	..........a	-327.68
	1169	1170	-1.71456E+000	-2.00196E-001	-2.33469E+000	-2.00025E+000	2.90978E-004	11	..........a	-327.68
	1170	1171	-1.71616E+000	-2.00196E-001	-2.33598E+000	-2.00025E+000	2.95994E-004	11	..........a	-327.68
	1171	1172	-1.71736E+000	-2.00196E-001	-2.34088E+000	-2.00025E+000	2.96244E-004	11	..........a	-327.68
	1172	1173	-1.71456E+000	-2.00196E-001	-2.34649E+000	-2.00025E+000	2.84994E-004	11	..........a	-327.68
	1173	1174	-1.71496E+000	-2.00196E-001	-2.34664E+000	-2.00025E+000	2.95844E-004	11	..........a	-327.68
	1174	1175	-1.71496E+000	-2.00196E-001	-2.35232E+000	-2.00025E+000	2.95328E-004	11	..........a	-327.68
	1175	1176	-1.71696E+000	-2.00196E-001	-2.35129E+000	-2.00025E+000	3.00478E-004	11	..........a	-327.68
	1176	1177	-1.71776E+000	-2.00196E-001	-2.35661E+000	-2.00025E+000	2.96628E-004	11	..........a	-327.68
	1177	1178	-1.71696E+000	-2.00196E-001	-2.36012E+000	-2.00025E+000	2.97311E-004	11	..........a	-327.68
	1178	1179	-1.71576E+000	-2.00195E-001	-2.36157E+000	-2.00025E+000	2.96494E-004	11	..........a	-327.68
	1179	1180	-1.71576E+000	-2.00196E-001	-2.28094E+000	-2.00025E+000	3.02461E-004	11	..........a	-327.68
	1180	1181	-1.71536E+000	-2.00196E-001	-2.21807E+000	-2.00025E+000	2.94428E-004	11	..........a	-327.68
	1181	1182	-1.71616E+000	-2.00196E-001	-2.21574E+000	-2.00025E+000	3.05894E-004	11	..........a	-327.68
	1182	1183	-1.71536E+000	-2.00196E-001	-2.21898E+000	-2.00025E+000	3.18011E-004	11	..........a	-327.68
	1183	1184	-1.71336E+000	-2.00196E-001	-2.22876E+000	-2.00025E+000	3.18961E-004	11	..........a	-327.68
	1184	1185	-1.71536E+000	-2.00196E-001	-2.22660E+000	-2.00025E+000	3.14111E-004	11	..........a	-327.68
	1185	1186	-1.71656E+000	-2.00196E-001	-2.23554E+000	-2.00025E+000	3.12061E-004	11	..........a	-327.68
	1186	1187	-1.71416E+000	-2.00196E-001	-2.23747E+000	-2.00025E+000	3.14294E-004	11	..........a	-327.68
	1187	1188	-1.71416E+000	-2.00196E-001	-2.23835E+000	-2.00025E+000	3.14611E-004	11	..........a	-327.68
	1188	1189	-1.71256E+000	-2.00196E-001	-2.24934E+000	-2.00025E+000	3.14811E-004	11	..........a	-327.68
	1189	1190	-1.71376E+000	-2.00196E-001	-2.24900E+000	-2.00025E+000	3.10944E-004	11	..........a	-327.68
	1190	1191	-1.71816E+000	-2.00196E-001	-2.25701E+000	-2.00025E+000	2.96994E-004	11	..........a	-327.68
	1191	1192	-1.71576E+000	-2.00196E-001	-2.25923E+000	-2.00025E+000	3.03494E-004	11	..........a	-327.68
	1192	1193	-1.71616E+000	-2.00196E-001	-2.26462E+000	-2.00025E+000	3.09161E-004	11	..........a	-327.68
	1193	1194	-1.71136E+000	-2.00196E-001	-2.27515E+000	-2.00025E+000	3.02828E-004	11	..........a	-327.68
	1194	1195	-1.71216E+000	-2.00196E-001	-2.27808E+000	-2.00025E+000	3.01778E-004	11	..........a	-327.68
	1195	1196	-1.71536E+000	-2.00196E-001	-2.27992E+000	-2.00025E+000	2.97444E-004	11	..........a	-327.68
	1196	1197	-1.71736E+000	-2.00197E-001	-2.27779E+000	-2.00025E+000	3.10711E-004	11	..........a	-327.68
	1197	1198	-1.71456E+000	-2.00196E-001	-2.29026E+000	-2.00025E+000	3.07811E-004	11	..........a	-327.68
	1198	1199	-1.71696E+000	-2.00196E-001	-2.29056E+000	-2.00025E+000	3.00611E-004	11	..........a	-327.68
	1199	1200	-1.71816E+000	-2.00196E-001	-2.29771E+000	-2.00025E+000	3.13894E-004	11	..........a	-327.68
	1200	1201	-1.71656E+000	-2.00197E-001	-2.30450E+000	-2.00025E+000	3.14911E-004	11	..........a	-327.68
	1201	1202	-1.71136E+000	-2.00196E-001	-2.31263E+000	-2.00025E+000	3.09628E-004	11	..........a	-327.68
	1202	1203	-1.71136E+000	-2.00196E-001	-2.31692E+000	-2.00025E+000	3.00294E-004	11	..........a	-327.68
	1203	1204	-1.71536E+000	-2.00196E-001	-2.31129E+000	-2.00025E+000	3.01744E-004	11	..........a	-327.68
	1204	1205	-1.71336E+000	-2.00196E-001	-2.32463E+000	-2.00025E+000	3.09861E-004	11	..........a	-327.68
	1205	1206	-1.71416E+000	-2.00196E-001	-2.32375E+000	-2.00025E+000	3.05294E-004	11	..........a	-327.68
	1206	1207	-1.71656E+000	-2.00196E-001	-2.32683E+000	-2.00025E+000	3.03728E-004	11	..........a	-327.68
	1207	1208	-1.71136E+000	-2.00197E-001	-2.33561E+000	-2.00025E+000	3.14528E-004	11	..........a	-327.68
	1208	1209	-1.71696E+000	-2.00196E-001	-2.33608E+000	-2.00025E+000	3.07961E-004	11	..........a	-327.68
	1209	1210	-1.71136E+000	-2.00196E-001	-2.34581E+000	-2.00025E+000	3.02928E-004	11	..........a	-327.68
	1210	1211	-1.71656E+000	-2.00196E-001	-2.33842E+000	-2.00025E+000	3.07578E-004	11	..........a	-327.68
	1211	1212	-1.71136E+000	-2.00196E-001	-2.34790E+000	-2.00025E+000	3.05794E-004	11	..........a	-327.68
	1212	1213	-1.71376E+000	-2.00197E-001	-2.34968E+000	-2.00025E+000	3.13894E-004	11	..........a	-327.68
	1213	1214	-1.71536E+000	-2.00196E-001	-2.35591E+000	-2.00025E+000	3.14228E-004	11	..........a	-327.68
	1214	1215	-1.71816E+000	-2.00197E-001	-2.35383E+000	-2.00025E+000	3.10594E-004	11	..........a	-327.68
	1215	1216	-1.71856E+000	-2.00197E-001	-2.35357E+000	-2.00025E+000	3.11811E-004	11	..........a	-327.68
	1216	1217	-1.70976E+000	-2.00197E-001	-2.36607E+000	-2.00025E+000	2.99328E-004	11	..........a	-327.68
	1217	1218	-1.71496E+000	-2.00196E-001	-2.36423E+000	-2.00025E+000	3.09161E-004	11	..........a	-327.68
	1218	1219	-1.71296E+000	-2.00196E-001	-2.35928E+000	-2.00025E+000	3.11161E-004	11	..........a	-327.68
	1219	1220	-1.71096E+000	-2.00196E-001	-2.35987E+000	-2.00025E+000	3.07544E-004	11	..........a	-327.68
	1220	1221	-1.71536E+000	-2.00196E-001	-2.35592E+000	-2.00025E+000	3.10728E-004	11	..........a	-327.68
	1221	1222	-1.71096E+000	-2.00196E-001	-2.35609E+000	-2.00025E+000	3.02678E-004	11	..........a	-327.68
	1222	1223	-1.71376E+000	-2.00196E-001	-2.21611E+000	-2.00025E+000	3.08728E-004	11	..........a	-327.68
	1223	1224	-1.71256E+000	-2.00196E-001	-2.22493E+000	-2.00025E+000	3.04161E-004	11	..........a	-327.68
	1224	1225	-1.71056E+000	-2.00196E-001	-2.22951E+000	-2.00025E+000	2.98628E-004	11	..........a	-327.68
	1225	1226	-1.71376E+000	-2.00196E-001	-2.23602E+000	-2.00025E+000	3.06478E-004	11	..........a	-327.68
	1226	1227	-1.71256E+000	-2.00196E-001	-2.23889E+000	-2.00025E+000	3.10244E-004	11	..........a	-327.68
	1227	1228	-1.71256E+000	-2.00196E-001	-2.24220E+000	-2.00025E+000	3.10944E-004	11	..........a	-327.68
	1228	1229	-1.71416E+000	-2.00195E-001	-2.25085E+000	-2.00025E+000	3.01644E-004	11	..........a	-327.68
	1229	1230	-1.71776E+000	-2.00196E-001	-2.25325E+000	-2.00025E+000	3.01778E-004	11	..........a	-327.68
	1230	1231	-1.71336E+000	-2.00196E-001	-2.26925E+000	-2.00025E+000	3.05794E-004	11	..........a	-327.68
	1231	1232	-1.71416E+000	-2.00197E-001	-2.26878E+000	-2.00025E+000	3.06978E-004	11	..........a	-327.68
	1232	1233	-1.71736E+000	-2.00196E-001	-2.27080E+000	-2.00025E+000	2.98744E-004	11	..........a	-327.68
	1233	1234	-1.71296E+000	-2.00196E-001	-2.27505E+000	-2.00025E+000	3.01928E-004	11	..........a	-327.68
	1234	1235	-1.71456E+000	-2.00196E-001	-2.27142E+000	-2.00025E+000	3.00578E-004	11	..........a	-327.68
	1235	1236	-1.71256E+000	-2.00196E-001	-2.27916E+000	-2.00025E+000	3.07911E-004	11	..........a	-327.68
	1236	1237	-1.71376E+000	-2.00196E-001	-2.27780E+000	-2.00025E+000	3.00561E-004	11	..........a	-327.68
	1237	1238	-1.71336E+000	-2.00196E-001	-2.28686E+000	-2.00025E+000	3.12878E-004	11	..........a	-327.68
	1238	1239	-1.71656E+000	-2.00196E-001	-2.28169E+000	-2.00025E+000	3.10011E-004	11	..........a	-327.68
	1239	1240	-1.70896E+000	-2.00196E-001	-2.29810E+000	-2.00025E+000	3.17511E-004	11	..........a	-327.68
	1240	1241	-1.71616E+000	-2.00196E-001	-2.29690E+000	-2.00025E+000	3.05678E-004	11	..........a	-327.68
	1241	1242	-1.71616E+000	-2.00196E-001	-2.29980E+000	-2.00025E+000	3.09294E-004	11	..........a	-327.68
	1242	1243	-1.71616E+000	-2.00196E-001	-2.30816E+000	-2.00025E+000	3.11878E-004	11	..........a	-327.68
	1243	1244	-1.71376E+000	-2.00196E-001	-2.30904E+000	-2.00025E+000	3.08778E-004	11	..........a	-327.68
	1244	1245	-1.71376E+000	-2.00196E-001	-2.31944E+000	-2.00025E+000	3.05211E-004	11	..........a	-327.68
	1245	1246	-1.71736E+000	-2.00196E-001	-2.31744E+000	-2.00025E+000	3.07078E-004	11	..........a	-327.68
	1246	1247	-1.71296E+000	-2.00196E-001	-2.32732E+000	-2.00025E+000	3.02261E-004	11	..........a	-327.68
	1247	1248	-1.71536E+000	-2.00196E-001	-2.33185E+000	-2.00025E+000	3.06861E-004	11	..........a	-327.68
	1248	1249	-1.71336E+000	-2.00196E-001	-2.33677E+000	-2.00025E+000	3.15111E-004	11	..........a	-327.68
	1249	1250	-1.71816E+000	-2.00196E-001	-2.34048E+000	-2.00025E+000	3.16944E-004	11	..........a	-327.68
	1250	1251	-1.71376E+000	-2.00195E-001	-2.34558E+000	-2.00025E+000	2.90511E-004	11	..........a	-327.68
	1251	1252	-1.71376E+000	-2.00195E-001	-2.35095E+000	-2.00025E+000	2.80094E-004	11	..........a	-327.68
	1252	1253	-1.71456E+000	-2.00195E-001	-2.35013E+000	-2.00025E+000	2.77828E-004	11	..........a	-327.68
	1253	1254	-1.71616E+000	-2.00194E-001	-2.35421E+000	-2.00025E+000	2.83261E-004	11	..........a	-327.68
	1254	1255	-1.71456E+000	-2.00195E-001	-2.35815E+000	-2.00025E+000	2.90194E-004	11	..........a	-327.68
	1255	1256	-1.71616E+000	-2.00195E-001	-2.35638E+000	-2.00025E+000	2.88394E-004	11	..........a	-327.68
	1256	1257	-1.71496E+000	-2.00195E-001	-2.36404E+000	-2.00025E+000	2.81828E-004	11	..........a	-327.68
	1257	1258	-1.71616E+000	-2.00195E-001	-2.36230E+000	-2.00025E+000	2.87278E-004	11	..........a	-327.68
	1258	1259	-1.71536E+000	-2.00194E-001	-2.36612E+000	-2.00025E+000	2.87078E-004	11	..........a	-327.68
	1259	1260	-1.71616E+000	-2.00194E-001	-2.22878E+000	-2.00025E+000	2.91711E-004	11	..........a	-327.68
	1260	1261	-1.71256E+000	-2.00194E-001	-2.23508E+000	-2.00025E+000	2.92211E-004	11	..........a	-327.68
	1261	1262	-1.71576E+000	-2.00194E-001	-2.24177E+000	-2.00025E+000	2.91494E-004	11	..........a	-327.68
	1262	1263	-1.71576E+000	-2.00194E-001	-2.24418E+000	-2.00025E+000	2.96428E-004	11	..........a	-327.68
	1263	1264	-1.71456E+000	-2.00194E-001	-2.25220E+000	-2.00025E+000	2.84061E-004	11	..........a	-327.68
	1264	1265	-1.71656E+000	-2.00195E-001	-2.25346E+000	-2.00025E+000	3.01744E-004	11	..........a	-327.68
	1265	1266	-1.71296E+000	-2.00195E-001	-2.25713E+000	-2.00025E+000	2.95594E-004	11	..........a	-327.68
	1266	1267	-1.71656E+000	-2.00195E-001	-2.25339E+000	-2.00025E+000	2.94628E-004	11	..........a	-327.68
	1267	1268	-1.71336E+000	-2.00194E-001	-2.26266E+000	-2.00025E+000	2.83828E-004	11	..........a	-327.68
	1268	1269	-1.71576E+000	-2.00195E-001	-2.26891E+000	-2.00025E+000	2.83544E-004	11	..........a	-327.68
	1269	1270	-1.71496E+000	-2.00195E-001	-2.27235E+000	-2.00025E+000	2.79728E-004	11	..........a	-327.68
	1270	1271	-1.71616E+000	-2.00194E-001	-2.27718E+000	-2.00025E+000	2.88511E-004	11	..........a	-327.68
	1271	1272	-1.71496E+000	-2.00195E-001	-2.27938E+000	-2.00025E+000	2.85544E-004	11	..........a	-327.68
	1272	1273	-1.71416E+000	-2.00194E-001	-2.28453E+000	-2.00025E+000	2.82811E-004	11	..........a	-327.68
	1273	1274	-1.71456E+000	-2.00195E-001	-2.29125E+000	-2.00025E+000	2.86061E-004	11	..........a	-327.68
	1274	1275	-1.71576E+000	-2.00194E-001	-2.29230E+000	-2.00025E+000	2.84994E-004	11	..........a	-327.68
	1275	1276	-1.71496E+000	-2.00194E-001	-2.30154E+000	-2.00025E+000	2.87128E-004	11	..........a	-327.68
	1276	1277	-1.71296E+000	-2.00197E-001	-2.30088E+000	-2.00025E+000	4.13911E-004	11	..........a	-327.68
	1277	1278	-1.71576E+000	-2.00197E-001	-2.30476E+000	-2.00025E+000	4.02144E-004	11	..........a	-327.68
	1278	1279	-1.71416E+000	-2.00196E-001	-2.30946E+000	-2.00025E+000	3.92894E-004	11	..........a	-327.68
	1279	1280	-1.71576E+000	-2.00196E-001	-2.31241E+000	-2.00025E+000	3.95644E-004	11	..........a	-327.68
	1280	1281	-1.71416E+000	-2.00196E-001	-2.32485E+000	-2.00025E+000	3.97911E-004	11	..........a	-327.68
	1281	1282	-1.71496E+000	-2.00196E-001	-2.32743E+000	-2.00025E+000	3.92244E-004	11	..........a	-327.68
	1282	1283	-1.71576E+000	-2.00197E-001	-2.33340E+000	-2.00025E+000	4.02428E-004	11	..........a	-327.68
	1283	1284	-1.71656E+000	-2.00196E-001	-2.33141E+000	-2.00025E+000	4.00794E-004	11	..........a	-327.68
	1284	1285	-1.71656E+000	-2.00196E-001	-2.33567E+000	-2.00025E+000	3.88944E-004	11	..........a	-327.68
	1285	1286	-1.71576E+000	-2.00196E-001	-2.33923E+000	-2.00025E+000	4.03611E-004	11	..........a	-327.68
	1286	1287	-1.71416E+000	-2.00196E-001	-2.34478E+000	-2.00025E+000	4.02894E-004	11	..........a	-327.68
	1287	1288	-1.71416E+000	-2.00196E-001	-2.34660E+000	-2.00025E+000	4.05744E-004	11	..........a	-327.68
	1288	1289	-1.71376E+000	-2.00197E-001	-2.34688E+000	-2.00025E+000	4.12278E-004	11	..........a	-327.68
	1289	1290	-1.71416E+000	-2.00196E-001	-2.35092E+000	-2.00025E+000	4.05578E-004	11	..........a	-327.68
	1290	1291	-1.71256E+000	-2.00196E-001	-2.35583E+000	-2.00025E+000	3.92678E-004	11	..........a	-327.68
	1291	1292	-1.71096E+000	-2.00196E-001	-2.36037E+000	-2.00025E+000	4.04594E-004	11	..........a	-327.68
	1292	1293	-1.71416E+000	-2.00197E-001	-2.36095E+000	-2.00025E+000	4.09144E-004	11	..........a	-327.68
	1293	1294	-1.71176E+000	-2.00197E-001	-2.36591E+000	-2.00025E+000	4.06678E-004	11	..........a	-327.68
	1294	1295	-1.71496E+000	-2.00196E-001	-2.36779E+000	-2.00025E+000	3.90061E-004	11	..........a	-327.68
	1295	1296	-1.71416E+000	-2.00196E-001	-2.36222E+000	-2.00025E+000	4.06211E-004	11	..........a	-327.68
	1296	1297	-1.71496E+000	-2.00198E-001	-2.29102E+000	-2.00025E+000	4.21628E-004	11	..........a	-327.68
	1297	1298	-1.71416E+000	-2.00196E-001	-2.19991E+000	-2.00025E+000	4.14294E-004	11	..........a	-327.68
	1298	1299	-1.71336E+000	-2.00196E-001	-2.20550E+000	-2.00025E+000	4.00261E-004	11	..........a	-327.68
	1299	1300	-1.71456E+000	-2.00197E-001	-2.21407E+000	-2.00025E+000	4.00028E-004	11	..........a	-327.68
	1300	1301	-1.71456E+000	-2.00196E-001	-2.21167E+000	-2.00025E+000	4.07994E-004	11	..........a	-327.68
	1301	1302	-1.71416E+000	-2.00196E-001	-2.22160E+000	-2.00025E+000	3.97944E-004	11	..........a	-327.68
	1302	1303	-1.71416E+000	-2.00197E-001	-2.22136E+000	-2.00025E+000	3.52044E-004	11	..........a	-327.68
	1303	1304	-1.71296E+000	-2.00196E-001	-2.22848E+000	-2.00025E+000	3.46661E-004	11	..........a	-327.68
	1304	1305	-1.71456E+000	-2.00196E-001	-2.23238E+000	-2.00025E+000	3.55144E-004	11	..........a	-327.68
	1305	1306	-1.71376E+000	-2.00196E-001	-2.23498E+000	-2.00025E+000	3.48111E-004	11	..........a	-327.68
	1306	1307	-1.71776E+000	-2.00196E-001	-2.24203E+000	-2.00025E+000	3.46611E-004	11	..........a	-327.68
	1307	1308	-1.71416E+000	-2.00196E-001	-2.24689E+000	-2.00025E+000	3.46478E-004	11	..........a	-327.68
	1308	1309	-1.71376E+000	-2.00195E-001	-2.25575E+000	-2.00025E+000	3.55411E-004	11	..........a	-327.68
	1309	1310	-1.71416E+000	-2.00195E-001	-2.26075E+000	-2.00025E+000	3.46544E-004	11	..........a	-327.68
	1310	1311	-1.71616E+000	-2.00196E-001	-2.25884E+000	-2.00025E+000	3.47478E-004	11	..........a	-327.68
	1311	1312	-1.71616E+000	-2.00195E-001	-2.26828E+000	-2.00025E+000	3.45844E-004	11	..........a	-327.68
	1312	1313	-1.71336E+000	-2.00196E-001	-2.27395E+000	-2.00025E+000	3.49478E-004	11	..........a	-327.68
	1313	1314	-1.71456E+000	-2.00196E-001	-2.27656E+000	-2.00025E+000	3.50878E-004	11	..........a	-327.68
	1314	1315	-1.71296E+000	-2.00196E-001	-2.28130E+000	-2.00025E+000	3.45378E-004	11	..........a	-327.68
	1315	1316	-1.71536E+000	-2.00196E-001	-2.28824E+000	-2.00025E+000	3.38744E-004	11	..........a	-327.68
	1316	1317	-1.71456E+000	-2.00195E-001	-2.29037E+000	-2.00025E+000	3.31761E-004	11	..........a	-327.68
	1317	1318	-1.71296E+000	-2.00196E-001	-2.29826E+000	-2.00025E+000	3.39328E-004	11	..........a	-327.68
	1318	1319	-1.71376E+000	-2.00196E-001	-2.30276E+000	-2.00025E+000	3.41628E-004	11	..........a	-327.68
	1319	1320	-1.71216E+000	-2.00196E-001	-2.30259E+000	-2.00025E+000	3.40494E-004	11	..........a	-327.68
	1320	1321	-1.71496E+000	-2.00196E-001	-2.30483E+000	-2.00025E+000	3.40411E-004	11	..........a	-327.68
	1321	1322	-1.71416E+000	-2.00196E-001	-2.30716E+000	-2.00025E+000	3.36028E-004	11	..........a	-327.68
	1322	1323	-1.71416E+000	-2.00196E-001	-2.31244E+000	-2.00025E+000	3.39978E-004	11	..........a	-327.68
	1323	1324	-1.71456E+000	-2.00196E-001	-2.31846E+000	-2.00025E+000	3.42461E-004	11	..........a	-327.68
	1324	1325	-1.71176E+000	-2.00196E-001	-2.32246E+000	-2.00025E+000	3.37328E-004	11	..........a	-327.68
	1325	1326	-1.71296E+000	-2.00196E-001	-2.32636E+000	-2.00025E+000	3.36611E-004	11	..........a	-327.68
	1326	1327	-1.71456E+000	-2.00196E-001	-2.32496E+000	-2.00025E+000	3.39478E-004	11	..........a	-327.68
	1327	1328	-1.71376E+000	-2.00196E-001	-2.32973E+000	-2.00025E+000	3.41211E-004	11	..........a	-327.68
	1328	1329	-1.71096E+000	-2.00195E-001	-2.33931E+000	-2.00025E+000	4.38378E-004	11	..........a	-327.68
	1329	1330	-1.71416E+000	-2.00195E-001	-2.33880E+000	-2.00025E+000	4.33061E-004	11	..........a	-327.68
	1330	1331	-1.71256E+000	-2.00195E-001	-2.34634E+000	-2.00025E+000	4.36644E-004	11	..........a	-327.68
	1331	1332	-1.71336E+000	-2.00195E-001	-2.33635E+000	-2.00025E+000	4.30678E-004	11	..........a	-327.68
	1332	1333	-1.71496E+000	-2.00195E-001	-2.21236E+000	-2.00025E+000	4.26544E-004	11	..........a	-327.68
	1333	1334	-1.71416E+000	-2.00195E-001	-2.21498E+000	-2.00025E+000	4.34411E-004	11	..........a	-327.68
	1334	1335	-1.71416E+000	-2.00195E-001	-2.21953E+000	-2.00025E+000	4.30528E-004	11	..........a	-327.68
	1335	1336	-1.71496E+000	-2.00194E-001	-2.22611E+000	-2.00025E+000	4.36378E-004	11	..........a	-327.68
	1336	1337	-1.71496E+000	-2.00195E-001	-2.22709E+000	-2.00025E+000	4.26828E-004	11	..........a	-327.68
	1337	1338	-1.71256E+000	-2.00195E-001	-2.24275E+000	-2.00025E+000	4.33244E-004	11	..........a	-327.68
	1338	1339	-1.71536E+000	-2.00195E-001	-2.24015E+000	-2.00025E+000	4.37378E-004	11	..........a	-327.68
	1339	1340	-1.71336E+000	-2.00195E-001	-2.24539E+000	-2.00025E+000	4.36644E-004	11	..........a	-327.68
	1340	1341	-1.71416E+000	-2.00195E-001	-2.24642E+000	-2.00025E+000	4.27561E-004	11	..........a	-327.68
	1341	1342	-1.71256E+000	-2.00195E-001	-2.25163E+000	-2.00025E+000	4.26628E-004	11	..........a	-327.68
	1342	1343	-1.71496E+000	-2.00195E-001	-2.25756E+000	-2.00025E+000	4.26644E-004	11	..........a	-327.68
	1343	1344	-1.71336E+000	-2.00195E-001	-2.26030E+000	-2.00025E+000	4.35744E-004	11	..........a	-327.68
	1344	1345	-1.71536E+000	-2.00195E-001	-2.26607E+000	-2.00025E+000	4.40678E-004	11	..........a	-327.68
	1345	1346	-1.71256E+000	-2.00195E-001	-2.27128E+000	-2.00025E+000	4.41511E-004	11	..........a	-327.68
	1346	1347	-1.71416E+000	-2.00195E-001	-2.27598E+000	-2.00025E+000	4.37061E-004	11	..........a	-327.68
	1347	1348	-1.71616E+000	-2.00195E-001	-2.28157E+000	-2.00025E+000	4.41694E-004	11	..........a	-327.68
	1348	1349	-1.71496E+000	-2.00195E-001	-2.28374E+000	-2.00025E+000	4.36561E-004	11	..........a	-327.68
	1349	1350	-1.71416E+000	-2.00195E-001	-2.29257E+000	-2.00025E+000	4.27111E-004	11	..........a	-327.68
	1350	1351	-1.71256E+000	-2.00195E-001	-2.29753E+000	-2.00025E+000	4.33511E-004	11	..........a	-327.68
	1351	1352	-1.71336E+000	-2.00196E-001	-2.29914E+000	-2.00025E+000	4.33511E-004	11	..........a	-327.68
	1352	1353	-1.71376E+000	-2.00196E-001	-2.30908E+000	-2.00025E+000	4.37328E-004	11	..........a	-327.68
	1353	1354	-1.71496E+000	-2.00195E-001	-2.30870E+000	-2.00025E+000	4.37611E-004	11	..........a	-327.68
	1354	1355	-1.71416E+000	-2.00195E-001	-2.31480E+000	-2.00025E+000	4.33794E-004	11	..........a	-327.68
	1355	1356	-1.71496E+000	-2.00195E-001	-2.31527E+000	-2.00025E+000	4.31544E-004	11	..........a	-327.68
	1356	1357	-1.71416E+000	-2.00195E-001	-2.31900E+000	-2.00025E+000	4.36411E-004	11	..........a	-327.68
	1357	1358	-1.71416E+000	-2.00195E-001	-2.32264E+000	-2.00025E+000	4.25894E-004	11	..........a	-327.68
	1358	1359	-1.71096E+000	-2.00196E-001	-2.33236E+000	-2.00025E+000	4.27444E-004	11	..........a	-327.68
	1359	1360	-1.71336E+000	-2.00195E-001	-2.33713E+000	-2.00025E+000	4.30811E-004	11	..........a	-327.68
	1360	1361	-1.71216E+000	-2.00195E-001	-2.33917E+000	-2.00025E+000	4.29578E-004	11	..........a	-327.68
	1361	1362	-1.71296E+000	-2.00195E-001	-2.34368E+000	-2.00025E+000	4.23994E-004	11	..........a	-327.68
	1362	1363	-1.71416E+000	-2.00195E-001	-2.34211E+000	-2.00025E+000	4.20211E-004	11	..........a	-327.68
	1363	1364	-1.71376E+000	-2.00195E-001	-2.34436E+000	-2.00025E+000	4.23361E-004	11	..........a	-327.68
	1364	1365	-1.71416E+000	-2.00195E-001	-2.34811E+000	-2.00025E+000	4.26028E-004	11	..........a	-327.68
	1365	1366	-1.71256E+000	-2.00195E-001	-2.34510E+000	-2.00025E+000	4.25711E-004	11	..........a	-327.68
	1366	1367	-1.71256E+000	-2.00195E-001	-2.35208E+000	-2.00025E+000	4.28311E-004	11	..........a	-327.68
	1367	1368	-1.71336E+000	-2.00196E-001	-2.34986E+000	-2.00025E+000	3.05461E-004	11	..........a	-327.68
	1368	1369	-1.71256E+000	-2.00196E-001	-2.27873E+000	-2.00025E+000	3.09861E-004	11	..........a	-327.68
	1369	1370	-1.71096E+000	-2.00195E-001	-2.20817E+000	-2.00025E+000	3.10178E-004	11	..........a	-327.68
	1370	1371	-1.71416E+000	-2.00196E-001	-2.20985E+000	-2.00025E+000	3.06878E-004	11	..........a	-327.68
	1371	1372	-1.71176E+000	-2.00195E-001	-2.22166E+000	-2.00025E+000	3.04928E-004	11	..........a	-327.68
	1372	1373	-1.71536E+000	-2.00196E-001	-2.21529E+000	-2.00025E+000	3.01311E-004	11	..........a	-327.68
	1373	1374	-1.71376E+000	-2.00196E-001	-2.22468E+000	-2.00025E+000	2.98811E-004	11	..........a	-327.68
	1374	1375	-1.71296E+000	-2.00196E-001	-2.22756E+000	-2.00025E+000	3.09611E-004	11	..........a	-327.68
	1375	1376	-1.71416E+000	-2.00196E-001	-2.22802E+000	-2.00025E+000	3.18078E-004	11	..........a	-327.68
	1376	1377	-1.71256E+000	-2.00196E-001	-2.24144E+000	-2.00025E+000	3.20544E-004	11	..........a	-327.68
	1377	1378	-1.71336E+000	-2.00196E-001	-2.23850E+000	-2.00025E+000	3.14678E-004	11	..........a	-327.68
	1378	1379	-1.71416E+000	-2.00196E-001	-2.24597E+000	-2.00025E+000	3.08061E-004	11	..........a	-327.68
	1379	1380	-1.71416E+000	-2.00195E-001	-2.25108E+000	-2.00025E+000	3.13928E-004	11	..........a	-327.68
	1380	1381	-1.71416E+000	-2.00201E-001	-2.25400E+000	-2.00025E+000	2.78878E-004	11	..........a	-327.68
	1381	1382	-1.71256E+000	-2.00202E-001	-2.26090E+000	-2.00025E+000	2.74328E-004	11	..........a	-327.68
	1382	1383	-1.71336E+000	-2.00202E-001	-2.26043E+000	-2.00025E+000	2.84061E-004	11	..........a	-327.68
	1383	1384	-1.71336E+000	-2.00201E-001	-2.26860E+000	-2.00025E+000	2.84111E-004	11	..........a	-327.68
	1384	1385	-1.71456E+000	-2.00202E-001	-2.27039E+000	-2.00025E+000	2.81744E-004	11	..........a	-327.68
	1385	1386	-1.71496E+000	-2.00201E-001	-2.28120E+000	-2.00025E+000	2.80828E-004	11	..........a	-327.68
	1386	1387	-1.71416E+000	-2.00202E-001	-2.28939E+000	-2.00025E+000	2.73078E-004	11	..........a	-327.68
	1387	1388	-1.71416E+000	-2.00202E-001	-2.28966E+000	-2.00025E+000	2.76828E-004	11	..........a	-327.68
	1388	1389	-1.71296E+000	-2.00202E-001	-2.29904E+000	-2.00025E+000	2.73761E-004	11	..........a	-327.68
	1389	1390	-1.71376E+000	-2.00201E-001	-2.30108E+000	-2.00025E+000	2.75261E-004	11	..........a	-327.68
	1390	1391	-1.71256E+000	-2.00202E-001	-2.30762E+000	-2.00025E+000	2.82661E-004	11	..........a	-327.68
	1391	1392	-1.71336E+000	-2.00202E-001	-2.30914E+000	-2.00025E+000	2.81411E-004	11	..........a	-327.68
	1392	1393	-1.71456E+000	-2.00202E-001	-2.30974E+000	-2.00025E+000	2.78328E-004	11	..........a	-327.68
	1393	1394	-1.71456E+000	-2.00202E-001	-2.31240E+000	-2.00025E+000	2.80344E-004	11	..........a	-327.68
	1394	1395	-1.71376E+000	-2.00202E-001	-2.31478E+000	-2.00025E+000	2.72178E-004	11	..........a	-327.68
	1395	1396	-1.70936E+000	-2.00202E-001	-2.32782E+000	-2.00025E+000	2.75711E-004	11	..........a	-327.68
	1396	1397	-1.71416E+000	-2.00202E-001	-2.32113E+000	-2.00025E+000	2.78461E-004	11	..........a	-327.68
	1397	1398	-1.71096E+000	-2.00201E-001	-2.32872E+000	-2.00025E+000	2.83794E-004	11	..........a	-327.68
	1398	1399	-1.71416E+000	-2.00202E-001	-2.32518E+000	-2.00025E+000	2.77561E-004	11	..........a	-327.68
	1399	1400	-1.71376E+000	-2.00201E-001	-2.32999E+000	-2.00025E+000	2.76461E-004	11	..........a	-327.68
	1400	1401	-1.71256E+000	-2.00201E-001	-2.33271E+000	-2.00025E+000	2.70694E-004	11	..........a	-327.68
	1401	1402	-1.71256E+000	-2.00202E-001	-2.33247E+000	-2.00025E+000	2.74444E-004	11	..........a	-327.68
	1402	1403	-1.71416E+000	-2.00202E-001	-2.33698E+000	-2.00025E+000	2.77761E-004	11	..........a	-327.68
	1403	1404	-1.71256E+000	-2.00202E-001	-2.33884E+000	-2.00025E+000	2.80328E-004	11	..........a	-327.68
	1404	1405	-1.71176E+000	-2.00202E-001	-2.34338E+000	-2.00025E+000	2.70844E-004	11	..........a	-327.68
	1405	1406	-1.71336E+000	-2.00202E-001	-2.33713E+000	-2.00025E+000	2.75728E-004	11	..........a	-327.68
	1406	1407	-1.70976E+000	-2.00196E-001	-2.18590E+000	-2.00025E+000	3.28944E-004	11	..........a	-327.68
	1407	1408	-1.71176E+000	-2.00196E-001	-2.19206E+000	-2.00025E+000	3.37478E-004	11	..........a	-327.68
	1408	1409	-1.71336E+000	-2.00196E-001	-2.19316E+000	-2.00025E+000	3.35344E-004	11	..........a	-327.68
	1409	1410	-1.71336E+000	-2.00196E-001	-2.20157E+000	-2.00025E+000	3.40211E-004	11	..........a	-327.68
	1410	1411	-1.71416E+000	-2.00196E-001	-2.20292E+000	-2.00025E+000	3.36561E-004	11	..........a	-327.68
	1411	1412	-1.71256E+000	-2.00196E-001	-2.21570E+000	-2.00025E+000	3.37461E-004	11	..........a	-327.68
	1412	1413	-1.71336E+000	-2.00196E-001	-2.22526E+000	-2.00025E+000	3.30561E-004	11	..........a	-327.68
	1413	1414	-1.71416E+000	-2.00196E-001	-2.22631E+000	-2.00025E+000	3.29011E-004	11	..........a	-327.68
	1414	1415	-1.71336E+000	-2.00196E-001	-2.23899E+000	-2.00025E+000	3.38661E-004	11	..........a	-327.68
	1415	1416	-1.71256E+000	-2.00196E-001	-2.23894E+000	-2.00025E+000	3.33244E-004	11	..........a	-327.68
	1416	1417	-1.71376E+000	-2.00196E-001	-2.24571E+000	-2.00025E+000	3.38061E-004	11	..........a	-327.68
	1417	1418	-1.71296E+000	-2.00196E-001	-2.24888E+000	-2.00025E+000	3.37761E-004	11	..........a	-327.68
	1418	1419	-1.71416E+000	-2.00196E-001	-2.25189E+000	-2.00025E+000	3.36211E-004	11	..........a	-327.68
	1419	1420	-1.71336E+000	-2.00195E-001	-2.26100E+000	-2.00025E+000	3.44294E-004	11	..........a	-327.68
	1420	1421	-1.71256E+000	-2.00196E-001	-2.26226E+000	-2.00025E+000	3.43811E-004	11	..........a	-327.68
	1421	1422	-1.71336E+000	-2.00196E-001	-2.27218E+000	-2.00025E+000	3.52094E-004	11	..........a	-327.68
	1422	1423	-1.71256E+000	-2.00196E-001	-2.27355E+000	-2.00025E+000	3.47644E-004	11	..........a	-327.68
	1423	1424	-1.71336E+000	-2.00196E-001	-2.27967E+000	-2.00025E+000	3.41361E-004	11	..........a	-327.68
	1424	1425	-1.71376E+000	-2.00195E-001	-2.28511E+000	-2.00025E+000	3.30878E-004	11	..........a	-327.68
	1425	1426	-1.71336E+000	-2.00195E-001	-2.29075E+000	-2.00025E+000	3.38611E-004	11	..........a	-327.68
	1426	1427	-1.71456E+000	-2.00196E-001	-2.30052E+000	-2.00025E+000	3.34594E-004	11	..........a	-327.68
	1427	1428	-1.71256E+000	-2.00196E-001	-2.30442E+000	-2.00025E+000	3.43111E-004	11	..........a	-327.68
	1428	1429	-1.71456E+000	-2.00195E-001	-2.30823E+000	-2.00025E+000	3.41861E-004	11	..........a	-327.68
	1429	1430	-1.71576E+000	-2.00196E-001	-2.30908E+000	-2.00025E+000	3.41494E-004	11	..........a	-327.68
	1430	1431	-1.71336E+000	-2.00196E-001	-2.31501E+000	-2.00025E+000	3.39244E-004	11	..........a	-327.68
	1431	1432	-1.71216E+000	-2.00196E-001	-2.32085E+000	-2.00025E+000	3.41394E-004	11	..........a	-327.68
	1432	1433	-1.71096E+000	-2.00196E-001	-2.33104E+000	-2.00025E+000	3.43011E-004	11	..........a	-327.68
	1433	1434	-1.71336E+000	-2.00196E-001	-2.33236E+000	-2.00025E+000	3.44394E-004	11	..........a	-327.68
	1434	1435	-1.71336E+000	-2.00196E-001	-2.32762E+000	-2.00025E+000	3.45178E-004	11	..........a	-327.68
	1435	1436	-1.71256E+000	-2.00196E-001	-2.33498E+000	-2.00025E+000	3.39778E-004	11	..........a	-327.68
	1436	1437	-1.71336E+000	-2.00196E-001	-2.33253E+000	-2.00025E+000	3.42911E-004	11	..........a	-327.68
	1437	1438	-1.71256E+000	-2.00196E-001	-2.33735E+000	-2.00025E+000	3.36394E-004	11	..........a	-327.68
	1438	1439	-1.71336E+000	-2.00196E-001	-2.33887E+000	-2.00025E+000	3.40444E-004	11	..........a	-327.68
	1439	1440	-1.71496E+000	-2.00195E-001	-2.33789E+000	-2.00025E+000	3.39861E-004	11	..........a	-327.68
	1440	1441	-1.71336E+000	-2.00195E-001	-2.34623E+000	-2.00025E+000	3.38878E-004	11	..........a	-327.68
	1441	1442	-1.71256E+000	-2.00196E-001	-2.34760E+000	-2.00025E+000	3.41244E-004	11	..........a	-327.68
	1442	1443	-1.71336E+000	-2.00196E-001	-2.35100E+000	-2.00025E+000	3.40028E-004	11	..........a	-327.68
	1443	1444	-1.71256E+000	-2.00196E-001	-2.34504E+000	-2.00025E+000	3.38644E-004	11	..........a	-327.68
	1444	1445	-1.71296E+000	-2.00196E-001	-2.33452E+000	-2.00025E+000	3.39361E-004	11	..........a	-327.68
	1445	1446	-1.71336E+000	-2.00196E-001	-2.18360E+000	-2.00025E+000	3.38111E-004	11	..........a	-327.68
	1446	1447	-1.71256E+000	-2.00196E-001	-2.18592E+000	-2.00025E+000	3.42361E-004	11	..........a	-327.68
	1447	1448	-1.71256E+000	-2.00196E-001	-2.19684E+000	-2.00025E+000	3.36344E-004	11	..........a	-327.68
	1448	1449	-1.71256E+000	-2.00196E-001	-2.19765E+000	-2.00025E+000	3.33894E-004	11	..........a	-327.68
	1449	1450	-1.71016E+000	-2.00196E-001	-2.20943E+000	-2.00025E+000	3.45344E-004	11	..........a	-327.68
	1450	1451	-1.71296E+000	-2.00196E-001	-2.20905E+000	-2.00025E+000	3.42911E-004	11	..........a	-327.68
	1451	1452	-1.71256E+000	-2.00196E-001	-2.21732E+000	-2.00025E+000	3.45344E-004	11	..........a	-327.68
	1452	1453	-1.71296E+000	-2.00196E-001	-2.22212E+000	-2.00025E+000	3.41328E-004	11	..........a	-327.68
	1453	1454	-1.71336E+000	-2.00196E-001	-2.22233E+000	-2.00025E+000	3.38861E-004	11	..........a	-327.68
	1454	1455	-1.71256E+000	-2.00195E-001	-2.23400E+000	-2.00025E+000	3.41144E-004	11	..........a	-327.68
	1455	1456	-1.71096E+000	-2.00196E-001	-2.23918E+000	-2.00025E+000	3.39428E-004	11	..........a	-327.68
	1456	1457	-1.71656E+000	-2.00196E-001	-2.24431E+000	-2.00025E+000	3.43144E-004	11	..........a	-327.68
	1457	1458	-1.71176E+000	-2.00196E-001	-2.24788E+000	-2.00025E+000	3.43011E-004	11	..........a	-327.68
	1458	1459	-1.71416E+000	-2.00195E-001	-2.25190E+000	-2.00025E+000	3.44094E-004	11	..........a	-327.68
	1459	1460	-1.71336E+000	-2.00195E-001	-2.25797E+000	-2.00025E+000	3.39861E-004	11	..........a	-327.68
	1460	1461	-1.71256E+000	-2.00195E-001	-2.26865E+000	-2.00025E+000	3.39494E-004	11	..........a	-327.68
	1461	1462	-1.71336E+000	-2.00196E-001	-2.27173E+000	-2.00025E+000	3.44144E-004	11	..........a	-327.68
	1462	1463	-1.71096E+000	-2.00195E-001	-2.27399E+000	-2.00025E+000	3.36661E-004	11	..........a	-327.68
	1463	1464	-1.71336E+000	-2.00195E-001	-2.27899E+000	-2.00025E+000	3.43511E-004	11	..........a	-327.68
	1464	1465	-1.71256E+000	-2.00195E-001	-2.28061E+000	-2.00025E+000	3.43878E-004	11	..........a	-327.68
	1465	1466	-1.71256E+000	-2.00195E-001	-2.28703E+000	-2.00025E+000	3.42828E-004	11	..........a	-327.68
	1466	1467	-1.71336E+000	-2.00195E-001	-2.28726E+000	-2.00025E+000	3.42844E-004	11	..........a	-327.68
	1467	1468	-1.71336E+000	-2.00195E-001	-2.30007E+000	-2.00025E+000	3.54344E-004	11	..........a	-327.68
	1468	1469	-1.71416E+000	-2.00195E-001	-2.29929E+000	-2.00025E+000	3.46944E-004	11	..........a	-327.68
	1469	1470	-1.71336E+000	-2.00195E-001	-2.31539E+000	-2.00025E+000	3.42594E-004	11	..........a	-327.68
	1470	1471	-1.71416E+000	-2.00195E-001	-2.31182E+000	-2.00025E+000	3.43111E-004	11	..........a	-327.68
	1471	1472	-1.71416E+000	-2.00194E-001	-2.31758E+000	-2.00025E+000	3.43094E-004	11	..........a	-327.68
	1472	1473	-1.71176E+000	-2.00195E-001	-2.32304E+000	-2.00025E+000	3.39894E-004	11	..........a	-327.68
	1473	1474	-1.71336E+000	-2.00195E-001	-2.32680E+000	-2.00025E+000	3.36194E-004	11	..........a	-327.68
	1474	1475	-1.71416E+000	-2.00195E-001	-2.33204E+000	-2.00025E+000	3.40211E-004	11	..........a	-327.68
	1475	1476	-1.71416E+000	-2.00195E-001	-2.33042E+000	-2.00025E+000	3.46294E-004	11	..........a	-327.68
	1476	1477	-1.71176E+000	-2.00196E-001	-2.33905E+000	-2.00025E+000	3.47844E-004	11	..........a	-327.68
	1477	1478	-1.71376E+000	-2.00196E-001	-2.33366E+000	-2.00025E+000	3.40744E-004	11	..........a	-327.68
	1478	1479	-1.71336E+000	-2.00196E-001	-2.34262E+000	-2.00025E+000	3.43411E-004	11	..........a	-327.68
	1479	1480	-1.71416E+000	-2.00195E-001	-2.34153E+000	-2.00025E+000	3.45228E-004	11	..........a	-327.68
	1480	1481	-1.71336E+000	-2.00195E-001	-2.35270E+000	-2.00025E+000	3.41194E-004	11	..........a	-327.68
	1481	1482	-1.71256E+000	-2.00196E-001	-2.35661E+000	-2.00025E+000	3.44261E-004	11	..........a	-327.68
	1482	1483	-1.71336E+000	-2.00195E-001	-2.36001E+000	-2.00025E+000	3.43678E-004	11	..........a	-327.68
	1483	1484	-1.71176E+000	-2.00195E-001	-2.36173E+000	-2.00025E+000	3.42694E-004	11	..........a	-327.68
	1484	1485	-1.71336E+000	-2.00196E-001	-2.35828E+000	-2.00025E+000	3.47244E-004	11	..........a	-327.68
	1485	1486	-1.71176E+000	-2.00196E-001	-2.36340E+000	-2.00025E+000	3.47228E-004	11	..........a	-327.68
	1486	1487	-1.71336E+000	-2.00196E-001	-2.36057E+000	-2.00025E+000	3.44794E-004	11	..........a	-327.68
	1487	1488	-1.71336E+000	-2.00196E-001	-2.36145E+000	-2.00025E+000	3.43211E-004	11	..........a	-327.68
	1488	1489	-1.71096E+000	-2.00195E-001	-2.20274E+000	-2.00025E+000	3.39761E-004	11	..........a	-327.68
	1489	1490	-1.71336E+000	-2.00196E-001	-2.20337E+000	-2.00025E+000	3.40611E-004	11	..........a	-327.68
	1490	1491	-1.70936E+000	-2.00196E-001	-2.21444E+000	-2.00025E+000	3.39178E-004	11	..........a	-327.68
	1491	1492	-1.71256E+000	-2.00196E-001	-2.21406E+000	-2.00025E+000	3.42461E-004	11	..........a	-327.68
	1492	1493	-1.71256E+000	-2.00195E-001	-2.22061E+000	-2.00025E+000	3.39078E-004	11	..........a	-327.68
	1493	1494	-1.71176E+000	-2.00196E-001	-2.22453E+000	-2.00025E+000	3.45794E-004	11	..........a	-327.68
	1494	1495	-1.71256E+000	-2.00196E-001	-2.23453E+000	-2.00025E+000	3.44228E-004	11	..........a	-327.68
	1495	1496	-1.71256E+000	-2.00196E-001	-2.23690E+000	-2.00025E+000	3.42994E-004	11	..........a	-327.68
	1496	1497	-1.71416E+000	-2.00196E-001	-2.24479E+000	-2.00025E+000	3.50228E-004	11	..........a	-327.68
	1497	1498	-1.71336E+000	-2.00195E-001	-2.24919E+000	-2.00025E+000	3.40411E-004	11	..........a	-327.68
	1498	1499	-1.71176E+000	-2.00196E-001	-2.25402E+000	-2.00025E+000	3.42894E-004	11	..........a	-327.68
	1499	1500	-1.71336E+000	-2.00196E-001	-2.25903E+000	-2.00025E+000	3.41311E-004	11	..........a	-327.68
	1500	1501	-1.71176E+000	-2.00195E-001	-2.26312E+000	-2.00025E+000	3.44911E-004	11	..........a	-327.68
	1501	1502	-1.71336E+000	-2.00195E-001	-2.26886E+000	-2.00025E+000	3.24161E-004	11	..........a	-327.68
	1502	1503	-1.71336E+000	-2.00195E-001	-2.27020E+000	-2.00025E+000	3.22344E-004	11	..........a	-327.68
	1503	1504	-1.71096E+000	-2.00195E-001	-2.28228E+000	-2.00025E+000	3.18328E-004	11	..........a	-327.68
	1504	1505	-1.71176E+000	-2.00195E-001	-2.28234E+000	-2.00025E+000	3.27444E-004	11	..........a	-327.68
	1505	1506	-1.71416E+000	-2.00195E-001	-2.28533E+000	-2.00025E+000	3.16828E-004	11	..........a	-327.68
	1506	1507	-1.71336E+000	-2.00195E-001	-2.29332E+000	-2.00025E+000	3.16928E-004	11	..........a	-327.68
	1507	1508	-1.71176E+000	-2.00195E-001	-2.29561E+000	-2.00025E+000	3.15861E-004	11	..........a	-327.68
	1508	1509	-1.71416E+000	-2.00195E-001	-2.29901E+000	-2.00025E+000	3.14328E-004	11	..........a	-327.68
	1509	1510	-1.71336E+000	-2.00195E-001	-2.29890E+000	-2.00025E+000	3.29061E-004	11	..........a	-327.68
	1510	1511	-1.71176E+000	-2.00196E-001	-2.31348E+000	-2.00025E+000	3.14578E-004	11	..........a	-327.68
	1511	1512	-1.71216E+000	-2.00196E-001	-2.31930E+000	-2.00025E+000	3.11344E-004	11	..........a	-327.68
	1512	1513	-1.71336E+000	-2.00195E-001	-2.32176E+000	-2.00025E+000	3.18994E-004	11	..........a	-327.68
	1513	1514	-1.71216E+000	-2.00195E-001	-2.31989E+000	-2.00025E+000	3.23961E-004	11	..........a	-327.68
	1514	1515	-1.71176E+000	-2.00196E-001	-2.31672E+000	-2.00025E+000	3.24761E-004	11	..........a	-327.68
	1515	1516	-1.71256E+000	-2.00196E-001	-2.32504E+000	-2.00025E+000	3.21778E-004	11	..........a	-327.68
	1516	1517	-1.71256E+000	-2.00196E-001	-2.32735E+000	-2.00025E+000	3.20494E-004	11	..........a	-327.68
	1517	1518	-1.71016E+000	-2.00196E-001	-2.33825E+000	-2.00025E+000	3.25594E-004	11	..........a	-327.68
	1518	1519	-1.71256E+000	-2.00196E-001	-2.33612E+000	-2.00025E+000	3.20744E-004	11	..........a	-327.68
	1519	1520	-1.71256E+000	-2.00195E-001	-2.33971E+000	-2.00025E+000	3.17144E-004	11	..........a	-327.68
	1520	1521	-1.71216E+000	-2.00196E-001	-2.34381E+000	-2.00025E+000	3.20511E-004	11	..........a	-327.68
	1521	1522	-1.71336E+000	-2.00196E-001	-2.34241E+000	-2.00025E+000	3.23394E-004	11	..........a	-327.68
	1522	1523	-1.71176E+000	-2.00196E-001	-2.34801E+000	-2.00025E+000	3.22994E-004	11	..........a	-327.68
	1523	1524	-1.71096E+000	-2.00195E-001	-2.34829E+000	-2.00025E+000	3.17644E-004	11	..........a	-327.68
	1524	1525	-1.71336E+000	-2.00196E-001	-2.34996E+000	-2.00025E+000	3.13778E-004	11	..........a	-327.68
	1525	1526	-1.71336E+000	-2.00196E-001	-2.28975E+000	-2.00025E+000	3.12344E-004	11	..........a	-327.68
	1526	1527	-1.71336E+000	-2.00195E-001	-2.19009E+000	-2.00025E+000	3.17178E-004	11	..........a	-327.68
	1527	1528	-1.70856E+000	-2.00196E-001	-2.20158E+000	-2.00025E+000	3.18528E-004	11	..........a	-327.68
	1528	1529	-1.71256E+000	-2.00196E-001	-2.19943E+000	-2.00025E+000	3.17278E-004	11	..........a	-327.68
	1529	1530	-1.71376E+000	-2.00196E-001	-2.20889E+000	-2.00025E+000	3.18194E-004	11	..........a	-327.68
	1530	1531	-1.71416E+000	-2.00196E-001	-2.21114E+000	-2.00025E+000	3.16328E-004	11	..........a	-327.68
	1531	1532	-1.71336E+000	-2.00195E-001	-2.22343E+000	-2.00025E+000	3.28428E-004	11	..........a	-327.68
	1532	1533	-1.71256E+000	-2.00196E-001	-2.22686E+000	-2.00025E+000	3.28994E-004	11	..........a	-327.68
	1533	1534	-1.71336E+000	-2.00196E-001	-2.22782E+000	-2.00025E+000	3.27594E-004	11	..........a	-327.68
	1534	1535	-1.71336E+000	-2.00196E-001	-2.23527E+000	-2.00025E+000	3.22044E-004	11	..........a	-327.68
	1535	1536	-1.71176E+000	-2.00197E-001	-2.23675E+000	-2.00025E+000	3.34628E-004	11	..........a	-327.68
	1536	1537	-1.71416E+000	-2.00196E-001	-2.24317E+000	-2.00025E+000	3.25778E-004	11	..........a	-327.68
	1537	1538	-1.71176E+000	-2.00196E-001	-2.24647E+000	-2.00025E+000	3.19311E-004	11	..........a	-327.68
	1538	1539	-1.71176E+000	-2.00196E-001	-2.24978E+000	-2.00025E+000	3.24394E-004	11	..........a	-327.68
	1539	1540	-1.71256E+000	-2.00196E-001	-2.25199E+000	-2.00025E+000	3.10794E-004	11	..........a	-327.68
	1540	1541	-1.71336E+000	-2.00196E-001	-2.25648E+000	-2.00025E+000	3.18044E-004	11	..........a	-327.68
	1541	1542	-1.71336E+000	-2.00196E-001	-2.26108E+000	-2.00025E+000	3.16461E-004	11	..........a	-327.68
	1542	1543	-1.71016E+000	-2.00196E-001	-2.26963E+000	-2.00025E+000	3.22928E-004	11	..........a	-327.68
	1543	1544	-1.71256E+000	-2.00196E-001	-2.27607E+000	-2.00025E+000	3.16578E-004	11	..........a	-327.68
	1544	1545	-1.71416E+000	-2.00196E-001	-2.27661E+000	-2.00025E+000	3.14794E-004	11	..........a	-327.68
	1545	1546	-1.71416E+000	-2.00196E-001	-2.28157E+000	-2.00025E+000	3.18861E-004	11	..........a	-327.68
	1546	1547	-1.71176E+000	-2.00196E-001	-2.28462E+000	-2.00025E+000	3.22444E-004	11	..........a	-327.68
	1547	1548	-1.71256E+000	-2.00196E-001	-2.28684E+000	-2.00025E+000	3.15894E-004	11	..........a	-327.68
	1548	1549	-1.71416E+000	-2.00195E-001	-2.29653E+000	-2.00025E+000	3.12378E-004	11	..........a	-327.68
	1549	1550	-1.71416E+000	-2.00196E-001	-2.29627E+000	-2.00025E+000	3.18444E-004	11	..........a	-327.68
	1550	1551	-1.71176E+000	-2.00196E-001	-2.31164E+000	-2.00025E+000	3.19428E-004	11	..........a	-327.68
	1551	1552	-1.71256E+000	-2.00196E-001	-2.31234E+000	-2.00025E+000	3.16511E-004	11	..........a	-327.68
	1552	1553	-1.71496E+000	-2.00196E-001	-2.31318E+000	-2.00025E+000	3.19778E-004	11	..........a	-327.68
	1553	1554	-1.71256E+000	-2.00196E-001	-2.32239E+000	-2.00025E+000	3.11094E-004	11	..........a	-327.68
	1554	1555	-1.71416E+000	-2.00196E-001	-2.32152E+000	-2.00025E+000	3.10678E-004	11	..........a	-327.68
	1555	1556	-1.71096E+000	-2.00196E-001	-2.33108E+000	-2.00025E+000	3.08928E-004	11	..........a	-327.68
	1556	1557	-1.71096E+000	-2.00196E-001	-2.33026E+000	-2.00025E+000	3.04161E-004	11	..........a	-327.68
	1557	1558	-1.71256E+000	-2.00196E-001	-2.32877E+000	-2.00025E+000	3.04361E-004	11	..........a	-327.68
	1558	1559	-1.71216E+000	-2.00196E-001	-2.33398E+000	-2.00025E+000	3.03328E-004	11	..........a	-327.68
	1559	1560	-1.70976E+000	-2.00196E-001	-2.34492E+000	-2.00025E+000	3.08594E-004	11	..........a	-327.68
	1560	1561	-1.71176E+000	-2.00195E-001	-2.34450E+000	-2.00025E+000	2.96128E-004	11	..........a	-327.68
	1561	1562	-1.71096E+000	-2.00195E-001	-2.34319E+000	-2.00025E+000	3.02561E-004	11	..........a	-327.68
	1562	1563	-1.71216E+000	-2.00196E-001	-2.34561E+000	-2.00025E+000	3.00911E-004	11	..........a	-327.68
	1563	1564	-1.71016E+000	-2.00196E-001	-2.34839E+000	-2.00025E+000	2.94061E-004	11	..........a	-327.68
	1564	1565	-1.71176E+000	-2.00195E-001	-2.35080E+000	-2.00025E+000	2.92344E-004	11	..........a	-327.68
	1565	1566	-1.71176E+000	-2.00196E-001	-2.34893E+000	-2.00025E+000	2.83894E-004	11	..........a	-327.68
	1566	1567	-1.71336E+000	-2.00196E-001	-2.34953E+000	-2.00025E+000	2.95061E-004	11	..........a	-327.68
	1567	1568	-1.70976E+000	-2.00196E-001	-2.32539E+000	-2.00025E+000	2.98828E-004	11	..........a	-327.68
	1568	1569	-1.71016E+000	-2.00195E-001	-2.18995E+000	-2.00025E+000	2.97861E-004	11	..........a	-327.68
	1569	1570	-1.71336E+000	-2.00195E-001	-2.19470E+000	-2.00025E+000	3.04311E-004	11	..........a	-327.68
	1570	1571	-1.71256E+000	-2.00196E-001	-2.19751E+000	-2.00025E+000	2.90711E-004	11	..........a	-327.68
	1571	1572	-1.71216E+000	-2.00195E-001	-2.20771E+000	-2.00025E+000	2.91994E-004	11	..........a	-327.68
	1572	1573	-1.71176E+000	-2.00195E-001	-2.20924E+000	-2.00025E+000	2.97461E-004	11	..........a	-327.68
	1573	1574	-1.71096E+000	-2.00196E-001	-2.21185E+000	-2.00025E+000	2.92894E-004	11	..........a	-327.68
	1574	1575	-1.71416E+000	-2.00196E-001	-2.21657E+000	-2.00025E+000	3.02778E-004	11	..........a	-327.68
	1575	1576	-1.71016E+000	-2.00195E-001	-2.21762E+000	-2.00025E+000	3.00294E-004	11	..........a	-327.68
	1576	1577	-1.71016E+000	-2.00195E-001	-2.22610E+000	-2.00025E+000	3.03178E-004	11	..........a	-327.68
	1577	1578	-1.71016E+000	-2.00195E-001	-2.22475E+000	-2.00025E+000	2.92111E-004	11	..........a	-327.68
	1578	1579	-1.71056E+000	-2.00196E-001	-2.23561E+000	-2.00025E+000	2.92028E-004	11	..........a	-327.68
	1579	1580	-1.70936E+000	-2.00197E-001	-2.23364E+000	-2.00025E+000	3.35511E-004	11	..........a	-327.68
	1580	1581	-1.71256E+000	-2.00197E-001	-2.23337E+000	-2.00025E+000	3.32294E-004	11	..........a	-327.68
	1581	1582	-1.71176E+000	-2.00198E-001	-2.24392E+000	-2.00025E+000	3.31411E-004	11	..........a	-327.68
	1582	1583	-1.71256E+000	-2.00198E-001	-2.24762E+000	-2.00025E+000	3.36911E-004	11	..........a	-327.68
	1583	1584	-1.71416E+000	-2.00197E-001	-2.25248E+000	-2.00025E+000	3.39878E-004	11	..........a	-327.68
	1584	1585	-1.71336E+000	-2.00197E-001	-2.25489E+000	-2.00025E+000	3.37961E-004	11	..........a	-327.68
	1585	1586	-1.71176E+000	-2.00197E-001	-2.26320E+000	-2.00025E+000	3.32844E-004	11	..........a	-327.68
	1586	1587	-1.71176E+000	-2.00197E-001	-2.26602E+000	-2.00025E+000	3.31978E-004	11	..........a	-327.68
	1587	1588	-1.71176E+000	-2.00197E-001	-2.26751E+000	-2.00025E+000	3.30911E-004	11	..........a	-327.68
	1588	1589	-1.71176E+000	-2.00197E-001	-2.27499E+000	-2.00025E+000	3.35878E-004	11	..........a	-327.68
	1589	1590	-1.71256E+000	-2.00197E-001	-2.27768E+000	-2.00025E+000	3.26061E-004	11	..........a	-327.68
	1590	1591	-1.71096E+000	-2.00198E-001	-2.29155E+000	-2.00025E+000	3.34961E-004	11	..........a	-327.68
	1591	1592	-1.71176E+000	-2.00197E-001	-2.29537E+000	-2.00025E+000	3.29861E-004	11	..........a	-327.68
	1592	1593	-1.71016E+000	-2.00197E-001	-2.30378E+000	-2.00025E+000	3.31661E-004	11	..........a	-327.68
	1593	1594	-1.71376E+000	-2.00197E-001	-2.30123E+000	-2.00025E+000	3.35094E-004	11	..........a	-327.68
	1594	1595	-1.70936E+000	-2.00197E-001	-2.30667E+000	-2.00025E+000	3.35028E-004	11	..........a	-327.68
	1595	1596	-1.71376E+000	-2.00197E-001	-2.30812E+000	-2.00025E+000	3.37294E-004	11	..........a	-327.68
	1596	1597	-1.71016E+000	-2.00197E-001	-2.31276E+000	-2.00025E+000	3.36878E-004	11	..........a	-327.68
	1597	1598	-1.71176E+000	-2.00197E-001	-2.31886E+000	-2.00025E+000	3.44578E-004	11	..........a	-327.68
	1598	1599	-1.71176E+000	-2.00197E-001	-2.31552E+000	-2.00025E+000	3.31194E-004	11	..........a	-327.68
	1599	1600	-1.71416E+000	-2.00197E-001	-2.31755E+000	-2.00025E+000	3.27778E-004	11	..........a	-327.68
	1600	1601	-1.71376E+000	-2.00197E-001	-2.31898E+000	-2.00025E+000	3.25728E-004	11	..........a	-327.68
	1601	1602	-1.71336E+000	-2.00197E-001	-2.32215E+000	-2.00025E+000	3.38294E-004	11	..........a	-327.68
	1602	1603	-1.71096E+000	-2.00197E-001	-2.17823E+000	-2.00025E+000	3.38711E-004	11	..........a	-327.68
	1603	1604	-1.71216E+000	-2.00197E-001	-2.18030E+000	-2.00025E+000	3.34911E-004	11	..........a	-327.68
	1604	1605	-1.71256E+000	-2.00197E-001	-2.18916E+000	-2.00025E+000	3.32194E-004	11	..........a	-327.68
	1605	1606	-1.70696E+000	-2.00202E-001	-2.19656E+000	-2.00025E+000	6.31161E-004	11	..........a	-327.68
	1606	1607	-1.71176E+000	-2.00203E-001	-2.19945E+000	-2.00025E+000	6.49011E-004	11	..........a	-327.68
	1607	1608	-1.70936E+000	-2.00202E-001	-2.20404E+000	-2.00025E+000	6.37111E-004	11	..........a	-327.68
	1608	1609	-1.71256E+000	-2.00202E-001	-2.20630E+000	-2.00025E+000	6.37178E-004	11	..........a	-327.68
	1609	1610	-1.71176E+000	-2.00202E-001	-2.21410E+000	-2.00025E+000	6.29128E-004	11	..........a	-327.68
	1610	1611	-1.71256E+000	-2.00202E-001	-2.21483E+000	-2.00025E+000	6.27261E-004	11	..........a	-327.68
	1611	1612	-1.71336E+000	-2.00201E-001	-2.22835E+000	-2.00025E+000	6.31828E-004	11	..........a	-327.68
	1612	1613	-1.71176E+000	-2.00202E-001	-2.23452E+000	-2.00025E+000	6.16961E-004	11	..........a	-327.68
	1613	1614	-1.71176E+000	-2.00201E-001	-2.24005E+000	-2.00025E+000	6.24528E-004	11	..........a	-327.68
	1614	1615	-1.71176E+000	-2.00201E-001	-2.24401E+000	-2.00025E+000	6.20461E-004	11	..........a	-327.68
	1615	1616	-1.71336E+000	-2.00200E-001	-2.24532E+000	-2.00025E+000	6.03328E-004	11	..........a	-327.68
	1616	1617	-1.71096E+000	-2.00200E-001	-2.25620E+000	-2.00025E+000	5.96228E-004	11	..........a	-327.68
	1617	1618	-1.71176E+000	-2.00200E-001	-2.25875E+000	-2.00025E+000	5.96494E-004	11	..........a	-327.68
	1618	1619	-1.71176E+000	-2.00201E-001	-2.26610E+000	-2.00025E+000	6.22428E-004	11	..........a	-327.68
	1619	1620	-1.71336E+000	-2.00202E-001	-2.26761E+000	-2.00025E+000	6.34561E-004	11	..........a	-327.68
	1620	1621	-1.71256E+000	-2.00201E-001	-2.27329E+000	-2.00025E+000	6.26778E-004	11	..........a	-327.68
	1621	1622	-1.71176E+000	-2.00202E-001	-2.27994E+000	-2.00025E+000	6.35944E-004	11	..........a	-327.68
	1622	1623	-1.71336E+000	-2.00201E-001	-2.27979E+000	-2.00025E+000	6.35761E-004	11	..........a	-327.68
	1623	1624	-1.71176E+000	-2.00200E-001	-2.29571E+000	-2.00025E+000	6.10878E-004	11	..........a	-327.68
	1624	1625	-1.71176E+000	-2.00200E-001	-2.29849E+000	-2.00025E+000	6.11261E-004	11	..........a	-327.68
	1625	1626	-1.71216E+000	-2.00200E-001	-2.29727E+000	-2.00025E+000	6.14611E-004	11	..........a	-327.68
	1626	1627	-1.71256E+000	-2.00202E-001	-2.29753E+000	-2.00025E+000	6.44394E-004	11	..........a	-327.68
	1627	1628	-1.71336E+000	-2.00204E-001	-2.30327E+000	-2.00025E+000	6.74561E-004	11	..........a	-327.68
	1628	1629	-1.71256E+000	-2.00204E-001	-2.30839E+000	-2.00025E+000	6.80928E-004	11	..........a	-327.68
	1629	1630	-1.71176E+000	-2.00203E-001	-2.31450E+000	-2.00025E+000	6.62011E-004	11	..........a	-327.68
	1630	1631	-1.71336E+000	-2.00203E-001	-2.31939E+000	-2.00025E+000	6.57244E-004	11	..........a	-327.68
	1631	1632	-1.71336E+000	-2.00201E-001	-2.32033E+000	-2.00025E+000	6.32694E-004	11	..........a	-327.68
	1632	1633	-1.71256E+000	-2.00202E-001	-2.32611E+000	-2.00025E+000	6.39211E-004	11	..........a	-327.68
	1633	1634	-1.71096E+000	-2.00202E-001	-2.32985E+000	-2.00025E+000	6.36761E-004	11	..........a	-327.68
	1634	1635	-1.71336E+000	-2.00202E-001	-2.33494E+000	-2.00025E+000	6.46961E-004	11	..........a	-327.68
	1635	1636	-1.70936E+000	-2.00203E-001	-2.34489E+000	-2.00025E+000	6.49461E-004	11	..........a	-327.68
	1636	1637	-1.71256E+000	-2.00202E-001	-2.34348E+000	-2.00025E+000	6.50578E-004	11	..........a	-327.68
	1637	1638	-1.71096E+000	-2.00202E-001	-2.35059E+000	-2.00025E+000	6.41178E-004	11	..........a	-327.68
	1638	1639	-1.71176E+000	-2.00202E-001	-2.34823E+000	-2.00025E+000	6.40494E-004	11	..........a	-327.68
	1639	1640	-1.71176E+000	-2.00202E-001	-2.35717E+000	-2.00025E+000	6.52478E-004	11	..........a	-327.68
	1640	1641	-1.71016E+000	-2.00203E-001	-2.35836E+000	-2.00025E+000	6.60228E-004	11	..........a	-327.68
	1641	1642	-1.71016E+000	-2.00203E-001	-2.35667E+000	-2.00025E+000	6.55328E-004	11	..........a	-327.68
	1642	1643	-1.71176E+000	-2.00204E-001	-2.36063E+000	-2.00025E+000	6.65711E-004	11	..........a	-327.68
	1643	1644	-1.71296E+000	-2.00203E-001	-2.35291E+000	-2.00025E+000	6.59744E-004	11	..........a	-327.68
	1644	1645	-1.71216E+000	-2.00203E-001	-2.18555E+000	-2.00025E+000	6.60794E-004	11	..........a	-327.68
	1645	1646	-1.71176E+000	-2.00202E-001	-2.17863E+000	-2.00025E+000	6.45028E-004	11	..........a	-327.68
	1646	1647	-1.71176E+000	-2.00202E-001	-2.18713E+000	-2.00025E+000	6.19478E-004	11	..........a	-327.68
	1647	1648	-1.71096E+000	-2.00201E-001	-2.19067E+000	-2.00025E+000	6.18161E-004	11	..........a	-327.68
	1648	1649	-1.71136E+000	-2.00202E-001	-2.19645E+000	-2.00025E+000	6.30478E-004	11	..........a	-327.68
	1649	1650	-1.71096E+000	-2.00202E-001	-2.20843E+000	-2.00025E+000	6.50361E-004	11	..........a	-327.68
	1650	1651	-1.71096E+000	-2.00203E-001	-2.20965E+000	-2.00025E+000	6.61328E-004	11	..........a	-327.68
	1651	1652	-1.70936E+000	-2.00202E-001	-2.21927E+000	-2.00025E+000	6.52661E-004	11	..........a	-327.68
	1652	1653	-1.71176E+000	-2.00201E-001	-2.21974E+000	-2.00025E+000	6.36228E-004	11	..........a	-327.68
	1653	1654	-1.71176E+000	-2.00201E-001	-2.22660E+000	-2.00025E+000	6.37894E-004	11	..........a	-327.68
	1654	1655	-1.71176E+000	-2.00201E-001	-2.23506E+000	-2.00025E+000	6.36494E-004	11	..........a	-327.68
	1655	1656	-1.71216E+000	-2.00203E-001	-2.24034E+000	-2.00025E+000	6.52061E-004	11	..........a	-327.68
	1656	1657	-1.71016E+000	-2.00204E-001	-2.24854E+000	-2.00025E+000	6.68411E-004	11	..........a	-327.68
	1657	1658	-1.71336E+000	-2.00203E-001	-2.24706E+000	-2.00025E+000	6.52361E-004	11	..........a	-327.68
	1658	1659	-1.71336E+000	-2.00202E-001	-2.25508E+000	-2.00025E+000	6.48378E-004	11	..........a	-327.68
	1659	1660	-1.71176E+000	-2.00202E-001	-2.25647E+000	-2.00025E+000	6.42428E-004	11	..........a	-327.68
	1660	1661	-1.71176E+000	-2.00201E-001	-2.26480E+000	-2.00025E+000	6.21294E-004	11	..........a	-327.68
	1661	1662	-1.71096E+000	-2.00201E-001	-2.27564E+000	-2.00025E+000	6.15478E-004	11	..........a	-327.68
	1662	1663	-1.71176E+000	-2.00201E-001	-2.27002E+000	-2.00025E+000	6.17644E-004	11	..........a	-327.68
	1663	1664	-1.71056E+000	-2.00201E-001	-2.28059E+000	-2.00025E+000	6.30878E-004	11	..........a	-327.68
	1664	1665	-1.71176E+000	-2.00203E-001	-2.27852E+000	-2.00025E+000	6.43028E-004	11	..........a	-327.68
	1665	1666	-1.71016E+000	-2.00201E-001	-2.28517E+000	-2.00025E+000	6.29461E-004	11	..........a	-327.68
	1666	1667	-1.71016E+000	-2.00203E-001	-2.28668E+000	-2.00025E+000	6.48694E-004	11	..........a	-327.68
	1667	1668	-1.71256E+000	-2.00202E-001	-2.29225E+000	-2.00025E+000	6.39461E-004	11	..........a	-327.68
	1668	1669	-1.71256E+000	-2.00202E-001	-2.29752E+000	-2.00025E+000	6.51128E-004	11	..........a	-327.68
	1669	1670	-1.71336E+000	-2.00204E-001	-2.29898E+000	-2.00025E+000	6.74328E-004	11	..........a	-327.68
	1670	1671	-1.71096E+000	-2.00203E-001	-2.31037E+000	-2.00025E+000	6.63644E-004	11	..........a	-327.68
	1671	1672	-1.71176E+000	-2.00203E-001	-2.30933E+000	-2.00025E+000	6.53011E-004	11	..........a	-327.68
	1672	1673	-1.71016E+000	-2.00202E-001	-2.31383E+000	-2.00025E+000	6.40378E-004	11	..........a	-327.68
	1673	1674	-1.70776E+000	-2.00202E-001	-2.32236E+000	-2.00025E+000	6.38978E-004	11	..........a	-327.68
	1674	1675	-1.70936E+000	-2.00192E-001	-2.32591E+000	-2.00025E+000	1.73294E-004	11	..........a	-327.68
	1675	1676	-1.71016E+000	-2.00192E-001	-2.32897E+000	-2.00025E+000	1.68194E-004	11	..........a	-327.68
	1676	1677	-1.71016E+000	-2.00192E-001	-2.33345E+000	-2.00025E+000	1.65928E-004	11	..........a	-327.68
	1677	1678	-1.71056E+000	-2.00191E-001	-2.33791E+000	-2.00025E+000	1.67344E-004	11	..........a	-327.68
	1678	1679	-1.71176E+000	-2.00191E-001	-2.33591E+000	-2.00025E+000	1.71444E-004	11	..........a	-327.68
	1679	1680	-1.71096E+000	-2.00191E-001	-2.33974E+000	-2.00025E+000	1.68694E-004	11	..........a	-327.68
	1680	1681	-1.71056E+000	-2.00192E-001	-2.34217E+000	-2.00025E+000	1.71061E-004	11	..........a	-327.68
	1681	1682	-1.71176E+000	-2.00191E-001	-2.34354E+000	-2.00025E+000	1.68411E-004	11	..........a	-327.68
	1682	1683	-1.70936E+000	-2.00192E-001	-2.33826E+000	-2.00025E+000	1.65394E-004	11	..........a	-327.68
	1683	1684	-1.71176E+000	-2.00191E-001	-2.19888E+000	-2.00025E+000	1.66461E-004	11	..........a	-327.68
	1684	1685	-1.71176E+000	-2.00191E-001	-2.20331E+000	-2.00025E+000	1.74778E-004	11	..........a	-327.68
	1685	1686	-1.70736E+000	-2.00197E-001	-2.20938E+000	-2.00025E+000	2.98078E-004	11	..........a	-327.68
	1686	1687	-1.71176E+000	-2.00198E-001	-2.20924E+000	-2.00025E+000	2.97611E-004	11	..........a	-327.68
	1687	1688	-1.71176E+000	-2.00198E-001	-2.21267E+000	-2.00025E+000	3.06478E-004	11	..........a	-327.68
	1688	1689	-1.71016E+000	-2.00198E-001	-2.21749E+000	-2.00025E+000	3.07878E-004	11	..........a	-327.68
	1689	1690	-1.71096E+000	-2.00198E-001	-2.22710E+000	-2.00025E+000	3.05261E-004	11	..........a	-327.68
	1690	1691	-1.71096E+000	-2.00198E-001	-2.22950E+000	-2.00025E+000	3.00094E-004	11	..........a	-327.68
	1691	1692	-1.71016E+000	-2.00198E-001	-2.24751E+000	-2.00025E+000	3.17028E-004	11	..........a	-327.68
	1692	1693	-1.71016E+000	-2.00198E-001	-2.24705E+000	-2.00025E+000	3.10361E-004	11	..........a	-327.68
	1693	1694	-1.71016E+000	-2.00198E-001	-2.25200E+000	-2.00025E+000	3.03144E-004	11	..........a	-327.68
	1694	1695	-1.71096E+000	-2.00198E-001	-2.25468E+000	-2.00025E+000	3.01411E-004	11	..........a	-327.68
	1695	1696	-1.71096E+000	-2.00198E-001	-2.25311E+000	-2.00025E+000	3.02561E-004	11	..........a	-327.68
	1696	1697	-1.70856E+000	-2.00198E-001	-2.25839E+000	-2.00025E+000	3.01961E-004	11	..........a	-327.68
	1697	1698	-1.71016E+000	-2.00198E-001	-2.26180E+000	-2.00025E+000	3.08511E-004	11	..........a	-327.68
	1698	1699	-1.71136E+000	-2.00198E-001	-2.26896E+000	-2.00025E+000	3.02728E-004	11	..........a	-327.68
	1699	1700	-1.71136E+000	-2.00198E-001	-2.27049E+000	-2.00025E+000	3.03894E-004	11	..........a	-327.68
	1700	1701	-1.71016E+000	-2.00198E-001	-2.27581E+000	-2.00025E+000	3.05011E-004	11	..........a	-327.68
	1701	1702	-1.71056E+000	-2.00198E-001	-2.28485E+000	-2.00025E+000	3.04494E-004	11	..........a	-327.68
	1702	1703	-1.71136E+000	-2.00198E-001	-2.28372E+000	-2.00025E+000	3.03344E-004	11	..........a	-327.68
	1703	1704	-1.70936E+000	-2.00198E-001	-2.29070E+000	-2.00025E+000	3.12894E-004	11	..........a	-327.68
	1704	1705	-1.70816E+000	-2.00198E-001	-2.29532E+000	-2.00025E+000	2.97144E-004	11	..........a	-327.68
	1705	1706	-1.71216E+000	-2.00198E-001	-2.29860E+000	-2.00025E+000	3.03144E-004	11	..........a	-327.68
	1706	1707	-1.71056E+000	-2.00198E-001	-2.30383E+000	-2.00025E+000	3.04928E-004	11	..........a	-327.68
	1707	1708	-1.71176E+000	-2.00198E-001	-2.30088E+000	-2.00025E+000	3.04628E-004	11	..........a	-327.68
	1708	1709	-1.70896E+000	-2.00198E-001	-2.31376E+000	-2.00025E+000	3.00794E-004	11	..........a	-327.68
	1709	1710	-1.71056E+000	-2.00198E-001	-2.31131E+000	-2.00025E+000	3.05878E-004	11	..........a	-327.68
	1710	1711	-1.70896E+000	-2.00198E-001	-2.32134E+000	-2.00025E+000	3.14694E-004	11	..........a	-327.68
	1711	1712	-1.71176E+000	-2.00198E-001	-2.31550E+000	-2.00025E+000	3.07028E-004	11	..........a	-327.68
	1712	1713	-1.70936E+000	-2.00198E-001	-2.32083E+000	-2.00025E+000	3.14844E-004	11	..........a	-327.68
	1713	1714	-1.71056E+000	-2.00198E-001	-2.32176E+000	-2.00025E+000	3.15478E-004	11	..........a	-327.68
	1714	1715	-1.71176E+000	-2.00198E-001	-2.32220E+000	-2.00025E+000	3.11028E-004	11	..........a	-327.68
	1715	1716	-1.70856E+000	-2.00198E-001	-2.33220E+000	-2.00025E+000	3.15894E-004	11	..........a	-327.68
	1716	1717	-1.71056E+000	-2.00198E-001	-2.33414E+000	-2.00025E+000	3.11094E-004	11	..........a	-327.68
	1717	1718	-1.70656E+000	-2.00198E-001	-2.34377E+000	-2.00025E+000	3.18328E-004	11	..........a	-327.68
	1718	1719	-1.70856E+000	-2.00198E-001	-2.33622E+000	-2.00025E+000	3.11428E-004	11	..........a	-327.68
	1719	1720	-1.70816E+000	-2.00198E-001	-2.33794E+000	-2.00025E+000	3.15328E-004	11	..........a	-327.68
	1720	1721	-1.70856E+000	-2.00198E-001	-2.16802E+000	-2.00025E+000	3.10661E-004	11	..........a	-327.68
	1721	1722	-1.70856E+000	-2.00198E-001	-2.17290E+000	-2.00025E+000	3.08561E-004	11	..........a	-327.68
	1722	1723	-1.71176E+000	-2.00198E-001	-2.17132E+000	-2.00025E+000	3.11844E-004	11	..........a	-327.68
	1723	1724	-1.71016E+000	-2.00198E-001	-2.17644E+000	-2.00025E+000	3.07678E-004	11	..........a	-327.68
	1724	1725	-1.70976E+000	-2.00198E-001	-2.18909E+000	-2.00025E+000	3.13411E-004	11	..........a	-327.68
	1725	1726	-1.71016E+000	-2.00198E-001	-2.18965E+000	-2.00025E+000	3.05761E-004	11	..........a	-327.68
	1726	1727	-1.70776E+000	-2.00197E-001	-2.19784E+000	-2.00025E+000	3.07028E-004	11	..........a	-327.68
	1727	1728	-1.70936E+000	-2.00197E-001	-2.20418E+000	-2.00025E+000	3.09028E-004	11	..........a	-327.68
	1728	1729	-1.70856E+000	-2.00197E-001	-2.20152E+000	-2.00025E+000	3.06944E-004	11	..........a	-327.68
	1729	1730	-1.70856E+000	-2.00197E-001	-2.20901E+000	-2.00025E+000	3.09594E-004	11	..........a	-327.68
	1730	1731	-1.71096E+000	-2.00196E-001	-2.20873E+000	-2.00025E+000	3.02544E-004	11	..........a	-327.68
	1731	1732	-1.71176E+000	-2.00197E-001	-2.21622E+000	-2.00025E+000	2.94078E-004	11	..........a	-327.68
	1732	1733	-1.71016E+000	-2.00197E-001	-2.22032E+000	-2.00025E+000	2.95061E-004	11	..........a	-327.68
	1733	1734	-1.71096E+000	-2.00197E-001	-2.22431E+000	-2.00025E+000	2.98894E-004	11	..........a	-327.68
	1734	1735	-1.71016E+000	-2.00197E-001	-2.22954E+000	-2.00025E+000	3.10411E-004	11	..........a	-327.68
	1735	1736	-1.70856E+000	-2.00197E-001	-2.23699E+000	-2.00025E+000	3.04294E-004	11	..........a	-327.68
	1736	1737	-1.70976E+000	-2.00197E-001	-2.24629E+000	-2.00025E+000	3.04628E-004	11	..........a	-327.68
	1737	1738	-1.71176E+000	-2.00197E-001	-2.24690E+000	-2.00025E+000	2.98744E-004	11	..........a	-327.68
	1738	1739	-1.71016E+000	-2.00196E-001	-2.25850E+000	-2.00025E+000	3.12461E-004	11	..........a	-327.68
	1739	1740	-1.71176E+000	-2.00197E-001	-2.25418E+000	-2.00025E+000	3.05961E-004	11	..........a	-327.68
	1740	1741	-1.71016E+000	-2.00197E-001	-2.26139E+000	-2.00025E+000	3.03644E-004	11	..........a	-327.68
	1741	1742	-1.71176E+000	-2.00197E-001	-2.26380E+000	-2.00025E+000	3.02844E-004	11	..........a	-327.68
	1742	1743	-1.71016E+000	-2.00197E-001	-2.27103E+000	-2.00025E+000	2.97294E-004	11	..........a	-327.68
	1743	1744	-1.70856E+000	-2.00198E-001	-2.27790E+000	-2.00025E+000	2.95261E-004	11	..........a	-327.68
	1744	1745	-1.71176E+000	-2.00198E-001	-2.27666E+000	-2.00025E+000	2.94078E-004	11	..........a	-327.68
	1745	1746	-1.71056E+000	-2.00197E-001	-2.28461E+000	-2.00025E+000	2.97828E-004	11	..........a	-327.68
	1746	1747	-1.71096E+000	-2.00197E-001	-2.28690E+000	-2.00025E+000	2.91044E-004	11	..........a	-327.68
	1747	1748	-1.71016E+000	-2.00197E-001	-2.29548E+000	-2.00025E+000	2.93161E-004	11	..........a	-327.68
	1748	1749	-1.71096E+000	-2.00197E-001	-2.29600E+000	-2.00025E+000	2.96978E-004	11	..........a	-327.68
	1749	1750	-1.71096E+000	-2.00197E-001	-2.29747E+000	-2.00025E+000	2.95611E-004	11	..........a	-327.68
	1750	1751	-1.71176E+000	-2.00197E-001	-2.29985E+000	-2.00025E+000	2.96394E-004	11	..........a	-327.68
	1751	1752	-1.70936E+000	-2.00196E-001	-2.30684E+000	-2.00025E+000	3.00378E-004	11	..........a	-327.68
	1752	1753	-1.70776E+000	-2.00197E-001	-2.31541E+000	-2.00025E+000	3.05444E-004	11	..........a	-327.68
	1753	1754	-1.71056E+000	-2.00197E-001	-2.31134E+000	-2.00025E+000	2.99561E-004	11	..........a	-327.68
	1754	1755	-1.70856E+000	-2.00197E-001	-2.31805E+000	-2.00025E+000	3.06428E-004	11	..........a	-327.68
	1755	1756	-1.71096E+000	-2.00197E-001	-2.31565E+000	-2.00025E+000	3.08661E-004	11	..........a	-327.68
	1756	1757	-1.71016E+000	-2.00197E-001	-2.32049E+000	-2.00025E+000	3.09111E-004	11	..........a	-327.68
	1757	1758	-1.70776E+000	-2.00198E-001	-2.32346E+000	-2.00025E+000	3.16161E-004	11	..........a	-327.68
	1758	1759	-1.71056E+000	-2.00197E-001	-2.32311E+000	-2.00025E+000	3.07261E-004	11	..........a	-327.68
	1759	1760	-1.70896E+000	-2.00198E-001	-2.17892E+000	-2.00025E+000	2.95761E-004	11	..........a	-327.68
	1760	1761	-1.70936E+000	-2.00198E-001	-2.17984E+000	-2.00025E+000	3.00044E-004	11	..........a	-327.68
	1761	1762	-1.70976E+000	-2.00197E-001	-2.18796E+000	-2.00025E+000	3.05394E-004	11	..........a	-327.68
	1762	1763	-1.70856E+000	-2.00197E-001	-2.19246E+000	-2.00025E+000	3.03728E-004	11	..........a	-327.68
	1763	1764	-1.70856E+000	-2.00197E-001	-2.19966E+000	-2.00025E+000	3.07978E-004	11	..........a	-327.68
	1764	1765	-1.70936E+000	-2.00197E-001	-2.20314E+000	-2.00025E+000	2.96694E-004	11	..........a	-327.68
	1765	1766	-1.70816E+000	-2.00197E-001	-2.20681E+000	-2.00025E+000	2.61394E-004	11	..........a	-327.68
	1766	1767	-1.70936E+000	-2.00197E-001	-2.21242E+000	-2.00025E+000	2.48594E-004	11	..........a	-327.68
	1767	1768	-1.70816E+000	-2.00196E-001	-2.21551E+000	-2.00025E+000	2.59644E-004	11	..........a	-327.68
	1768	1769	-1.70936E+000	-2.00197E-001	-2.22440E+000	-2.00025E+000	2.44961E-004	11	..........a	-327.68
	1769	1770	-1.70776E+000	-2.00197E-001	-2.22763E+000	-2.00025E+000	2.54194E-004	11	..........a	-327.68
	1770	1771	-1.70896E+000	-2.00197E-001	-2.22767E+000	-2.00025E+000	2.52778E-004	11	..........a	-327.68
	1771	1772	-1.70816E+000	-2.00197E-001	-2.23259E+000	-2.00025E+000	2.54294E-004	11	..........a	-327.68
	1772	1773	-1.70936E+000	-2.00197E-001	-2.23607E+000	-2.00025E+000	2.49528E-004	11	..........a	-327.68
	1773	1774	-1.70816E+000	-2.00197E-001	-2.24360E+000	-2.00025E+000	2.54161E-004	11	..........a	-327.68
	1774	1775	-1.71016E+000	-2.00197E-001	-2.24562E+000	-2.00025E+000	2.55311E-004	11	..........a	-327.68
	1775	1776	-1.70896E+000	-2.00197E-001	-2.25710E+000	-2.00025E+000	2.55061E-004	11	..........a	-327.68
	1776	1777	-1.70816E+000	-2.00197E-001	-2.26435E+000	-2.00025E+000	2.49711E-004	11	..........a	-327.68
	1777	1778	-1.70856E+000	-2.00197E-001	-2.27249E+000	-2.00025E+000	2.47644E-004	11	..........a	-327.68
	1778	1779	-1.71216E+000	-2.00197E-001	-2.27313E+000	-2.00025E+000	1.02344E-004	11	..........a	-327.68
	1779	1780	-1.70936E+000	-2.00196E-001	-2.27827E+000	-2.00025E+000	1.05278E-004	11	..........a	-327.68
	1780	1781	-1.70696E+000	-2.00197E-001	-2.28693E+000	-2.00025E+000	1.02528E-004	11	..........a	-327.68
	1781	1782	-1.70896E+000	-2.00197E-001	-2.28709E+000	-2.00025E+000	1.00978E-004	11	..........a	-327.68
	1782	1783	-1.70816E+000	-2.00197E-001	-2.29599E+000	-2.00025E+000	1.03111E-004	11	..........a	-327.68
	1783	1784	-1.71016E+000	-2.00197E-001	-2.29374E+000	-2.00025E+000	1.02678E-004	11	..........a	-327.68
	1784	1785	-1.70856E+000	-2.00197E-001	-2.30202E+000	-2.00025E+000	1.03528E-004	11	..........a	-327.68
	1785	1786	-1.70856E+000	-2.00197E-001	-2.30998E+000	-2.00025E+000	9.78444E-005	11	..........a	-327.68
	1786	1787	-1.70976E+000	-2.00196E-001	-2.31201E+000	-2.00025E+000	1.07811E-004	11	..........a	-327.68
	1787	1788	-1.70936E+000	-2.00197E-001	-2.31580E+000	-2.00025E+000	1.00194E-004	11	..........a	-327.68
	1788	1789	-1.71016E+000	-2.00197E-001	-2.31374E+000	-2.00025E+000	1.04494E-004	11	..........a	-327.68
	1789	1790	-1.71056E+000	-2.00196E-001	-2.32132E+000	-2.00025E+000	1.08894E-004	11	..........a	-327.68
	1790	1791	-1.70856E+000	-2.00197E-001	-2.30841E+000	-2.00025E+000	1.04811E-004	11	..........a	-327.68
	1791	1792	-1.70696E+000	-2.00196E-001	-2.31835E+000	-2.00025E+000	2.99094E-004	11	..........a	-327.68
	1792	1793	-1.70856E+000	-2.00197E-001	-2.31872E+000	-2.00025E+000	2.81811E-004	11	..........a	-327.68
	1793	1794	-1.70896E+000	-2.00197E-001	-2.32028E+000	-2.00025E+000	2.85878E-004	11	..........a	-327.68
	1794	1795	-1.70936E+000	-2.00196E-001	-2.32212E+000	-2.00025E+000	2.84244E-004	11	..........a	-327.68
	1795	1796	-1.70976E+000	-2.00196E-001	-2.32217E+000	-2.00025E+000	2.87028E-004	11	..........a	-327.68
	1796	1797	-1.70976E+000	-2.00196E-001	-2.32600E+000	-2.00025E+000	2.94394E-004	11	..........a	-327.68
	1797	1798	-1.70896E+000	-2.00196E-001	-2.32581E+000	-2.00025E+000	2.91428E-004	11	..........a	-327.68
	1798	1799	-1.70776E+000	-2.00196E-001	-2.32879E+000	-2.00025E+000	2.93761E-004	11	..........a	-327.68
	1799	1800	-1.70776E+000	-2.00197E-001	-2.31458E+000	-2.00025E+000	2.92094E-004	11	..........a	-327.68
	1800	1801	-1.70856E+000	-2.00197E-001	-2.16385E+000	-2.00025E+000	2.88944E-004	11	..........a	-327.68
	1801	1802	-1.70936E+000	-2.00197E-001	-2.16756E+000	-2.00025E+000	2.85578E-004	11	..........a	-327.68
	1802	1803	-1.70896E+000	-2.00197E-001	-2.17393E+000	-2.00025E+000	2.87994E-004	11	..........a	-327.68
	1803	1804	-1.71136E+000	-2.00197E-001	-2.17929E+000	-2.00025E+000	2.77828E-004	11	..........a	-327.68
	1804	1805	-1.70616E+000	-2.00197E-001	-2.18570E+000	-2.00025E+000	2.79061E-004	11	..........a	-327.68
	1805	1806	-1.70896E+000	-2.00197E-001	-2.19480E+000	-2.00025E+000	2.87094E-004	11	..........a	-327.68
	1806	1807	-1.70536E+000	-2.00197E-001	-2.19888E+000	-2.00025E+000	2.84294E-004	11	..........a	-327.68
	1807	1808	-1.70856E+000	-2.00196E-001	-2.20172E+000	-2.00025E+000	2.88328E-004	11	..........a	-327.68
	1808	1809	-1.70936E+000	-2.00196E-001	-2.20341E+000	-2.00025E+000	2.92461E-004	11	..........a	-327.68
	1809	1810	-1.71056E+000	-2.00196E-001	-2.20496E+000	-2.00025E+000	2.86394E-004	11	..........a	-327.68
	1810	1811	-1.70856E+000	-2.00197E-001	-2.21852E+000	-2.00025E+000	2.89128E-004	11	..........a	-327.68
	1811	1812	-1.70896E+000	-2.00197E-001	-2.22030E+000	-2.00025E+000	2.81078E-004	11	..........a	-327.68
	1812	1813	-1.70856E+000	-2.00196E-001	-2.22942E+000	-2.00025E+000	2.87344E-004	11	..........a	-327.68
	1813	1814	-1.70936E+000	-2.00196E-001	-2.23052E+000	-2.00025E+000	2.80711E-004	11	..........a	-327.68
	1814	1815	-1.71016E+000	-2.00196E-001	-2.23773E+000	-2.00025E+000	2.86478E-004	11	..........a	-327.68
	1815	1816	-1.71056E+000	-2.00196E-001	-2.23830E+000	-2.00025E+000	2.93561E-004	11	..........a	-327.68
	1816	1817	-1.70856E+000	-2.00196E-001	-2.24426E+000	-2.00025E+000	2.87361E-004	11	..........a	-327.68
	1817	1818	-1.70856E+000	-2.00196E-001	-2.24758E+000	-2.00025E+000	2.91761E-004	11	..........a	-327.68
	1818	1819	-1.71016E+000	-2.00196E-001	-2.24887E+000	-2.00025E+000	2.87394E-004	11	..........a	-327.68
	1819	1820	-1.70936E+000	-2.00196E-001	-2.26031E+000	-2.00025E+000	2.76611E-004	11	..........a	-327.68
	1820	1821	-1.71096E+000	-2.00196E-001	-2.25955E+000	-2.00025E+000	2.84344E-004	11	..........a	-327.68
	1821	1822	-1.70656E+000	-2.00196E-001	-2.27175E+000	-2.00025E+000	2.86794E-004	11	..........a	-327.68
	1822	1823	-1.70856E+000	-2.00196E-001	-2.27422E+000	-2.00025E+000	2.90128E-004	11	..........a	-327.68
	1823	1824	-1.71176E+000	-2.00196E-001	-2.27351E+000	-2.00025E+000	2.90428E-004	11	..........a	-327.68
	1824	1825	-1.70856E+000	-2.00196E-001	-2.28366E+000	-2.00025E+000	2.91344E-004	11	..........a	-327.68
	1825	1826	-1.71056E+000	-2.00196E-001	-2.28395E+000	-2.00025E+000	2.87194E-004	11	..........a	-327.68
	1826	1827	-1.71056E+000	-2.00196E-001	-2.29139E+000	-2.00025E+000	2.83661E-004	11	..........a	-327.68
	1827	1828	-1.70936E+000	-2.00196E-001	-2.29048E+000	-2.00025E+000	2.87994E-004	11	..........a	-327.68
	1828	1829	-1.70936E+000	-2.00196E-001	-2.29677E+000	-2.00025E+000	2.88594E-004	11	..........a	-327.68
	1829	1830	-1.71056E+000	-2.00196E-001	-2.29508E+000	-2.00025E+000	2.93428E-004	11	..........a	-327.68
	1830	1831	-1.70936E+000	-2.00196E-001	-2.29711E+000	-2.00025E+000	2.92461E-004	11	..........a	-327.68
	1831	1832	-1.70936E+000	-2.00196E-001	-2.30167E+000	-2.00025E+000	2.85578E-004	11	..........a	-327.68
	1832	1833	-1.70936E+000	-2.00196E-001	-2.30032E+000	-2.00025E+000	2.85161E-004	11	..........a	-327.68
	1833	1834	-1.70776E+000	-2.00196E-001	-2.30723E+000	-2.00025E+000	2.80911E-004	11	..........a	-327.68
	1834	1835	-1.70576E+000	-2.00196E-001	-2.31319E+000	-2.00025E+000	2.89028E-004	11	..........a	-327.68
	1835	1836	-1.70936E+000	-2.00196E-001	-2.31336E+000	-2.00025E+000	2.84428E-004	11	..........a	-327.68
	1836	1837	-1.70856E+000	-2.00196E-001	-2.31437E+000	-2.00025E+000	2.92994E-004	11	..........a	-327.68
	1837	1838	-1.70976E+000	-2.00196E-001	-2.31375E+000	-2.00025E+000	2.92178E-004	11	..........a	-327.68
	1838	1839	-1.71016E+000	-2.00196E-001	-2.31622E+000	-2.00025E+000	2.86511E-004	11	..........a	-327.68
	1839	1840	-1.70816E+000	-2.00196E-001	-2.31443E+000	-2.00025E+000	2.90328E-004	11	..........a	-327.68
	1840	1841	-1.70696E+000	-2.00196E-001	-2.15818E+000	-2.00025E+000	2.90561E-004	11	..........a	-327.68
	1841	1842	-1.70816E+000	-2.00196E-001	-2.15850E+000	-2.00025E+000	2.88961E-004	11	..........a	-327.68
	1842	1843	-1.71016E+000	-2.00196E-001	-2.16483E+000	-2.00025E+000	2.85761E-004	11	..........a	-327.68
	1843	1844	-1.70976E+000	-2.00196E-001	-2.17181E+000	-2.00025E+000	2.83528E-004	11	..........a	-327.68
	1844	1845	-1.70896E+000	-2.00195E-001	-2.17765E+000	-2.00025E+000	2.91778E-004	11	..........a	-327.68
	1845	1846	-1.70856E+000	-2.00196E-001	-2.18756E+000	-2.00025E+000	2.89294E-004	11	..........a	-327.68
	1846	1847	-1.70736E+000	-2.00196E-001	-2.19030E+000	-2.00025E+000	2.87594E-004	11	..........a	-327.68
	1847	1848	-1.70616E+000	-2.00196E-001	-2.20225E+000	-2.00025E+000	2.79528E-004	11	..........a	-327.68
	1848	1849	-1.70936E+000	-2.00196E-001	-2.19239E+000	-2.00025E+000	2.86944E-004	11	..........a	-327.68
	1849	1850	-1.70776E+000	-2.00196E-001	-2.19961E+000	-2.00025E+000	2.87378E-004	11	..........a	-327.68
	1850	1851	-1.71016E+000	-2.00196E-001	-2.20285E+000	-2.00025E+000	2.82411E-004	11	..........a	-327.68
	1851	1852	-1.70976E+000	-2.00196E-001	-2.21295E+000	-2.00025E+000	2.83428E-004	11	..........a	-327.68
	1852	1853	-1.70896E+000	-2.00196E-001	-2.22110E+000	-2.00025E+000	2.83861E-004	11	..........a	-327.68
	1853	1854	-1.70936E+000	-2.00196E-001	-2.22541E+000	-2.00025E+000	2.85694E-004	11	..........a	-327.68
	1854	1855	-1.70936E+000	-2.00196E-001	-2.23206E+000	-2.00025E+000	2.84361E-004	11	..........a	-327.68
	1855	1856	-1.70936E+000	-2.00196E-001	-2.23417E+000	-2.00025E+000	2.80311E-004	11	..........a	-327.68
	1856	1857	-1.70936E+000	-2.00195E-001	-2.24834E+000	-2.00025E+000	2.85578E-004	11	..........a	-327.68
	1857	1858	-1.70696E+000	-2.00196E-001	-2.25081E+000	-2.00025E+000	2.90661E-004	11	..........a	-327.68
	1858	1859	-1.70856E+000	-2.00196E-001	-2.25402E+000	-2.00025E+000	2.86928E-004	11	..........a	-327.68
	1859	1860	-1.70936E+000	-2.00196E-001	-2.25579E+000	-2.00025E+000	2.90694E-004	11	..........a	-327.68
	1860	1861	-1.70856E+000	-2.00196E-001	-2.25603E+000	-2.00025E+000	2.87628E-004	11	..........a	-327.68
	1861	1862	-1.70896E+000	-2.00196E-001	-2.26282E+000	-2.00025E+000	2.93211E-004	11	..........a	-327.68
	1862	1863	-1.70616E+000	-2.00196E-001	-2.26453E+000	-2.00025E+000	2.82178E-004	11	..........a	-327.68
	1863	1864	-1.70776E+000	-2.00196E-001	-2.27571E+000	-2.00025E+000	2.84644E-004	11	..........a	-327.68
	1864	1865	-1.70856E+000	-2.00196E-001	-2.28154E+000	-2.00025E+000	2.88028E-004	11	..........a	-327.68
	1865	1866	-1.70856E+000	-2.00196E-001	-2.29098E+000	-2.00025E+000	2.95828E-004	11	..........a	-327.68
	1866	1867	-1.70936E+000	-2.00196E-001	-2.29210E+000	-2.00025E+000	2.90378E-004	11	..........a	-327.68
	1867	1868	-1.70776E+000	-2.00196E-001	-2.29372E+000	-2.00025E+000	2.84428E-004	11	..........a	-327.68
	1868	1869	-1.70896E+000	-2.00195E-001	-2.29549E+000	-2.00025E+000	2.89211E-004	11	..........a	-327.68
	1869	1870	-1.70776E+000	-2.00196E-001	-2.30053E+000	-2.00025E+000	2.92778E-004	11	..........a	-327.68
	1870	1871	-1.70776E+000	-2.00196E-001	-2.29769E+000	-2.00025E+000	2.83694E-004	11	..........a	-327.68
	1871	1872	-1.70816E+000	-2.00196E-001	-2.29790E+000	-2.00025E+000	2.88544E-004	11	..........a	-327.68
	1872	1873	-1.70856E+000	-2.00196E-001	-2.30511E+000	-2.00025E+000	2.93994E-004	11	..........a	-327.68
	1873	1874	-1.70696E+000	-2.00195E-001	-2.30868E+000	-2.00025E+000	2.86044E-004	11	..........a	-327.68
	1874	1875	-1.70816E+000	-2.00196E-001	-2.31346E+000	-2.00025E+000	2.88678E-004	11	..........a	-327.68
	1875	1876	-1.70696E+000	-2.00196E-001	-2.31443E+000	-2.00025E+000	2.89428E-004	11	..........a	-327.68
	1876	1877	-1.70936E+000	-2.00196E-001	-2.31639E+000	-2.00025E+000	2.93178E-004	11	..........a	-327.68
	1877	1878	-1.70856E+000	-2.00196E-001	-2.32029E+000	-2.00025E+000	2.87128E-004	11	..........a	-327.68
	1878	1879	-1.70696E+000	-2.00196E-001	-2.31460E+000	-2.00025E+000	2.83278E-004	11	..........a	-327.68
	1879	1880	-1.70696E+000	-2.00196E-001	-2.24568E+000	-2.00025E+000	2.78594E-004	11	..........a	-327.68
	1880	1881	-1.70736E+000	-2.00196E-001	-2.16361E+000	-2.00025E+000	2.82578E-004	11	..........a	-327.68
	1881	1882	-1.70896E+000	-2.00196E-001	-2.16669E+000	-2.00025E+000	2.88478E-004	11	..........a	-327.68
	1882	1883	-1.70776E+000	-2.00196E-001	-2.17162E+000	-2.00025E+000	2.77861E-004	11	..........a	-327.68
	1883	1884	-1.70976E+000	-2.00196E-001	-2.17505E+000	-2.00025E+000	2.77128E-004	11	..........a	-327.68
	1884	1885	-1.70936E+000	-2.00196E-001	-2.17832E+000	-2.00025E+000	2.87544E-004	11	..........a	-327.68
	1885	1886	-1.70936E+000	-2.00196E-001	-2.18678E+000	-2.00025E+000	2.82711E-004	11	..........a	-327.68
	1886	1887	-1.70976E+000	-2.00196E-001	-2.19637E+000	-2.00025E+000	3.00661E-004	11	..........a	-327.68
	1887	1888	-1.70536E+000	-2.00196E-001	-2.20435E+000	-2.00025E+000	3.02628E-004	11	..........a	-327.68
	1888	1889	-1.70336E+000	-2.00196E-001	-2.21514E+000	-2.00025E+000	2.96911E-004	11	..........a	-327.68
	1889	1890	-1.70776E+000	-2.00196E-001	-2.21184E+000	-2.00025E+000	2.99628E-004	11	..........a	-327.68
	1890	1891	-1.71016E+000	-2.00196E-001	-2.20946E+000	-2.00025E+000	3.00594E-004	11	..........a	-327.68
	1891	1892	-1.71416E+000	-2.00196E-001	-2.20578E+000	-2.00025E+000	3.01844E-004	11	..........a	-327.68
	1892	1893	-1.71176E+000	-2.00196E-001	-2.21479E+000	-2.00025E+000	3.06994E-004	11	..........a	-327.68
	1893	1894	-1.70936E+000	-2.00196E-001	-2.21985E+000	-2.00025E+000	3.07478E-004	11	..........a	-327.68
	1894	1895	-1.70816E+000	-2.00196E-001	-2.23207E+000	-2.00025E+000	3.00694E-004	11	..........a	-327.68
	1895	1896	-1.70976E+000	-2.00196E-001	-2.23418E+000	-2.00025E+000	3.10928E-004	11	..........a	-327.68
	1896	1897	-1.70816E+000	-2.00196E-001	-2.23645E+000	-2.00025E+000	3.13828E-004	11	..........a	-327.68
	1897	1898	-1.70536E+000	-2.00196E-001	-2.24570E+000	-2.00025E+000	3.05311E-004	11	..........a	-327.68
	1898	1899	-1.70496E+000	-2.00196E-001	-2.24574E+000	-2.00025E+000	3.03211E-004	11	..........a	-327.68
	1899	1900	-1.70896E+000	-2.00196E-001	-2.25012E+000	-2.00025E+000	3.02878E-004	11	..........a	-327.68
	1900	1901	-1.70696E+000	-2.00196E-001	-2.25311E+000	-2.00025E+000	3.13394E-004	11	..........a	-327.68
	1901	1902	-1.70696E+000	-2.00196E-001	-2.26245E+000	-2.00025E+000	3.07378E-004	11	..........a	-327.68
	1902	1903	-1.71096E+000	-2.00195E-001	-2.26073E+000	-2.00025E+000	3.11261E-004	11	..........a	-327.68
	1903	1904	-1.70976E+000	-2.00196E-001	-2.26618E+000	-2.00025E+000	3.04528E-004	11	..........a	-327.68
	1904	1905	-1.70536E+000	-2.00196E-001	-2.27580E+000	-2.00025E+000	3.16994E-004	11	..........a	-327.68
	1905	1906	-1.70856E+000	-2.00195E-001	-2.27563E+000	-2.00025E+000	3.14661E-004	11	..........a	-327.68
	1906	1907	-1.70376E+000	-2.00196E-001	-2.29160E+000	-2.00025E+000	3.15828E-004	11	..........a	-327.68
	1907	1908	-1.70536E+000	-2.00196E-001	-2.29116E+000	-2.00025E+000	3.15344E-004	11	..........a	-327.68
	1908	1909	-1.70496E+000	-2.00196E-001	-2.29567E+000	-2.00025E+000	3.08644E-004	11	..........a	-327.68
	1909	1910	-1.70696E+000	-2.00196E-001	-2.29420E+000	-2.00025E+000	3.11328E-004	11	..........a	-327.68
	1910	1911	-1.70856E+000	-2.00196E-001	-2.29257E+000	-2.00025E+000	3.11278E-004	11	..........a	-327.68
	1911	1912	-1.70896E+000	-2.00196E-001	-2.29226E+000	-2.00025E+000	3.11394E-004	11	..........a	-327.68
	1912	1913	-1.71176E+000	-2.00196E-001	-2.29332E+000	-2.00025E+000	3.14894E-004	11	..........a	-327.68
	1913	1914	-1.70536E+000	-2.00196E-001	-2.30333E+000	-2.00025E+000	3.17194E-004	11	..........a	-327.68
	1914	1915	-1.70416E+000	-2.00196E-001	-2.30269E+000	-2.00025E+000	3.09978E-004	11	..........a	-327.68
	1915	1916	-1.70336E+000	-2.00196E-001	-2.30782E+000	-2.00025E+000	3.03594E-004	11	..........a	-327.68
	1916	1917	-1.70376E+000	-2.00196E-001	-2.30576E+000	-2.00025E+000	3.06061E-004	11	..........a	-327.68
	1917	1918	-1.70856E+000	-2.00196E-001	-2.30607E+000	-2.00025E+000	3.08361E-004	11	..........a	-327.68
	1918	1919	-1.70776E+000	-2.00195E-001	-2.30243E+000	-2.00025E+000	3.10278E-004	11	..........a	-327.68
	1919	1920	-1.70336E+000	-2.00196E-001	-2.16452E+000	-2.00025E+000	3.03344E-004	11	..........a	-327.68
	1920	1921	-1.70936E+000	-2.00196E-001	-2.15659E+000	-2.00025E+000	2.95494E-004	11	..........a	-327.68
	1921	1922	-1.70376E+000	-2.00196E-001	-2.16983E+000	-2.00025E+000	3.08894E-004	11	..........a	-327.68
	1922	1923	-1.70856E+000	-2.00196E-001	-2.17078E+000	-2.00025E+000	3.09394E-004	11	..........a	-327.68
	1923	1924	-1.70896E+000	-2.00196E-001	-2.17343E+000	-2.00025E+000	3.08811E-004	11	..........a	-327.68
	1924	1925	-1.71136E+000	-2.00196E-001	-2.18136E+000	-2.00025E+000	3.19494E-004	11	..........a	-327.68
	1925	1926	-1.70616E+000	-2.00196E-001	-2.18822E+000	-2.00025E+000	3.10428E-004	11	..........a	-327.68
	1926	1927	-1.70616E+000	-2.00196E-001	-2.19717E+000	-2.00025E+000	3.14094E-004	11	..........a	-327.68
	1927	1928	-1.71096E+000	-2.00196E-001	-2.19400E+000	-2.00025E+000	3.12878E-004	11	..........a	-327.68
	1928	1929	-1.70776E+000	-2.00196E-001	-2.20249E+000	-2.00025E+000	3.11428E-004	11	..........a	-327.68
	1929	1930	-1.70776E+000	-2.00196E-001	-2.20914E+000	-2.00025E+000	3.12594E-004	11	..........a	-327.68
	1930	1931	-1.70976E+000	-2.00196E-001	-2.20707E+000	-2.00025E+000	3.10711E-004	11	..........a	-327.68
	1931	1932	-1.70696E+000	-2.00196E-001	-2.20726E+000	-2.00025E+000	3.06161E-004	11	..........a	-327.68
	1932	1933	-1.70376E+000	-2.00196E-001	-2.21461E+000	-2.00025E+000	3.10361E-004	11	..........a	-327.68
	1933	1934	-1.70496E+000	-2.00196E-001	-2.22223E+000	-2.00025E+000	3.08278E-004	11	..........a	-327.68
	1934	1935	-1.70696E+000	-2.00195E-001	-2.22109E+000	-2.00025E+000	3.04494E-004	11	..........a	-327.68
	1935	1936	-1.70696E+000	-2.00195E-001	-2.22764E+000	-2.00025E+000	3.09044E-004	11	..........a	-327.68
	1936	1937	-1.71096E+000	-2.00196E-001	-2.22723E+000	-2.00025E+000	3.01328E-004	11	..........a	-327.68
	1937	1938	-1.70816E+000	-2.00196E-001	-2.23235E+000	-2.00025E+000	2.97794E-004	11	..........a	-327.68
	1938	1939	-1.70776E+000	-2.00195E-001	-2.24310E+000	-2.00025E+000	3.07978E-004	11	..........a	-327.68
	1939	1940	-1.70336E+000	-2.00196E-001	-2.24701E+000	-2.00025E+000	2.99978E-004	11	..........a	-327.68
	1940	1941	-1.70776E+000	-2.00195E-001	-2.25113E+000	-2.00025E+000	3.04761E-004	11	..........a	-327.68
	1941	1942	-1.71096E+000	-2.00196E-001	-2.25076E+000	-2.00025E+000	3.08394E-004	11	..........a	-327.68
	1942	1943	-1.70896E+000	-2.00196E-001	-2.25861E+000	-2.00025E+000	3.09394E-004	11	..........a	-327.68
	1943	1944	-1.70616E+000	-2.00196E-001	-2.26584E+000	-2.00025E+000	3.12778E-004	11	..........a	-327.68
	1944	1945	-1.70896E+000	-2.00196E-001	-2.26716E+000	-2.00025E+000	3.06261E-004	11	..........a	-327.68
	1945	1946	-1.70776E+000	-2.00196E-001	-2.27451E+000	-2.00025E+000	3.02544E-004	11	..........a	-327.68
	1946	1947	-1.70936E+000	-2.00196E-001	-2.27212E+000	-2.00025E+000	3.05944E-004	11	..........a	-327.68
	1947	1948	-1.70856E+000	-2.00196E-001	-2.28378E+000	-2.00025E+000	3.16911E-004	11	..........a	-327.68
	1948	1949	-1.70816E+000	-2.00196E-001	-2.28215E+000	-2.00025E+000	3.14578E-004	11	..........a	-327.68
	1949	1950	-1.71016E+000	-2.00196E-001	-2.28584E+000	-2.00025E+000	3.14144E-004	11	..........a	-327.68
	1950	1951	-1.70816E+000	-2.00196E-001	-2.29004E+000	-2.00025E+000	3.14478E-004	11	..........a	-327.68
	1951	1952	-1.70736E+000	-2.00196E-001	-2.29052E+000	-2.00025E+000	3.17061E-004	11	..........a	-327.68
	1952	1953	-1.70896E+000	-2.00196E-001	-2.29590E+000	-2.00025E+000	3.12444E-004	11	..........a	-327.68
	1953	1954	-1.70656E+000	-2.00196E-001	-2.29708E+000	-2.00025E+000	3.19644E-004	11	..........a	-327.68
	1954	1955	-1.70576E+000	-2.00196E-001	-2.30292E+000	-2.00025E+000	3.18694E-004	11	..........a	-327.68
	1955	1956	-1.70376E+000	-2.00196E-001	-2.30358E+000	-2.00025E+000	3.20011E-004	11	..........a	-327.68
	1956	1957	-1.70456E+000	-2.00196E-001	-2.30827E+000	-2.00025E+000	3.16078E-004	11	..........a	-327.68
	1957	1958	-1.70856E+000	-2.00196E-001	-2.30173E+000	-2.00025E+000	3.12578E-004	11	..........a	-327.68
	1958	1959	-1.71056E+000	-2.00196E-001	-2.30122E+000	-2.00025E+000	3.15711E-004	11	..........a	-327.68
	1959	1960	-1.70696E+000	-2.00196E-001	-2.30526E+000	-2.00025E+000	3.15344E-004	11	..........a	-327.68
	1960	1961	-1.70536E+000	-2.00196E-001	-2.14960E+000	-2.00025E+000	3.16511E-004	11	..........a	-327.68
	1961	1962	-1.70536E+000	-2.00196E-001	-2.15404E+000	-2.00025E+000	3.15228E-004	11	..........a	-327.68
	1962	1963	-1.70616E+000	-2.00196E-001	-2.15643E+000	-2.00025E+000	3.10111E-004	11	..........a	-327.68
	1963	1964	-1.70976E+000	-2.00196E-001	-2.16047E+000	-2.00025E+000	3.13028E-004	11	..........a	-327.68
	1964	1965	-1.70976E+000	-2.00196E-001	-2.16167E+000	-2.00025E+000	3.10944E-004	11	..........a	-327.68
	1965	1966	-1.70856E+000	-2.00195E-001	-2.17099E+000	-2.00025E+000	3.15061E-004	11	..........a	-327.68
	1966	1967	-1.70976E+000	-2.00196E-001	-2.17269E+000	-2.00025E+000	3.14211E-004	11	..........a	-327.68
	1967	1968	-1.71016E+000	-2.00196E-001	-2.17466E+000	-2.00025E+000	3.13661E-004	11	..........a	-327.68
	1968	1969	-1.71016E+000	-2.00196E-001	-2.18187E+000	-2.00025E+000	3.12411E-004	11	..........a	-327.68
	1969	1970	-1.70696E+000	-2.00196E-001	-2.18866E+000	-2.00025E+000	3.28044E-004	11	..........a	-327.68
	1970	1971	-1.70576E+000	-2.00196E-001	-2.19621E+000	-2.00025E+000	3.16028E-004	11	..........a	-327.68
	1971	1972	-1.70856E+000	-2.00196E-001	-2.20027E+000	-2.00025E+000	3.17778E-004	11	..........a	-327.68
	1972	1973	-1.70616E+000	-2.00195E-001	-2.21014E+000	-2.00025E+000	3.14694E-004	11	..........a	-327.68
	1973	1974	-1.70736E+000	-2.00196E-001	-2.21370E+000	-2.00025E+000	3.16894E-004	11	..........a	-327.68
	1974	1975	-1.70616E+000	-2.00196E-001	-2.21901E+000	-2.00025E+000	3.17811E-004	11	..........a	-327.68
	1975	1976	-1.70936E+000	-2.00196E-001	-2.22683E+000	-2.00025E+000	3.14944E-004	11	..........a	-327.68
	1976	1977	-1.70696E+000	-2.00196E-001	-2.23252E+000	-2.00025E+000	3.15444E-004	11	..........a	-327.68
	1977	1978	-1.70736E+000	-2.00196E-001	-2.23911E+000	-2.00025E+000	3.21294E-004	11	..........a	-327.68
	1978	1979	-1.70896E+000	-2.00196E-001	-2.23855E+000	-2.00025E+000	3.08494E-004	11	..........a	-327.68
	1979	1980	-1.70776E+000	-2.00195E-001	-2.23860E+000	-2.00025E+000	3.13061E-004	11	..........a	-327.68
	1980	1981	-1.70776E+000	-2.00196E-001	-2.24450E+000	-2.00025E+000	3.12911E-004	11	..........a	-327.68
	1981	1982	-1.70856E+000	-2.00197E-001	-2.24742E+000	-2.00025E+000	3.09978E-004	11	..........a	-327.68
	1982	1983	-1.70536E+000	-2.00196E-001	-2.25589E+000	-2.00025E+000	3.13194E-004	11	..........a	-327.68
	1983	1984	-1.70536E+000	-2.00196E-001	-2.25559E+000	-2.00025E+000	3.16411E-004	11	..........a	-327.68
	1984	1985	-1.70616E+000	-2.00196E-001	-2.26233E+000	-2.00025E+000	3.17878E-004	11	..........a	-327.68
	1985	1986	-1.70936E+000	-2.00196E-001	-2.26296E+000	-2.00025E+000	3.12611E-004	11	..........a	-327.68
	1986	1987	-1.70776E+000	-2.00196E-001	-2.27061E+000	-2.00025E+000	3.13328E-004	11	..........a	-327.68
	1987	1988	-1.70616E+000	-2.00196E-001	-2.27700E+000	-2.00025E+000	3.02178E-004	11	..........a	-327.68
	1988	1989	-1.70696E+000	-2.00196E-001	-2.27771E+000	-2.00025E+000	3.12294E-004	11	..........a	-327.68
	1989	1990	-1.70456E+000	-2.00195E-001	-2.28499E+000	-2.00025E+000	3.09011E-004	11	..........a	-327.68
	1990	1991	-1.70856E+000	-2.00196E-001	-2.27958E+000	-2.00025E+000	3.16894E-004	11	..........a	-327.68
	1991	1992	-1.70856E+000	-2.00196E-001	-2.28897E+000	-2.00025E+000	3.13128E-004	11	..........a	-327.68
	1992	1993	-1.70776E+000	-2.00196E-001	-2.29008E+000	-2.00025E+000	3.14978E-004	11	..........a	-327.68
	1993	1994	-1.70816E+000	-2.00196E-001	-2.28974E+000	-2.00025E+000	3.15444E-004	11	..........a	-327.68
	1994	1995	-1.70616E+000	-2.00196E-001	-2.29432E+000	-2.00025E+000	3.09744E-004	11	..........a	-327.68
	1995	1996	-1.70776E+000	-2.00195E-001	-2.29694E+000	-2.00025E+000	3.10461E-004	11	..........a	-327.68
	1996	1997	-1.70976E+000	-2.00195E-001	-2.29604E+000	-2.00025E+000	3.11994E-004	11	..........a	-327.68
	1997	1998	-1.70496E+000	-2.00196E-001	-2.30052E+000	-2.00025E+000	3.09994E-004	11	..........a	-327.68
	1998	1999	-1.71216E+000	-2.00195E-001	-2.29790E+000	-2.00025E+000	3.14278E-004	11	..........a	-327.68
	1999	2000	-1.71016E+000	-2.00195E-001	-2.14547E+000	-2.00025E+000	3.11161E-004	11	..........a	-327.68
	2000	2001	-1.70696E+000	-2.00195E-001	-2.14981E+000	-2.00025E+000	3.13144E-004	11	..........a	-327.68
	2001	2002	-1.71096E+000	-2.00196E-001	-2.14831E+000	-2.00025E+000	3.06028E-004	11	..........a	-327.68
	2002	2003	-1.70496E+000	-2.00196E-001	-2.15924E+000	-2.00025E+000	3.11144E-004	11	..........a	-327.68
	2003	2004	-1.70696E+000	-2.00196E-001	-2.16849E+000	-2.00025E+000	3.16161E-004	11	..........a	-327.68
	2004	2005	-1.70376E+000	-2.00196E-001	-2.17436E+000	-2.00025E+000	3.04344E-004	11	..........a	-327.68
	2005	2006	-1.70696E+000	-2.00196E-001	-2.18263E+000	-2.00025E+000	3.05228E-004	11	..........a	-327.68
	2006	2007	-1.70856E+000	-2.00196E-001	-2.18749E+000	-2.00025E+000	3.12511E-004	11	..........a	-327.68
	2007	2008	-1.70656E+000	-2.00196E-001	-2.19422E+000	-2.00025E+000	3.04711E-004	11	..........a	-327.68
	2008	2009	-1.70496E+000	-2.00196E-001	-2.20268E+000	-2.00025E+000	3.00511E-004	11	..........a	-327.68
	2009	2010	-1.70616E+000	-2.00196E-001	-2.20593E+000	-2.00025E+000	3.04544E-004	11	..........a	-327.68
	2010	2011	-1.70456E+000	-2.00196E-001	-2.20846E+000	-2.00025E+000	3.02461E-004	11	..........a	-327.68
	2011	2012	-1.70936E+000	-2.00196E-001	-2.20350E+000	-2.00025E+000	3.01678E-004	11	..........a	-327.68
	2012	2013	-1.70696E+000	-2.00196E-001	-2.21435E+000	-2.00025E+000	2.99594E-004	11	..........a	-327.68
	2013	2014	-1.70856E+000	-2.00196E-001	-2.21327E+000	-2.00025E+000	3.08178E-004	11	..........a	-327.68
	2014	2015	-1.70936E+000	-2.00196E-001	-2.21931E+000	-2.00025E+000	2.98678E-004	11	..........a	-327.68
	2015	2016	-1.70616E+000	-2.00196E-001	-2.22779E+000	-2.00025E+000	3.04894E-004	11	..........a	-327.68
	2016	2017	-1.70936E+000	-2.00196E-001	-2.22724E+000	-2.00025E+000	3.07561E-004	11	..........a	-327.68
	2017	2018	-1.70416E+000	-2.00196E-001	-2.24134E+000	-2.00025E+000	2.96194E-004	11	..........a	-327.68
	2018	2019	-1.71016E+000	-2.00196E-001	-2.23538E+000	-2.00025E+000	2.98378E-004	11	..........a	-327.68
	2019	2020	-1.70616E+000	-2.00196E-001	-2.25367E+000	-2.00025E+000	3.03594E-004	11	..........a	-327.68
	2020	2021	-1.71056E+000	-2.00196E-001	-2.24755E+000	-2.00025E+000	3.03794E-004	11	..........a	-327.68
	2021	2022	-1.70896E+000	-2.00196E-001	-2.25501E+000	-2.00025E+000	3.03211E-004	11	..........a	-327.68
	2022	2023	-1.70856E+000	-2.00196E-001	-2.25554E+000	-2.00025E+000	3.07294E-004	11	..........a	-327.68
	2023	2024	-1.70616E+000	-2.00196E-001	-2.26133E+000	-2.00025E+000	3.03544E-004	11	..........a	-327.68
	2024	2025	-1.70696E+000	-2.00196E-001	-2.26694E+000	-2.00025E+000	3.06744E-004	11	..........a	-327.68
	2025	2026	-1.70496E+000	-2.00195E-001	-2.26782E+000	-2.00025E+000	3.04078E-004	11	..........a	-327.68
	2026	2027	-1.70936E+000	-2.00196E-001	-2.27121E+000	-2.00025E+000	3.05761E-004	11	..........a	-327.68
	2027	2028	-1.70536E+000	-2.00196E-001	-2.28181E+000	-2.00025E+000	3.00744E-004	11	..........a	-327.68
	2028	2029	-1.70776E+000	-2.00195E-001	-2.28512E+000	-2.00025E+000	3.02011E-004	11	..........a	-327.68
	2029	2030	-1.70936E+000	-2.00196E-001	-2.28833E+000	-2.00025E+000	3.00661E-004	11	..........a	-327.68
	2030	2031	-1.70696E+000	-2.00196E-001	-2.29063E+000	-2.00025E+000	3.03628E-004	11	..........a	-327.68
	2031	2032	-1.70576E+000	-2.00196E-001	-2.29658E+000	-2.00025E+000	3.02078E-004	11	..........a	-327.68
	2032	2033	-1.70856E+000	-2.00196E-001	-2.28819E+000	-2.00025E+000	3.07061E-004	11	..........a	-327.68
	2033	2034	-1.70816E+000	-2.00196E-001	-2.29321E+000	-2.00025E+000	3.10294E-004	11	..........a	-327.68
	2034	2035	-1.70656E+000	-2.00196E-001	-2.29377E+000	-2.00025E+000	2.96094E-004	11	..........a	-327.68
	2035	2036	-1.71016E+000	-2.00196E-001	-2.29345E+000	-2.00025E+000	3.01444E-004	11	..........a	-327.68
	2036	2037	-1.70376E+000	-2.00196E-001	-2.30622E+000	-2.00025E+000	3.04261E-004	11	..........a	-327.68
	2037	2038	-1.70616E+000	-2.00197E-001	-2.30542E+000	-2.00025E+000	3.02944E-004	11	..........a	-327.68
	2038	2039	-1.71016E+000	-2.00196E-001	-2.30640E+000	-2.00025E+000	3.01044E-004	11	..........a	-327.68
	2039	2040	-1.70576E+000	-2.00196E-001	-2.31107E+000	-2.00025E+000	3.03728E-004	11	..........a	-327.68
	2040	2041	-1.71016E+000	-2.00196E-001	-2.31226E+000	-2.00025E+000	3.03294E-004	11	..........a	-327.68
	2041	2042	-1.70776E+000	-2.00195E-001	-2.31548E+000	-2.00025E+000	2.97644E-004	11	..........a	-327.68
	2042	2043	-1.70736E+000	-2.00195E-001	-2.14838E+000	-2.00025E+000	2.97644E-004	11	..........a	-327.68
	2043	2044	-1.70296E+000	-2.00196E-001	-2.15010E+000	-2.00025E+000	3.05478E-004	11	..........a	-327.68
	2044	2045	-1.70856E+000	-2.00196E-001	-2.14754E+000	-2.00025E+000	2.98844E-004	11	..........a	-327.68
	2045	2046	-1.70536E+000	-2.00195E-001	-2.16321E+000	-2.00025E+000	3.02161E-004	11	..........a	-327.68
	2046	2047	-1.70896E+000	-2.00196E-001	-2.16051E+000	-2.00025E+000	2.98694E-004	11	..........a	-327.68
	2047	2048	-1.70536E+000	-2.00196E-001	-2.17259E+000	-2.00025E+000	3.00611E-004	11	..........a	-327.68
	2048	2049	-1.70496E+000	-2.00196E-001	-2.17326E+000	-2.00025E+000	3.04744E-004	11	..........a	-327.68
	2049	2050	-1.70736E+000	-2.00196E-001	-2.17690E+000	-2.00025E+000	3.00328E-004	11	..........a	-327.68
	2050	2051	-1.70256E+000	-2.00196E-001	-2.19130E+000	-2.00025E+000	3.01044E-004	11	..........a	-327.68
	2051	2052	-1.70376E+000	-2.00196E-001	-2.18919E+000	-2.00025E+000	2.98678E-004	11	..........a	-327.68
	2052	2053	-1.70456E+000	-2.00195E-001	-2.19151E+000	-2.00025E+000	3.05128E-004	11	..........a	-327.68
	2053	2054	-1.70536E+000	-2.00196E-001	-2.19320E+000	-2.00025E+000	3.10878E-004	11	..........a	-327.68
	2054	2055	-1.70856E+000	-2.00196E-001	-2.19602E+000	-2.00025E+000	3.04611E-004	11	..........a	-327.68
	2055	2056	-1.70616E+000	-2.00196E-001	-2.20447E+000	-2.00025E+000	2.96778E-004	11	..........a	-327.68
	2056	2057	-1.70776E+000	-2.00196E-001	-2.20729E+000	-2.00025E+000	3.04411E-004	11	..........a	-327.68
	2057	2058	-1.70456E+000	-2.00196E-001	-2.21518E+000	-2.00025E+000	3.03794E-004	11	..........a	-327.68
	2058	2059	-1.70616E+000	-2.00196E-001	-2.21817E+000	-2.00025E+000	2.98894E-004	11	..........a	-327.68
	2059	2060	-1.70776E+000	-2.00196E-001	-2.22507E+000	-2.00025E+000	2.83994E-004	11	..........a	-327.68
	2060	2061	-1.70856E+000	-2.00196E-001	-2.22568E+000	-2.00025E+000	2.91428E-004	11	..........a	-327.68
	2061	2062	-1.70936E+000	-2.00196E-001	-2.23578E+000	-2.00025E+000	2.90878E-004	11	..........a	-327.68
	2062	2063	-1.70336E+000	-2.00196E-001	-2.24559E+000	-2.00025E+000	2.89978E-004	11	..........a	-327.68
	2063	2064	-1.70776E+000	-2.00196E-001	-2.24345E+000	-2.00025E+000	2.93028E-004	11	..........a	-327.68
	2064	2065	-1.70656E+000	-2.00196E-001	-2.24868E+000	-2.00025E+000	2.98678E-004	11	..........a	-327.68
	2065	2066	-1.70456E+000	-2.00196E-001	-2.25293E+000	-2.00025E+000	3.05711E-004	11	..........a	-327.68
	2066	2067	-1.70936E+000	-2.00196E-001	-2.25692E+000	-2.00025E+000	3.01228E-004	11	..........a	-327.68
	2067	2068	-1.70456E+000	-2.00196E-001	-2.26090E+000	-2.00025E+000	3.06661E-004	11	..........a	-327.68
	2068	2069	-1.71096E+000	-2.00196E-001	-2.26261E+000	-2.00025E+000	3.00794E-004	11	..........a	-327.68
	2069	2070	-1.70336E+000	-2.00196E-001	-2.27271E+000	-2.00025E+000	2.98161E-004	11	..........a	-327.68
	2070	2071	-1.71016E+000	-2.00196E-001	-2.27064E+000	-2.00025E+000	2.99161E-004	11	..........a	-327.68
	2071	2072	-1.70896E+000	-2.00196E-001	-2.27715E+000	-2.00025E+000	3.05544E-004	11	..........a	-327.68
	2072	2073	-1.71016E+000	-2.00196E-001	-2.28014E+000	-2.00025E+000	2.97461E-004	11	..........a	-327.68
	2073	2074	-1.70896E+000	-2.00196E-001	-2.28857E+000	-2.00025E+000	3.00228E-004	11	..........a	-327.68
	2074	2075	-1.71176E+000	-2.00196E-001	-2.28634E+000	-2.00025E+000	3.01061E-004	11	..........a	-327.68
	2075	2076	-1.70656E+000	-2.00196E-001	-2.30062E+000	-2.00025E+000	3.06411E-004	11	..........a	-327.68
	2076	2077	-1.70616E+000	-2.00196E-001	-2.29906E+000	-2.00025E+000	2.94328E-004	11	..........a	-327.68
	2077	2078	-1.70576E+000	-2.00196E-001	-2.30114E+000	-2.00025E+000	2.93478E-004	11	..........a	-327.68
	2078	2079	-1.70856E+000	-2.00196E-001	-2.29327E+000	-2.00025E+000	2.92261E-004	11	..........a	-327.68
	2079	2080	-1.70776E+000	-2.00196E-001	-2.29440E+000	-2.00025E+000	2.91211E-004	11	..........a	-327.68
	2080	2081	-1.70696E+000	-2.00196E-001	-2.14928E+000	-2.00025E+000	2.91044E-004	11	..........a	-327.68
	2081	2082	-1.70456E+000	-2.00196E-001	-2.14812E+000	-2.00025E+000	3.01178E-004	11	..........a	-327.68
	2082	2083	-1.70696E+000	-2.00196E-001	-2.15326E+000	-2.00025E+000	2.87861E-004	11	..........a	-327.68
	2083	2084	-1.70616E+000	-2.00196E-001	-2.15571E+000	-2.00025E+000	2.86661E-004	11	..........a	-327.68
	2084	2085	-1.70776E+000	-2.00195E-001	-2.15643E+000	-2.00025E+000	2.55111E-004	11	..........a	-327.68
	2085	2086	-1.70616E+000	-2.00194E-001	-2.16359E+000	-2.00025E+000	2.69028E-004	11	..........a	-327.68
	2086	2087	-1.70656E+000	-2.00194E-001	-2.16691E+000	-2.00025E+000	2.68128E-004	11	..........a	-327.68
	2087	2088	-1.70776E+000	-2.00194E-001	-2.17341E+000	-2.00025E+000	2.56244E-004	11	..........a	-327.68
	2088	2089	-1.70456E+000	-2.00194E-001	-2.17773E+000	-2.00025E+000	2.59944E-004	11	..........a	-327.68
	2089	2090	-1.70816E+000	-2.00194E-001	-2.18277E+000	-2.00025E+000	2.64511E-004	11	..........a	-327.68
	2090	2091	-1.70776E+000	-2.00195E-001	-2.19017E+000	-2.00025E+000	2.66361E-004	11	..........a	-327.68
	2091	2092	-1.70576E+000	-2.00194E-001	-2.19090E+000	-2.00025E+000	2.61544E-004	11	..........a	-327.68
	2092	2093	-1.70736E+000	-2.00195E-001	-2.19251E+000	-2.00025E+000	2.63044E-004	11	..........a	-327.68
	2093	2094	-1.70696E+000	-2.00195E-001	-2.19637E+000	-2.00025E+000	2.64028E-004	11	..........a	-327.68
	2094	2095	-1.70616E+000	-2.00194E-001	-2.20333E+000	-2.00025E+000	2.67361E-004	11	..........a	-327.68
	2095	2096	-1.70616E+000	-2.00194E-001	-2.20641E+000	-2.00025E+000	2.62578E-004	11	..........a	-327.68
	2096	2097	-1.70696E+000	-2.00194E-001	-2.21246E+000	-2.00025E+000	2.68128E-004	11	..........a	-327.68
	2097	2098	-1.70696E+000	-2.00195E-001	-2.21651E+000	-2.00025E+000	4.12378E-004	11	..........a	-327.68
	2098	2099	-1.70776E+000	-2.00195E-001	-2.22060E+000	-2.00025E+000	4.20628E-004	11	..........a	-327.68
	2099	2100	-1.70616E+000	-2.00195E-001	-2.22861E+000	-2.00025E+000	4.03111E-004	11	..........a	-327.68
	2100	2101	-1.70696E+000	-2.00195E-001	-2.23144E+000	-2.00025E+000	4.10444E-004	11	..........a	-327.68
	2101	2102	-1.70936E+000	-2.00195E-001	-2.23410E+000	-2.00025E+000	4.08011E-004	11	..........a	-327.68
	2102	2103	-1.70696E+000	-2.00196E-001	-2.23763E+000	-2.00025E+000	4.18528E-004	11	..........a	-327.68
	2103	2104	-1.70776E+000	-2.00196E-001	-2.24325E+000	-2.00025E+000	4.27094E-004	11	..........a	-327.68
	2104	2105	-1.70696E+000	-2.00196E-001	-2.24999E+000	-2.00025E+000	4.30544E-004	11	..........a	-327.68
	2105	2106	-1.70776E+000	-2.00196E-001	-2.25326E+000	-2.00025E+000	4.23044E-004	11	..........a	-327.68
	2106	2107	-1.70776E+000	-2.00195E-001	-2.25732E+000	-2.00025E+000	4.04094E-004	11	..........a	-327.68
	2107	2108	-1.70776E+000	-2.00195E-001	-2.25842E+000	-2.00025E+000	4.29311E-004	11	..........a	-327.68
	2108	2109	-1.70776E+000	-2.00196E-001	-2.26848E+000	-2.00025E+000	4.05894E-004	11	..........a	-327.68
	2109	2110	-1.70776E+000	-2.00196E-001	-2.26696E+000	-2.00025E+000	4.26511E-004	11	..........a	-327.68
	2110	2111	-1.70696E+000	-2.00196E-001	-2.27335E+000	-2.00025E+000	4.24944E-004	11	..........a	-327.68
	2111	2112	-1.70616E+000	-2.00196E-001	-2.27406E+000	-2.00025E+000	4.19511E-004	11	..........a	-327.68
	2112	2113	-1.70616E+000	-2.00195E-001	-2.27754E+000	-2.00025E+000	4.15761E-004	11	..........a	-327.68
	2113	2114	-1.70656E+000	-2.00195E-001	-2.28069E+000	-2.00025E+000	4.13544E-004	11	..........a	-327.68
	2114	2115	-1.70536E+000	-2.00195E-001	-2.28237E+000	-2.00025E+000	4.12894E-004	11	..........a	-327.68
	2115	2116	-1.70616E+000	-2.00196E-001	-2.29177E+000	-2.00025E+000	4.16928E-004	11	..........a	-327.68
	2116	2117	-1.70776E+000	-2.00196E-001	-2.29050E+000	-2.00025E+000	4.31628E-004	11	..........a	-327.68
	2117	2118	-1.70616E+000	-2.00195E-001	-2.29389E+000	-2.00025E+000	4.23311E-004	11	..........a	-327.68
	2118	2119	-1.70696E+000	-2.00196E-001	-2.29039E+000	-2.00025E+000	4.26344E-004	11	..........a	-327.68
	2119	2120	-1.70696E+000	-2.00196E-001	-2.29303E+000	-2.00025E+000	4.19728E-004	11	..........a	-327.68
	2120	2121	-1.70776E+000	-2.00195E-001	-2.29523E+000	-2.00025E+000	4.13211E-004	11	..........a	-327.68
	2121	2122	-1.70696E+000	-2.00196E-001	-2.14341E+000	-2.00025E+000	4.12644E-004	11	..........a	-327.68
	2122	2123	-1.70696E+000	-2.00196E-001	-2.14587E+000	-2.00025E+000	4.10428E-004	11	..........a	-327.68
	2123	2124	-1.70776E+000	-2.00195E-001	-2.14865E+000	-2.00025E+000	4.12694E-004	11	..........a	-327.68
	2124	2125	-1.70616E+000	-2.00195E-001	-2.15617E+000	-2.00025E+000	4.17928E-004	11	..........a	-327.68
	2125	2126	-1.70536E+000	-2.00196E-001	-2.16053E+000	-2.00025E+000	4.24678E-004	11	..........a	-327.68
	2126	2127	-1.70856E+000	-2.00195E-001	-2.16171E+000	-2.00025E+000	4.14094E-004	11	..........a	-327.68
	2127	2128	-1.70376E+000	-2.00195E-001	-2.17249E+000	-2.00025E+000	4.19594E-004	11	..........a	-327.68
	2128	2129	-1.70616E+000	-2.00196E-001	-2.17018E+000	-2.00025E+000	4.34044E-004	11	..........a	-327.68
	2129	2130	-1.70776E+000	-2.00195E-001	-2.17740E+000	-2.00025E+000	4.27628E-004	11	..........a	-327.68
	2130	2131	-1.70776E+000	-2.00196E-001	-2.17841E+000	-2.00025E+000	4.26628E-004	11	..........a	-327.68
	2131	2132	-1.70696E+000	-2.00196E-001	-2.18638E+000	-2.00025E+000	4.21394E-004	11	..........a	-327.68
	2132	2133	-1.70776E+000	-2.00196E-001	-2.18577E+000	-2.00025E+000	4.17378E-004	11	..........a	-327.68
	2133	2134	-1.70696E+000	-2.00195E-001	-2.19392E+000	-2.00025E+000	4.20828E-004	11	..........a	-327.68
	2134	2135	-1.70776E+000	-2.00195E-001	-2.19613E+000	-2.00025E+000	4.09094E-004	11	..........a	-327.68
	2135	2136	-1.70616E+000	-2.00195E-001	-2.20362E+000	-2.00025E+000	4.05794E-004	11	..........a	-327.68
	2136	2137	-1.70736E+000	-2.00196E-001	-2.21035E+000	-2.00025E+000	4.04211E-004	11	..........a	-327.68
	2137	2138	-1.70776E+000	-2.00196E-001	-2.21444E+000	-2.00025E+000	4.13194E-004	11	..........a	-327.68
	2138	2139	-1.70696E+000	-2.00195E-001	-2.21861E+000	-2.00025E+000	4.13544E-004	11	..........a	-327.68
	2139	2140	-1.70776E+000	-2.00195E-001	-2.22234E+000	-2.00025E+000	4.14528E-004	11	..........a	-327.68
	2140	2141	-1.70536E+000	-2.00195E-001	-2.23214E+000	-2.00025E+000	4.04778E-004	11	..........a	-327.68
	2141	2142	-1.70696E+000	-2.00195E-001	-2.23495E+000	-2.00025E+000	4.01861E-004	11	..........a	-327.68
	2142	2143	-1.70616E+000	-2.00196E-001	-2.24321E+000	-2.00025E+000	4.06428E-004	11	..........a	-327.68
	2143	2144	-1.70616E+000	-2.00195E-001	-2.24718E+000	-2.00025E+000	4.11678E-004	11	..........a	-327.68
	2144	2145	-1.70696E+000	-2.00196E-001	-2.25116E+000	-2.00025E+000	4.15761E-004	11	..........a	-327.68
	2145	2146	-1.70616E+000	-2.00196E-001	-2.25227E+000	-2.00025E+000	4.17061E-004	11	..........a	-327.68
	2146	2147	-1.70656E+000	-2.00196E-001	-2.25809E+000	-2.00025E+000	4.15011E-004	11	..........a	-327.68
	2147	2148	-1.70776E+000	-2.00196E-001	-2.26017E+000	-2.00025E+000	4.10028E-004	11	..........a	-327.68
	2148	2149	-1.70696E+000	-2.00196E-001	-2.26913E+000	-2.00025E+000	4.11478E-004	11	..........a	-327.68
	2149	2150	-1.70696E+000	-2.00196E-001	-2.26659E+000	-2.00025E+000	4.20311E-004	11	..........a	-327.68
	2150	2151	-1.70696E+000	-2.00196E-001	-2.26870E+000	-2.00025E+000	4.13494E-004	11	..........a	-327.68
	2151	2152	-1.70696E+000	-2.00196E-001	-2.27253E+000	-2.00025E+000	4.15994E-004	11	..........a	-327.68
	2152	2153	-1.70776E+000	-2.00196E-001	-2.27276E+000	-2.00025E+000	4.25011E-004	11	..........a	-327.68
	2153	2154	-1.70696E+000	-2.00196E-001	-2.27821E+000	-2.00025E+000	4.23044E-004	11	..........a	-327.68
	2154	2155	-1.70616E+000	-2.00196E-001	-2.28267E+000	-2.00025E+000	4.11894E-004	11	..........a	-327.68
	2155	2156	-1.70376E+000	-2.00196E-001	-2.28908E+000	-2.00025E+000	4.20244E-004	11	..........a	-327.68
	2156	2157	-1.70616E+000	-2.00196E-001	-2.28438E+000	-2.00025E+000	4.17244E-004	11	..........a	-327.68
	2157	2158	-1.70536E+000	-2.00196E-001	-2.29006E+000	-2.00025E+000	4.18278E-004	11	..........a	-327.68
	2158	2159	-1.70616E+000	-2.00196E-001	-2.28605E+000	-2.00025E+000	4.17428E-004	11	..........a	-327.68
	2159	2160	-1.70536E+000	-2.00196E-001	-2.28894E+000	-2.00025E+000	4.13778E-004	11	..........a	-327.68
	2160	2161	-1.70616E+000	-2.00196E-001	-2.28921E+000	-2.00025E+000	4.13461E-004	11	..........a	-327.68
	2161	2162	-1.70536E+000	-2.00196E-001	-2.17225E+000	-2.00025E+000	4.09678E-004	11	..........a	-327.68
	2162	2163	-1.70696E+000	-2.00196E-001	-2.14447E+000	-2.00025E+000	4.19428E-004	11	..........a	-327.68
	2163	2164	-1.70616E+000	-2.00196E-001	-2.15053E+000	-2.00025E+000	4.21228E-004	11	..........a	-327.68
	2164	2165	-1.70696E+000	-2.00196E-001	-2.16011E+000	-2.00025E+000	4.08878E-004	11	..........a	-327.68
	2165	2166	-1.70736E+000	-2.00195E-001	-2.16133E+000	-2.00025E+000	4.09594E-004	11	..........a	-327.68
	2166	2167	-1.70776E+000	-2.00196E-001	-2.17241E+000	-2.00025E+000	3.25828E-004	11	..........a	-327.68
	2167	2168	-1.70696E+000	-2.00197E-001	-2.17006E+000	-2.00025E+000	3.19011E-004	11	..........a	-327.68
	2168	2169	-1.70696E+000	-2.00196E-001	-2.17821E+000	-2.00025E+000	3.10811E-004	11	..........a	-327.68
	2169	2170	-1.70656E+000	-2.00196E-001	-2.18156E+000	-2.00025E+000	3.16661E-004	11	..........a	-327.68
	2170	2171	-1.70696E+000	-2.00196E-001	-2.18667E+000	-2.00025E+000	3.20794E-004	11	..........a	-327.68
	2171	2172	-1.70696E+000	-2.00196E-001	-2.19405E+000	-2.00025E+000	3.21661E-004	11	..........a	-327.68
	2172	2173	-1.70856E+000	-2.00196E-001	-2.19434E+000	-2.00025E+000	3.20678E-004	11	..........a	-327.68
	2173	2174	-1.70616E+000	-2.00196E-001	-2.20045E+000	-2.00025E+000	3.24744E-004	11	..........a	-327.68
	2174	2175	-1.70536E+000	-2.00197E-001	-2.19741E+000	-2.00025E+000	3.34678E-004	11	..........a	-327.68
	2175	2176	-1.70776E+000	-2.00196E-001	-2.20045E+000	-2.00025E+000	3.23978E-004	11	..........a	-327.68
	2176	2177	-1.70616E+000	-2.00197E-001	-2.20713E+000	-2.00025E+000	3.24944E-004	11	..........a	-327.68
	2177	2178	-1.70696E+000	-2.00196E-001	-2.21075E+000	-2.00025E+000	3.31178E-004	11	..........a	-327.68
	2178	2179	-1.70776E+000	-2.00196E-001	-2.21765E+000	-2.00025E+000	3.25278E-004	11	..........a	-327.68
	2179	2180	-1.70696E+000	-2.00196E-001	-2.21761E+000	-2.00025E+000	3.19344E-004	11	..........a	-327.68
	2180	2181	-1.70616E+000	-2.00196E-001	-2.23628E+000	-2.00025E+000	3.14811E-004	11	..........a	-327.68
	2181	2182	-1.71016E+000	-2.00196E-001	-2.23388E+000	-2.00025E+000	3.17494E-004	11	..........a	-327.68
	2182	2183	-1.70856E+000	-2.00196E-001	-2.24365E+000	-2.00025E+000	3.14761E-004	11	..........a	-327.68
	2183	2184	-1.70616E+000	-2.00196E-001	-2.24991E+000	-2.00025E+000	3.21478E-004	11	..........a	-327.68
	2184	2185	-1.70696E+000	-2.00196E-001	-2.25330E+000	-2.00025E+000	3.25878E-004	11	..........a	-327.68
	2185	2186	-1.70736E+000	-2.00196E-001	-2.25836E+000	-2.00025E+000	3.17061E-004	11	..........a	-327.68
	2186	2187	-1.70656E+000	-2.00196E-001	-2.26242E+000	-2.00025E+000	3.28994E-004	11	..........a	-327.68
	2187	2188	-1.70856E+000	-2.00196E-001	-2.26828E+000	-2.00025E+000	3.11194E-004	11	..........a	-327.68
	2188	2189	-1.70456E+000	-2.00196E-001	-2.27233E+000	-2.00025E+000	3.26294E-004	11	..........a	-327.68
	2189	2190	-1.70536E+000	-2.00196E-001	-2.27483E+000	-2.00025E+000	3.23594E-004	11	..........a	-327.68
	2190	2191	-1.70776E+000	-2.00196E-001	-2.27377E+000	-2.00025E+000	3.17111E-004	11	..........a	-327.68
	2191	2192	-1.70776E+000	-2.00196E-001	-2.27877E+000	-2.00025E+000	3.23561E-004	11	..........a	-327.68
	2192	2193	-1.70376E+000	-2.00195E-001	-2.28659E+000	-2.00025E+000	3.96778E-004	11	..........a	-327.68
	2193	2194	-1.70456E+000	-2.00195E-001	-2.28757E+000	-2.00025E+000	3.99178E-004	11	..........a	-327.68
	2194	2195	-1.70616E+000	-2.00195E-001	-2.29133E+000	-2.00025E+000	4.04194E-004	11	..........a	-327.68
	2195	2196	-1.70616E+000	-2.00196E-001	-2.29353E+000	-2.00025E+000	3.97078E-004	11	..........a	-327.68
	2196	2197	-1.70536E+000	-2.00196E-001	-2.29993E+000	-2.00025E+000	3.96294E-004	11	..........a	-327.68
	2197	2198	-1.70776E+000	-2.00195E-001	-2.29439E+000	-2.00025E+000	3.99678E-004	11	..........a	-327.68
	2198	2199	-1.70576E+000	-2.00195E-001	-2.30017E+000	-2.00025E+000	4.01994E-004	11	..........a	-327.68
	2199	2200	-1.70616E+000	-2.00196E-001	-2.30468E+000	-2.00025E+000	4.11794E-004	11	..........a	-327.68
	2200	2201	-1.70536E+000	-2.00196E-001	-2.30547E+000	-2.00025E+000	4.17378E-004	11	..........a	-327.68
	2201	2202	-1.70536E+000	-2.00196E-001	-2.19933E+000	-2.00025E+000	3.99944E-004	11	..........a	-327.68
	2202	2203	-1.70696E+000	-2.00196E-001	-2.16073E+000	-2.00025E+000	3.99261E-004	11	..........a	-327.68
	2203	2204	-1.70696E+000	-2.00195E-001	-2.17096E+000	-2.00025E+000	3.96328E-004	11	..........a	-327.68
	2204	2205	-1.70616E+000	-2.00195E-001	-2.17642E+000	-2.00025E+000	3.90044E-004	11	..........a	-327.68
	2205	2206	-1.70616E+000	-2.00195E-001	-2.17758E+000	-2.00025E+000	3.98961E-004	11	..........a	-327.68
	2206	2207	-1.70696E+000	-2.00195E-001	-2.18140E+000	-2.00025E+000	3.99544E-004	11	..........a	-327.68
	2207	2208	-1.70136E+000	-2.00195E-001	-2.19196E+000	-2.00025E+000	3.96728E-004	11	..........a	-327.68
	2208	2209	-1.70616E+000	-2.00195E-001	-2.19214E+000	-2.00025E+000	4.00428E-004	11	..........a	-327.68
	2209	2210	-1.70376E+000	-2.00195E-001	-2.19843E+000	-2.00025E+000	4.03111E-004	11	..........a	-327.68
	2210	2211	-1.70616E+000	-2.00195E-001	-2.20754E+000	-2.00025E+000	3.99611E-004	11	..........a	-327.68
	2211	2212	-1.70536E+000	-2.00196E-001	-2.20389E+000	-2.00025E+000	3.99594E-004	11	..........a	-327.68
	2212	2213	-1.70616E+000	-2.00195E-001	-2.20761E+000	-2.00025E+000	4.02294E-004	11	..........a	-327.68
	2213	2214	-1.70456E+000	-2.00196E-001	-2.21232E+000	-2.00025E+000	4.02511E-004	11	..........a	-327.68
	2214	2215	-1.70656E+000	-2.00196E-001	-2.21445E+000	-2.00025E+000	4.01011E-004	11	..........a	-327.68
	2215	2216	-1.70696E+000	-2.00195E-001	-2.22100E+000	-2.00025E+000	4.02411E-004	11	..........a	-327.68
	2216	2217	-1.70696E+000	-2.00195E-001	-2.22267E+000	-2.00025E+000	4.01311E-004	11	..........a	-327.68
	2217	2218	-1.70656E+000	-2.00195E-001	-2.23187E+000	-2.00025E+000	4.02578E-004	11	..........a	-327.68
	2218	2219	-1.70536E+000	-2.00196E-001	-2.23158E+000	-2.00025E+000	2.65744E-004	11	..........a	-327.68
	2219	2220	-1.70696E+000	-2.00196E-001	-2.23631E+000	-2.00025E+000	2.64878E-004	11	..........a	-327.68
	2220	2221	-1.70456E+000	-2.00196E-001	-2.24009E+000	-2.00025E+000	2.63261E-004	11	..........a	-327.68
	2221	2222	-1.70696E+000	-2.00196E-001	-2.24727E+000	-2.00025E+000	2.63078E-004	11	..........a	-327.68
	2222	2223	-1.70616E+000	-2.00196E-001	-2.25899E+000	-2.00025E+000	2.72411E-004	11	..........a	-327.68
	2223	2224	-1.70696E+000	-2.00196E-001	-2.25993E+000	-2.00025E+000	2.69728E-004	11	..........a	-327.68
	2224	2225	-1.70696E+000	-2.00196E-001	-2.26664E+000	-2.00025E+000	2.68561E-004	11	..........a	-327.68
	2225	2226	-1.70696E+000	-2.00196E-001	-2.26484E+000	-2.00025E+000	2.68494E-004	11	..........a	-327.68
	2226	2227	-1.70696E+000	-2.00196E-001	-2.27220E+000	-2.00025E+000	2.63011E-004	11	..........a	-327.68
	2227	2228	-1.70696E+000	-2.00196E-001	-2.27335E+000	-2.00025E+000	2.64728E-004	11	..........a	-327.68
	2228	2229	-1.70536E+000	-2.00196E-001	-2.27549E+000	-2.00025E+000	2.69278E-004	11	..........a	-327.68
	2229	2230	-1.70696E+000	-2.00196E-001	-2.27658E+000	-2.00025E+000	2.62111E-004	11	..........a	-327.68
	2230	2231	-1.70616E+000	-2.00196E-001	-2.27659E+000	-2.00025E+000	2.61244E-004	11	..........a	-327.68
	2231	2232	-1.70536E+000	-2.00196E-001	-2.28498E+000	-2.00025E+000	2.62028E-004	11	..........a	-327.68
	2232	2233	-1.70696E+000	-2.00196E-001	-2.28164E+000	-2.00025E+000	2.60778E-004	11	..........a	-327.68
	2233	2234	-1.70216E+000	-2.00196E-001	-2.29356E+000	-2.00025E+000	2.65561E-004	11	..........a	-327.68
	2234	2235	-1.70616E+000	-2.00196E-001	-2.29181E+000	-2.00025E+000	2.57878E-004	11	..........a	-327.68
	2235	2236	-1.70296E+000	-2.00196E-001	-2.30194E+000	-2.00025E+000	2.59944E-004	11	..........a	-327.68
	2236	2237	-1.70536E+000	-2.00196E-001	-2.30157E+000	-2.00025E+000	2.56961E-004	11	..........a	-327.68
	2237	2238	-1.70616E+000	-2.00196E-001	-2.30230E+000	-2.00025E+000	2.63994E-004	11	..........a	-327.68
	2238	2239	-1.70696E+000	-2.00196E-001	-2.30241E+000	-2.00025E+000	2.63828E-004	11	..........a	-327.68
	2239	2240	-1.70536E+000	-2.00197E-001	-2.30479E+000	-2.00025E+000	2.67928E-004	11	..........a	-327.68
	2240	2241	-1.70376E+000	-2.00197E-001	-2.14961E+000	-2.00025E+000	2.61361E-004	11	..........a	-327.68
	2241	2242	-1.70616E+000	-2.00196E-001	-2.13167E+000	-2.00025E+000	2.63811E-004	11	..........a	-327.68
	2242	2243	-1.70616E+000	-2.00196E-001	-2.13845E+000	-2.00025E+000	2.55411E-004	11	..........a	-327.68
	2243	2244	-1.70616E+000	-2.00196E-001	-2.14349E+000	-2.00025E+000	2.50711E-004	11	..........a	-327.68
	2244	2245	-1.70456E+000	-2.00202E-001	-2.15155E+000	-2.00025E+000	2.62611E-004	11	..........a	-327.68
	2245	2246	-1.70496E+000	-2.00202E-001	-2.16013E+000	-2.00025E+000	2.68144E-004	11	..........a	-327.68
	2246	2247	-1.70616E+000	-2.00201E-001	-2.15976E+000	-2.00025E+000	2.61578E-004	11	..........a	-327.68
	2247	2248	-1.70616E+000	-2.00201E-001	-2.17066E+000	-2.00025E+000	2.67078E-004	11	..........a	-327.68
	2248	2249	-1.70776E+000	-2.00201E-001	-2.17081E+000	-2.00025E+000	2.67928E-004	11	..........a	-327.68
	2249	2250	-1.70776E+000	-2.00201E-001	-2.18028E+000	-2.00025E+000	2.64361E-004	11	..........a	-327.68
	2250	2251	-1.70696E+000	-2.00202E-001	-2.18784E+000	-2.00025E+000	2.62961E-004	11	..........a	-327.68
	2251	2252	-1.70616E+000	-2.00202E-001	-2.19631E+000	-2.00025E+000	2.63811E-004	11	..........a	-327.68
	2252	2253	-1.70536E+000	-2.00202E-001	-2.20627E+000	-2.00025E+000	2.64161E-004	11	..........a	-327.68
	2253	2254	-1.70536E+000	-2.00202E-001	-2.19858E+000	-2.00025E+000	2.69044E-004	11	..........a	-327.68
	2254	2255	-1.70696E+000	-2.00202E-001	-2.20437E+000	-2.00025E+000	2.66561E-004	11	..........a	-327.68
	2255	2256	-1.70616E+000	-2.00202E-001	-2.20514E+000	-2.00025E+000	2.63244E-004	11	..........a	-327.68
	2256	2257	-1.70536E+000	-2.00201E-001	-2.21340E+000	-2.00025E+000	2.69761E-004	11	..........a	-327.68
	2257	2258	-1.70776E+000	-2.00201E-001	-2.21363E+000	-2.00025E+000	2.64794E-004	11	..........a	-327.68
	2258	2259	-1.70616E+000	-2.00202E-001	-2.22011E+000	-2.00025E+000	2.67328E-004	11	..........a	-327.68
	2259	2260	-1.70616E+000	-2.00202E-001	-2.22961E+000	-2.00025E+000	2.67711E-004	11	..........a	-327.68
	2260	2261	-1.70696E+000	-2.00202E-001	-2.23037E+000	-2.00025E+000	2.65728E-004	11	..........a	-327.68
	2261	2262	-1.70696E+000	-2.00202E-001	-2.23921E+000	-2.00025E+000	2.61278E-004	11	..........a	-327.68
	2262	2263	-1.70456E+000	-2.00202E-001	-2.24474E+000	-2.00025E+000	2.62894E-004	11	..........a	-327.68
	2263	2264	-1.70696E+000	-2.00202E-001	-2.25145E+000	-2.00025E+000	2.65794E-004	11	..........a	-327.68
	2264	2265	-1.70616E+000	-2.00202E-001	-2.26023E+000	-2.00025E+000	2.69294E-004	11	..........a	-327.68
	2265	2266	-1.70616E+000	-2.00202E-001	-2.26124E+000	-2.00025E+000	2.71744E-004	11	..........a	-327.68
	2266	2267	-1.70696E+000	-2.00201E-001	-2.26415E+000	-2.00025E+000	2.67678E-004	11	..........a	-327.68
	2267	2268	-1.70696E+000	-2.00201E-001	-2.26471E+000	-2.00025E+000	2.64194E-004	11	..........a	-327.68
	2268	2269	-1.70616E+000	-2.00201E-001	-2.27191E+000	-2.00025E+000	2.71028E-004	11	..........a	-327.68
	2269	2270	-1.70696E+000	-2.00202E-001	-2.27665E+000	-2.00025E+000	2.71894E-004	11	..........a	-327.68
	2270	2271	-1.70376E+000	-2.00196E-001	-2.27950E+000	-2.00025E+000	3.22961E-004	11	..........a	-327.68
	2271	2272	-1.70696E+000	-2.00196E-001	-2.27959E+000	-2.00025E+000	3.25561E-004	11	..........a	-327.68
	2272	2273	-1.70496E+000	-2.00196E-001	-2.28547E+000	-2.00025E+000	3.26094E-004	11	..........a	-327.68
	2273	2274	-1.70696E+000	-2.00196E-001	-2.28849E+000	-2.00025E+000	3.27444E-004	11	..........a	-327.68
	2274	2275	-1.70536E+000	-2.00196E-001	-2.28824E+000	-2.00025E+000	3.28711E-004	11	..........a	-327.68
	2275	2276	-1.70616E+000	-2.00196E-001	-2.28411E+000	-2.00025E+000	3.22611E-004	11	..........a	-327.68
	2276	2277	-1.70616E+000	-2.00196E-001	-2.27977E+000	-2.00025E+000	3.29861E-004	11	..........a	-327.68
	2277	2278	-1.70536E+000	-2.00196E-001	-2.12927E+000	-2.00025E+000	3.30244E-004	11	..........a	-327.68
	2278	2279	-1.70536E+000	-2.00196E-001	-2.13329E+000	-2.00025E+000	3.27261E-004	11	..........a	-327.68
	2279	2280	-1.70696E+000	-2.00195E-001	-2.13517E+000	-2.00025E+000	3.27328E-004	11	..........a	-327.68
	2280	2281	-1.70696E+000	-2.00195E-001	-2.14394E+000	-2.00025E+000	3.28228E-004	11	..........a	-327.68
	2281	2282	-1.70616E+000	-2.00196E-001	-2.14425E+000	-2.00025E+000	3.26744E-004	11	..........a	-327.68
	2282	2283	-1.70696E+000	-2.00196E-001	-2.14895E+000	-2.00025E+000	3.25994E-004	11	..........a	-327.68
	2283	2284	-1.70536E+000	-2.00195E-001	-2.15375E+000	-2.00025E+000	3.30061E-004	11	..........a	-327.68
	2284	2285	-1.70496E+000	-2.00195E-001	-2.15517E+000	-2.00025E+000	3.26344E-004	11	..........a	-327.68
	2285	2286	-1.70456E+000	-2.00195E-001	-2.16482E+000	-2.00025E+000	3.23644E-004	11	..........a	-327.68
	2286	2287	-1.70696E+000	-2.00196E-001	-2.16571E+000	-2.00025E+000	3.25228E-004	11	..........a	-327.68
	2287	2288	-1.70416E+000	-2.00196E-001	-2.17641E+000	-2.00025E+000	3.21744E-004	11	..........a	-327.68
	2288	2289	-1.70736E+000	-2.00196E-001	-2.17306E+000	-2.00025E+000	3.15144E-004	11	..........a	-327.68
	2289	2290	-1.70656E+000	-2.00196E-001	-2.18151E+000	-2.00025E+000	3.19844E-004	11	..........a	-327.68
	2290	2291	-1.70576E+000	-2.00196E-001	-2.18414E+000	-2.00025E+000	3.21828E-004	11	..........a	-327.68
	2291	2292	-1.70696E+000	-2.00196E-001	-2.18366E+000	-2.00025E+000	3.25011E-004	11	..........a	-327.68
	2292	2293	-1.70696E+000	-2.00196E-001	-2.19124E+000	-2.00025E+000	3.24161E-004	11	..........a	-327.68
	2293	2294	-1.70616E+000	-2.00196E-001	-2.19287E+000	-2.00025E+000	3.32428E-004	11	..........a	-327.68
	2294	2295	-1.70616E+000	-2.00196E-001	-2.19953E+000	-2.00025E+000	3.21778E-004	11	..........a	-327.68
	2295	2296	-1.70696E+000	-2.00196E-001	-2.19959E+000	-2.00025E+000	3.25794E-004	11	..........a	-327.68
	2296	2297	-1.70776E+000	-2.00196E-001	-2.20715E+000	-2.00025E+000	3.26311E-004	11	..........a	-327.68
	2297	2298	-1.70736E+000	-2.00195E-001	-2.21125E+000	-2.00025E+000	3.33544E-004	11	..........a	-327.68
	2298	2299	-1.70696E+000	-2.00196E-001	-2.21392E+000	-2.00025E+000	3.24494E-004	11	..........a	-327.68
	2299	2300	-1.70576E+000	-2.00196E-001	-2.22077E+000	-2.00025E+000	3.26561E-004	11	..........a	-327.68
	2300	2301	-1.70456E+000	-2.00196E-001	-2.22571E+000	-2.00025E+000	3.22744E-004	11	..........a	-327.68
	2301	2302	-1.70696E+000	-2.00196E-001	-2.22753E+000	-2.00025E+000	3.23561E-004	11	..........a	-327.68
	2302	2303	-1.70456E+000	-2.00196E-001	-2.23601E+000	-2.00025E+000	3.21044E-004	11	..........a	-327.68
	2303	2304	-1.70616E+000	-2.00196E-001	-2.23914E+000	-2.00025E+000	3.32544E-004	11	..........a	-327.68
	2304	2305	-1.70616E+000	-2.00195E-001	-2.23912E+000	-2.00025E+000	3.25161E-004	11	..........a	-327.68
	2305	2306	-1.70696E+000	-2.00196E-001	-2.24165E+000	-2.00025E+000	3.28128E-004	11	..........a	-327.68
	2306	2307	-1.70536E+000	-2.00196E-001	-2.24937E+000	-2.00025E+000	3.21828E-004	11	..........a	-327.68
	2307	2308	-1.70696E+000	-2.00196E-001	-2.24991E+000	-2.00025E+000	3.23461E-004	11	..........a	-327.68
	2308	2309	-1.70776E+000	-2.00196E-001	-2.25207E+000	-2.00025E+000	3.28278E-004	11	..........a	-327.68
	2309	2310	-1.70696E+000	-2.00196E-001	-2.25804E+000	-2.00025E+000	3.41078E-004	11	..........a	-327.68
	2310	2311	-1.70696E+000	-2.00196E-001	-2.26510E+000	-2.00025E+000	3.37294E-004	11	..........a	-327.68
	2311	2312	-1.70616E+000	-2.00197E-001	-2.26741E+000	-2.00025E+000	3.41044E-004	11	..........a	-327.68
	2312	2313	-1.70616E+000	-2.00196E-001	-2.26552E+000	-2.00025E+000	3.40411E-004	11	..........a	-327.68
	2313	2314	-1.70696E+000	-2.00196E-001	-2.27127E+000	-2.00025E+000	3.37178E-004	11	..........a	-327.68
	2314	2315	-1.70536E+000	-2.00196E-001	-2.14529E+000	-2.00025E+000	3.44394E-004	11	..........a	-327.68
	2315	2316	-1.70576E+000	-2.00196E-001	-2.14884E+000	-2.00025E+000	3.40961E-004	11	..........a	-327.68
	2316	2317	-1.70616E+000	-2.00196E-001	-2.15663E+000	-2.00025E+000	3.42711E-004	11	..........a	-327.68
	2317	2318	-1.70696E+000	-2.00196E-001	-2.15992E+000	-2.00025E+000	3.40061E-004	11	..........a	-327.68
	2318	2319	-1.70616E+000	-2.00196E-001	-2.16868E+000	-2.00025E+000	3.43128E-004	11	..........a	-327.68
	2319	2320	-1.70616E+000	-2.00196E-001	-2.16965E+000	-2.00025E+000	3.43794E-004	11	..........a	-327.68
	2320	2321	-1.70616E+000	-2.00196E-001	-2.18355E+000	-2.00025E+000	3.41511E-004	11	..........a	-327.68
	2321	2322	-1.70696E+000	-2.00196E-001	-2.17852E+000	-2.00025E+000	3.38211E-004	11	..........a	-327.68
	2322	2323	-1.70376E+000	-2.00196E-001	-2.18741E+000	-2.00025E+000	3.08878E-004	11	..........a	-327.68
	2323	2324	-1.70536E+000	-2.00196E-001	-2.19056E+000	-2.00025E+000	3.11461E-004	11	..........a	-327.68
	2324	2325	-1.70456E+000	-2.00196E-001	-2.19449E+000	-2.00025E+000	3.11244E-004	11	..........a	-327.68
	2325	2326	-1.70696E+000	-2.00196E-001	-2.20462E+000	-2.00025E+000	3.14078E-004	11	..........a	-327.68
	2326	2327	-1.70696E+000	-2.00196E-001	-2.20293E+000	-2.00025E+000	3.10344E-004	11	..........a	-327.68
	2327	2328	-1.70456E+000	-2.00195E-001	-2.20979E+000	-2.00025E+000	3.03244E-004	11	..........a	-327.68
	2328	2329	-1.70776E+000	-2.00196E-001	-2.21046E+000	-2.00025E+000	3.07394E-004	11	..........a	-327.68
	2329	2330	-1.70656E+000	-2.00196E-001	-2.21132E+000	-2.00025E+000	3.10661E-004	11	..........a	-327.68
	2330	2331	-1.70696E+000	-2.00196E-001	-2.21915E+000	-2.00025E+000	3.08761E-004	11	..........a	-327.68
	2331	2332	-1.70536E+000	-2.00196E-001	-2.22246E+000	-2.00025E+000	3.13844E-004	11	..........a	-327.68
	2332	2333	-1.70496E+000	-2.00196E-001	-2.22665E+000	-2.00025E+000	3.20694E-004	11	..........a	-327.68
	2333	2334	-1.70536E+000	-2.00196E-001	-2.22728E+000	-2.00025E+000	3.10244E-004	11	..........a	-327.68
	2334	2335	-1.70536E+000	-2.00196E-001	-2.23149E+000	-2.00025E+000	3.10678E-004	11	..........a	-327.68
	2335	2336	-1.70696E+000	-2.00196E-001	-2.23304E+000	-2.00025E+000	3.13428E-004	11	..........a	-327.68
	2336	2337	-1.70536E+000	-2.00196E-001	-2.23801E+000	-2.00025E+000	3.18611E-004	11	..........a	-327.68
	2337	2338	-1.70456E+000	-2.00195E-001	-2.24415E+000	-2.00025E+000	3.16444E-004	11	..........a	-327.68
	2338	2339	-1.70656E+000	-2.00196E-001	-2.24415E+000	-2.00025E+000	3.27428E-004	11	..........a	-327.68
	2339	2340	-1.70696E+000	-2.00196E-001	-2.25425E+000	-2.00025E+000	3.27578E-004	11	..........a	-327.68
	2340	2341	-1.70536E+000	-2.00196E-001	-2.25770E+000	-2.00025E+000	3.26078E-004	11	..........a	-327.68
	2341	2342	-1.70696E+000	-2.00196E-001	-2.25996E+000	-2.00025E+000	3.16828E-004	11	..........a	-327.68
	2342	2343	-1.70696E+000	-2.00196E-001	-2.26116E+000	-2.00025E+000	3.24944E-004	11	..........a	-327.68
	2343	2344	-1.70536E+000	-2.00196E-001	-2.26663E+000	-2.00025E+000	3.17078E-004	11	..........a	-327.68
	2344	2345	-1.70696E+000	-2.00196E-001	-2.27165E+000	-2.00025E+000	3.17694E-004	11	..........a	-327.68
	2345	2346	-1.70536E+000	-2.00196E-001	-2.27394E+000	-2.00025E+000	3.18678E-004	11	..........a	-327.68
	2346	2347	-1.70616E+000	-2.00195E-001	-2.27888E+000	-2.00025E+000	3.13011E-004	11	..........a	-327.68
	2347	2348	-1.70696E+000	-2.00196E-001	-2.27873E+000	-2.00025E+000	3.14711E-004	11	..........a	-327.68
	2348	2349	-1.70536E+000	-2.00196E-001	-2.28050E+000	-2.00025E+000	3.10944E-004	11	..........a	-327.68
	2349	2350	-1.70536E+000	-2.00196E-001	-2.28425E+000	-2.00025E+000	3.10028E-004	11	..........a	-327.68
	2350	2351	-1.70296E+000	-2.00196E-001	-2.28537E+000	-2.00025E+000	3.11378E-004	11	..........a	-327.68
	2351	2352	-1.70616E+000	-2.00197E-001	-2.28440E+000	-2.00025E+000	3.12944E-004	11	..........a	-327.68
	2352	2353	-1.70456E+000	-2.00196E-001	-2.28481E+000	-2.00025E+000	3.11711E-004	11	..........a	-327.68
	2353	2354	-1.70536E+000	-2.00196E-001	-2.12035E+000	-2.00025E+000	3.15811E-004	11	..........a	-327.68
	2354	2355	-1.70616E+000	-2.00197E-001	-2.11867E+000	-2.00025E+000	3.19194E-004	11	..........a	-327.68
	2355	2356	-1.70616E+000	-2.00196E-001	-2.12537E+000	-2.00025E+000	3.11528E-004	11	..........a	-327.68
	2356	2357	-1.70536E+000	-2.00196E-001	-2.13422E+000	-2.00025E+000	3.17611E-004	11	..........a	-327.68
	2357	2358	-1.70456E+000	-2.00196E-001	-2.13684E+000	-2.00025E+000	3.16561E-004	11	..........a	-327.68
	2358	2359	-1.70536E+000	-2.00197E-001	-2.14548E+000	-2.00025E+000	3.15394E-004	11	..........a	-327.68
	2359	2360	-1.70616E+000	-2.00196E-001	-2.14793E+000	-2.00025E+000	3.13528E-004	11	..........a	-327.68
	2360	2361	-1.70616E+000	-2.00196E-001	-2.15271E+000	-2.00025E+000	3.18511E-004	11	..........a	-327.68
	2361	2362	-1.70576E+000	-2.00196E-001	-2.15709E+000	-2.00025E+000	3.17128E-004	11	..........a	-327.68
	2362	2363	-1.70616E+000	-2.00196E-001	-2.16081E+000	-2.00025E+000	3.14078E-004	11	..........a	-327.68
	2363	2364	-1.70296E+000	-2.00196E-001	-2.17171E+000	-2.00025E+000	3.11344E-004	11	..........a	-327.68
	2364	2365	-1.70416E+000	-2.00196E-001	-2.17265E+000	-2.00025E+000	2.99744E-004	11	..........a	-327.68
	2365	2366	-1.70056E+000	-2.00196E-001	-2.18185E+000	-2.00025E+000	3.03728E-004	11	..........a	-327.68
	2366	2367	-1.70696E+000	-2.00196E-001	-2.17838E+000	-2.00025E+000	3.10228E-004	11	..........a	-327.68
	2367	2368	-1.70576E+000	-2.00196E-001	-2.18480E+000	-2.00025E+000	3.02278E-004	11	..........a	-327.68
	2368	2369	-1.70616E+000	-2.00196E-001	-2.19084E+000	-2.00025E+000	3.06694E-004	11	..........a	-327.68
	2369	2370	-1.70456E+000	-2.00196E-001	-2.19468E+000	-2.00025E+000	3.13511E-004	11	..........a	-327.68
	2370	2371	-1.70616E+000	-2.00196E-001	-2.20118E+000	-2.00025E+000	3.14961E-004	11	..........a	-327.68
	2371	2372	-1.70656E+000	-2.00197E-001	-2.20002E+000	-2.00025E+000	3.24778E-004	11	..........a	-327.68
	2372	2373	-1.70536E+000	-2.00196E-001	-2.20742E+000	-2.00025E+000	3.10178E-004	11	..........a	-327.68
	2373	2374	-1.70456E+000	-2.00197E-001	-2.21288E+000	-2.00025E+000	3.17828E-004	11	..........a	-327.68
	2374	2375	-1.70376E+000	-2.00196E-001	-2.21742E+000	-2.00025E+000	2.97261E-004	11	..........a	-327.68
	2375	2376	-1.70376E+000	-2.00196E-001	-2.22324E+000	-2.00025E+000	3.04561E-004	11	..........a	-327.68
	2376	2377	-1.70536E+000	-2.00197E-001	-2.22303E+000	-2.00025E+000	3.01044E-004	11	..........a	-327.68
	2377	2378	-1.70616E+000	-2.00196E-001	-2.22852E+000	-2.00025E+000	3.04244E-004	11	..........a	-327.68
	2378	2379	-1.70376E+000	-2.00196E-001	-2.23701E+000	-2.00025E+000	2.98911E-004	11	..........a	-327.68
	2379	2380	-1.70696E+000	-2.00196E-001	-2.23968E+000	-2.00025E+000	3.09594E-004	11	..........a	-327.68
	2380	2381	-1.70296E+000	-2.00196E-001	-2.24520E+000	-2.00025E+000	2.99828E-004	11	..........a	-327.68
	2381	2382	-1.70376E+000	-2.00197E-001	-2.24985E+000	-2.00025E+000	2.95611E-004	11	..........a	-327.68
	2382	2383	-1.70536E+000	-2.00196E-001	-2.25519E+000	-2.00025E+000	2.99678E-004	11	..........a	-327.68
	2383	2384	-1.70376E+000	-2.00196E-001	-2.25766E+000	-2.00025E+000	2.97794E-004	11	..........a	-327.68
	2384	2385	-1.70776E+000	-2.00196E-001	-2.25877E+000	-2.00025E+000	2.96594E-004	11	..........a	-327.68
	2385	2386	-1.70256E+000	-2.00196E-001	-2.26761E+000	-2.00025E+000	2.94928E-004	11	..........a	-327.68
	2386	2387	-1.70616E+000	-2.00196E-001	-2.26846E+000	-2.00025E+000	3.00061E-004	11	..........a	-327.68
	2387	2388	-1.70536E+000	-2.00196E-001	-2.26968E+000	-2.00025E+000	3.00461E-004	11	..........a	-327.68
	2388	2389	-1.70696E+000	-2.00196E-001	-2.27188E+000	-2.00025E+000	3.04061E-004	11	..........a	-327.68
	2389	2390	-1.70136E+000	-2.00196E-001	-2.28066E+000	-2.00025E+000	3.00144E-004	11	..........a	-327.68
	2390	2391	-1.70616E+000	-2.00196E-001	-2.27611E+000	-2.00025E+000	2.90961E-004	11	..........a	-327.68
	2391	2392	-1.70216E+000	-2.00195E-001	-2.28574E+000	-2.00025E+000	2.84128E-004	11	..........a	-327.68
	2392	2393	-1.70456E+000	-2.00196E-001	-2.28101E+000	-2.00025E+000	2.89961E-004	11	..........a	-327.68
	2393	2394	-1.70456E+000	-2.00196E-001	-2.28224E+000	-2.00025E+000	3.00878E-004	11	..........a	-327.68
	2394	2395	-1.70416E+000	-2.00195E-001	-2.27992E+000	-2.00025E+000	2.92728E-004	11	..........a	-327.68
	2395	2396	-1.70456E+000	-2.00196E-001	-2.28015E+000	-2.00025E+000	3.01561E-004	11	..........a	-327.68
	2396	2397	-1.70456E+000	-2.00195E-001	-2.13417E+000	-2.00025E+000	2.91894E-004	11	..........a	-327.68
	2397	2398	-1.70376E+000	-2.00196E-001	-2.13253E+000	-2.00025E+000	3.04144E-004	11	..........a	-327.68
	2398	2399	-1.70536E+000	-2.00195E-001	-2.13662E+000	-2.00025E+000	2.97128E-004	11	..........a	-327.68
	2399	2400	-1.70696E+000	-2.00195E-001	-2.13087E+000	-2.00025E+000	2.99994E-004	11	..........a	-327.68
	2400	2401	-1.70616E+000	-2.00196E-001	-2.13662E+000	-2.00025E+000	2.99094E-004	11	..........a	-327.68
	2401	2402	-1.70616E+000	-2.00196E-001	-2.14751E+000	-2.00025E+000	3.07261E-004	11	..........a	-327.68
	2402	2403	-1.70616E+000	-2.00195E-001	-2.15117E+000	-2.00025E+000	3.04361E-004	11	..........a	-327.68
	2403	2404	-1.70616E+000	-2.00195E-001	-2.15666E+000	-2.00025E+000	2.95761E-004	11	..........a	-327.68
	2404	2405	-1.70376E+000	-2.00196E-001	-2.16192E+000	-2.00025E+000	3.02378E-004	11	..........a	-327.68
	2405	2406	-1.70696E+000	-2.00196E-001	-2.16374E+000	-2.00025E+000	3.01528E-004	11	..........a	-327.68
	2406	2407	-1.70456E+000	-2.00196E-001	-2.16354E+000	-2.00025E+000	3.02194E-004	11	..........a	-327.68
	2407	2408	-1.70376E+000	-2.00196E-001	-2.16860E+000	-2.00025E+000	2.96711E-004	11	..........a	-327.68
	2408	2409	-1.70696E+000	-2.00196E-001	-2.17195E+000	-2.00025E+000	2.98578E-004	11	..........a	-327.68
	2409	2410	-1.70456E+000	-2.00196E-001	-2.17906E+000	-2.00025E+000	2.99478E-004	11	..........a	-327.68
	2410	2411	-1.70776E+000	-2.00196E-001	-2.18894E+000	-2.00025E+000	2.95378E-004	11	..........a	-327.68
	2411	2412	-1.70776E+000	-2.00196E-001	-2.19108E+000	-2.00025E+000	3.01928E-004	11	..........a	-327.68
	2412	2413	-1.70696E+000	-2.00196E-001	-2.19958E+000	-2.00025E+000	2.99344E-004	11	..........a	-327.68
	2413	2414	-1.70616E+000	-2.00196E-001	-2.20421E+000	-2.00025E+000	2.92978E-004	11	..........a	-327.68
	2414	2415	-1.70616E+000	-2.00196E-001	-2.20795E+000	-2.00025E+000	3.04944E-004	11	..........a	-327.68
	2415	2416	-1.70536E+000	-2.00196E-001	-2.21498E+000	-2.00025E+000	2.98644E-004	11	..........a	-327.68
	2416	2417	-1.70536E+000	-2.00196E-001	-2.21701E+000	-2.00025E+000	2.97894E-004	11	..........a	-327.68
	2417	2418	-1.70376E+000	-2.00195E-001	-2.22750E+000	-2.00025E+000	2.93444E-004	11	..........a	-327.68
	2418	2419	-1.70696E+000	-2.00195E-001	-2.22635E+000	-2.00025E+000	2.99261E-004	11	..........a	-327.68
	2419	2420	-1.70536E+000	-2.00195E-001	-2.23230E+000	-2.00025E+000	2.90511E-004	11	..........a	-327.68
	2420	2421	-1.70376E+000	-2.00196E-001	-2.23589E+000	-2.00025E+000	2.92711E-004	11	..........a	-327.68
	2421	2422	-1.70696E+000	-2.00196E-001	-2.23826E+000	-2.00025E+000	2.93294E-004	11	..........a	-327.68
	2422	2423	-1.70616E+000	-2.00195E-001	-2.24767E+000	-2.00025E+000	2.95594E-004	11	..........a	-327.68
	2423	2424	-1.70536E+000	-2.00196E-001	-2.25052E+000	-2.00025E+000	2.99494E-004	11	..........a	-327.68
	2424	2425	-1.70536E+000	-2.00195E-001	-2.25851E+000	-2.00025E+000	2.89294E-004	11	..........a	-327.68
	2425	2426	-1.70616E+000	-2.00195E-001	-2.25122E+000	-2.00025E+000	2.93111E-004	11	..........a	-327.68
	2426	2427	-1.70456E+000	-2.00196E-001	-2.25172E+000	-2.00025E+000	2.99261E-004	11	..........a	-327.68
	2427	2428	-1.70456E+000	-2.00196E-001	-2.25449E+000	-2.00025E+000	2.87444E-004	11	..........a	-327.68
	2428	2429	-1.70536E+000	-2.00196E-001	-2.25470E+000	-2.00025E+000	2.93444E-004	11	..........a	-327.68
	2429	2430	-1.70616E+000	-2.00195E-001	-2.25963E+000	-2.00025E+000	2.95511E-004	11	..........a	-327.68
	2430	2431	-1.70536E+000	-2.00195E-001	-2.26101E+000	-2.00025E+000	2.85011E-004	11	..........a	-327.68
	2431	2432	-1.70616E+000	-2.00196E-001	-2.26318E+000	-2.00025E+000	2.93911E-004	11	..........a	-327.68
	2432	2433	-1.70376E+000	-2.00196E-001	-2.26477E+000	-2.00025E+000	2.88878E-004	11	..........a	-327.68
	2433	2434	-1.70376E+000	-2.00196E-001	-2.11859E+000	-2.00025E+000	2.89661E-004	11	..........a	-327.68
	2434	2435	-1.70696E+000	-2.00196E-001	-2.11291E+000	-2.00025E+000	2.84961E-004	11	..........a	-327.68
	2435	2436	-1.70776E+000	-2.00196E-001	-2.11764E+000	-2.00025E+000	2.92911E-004	11	..........a	-327.68
	2436	2437	-1.70456E+000	-2.00196E-001	-2.12943E+000	-2.00025E+000	2.86994E-004	11	..........a	-327.68
	2437	2438	-1.70536E+000	-2.00196E-001	-2.13024E+000	-2.00025E+000	2.84061E-004	11	..........a	-327.68
	2438	2439	-1.70696E+000	-2.00195E-001	-2.14022E+000	-2.00025E+000	2.88478E-004	11	..........a	-327.68
	2439	2440	-1.70616E+000	-2.00196E-001	-2.14711E+000	-2.00025E+000	2.90344E-004	11	..........a	-327.68
	2440	2441	-1.70456E+000	-2.00195E-001	-2.15368E+000	-2.00025E+000	2.92011E-004	11	..........a	-327.68
	2441	2442	-1.70656E+000	-2.00196E-001	-2.15557E+000	-2.00025E+000	2.91361E-004	11	..........a	-327.68
	2442	2443	-1.70456E+000	-2.00196E-001	-2.15879E+000	-2.00025E+000	2.91511E-004	11	..........a	-327.68
	2443	2444	-1.70336E+000	-2.00197E-001	-2.16762E+000	-2.00025E+000	3.35811E-004	11	..........a	-327.68
	2444	2445	-1.70856E+000	-2.00197E-001	-2.16570E+000	-2.00025E+000	3.40378E-004	11	..........a	-327.68
	2445	2446	-1.70776E+000	-2.00198E-001	-2.17856E+000	-2.00025E+000	3.35961E-004	11	..........a	-327.68
	2446	2447	-1.70456E+000	-2.00197E-001	-2.18545E+000	-2.00025E+000	3.33528E-004	11	..........a	-327.68
	2447	2448	-1.70776E+000	-2.00198E-001	-2.18284E+000	-2.00025E+000	3.35561E-004	11	..........a	-327.68
	2448	2449	-1.70576E+000	-2.00197E-001	-2.19186E+000	-2.00025E+000	3.34278E-004	11	..........a	-327.68
	2449	2450	-1.70736E+000	-2.00198E-001	-2.19194E+000	-2.00025E+000	3.31828E-004	11	..........a	-327.68
	2450	2451	-1.70696E+000	-2.00198E-001	-2.20013E+000	-2.00025E+000	3.32594E-004	11	..........a	-327.68
	2451	2452	-1.70656E+000	-2.00198E-001	-2.20045E+000	-2.00025E+000	3.45144E-004	11	..........a	-327.68
	2452	2453	-1.70696E+000	-2.00198E-001	-2.20632E+000	-2.00025E+000	3.42328E-004	11	..........a	-327.68
	2453	2454	-1.70696E+000	-2.00198E-001	-2.20906E+000	-2.00025E+000	3.38811E-004	11	..........a	-327.68
	2454	2455	-1.70616E+000	-2.00198E-001	-2.21215E+000	-2.00025E+000	3.37061E-004	11	..........a	-327.68
	2455	2456	-1.70696E+000	-2.00198E-001	-2.21938E+000	-2.00025E+000	3.27644E-004	11	..........a	-327.68
	2456	2457	-1.70776E+000	-2.00198E-001	-2.21919E+000	-2.00025E+000	3.41828E-004	11	..........a	-327.68
	2457	2458	-1.70616E+000	-2.00198E-001	-2.22870E+000	-2.00025E+000	3.38194E-004	11	..........a	-327.68
	2458	2459	-1.70536E+000	-2.00198E-001	-2.22950E+000	-2.00025E+000	3.36894E-004	11	..........a	-327.68
	2459	2460	-1.70696E+000	-2.00198E-001	-2.23354E+000	-2.00025E+000	3.39978E-004	11	..........a	-327.68
	2460	2461	-1.70536E+000	-2.00197E-001	-2.23505E+000	-2.00025E+000	3.37111E-004	11	..........a	-327.68
	2461	2462	-1.70536E+000	-2.00198E-001	-2.24711E+000	-2.00025E+000	3.34361E-004	11	..........a	-327.68
	2462	2463	-1.70696E+000	-2.00198E-001	-2.24654E+000	-2.00025E+000	3.44161E-004	11	..........a	-327.68
	2463	2464	-1.70536E+000	-2.00198E-001	-2.24869E+000	-2.00025E+000	3.41794E-004	11	..........a	-327.68
	2464	2465	-1.70616E+000	-2.00198E-001	-2.25802E+000	-2.00025E+000	3.46228E-004	11	..........a	-327.68
	2465	2466	-1.70536E+000	-2.00198E-001	-2.26137E+000	-2.00025E+000	3.45978E-004	11	..........a	-327.68
	2466	2467	-1.70456E+000	-2.00198E-001	-2.26649E+000	-2.00025E+000	3.44944E-004	11	..........a	-327.68
	2467	2468	-1.70616E+000	-2.00197E-001	-2.26254E+000	-2.00025E+000	3.45794E-004	11	..........a	-327.68
	2468	2469	-1.70696E+000	-2.00198E-001	-2.26153E+000	-2.00025E+000	3.48578E-004	11	..........a	-327.68
	2469	2470	-1.70376E+000	-2.00199E-001	-2.26954E+000	-2.00025E+000	5.74361E-004	11	..........a	-327.68
	2470	2471	-1.70856E+000	-2.00198E-001	-2.26303E+000	-2.00025E+000	5.69728E-004	11	..........a	-327.68
	2471	2472	-1.70616E+000	-2.00198E-001	-2.26719E+000	-2.00025E+000	5.52044E-004	11	..........a	-327.68
	2472	2473	-1.70536E+000	-2.00198E-001	-2.26472E+000	-2.00025E+000	5.53461E-004	11	..........a	-327.68
	2473	2474	-1.70376E+000	-2.00197E-001	-2.11127E+000	-2.00025E+000	5.26978E-004	11	..........a	-327.68
	2474	2475	-1.70456E+000	-2.00198E-001	-2.10895E+000	-2.00025E+000	5.39694E-004	11	..........a	-327.68
	2475	2476	-1.70776E+000	-2.00198E-001	-2.11169E+000	-2.00025E+000	5.32511E-004	11	..........a	-327.68
	2476	2477	-1.70616E+000	-2.00199E-001	-2.12266E+000	-2.00025E+000	5.55811E-004	11	..........a	-327.68
	2477	2478	-1.70616E+000	-2.00200E-001	-2.12498E+000	-2.00025E+000	5.74311E-004	11	..........a	-327.68
	2478	2479	-1.70696E+000	-2.00199E-001	-2.13332E+000	-2.00025E+000	5.67111E-004	11	..........a	-327.68
	2479	2480	-1.70616E+000	-2.00199E-001	-2.13869E+000	-2.00025E+000	5.39511E-004	11	..........a	-327.68
	2480	2481	-1.70536E+000	-2.00198E-001	-2.14577E+000	-2.00025E+000	5.41178E-004	11	..........a	-327.68
	2481	2482	-1.70456E+000	-2.00197E-001	-2.15295E+000	-2.00025E+000	5.28611E-004	11	..........a	-327.68
	2482	2483	-1.70616E+000	-2.00199E-001	-2.15338E+000	-2.00025E+000	5.65661E-004	11	..........a	-327.68
	2483	2484	-1.70616E+000	-2.00200E-001	-2.16061E+000	-2.00025E+000	5.94494E-004	11	..........a	-327.68
	2484	2485	-1.70376E+000	-2.00199E-001	-2.16279E+000	-2.00025E+000	5.76461E-004	11	..........a	-327.68
	2485	2486	-1.70616E+000	-2.00198E-001	-2.16787E+000	-2.00025E+000	5.57294E-004	11	..........a	-327.68
	2486	2487	-1.70616E+000	-2.00199E-001	-2.16839E+000	-2.00025E+000	5.62678E-004	11	..........a	-327.68
	2487	2488	-1.70616E+000	-2.00196E-001	-2.17399E+000	-2.00025E+000	5.17711E-004	11	..........a	-327.68
	2488	2489	-1.70776E+000	-2.00197E-001	-2.17964E+000	-2.00025E+000	5.10578E-004	11	..........a	-327.68
	2489	2490	-1.70536E+000	-2.00197E-001	-2.18394E+000	-2.00025E+000	5.22194E-004	11	..........a	-327.68
	2490	2491	-1.70616E+000	-2.00197E-001	-2.19135E+000	-2.00025E+000	5.28628E-004	11	..........a	-327.68
	2491	2492	-1.70616E+000	-2.00199E-001	-2.19356E+000	-2.00025E+000	5.53294E-004	11	..........a	-327.68
	2492	2493	-1.70456E+000	-2.00198E-001	-2.20300E+000	-2.00025E+000	5.56328E-004	11	..........a	-327.68
	2493	2494	-1.70696E+000	-2.00197E-001	-2.20468E+000	-2.00025E+000	5.20294E-004	11	..........a	-327.68
	2494	2495	-1.70696E+000	-2.00197E-001	-2.20745E+000	-2.00025E+000	5.21778E-004	11	..........a	-327.68
	2495	2496	-1.70616E+000	-2.00193E-001	-2.21509E+000	-2.00025E+000	1.61411E-004	11	..........a	-327.68
	2496	2497	-1.70616E+000	-2.00193E-001	-2.21756E+000	-2.00025E+000	1.58428E-004	11	..........a	-327.68
	2497	2498	-1.70376E+000	-2.00192E-001	-2.22752E+000	-2.00025E+000	1.50078E-004	11	..........a	-327.68
	2498	2499	-1.70616E+000	-2.00192E-001	-2.22609E+000	-2.00025E+000	1.54378E-004	11	..........a	-327.68
	2499	2500	-1.70696E+000	-2.00192E-001	-2.22869E+000	-2.00025E+000	1.58944E-004	11	..........a	-327.68
	2500	2501	-1.70696E+000	-2.00192E-001	-2.23094E+000	-2.00025E+000	1.60844E-004	11	..........a	-327.68
	2501	2502	-1.70616E+000	-2.00192E-001	-2.23534E+000	-2.00025E+000	1.62244E-004	11	..........a	-327.68
	2502	2503	-1.70536E+000	-2.00192E-001	-2.24098E+000	-2.00025E+000	1.62011E-004	11	..........a	-327.68
	2503	2504	-1.70536E+000	-2.00192E-001	-2.24533E+000	-2.00025E+000	1.60578E-004	11	..........a	-327.68
	2504	2505	-1.70616E+000	-2.00192E-001	-2.24868E+000	-2.00025E+000	1.63461E-004	11	..........a	-327.68
	2505	2506	-1.70616E+000	-2.00192E-001	-2.25276E+000	-2.00025E+000	1.67328E-004	11	..........a	-327.68
	2506	2507	-1.70616E+000	-2.00193E-001	-2.25455E+000	-2.00025E+000	1.56111E-004	11	..........a	-327.68
	2507	2508	-1.70456E+000	-2.00192E-001	-2.26117E+000	-2.00025E+000	1.68694E-004	11	..........a	-327.68
	2508	2509	-1.70376E+000	-2.00192E-001	-2.26274E+000	-2.00025E+000	1.62278E-004	11	..........a	-327.68
	2509	2510	-1.70376E+000	-2.00192E-001	-2.26801E+000	-2.00025E+000	1.60028E-004	11	..........a	-327.68
	2510	2511	-1.70536E+000	-2.00193E-001	-2.26733E+000	-2.00025E+000	1.56644E-004	11	..........a	-327.68
	2511	2512	-1.70456E+000	-2.00193E-001	-2.26576E+000	-2.00025E+000	1.56128E-004	11	..........a	-327.68
	2512	2513	-1.70696E+000	-2.00192E-001	-2.11631E+000	-2.00025E+000	1.51544E-004	11	..........a	-327.68
	2513	2514	-1.70616E+000	-2.00192E-001	-2.11731E+000	-2.00025E+000	1.51211E-004	11	..........a	-327.68
	2514	2515	-1.70536E+000	-2.00192E-001	-2.12674E+000	-2.00025E+000	1.59528E-004	11	..........a	-327.68
	2515	2516	-1.70536E+000	-2.00192E-001	-2.12749E+000	-2.00025E+000	1.62661E-004	11	..........a	-327.68
	2516	2517	-1.70696E+000	-2.00192E-001	-2.13771E+000	-2.00025E+000	1.57828E-004	11	..........a	-327.68
	2517	2518	-1.70536E+000	-2.00192E-001	-2.14305E+000	-2.00025E+000	1.60411E-004	11	..........a	-327.68
	2518	2519	-1.70456E+000	-2.00192E-001	-2.14973E+000	-2.00025E+000	1.59661E-004	11	..........a	-327.68
	2519	2520	-1.70456E+000	-2.00192E-001	-2.15785E+000	-2.00025E+000	1.63728E-004	11	..........a	-327.68
	2520	2521	-1.70616E+000	-2.00192E-001	-2.16208E+000	-2.00025E+000	1.64344E-004	11	..........a	-327.68
	2521	2522	-1.70536E+000	-2.00199E-001	-2.16607E+000	-2.00025E+000	2.90328E-004	11	..........a	-327.68
	2522	2523	-1.70616E+000	-2.00199E-001	-2.16973E+000	-2.00025E+000	2.83394E-004	11	..........a	-327.68
	2523	2524	-1.70456E+000	-2.00199E-001	-2.17556E+000	-2.00025E+000	2.88778E-004	11	..........a	-327.68
	2524	2525	-1.70576E+000	-2.00198E-001	-2.18230E+000	-2.00025E+000	2.89494E-004	11	..........a	-327.68
	2525	2526	-1.70536E+000	-2.00198E-001	-2.18340E+000	-2.00025E+000	2.87128E-004	11	..........a	-327.68
	2526	2527	-1.70696E+000	-2.00198E-001	-2.18990E+000	-2.00025E+000	2.96594E-004	11	..........a	-327.68
	2527	2528	-1.70696E+000	-2.00198E-001	-2.19452E+000	-2.00025E+000	2.96528E-004	11	..........a	-327.68
	2528	2529	-1.70696E+000	-2.00198E-001	-2.20313E+000	-2.00025E+000	2.99644E-004	11	..........a	-327.68
	2529	2530	-1.70456E+000	-2.00198E-001	-2.20701E+000	-2.00025E+000	2.92594E-004	11	..........a	-327.68
	2530	2531	-1.70456E+000	-2.00198E-001	-2.20704E+000	-2.00025E+000	3.06894E-004	11	..........a	-327.68
	2531	2532	-1.70616E+000	-2.00199E-001	-2.21018E+000	-2.00025E+000	3.04678E-004	11	..........a	-327.68
	2532	2533	-1.70536E+000	-2.00198E-001	-2.21258E+000	-2.00025E+000	2.98544E-004	11	..........a	-327.68
	2533	2534	-1.70616E+000	-2.00198E-001	-2.21975E+000	-2.00025E+000	2.97394E-004	11	..........a	-327.68
	2534	2535	-1.70616E+000	-2.00198E-001	-2.22077E+000	-2.00025E+000	2.92728E-004	11	..........a	-327.68
	2535	2536	-1.70616E+000	-2.00198E-001	-2.22618E+000	-2.00025E+000	2.88128E-004	11	..........a	-327.68
	2536	2537	-1.70456E+000	-2.00198E-001	-2.23026E+000	-2.00025E+000	2.89494E-004	11	..........a	-327.68
	2537	2538	-1.70696E+000	-2.00198E-001	-2.23228E+000	-2.00025E+000	2.98511E-004	11	..........a	-327.68
	2538	2539	-1.70376E+000	-2.00198E-001	-2.24188E+000	-2.00025E+000	3.03678E-004	11	..........a	-327.68
	2539	2540	-1.70616E+000	-2.00198E-001	-2.24129E+000	-2.00025E+000	2.98911E-004	11	..........a	-327.68
	2540	2541	-1.70616E+000	-2.00198E-001	-2.24531E+000	-2.00025E+000	2.96344E-004	11	..........a	-327.68
	2541	2542	-1.70456E+000	-2.00199E-001	-2.25135E+000	-2.00025E+000	2.97228E-004	11	..........a	-327.68
	2542	2543	-1.70616E+000	-2.00198E-001	-2.25149E+000	-2.00025E+000	2.93594E-004	11	..........a	-327.68
	2543	2544	-1.70536E+000	-2.00198E-001	-2.25766E+000	-2.00025E+000	2.95628E-004	11	..........a	-327.68
	2544	2545	-1.70416E+000	-2.00198E-001	-2.26582E+000	-2.00025E+000	2.91178E-004	11	..........a	-327.68
	2545	2546	-1.70376E+000	-2.00199E-001	-2.27354E+000	-2.00025E+000	2.91744E-004	11	..........a	-327.68
	2546	2547	-1.70616E+000	-2.00198E-001	-2.26993E+000	-2.00025E+000	2.83378E-004	11	..........a	-327.68
	2547	2548	-1.70536E+000	-2.00197E-001	-2.27508E+000	-2.00025E+000	2.97661E-004	11	..........a	-327.68
	2548	2549	-1.70376E+000	-2.00197E-001	-2.28033E+000	-2.00025E+000	2.94811E-004	11	..........a	-327.68
	2549	2550	-1.70056E+000	-2.00197E-001	-2.28359E+000	-2.00025E+000	2.98478E-004	11	..........a	-327.68
	2550	2551	-1.70576E+000	-2.00197E-001	-2.28184E+000	-2.00025E+000	2.93194E-004	11	..........a	-327.68
	2551	2552	-1.70696E+000	-2.00197E-001	-2.28252E+000	-2.00025E+000	3.03244E-004	11	..........a	-327.68
	2552	2553	-1.70376E+000	-2.00197E-001	-2.29130E+000	-2.00025E+000	3.14344E-004	11	..........a	-327.68
	2553	2554	-1.70456E+000	-2.00196E-001	-2.28910E+000	-2.00025E+000	3.03994E-004	11	..........a	-327.68
	2554	2555	-1.70456E+000	-2.00197E-001	-2.29215E+000	-2.00025E+000	3.02578E-004	11	..........a	-327.68
	2555	2556	-1.70376E+000	-2.00198E-001	-2.20077E+000	-2.00025E+000	3.13744E-004	11	..........a	-327.68
	2556	2557	-1.70376E+000	-2.00197E-001	-2.14224E+000	-2.00025E+000	3.08694E-004	11	..........a	-327.68
	2557	2558	-1.70536E+000	-2.00197E-001	-2.15315E+000	-2.00025E+000	3.13228E-004	11	..........a	-327.68
	2558	2559	-1.70456E+000	-2.00196E-001	-2.15653E+000	-2.00025E+000	3.07211E-004	11	..........a	-327.68
	2559	2560	-1.70536E+000	-2.00196E-001	-2.16436E+000	-2.00025E+000	3.10194E-004	11	..........a	-327.68
	2560	2561	-1.70616E+000	-2.00197E-001	-2.16530E+000	-2.00025E+000	3.05711E-004	11	..........a	-327.68
	2561	2562	-1.70456E+000	-2.00197E-001	-2.17262E+000	-2.00025E+000	3.12994E-004	11	..........a	-327.68
	2562	2563	-1.70296E+000	-2.00197E-001	-2.18041E+000	-2.00025E+000	3.09828E-004	11	..........a	-327.68
	2563	2564	-1.70616E+000	-2.00197E-001	-2.18220E+000	-2.00025E+000	3.01861E-004	11	..........a	-327.68
	2564	2565	-1.70296E+000	-2.00197E-001	-2.19448E+000	-2.00025E+000	2.96861E-004	11	..........a	-327.68
	2565	2566	-1.70616E+000	-2.00197E-001	-2.18472E+000	-2.00025E+000	3.01894E-004	11	..........a	-327.68
	2566	2567	-1.70536E+000	-2.00197E-001	-2.19562E+000	-2.00025E+000	2.98211E-004	11	..........a	-327.68
	2567	2568	-1.70456E+000	-2.00197E-001	-2.19288E+000	-2.00025E+000	3.04411E-004	11	..........a	-327.68
	2568	2569	-1.70536E+000	-2.00197E-001	-2.19902E+000	-2.00025E+000	2.97411E-004	11	..........a	-327.68
	2569	2570	-1.70616E+000	-2.00197E-001	-2.20225E+000	-2.00025E+000	3.02061E-004	11	..........a	-327.68
	2570	2571	-1.70616E+000	-2.00198E-001	-2.20244E+000	-2.00025E+000	2.93244E-004	11	..........a	-327.68
	2571	2572	-1.70616E+000	-2.00198E-001	-2.20590E+000	-2.00025E+000	3.01144E-004	11	..........a	-327.68
	2572	2573	-1.70536E+000	-2.00197E-001	-2.20601E+000	-2.00025E+000	2.89544E-004	11	..........a	-327.68
	2573	2574	-1.70776E+000	-2.00197E-001	-2.21026E+000	-2.00025E+000	2.88944E-004	11	..........a	-327.68
	2574	2575	-1.70616E+000	-2.00197E-001	-2.20866E+000	-2.00025E+000	2.99711E-004	11	..........a	-327.68
	2575	2576	-1.70456E+000	-2.00198E-001	-2.21372E+000	-2.00025E+000	3.03961E-004	11	..........a	-327.68
	2576	2577	-1.70616E+000	-2.00197E-001	-2.21626E+000	-2.00025E+000	2.98894E-004	11	..........a	-327.68
	2577	2578	-1.69976E+000	-2.00198E-001	-2.23141E+000	-2.00025E+000	2.99128E-004	11	..........a	-327.68
	2578	2579	-1.70456E+000	-2.00197E-001	-2.23193E+000	-2.00025E+000	2.95061E-004	11	..........a	-327.68
	2579	2580	-1.70536E+000	-2.00197E-001	-2.23282E+000	-2.00025E+000	3.15111E-004	11	..........a	-327.68
	2580	2581	-1.70536E+000	-2.00197E-001	-2.23805E+000	-2.00025E+000	3.06094E-004	11	..........a	-327.68
	2581	2582	-1.70616E+000	-2.00197E-001	-2.23504E+000	-2.00025E+000	2.97811E-004	11	..........a	-327.68
	2582	2583	-1.70456E+000	-2.00198E-001	-2.24155E+000	-2.00025E+000	2.93644E-004	11	..........a	-327.68
	2583	2584	-1.70536E+000	-2.00197E-001	-2.24254E+000	-2.00025E+000	2.92828E-004	11	..........a	-327.68
	2584	2585	-1.70696E+000	-2.00197E-001	-2.24663E+000	-2.00025E+000	3.01378E-004	11	..........a	-327.68
	2585	2586	-1.70536E+000	-2.00197E-001	-2.25351E+000	-2.00025E+000	2.93511E-004	11	..........a	-327.68
	2586	2587	-1.70376E+000	-2.00197E-001	-2.26066E+000	-2.00025E+000	3.01644E-004	11	..........a	-327.68
	2587	2588	-1.70336E+000	-2.00197E-001	-2.26358E+000	-2.00025E+000	2.94394E-004	11	..........a	-327.68
	2588	2589	-1.70536E+000	-2.00197E-001	-2.26245E+000	-2.00025E+000	3.02294E-004	11	..........a	-327.68
	2589	2590	-1.70696E+000	-2.00197E-001	-2.26468E+000	-2.00025E+000	3.00361E-004	11	..........a	-327.68
	2590	2591	-1.70376E+000	-2.00197E-001	-2.26685E+000	-2.00025E+000	3.01411E-004	11	..........a	-327.68
	2591	2592	-1.70576E+000	-2.00197E-001	-2.26739E+000	-2.00025E+000	2.97311E-004	11	..........a	-327.68
	2592	2593	-1.70416E+000	-2.00197E-001	-2.26768E+000	-2.00025E+000	2.91861E-004	11	..........a	-327.68
	2593	2594	-1.70376E+000	-2.00197E-001	-2.26591E+000	-2.00025E+000	2.95078E-004	11	..........a	-327.68
	2594	2595	-1.70776E+000	-2.00197E-001	-2.12097E+000	-2.00025E+000	2.93128E-004	11	..........a	-327.68
	2595	2596	-1.70536E+000	-2.00198E-001	-2.11907E+000	-2.00025E+000	2.91061E-004	11	..........a	-327.68
	2596	2597	-1.70616E+000	-2.00197E-001	-2.12685E+000	-2.00025E+000	2.92561E-004	11	..........a	-327.68
	2597	2598	-1.70536E+000	-2.00197E-001	-2.12815E+000	-2.00025E+000	2.87828E-004	11	..........a	-327.68
	2598	2599	-1.70536E+000	-2.00197E-001	-2.13491E+000	-2.00025E+000	2.93194E-004	11	..........a	-327.68
	2599	2600	-1.70296E+000	-2.00197E-001	-2.14120E+000	-2.00025E+000	2.97094E-004	11	..........a	-327.68
	2600	2601	-1.70696E+000	-2.00197E-001	-2.14123E+000	-2.00025E+000	2.91894E-004	11	..........a	-327.68
	2601	2602	-1.70696E+000	-2.00196E-001	-2.14849E+000	-2.00025E+000	2.94994E-004	11	..........a	-327.68
	2602	2603	-1.70616E+000	-2.00197E-001	-2.15063E+000	-2.00025E+000	3.05344E-004	11	..........a	-327.68
	2603	2604	-1.70576E+000	-2.00197E-001	-2.15985E+000	-2.00025E+000	3.07561E-004	11	..........a	-327.68
	2604	2605	-1.70536E+000	-2.00197E-001	-2.16438E+000	-2.00025E+000	3.08994E-004	11	..........a	-327.68
	2605	2606	-1.70536E+000	-2.00197E-001	-2.17140E+000	-2.00025E+000	3.06394E-004	11	..........a	-327.68
	2606	2607	-1.70536E+000	-2.00197E-001	-2.17784E+000	-2.00025E+000	3.10644E-004	11	..........a	-327.68
	2607	2608	-1.70496E+000	-2.00197E-001	-2.18149E+000	-2.00025E+000	3.04028E-004	11	..........a	-327.68
	2608	2609	-1.70536E+000	-2.00196E-001	-2.19155E+000	-2.00025E+000	3.14828E-004	11	..........a	-327.68
	2609	2610	-1.70456E+000	-2.00197E-001	-2.19256E+000	-2.00025E+000	3.06811E-004	11	..........a	-327.68
	2610	2611	-1.70536E+000	-2.00197E-001	-2.19723E+000	-2.00025E+000	3.00694E-004	11	..........a	-327.68
	2611	2612	-1.70536E+000	-2.00197E-001	-2.20187E+000	-2.00025E+000	3.01211E-004	11	..........a	-327.68
	2612	2613	-1.70536E+000	-2.00197E-001	-2.20487E+000	-2.00025E+000	3.05078E-004	11	..........a	-327.68
	2613	2614	-1.70696E+000	-2.00197E-001	-2.20504E+000	-2.00025E+000	3.02644E-004	11	..........a	-327.68
	2614	2615	-1.70616E+000	-2.00197E-001	-2.20506E+000	-2.00025E+000	3.05328E-004	11	..........a	-327.68
	2615	2616	-1.70616E+000	-2.00197E-001	-2.21219E+000	-2.00025E+000	2.98544E-004	11	..........a	-327.68
	2616	2617	-1.70536E+000	-2.00197E-001	-2.21513E+000	-2.00025E+000	2.98728E-004	11	..........a	-327.68
	2617	2618	-1.70656E+000	-2.00197E-001	-2.22511E+000	-2.00025E+000	2.94694E-004	11	..........a	-327.68
	2618	2619	-1.70536E+000	-2.00197E-001	-2.22679E+000	-2.00025E+000	3.00928E-004	11	..........a	-327.68
	2619	2620	-1.70376E+000	-2.00196E-001	-2.23065E+000	-2.00025E+000	3.04244E-004	11	..........a	-327.68
	2620	2621	-1.70056E+000	-2.00196E-001	-2.23427E+000	-2.00025E+000	2.93194E-004	11	..........a	-327.68
	2621	2622	-1.70536E+000	-2.00197E-001	-2.23362E+000	-2.00025E+000	2.91678E-004	11	..........a	-327.68
	2622	2623	-1.70456E+000	-2.00197E-001	-2.23839E+000	-2.00025E+000	3.05044E-004	11	..........a	-327.68
	2623	2624	-1.70696E+000	-2.00196E-001	-2.23614E+000	-2.00025E+000	2.99378E-004	11	..........a	-327.68
	2624	2625	-1.70736E+000	-2.00197E-001	-2.24170E+000	-2.00025E+000	2.92561E-004	11	..........a	-327.68
	2625	2626	-1.70536E+000	-2.00197E-001	-2.24233E+000	-2.00025E+000	2.95444E-004	11	..........a	-327.68
	2626	2627	-1.70536E+000	-2.00197E-001	-2.17586E+000	-2.00025E+000	2.97678E-004	11	..........a	-327.68
	2627	2628	-1.70456E+000	-2.00197E-001	-2.12984E+000	-2.00025E+000	3.02861E-004	11	..........a	-327.68
	2628	2629	-1.70536E+000	-2.00197E-001	-2.13059E+000	-2.00025E+000	2.95911E-004	11	..........a	-327.68
	2629	2630	-1.70856E+000	-2.00197E-001	-2.13069E+000	-2.00025E+000	3.00611E-004	11	..........a	-327.68
	2630	2631	-1.70376E+000	-2.00197E-001	-2.13947E+000	-2.00025E+000	2.89728E-004	11	..........a	-327.68
	2631	2632	-1.70456E+000	-2.00197E-001	-2.14736E+000	-2.00025E+000	3.01344E-004	11	..........a	-327.68
	2632	2633	-1.70456E+000	-2.00197E-001	-2.15059E+000	-2.00025E+000	3.10528E-004	11	..........a	-327.68
	2633	2634	-1.70376E+000	-2.00196E-001	-2.16104E+000	-2.00025E+000	3.02161E-004	11	..........a	-327.68
	2634	2635	-1.70536E+000	-2.00196E-001	-2.16430E+000	-2.00025E+000	3.06628E-004	11	..........a	-327.68
	2635	2636	-1.70256E+000	-2.00197E-001	-2.17486E+000	-2.00025E+000	3.03444E-004	11	..........a	-327.68
	2636	2637	-1.70656E+000	-2.00197E-001	-2.17857E+000	-2.00025E+000	3.03194E-004	11	..........a	-327.68
	2637	2638	-1.70616E+000	-2.00197E-001	-2.18000E+000	-2.00025E+000	2.99061E-004	11	..........a	-327.68
	2638	2639	-1.70536E+000	-2.00197E-001	-2.18693E+000	-2.00025E+000	2.88611E-004	11	..........a	-327.68
	2639	2640	-1.70656E+000	-2.00197E-001	-2.18620E+000	-2.00025E+000	3.10328E-004	11	..........a	-327.68
	2640	2641	-1.70616E+000	-2.00197E-001	-2.19366E+000	-2.00025E+000	2.99778E-004	11	..........a	-327.68
	2641	2642	-1.70536E+000	-2.00196E-001	-2.19648E+000	-2.00025E+000	3.00144E-004	11	..........a	-327.68
	2642	2643	-1.70616E+000	-2.00197E-001	-2.20200E+000	-2.00025E+000	3.06994E-004	11	..........a	-327.68
	2643	2644	-1.70536E+000	-2.00197E-001	-2.20635E+000	-2.00025E+000	2.92744E-004	11	..........a	-327.68
	2644	2645	-1.70376E+000	-2.00197E-001	-2.20693E+000	-2.00025E+000	3.00611E-004	11	..........a	-327.68
	2645	2646	-1.70456E+000	-2.00197E-001	-2.21100E+000	-2.00025E+000	3.04911E-004	11	..........a	-327.68
	2646	2647	-1.70616E+000	-2.00197E-001	-2.21484E+000	-2.00025E+000	2.45394E-004	11	..........a	-327.68
	2647	2648	-1.70576E+000	-2.00197E-001	-2.22074E+000	-2.00025E+000	2.47678E-004	11	..........a	-327.68
	2648	2649	-1.70536E+000	-2.00196E-001	-2.22562E+000	-2.00025E+000	2.50928E-004	11	..........a	-327.68
	2649	2650	-1.70456E+000	-2.00196E-001	-2.22767E+000	-2.00025E+000	2.49094E-004	11	..........a	-327.68
	2650	2651	-1.70376E+000	-2.00196E-001	-2.23065E+000	-2.00025E+000	2.52811E-004	11	..........a	-327.68
	2651	2652	-1.70616E+000	-2.00196E-001	-2.23410E+000	-2.00025E+000	2.50761E-004	11	..........a	-327.68
	2652	2653	-1.70656E+000	-2.00196E-001	-2.23598E+000	-2.00025E+000	2.51561E-004	11	..........a	-327.68
	2653	2654	-1.70536E+000	-2.00196E-001	-2.23585E+000	-2.00025E+000	2.45328E-004	11	..........a	-327.68
	2654	2655	-1.70576E+000	-2.00196E-001	-2.24030E+000	-2.00025E+000	2.47294E-004	11	..........a	-327.68
	2655	2656	-1.70416E+000	-2.00196E-001	-2.24584E+000	-2.00025E+000	2.48394E-004	11	..........a	-327.68
	2656	2657	-1.70496E+000	-2.00196E-001	-2.24954E+000	-2.00025E+000	2.44778E-004	11	..........a	-327.68
	2657	2658	-1.70456E+000	-2.00196E-001	-2.25070E+000	-2.00025E+000	2.53211E-004	11	..........a	-327.68
	2658	2659	-1.70456E+000	-2.00197E-001	-2.25564E+000	-2.00025E+000	2.57628E-004	11	..........a	-327.68
	2659	2660	-1.70376E+000	-2.00196E-001	-2.25561E+000	-2.00025E+000	2.52844E-004	11	..........a	-327.68
	2660	2661	-1.70296E+000	-2.00197E-001	-2.25561E+000	-2.00025E+000	2.40961E-004	11	..........a	-327.68
	2661	2662	-1.70016E+000	-2.00196E-001	-2.25953E+000	-2.00025E+000	2.53928E-004	11	..........a	-327.68
	2662	2663	-1.70456E+000	-2.00196E-001	-2.12087E+000	-2.00025E+000	2.57944E-004	11	..........a	-327.68
	2663	2664	-1.70296E+000	-2.00196E-001	-2.12613E+000	-2.00025E+000	2.45361E-004	11	..........a	-327.68
	2664	2665	-1.70416E+000	-2.00196E-001	-2.12829E+000	-2.00025E+000	2.60011E-004	11	..........a	-327.68
	2665	2666	-1.70536E+000	-2.00196E-001	-2.13498E+000	-2.00025E+000	2.43528E-004	11	..........a	-327.68
	2666	2667	-1.70536E+000	-2.00196E-001	-2.13678E+000	-2.00025E+000	2.46644E-004	11	..........a	-327.68
	2667	2668	-1.70536E+000	-2.00196E-001	-2.14639E+000	-2.00025E+000	2.46961E-004	11	..........a	-327.68
	2668	2669	-1.70456E+000	-2.00197E-001	-2.15398E+000	-2.00025E+000	2.48628E-004	11	..........a	-327.68
	2669	2670	-1.70456E+000	-2.00196E-001	-2.15448E+000	-2.00025E+000	2.47794E-004	11	..........a	-327.68
	2670	2671	-1.70616E+000	-2.00196E-001	-2.15753E+000	-2.00025E+000	2.54328E-004	11	..........a	-327.68
	2671	2672	-1.70576E+000	-2.00196E-001	-2.15899E+000	-2.00025E+000	2.56044E-004	11	..........a	-327.68
	2672	2673	-1.70536E+000	-2.00197E-001	-2.16863E+000	-2.00025E+000	2.46578E-004	11	..........a	-327.68
	2673	2674	-1.70456E+000	-2.00196E-001	-2.17346E+000	-2.00025E+000	2.51194E-004	11	..........a	-327.68
	2674	2675	-1.70576E+000	-2.00196E-001	-2.17616E+000	-2.00025E+000	2.53161E-004	11	..........a	-327.68
	2675	2676	-1.70456E+000	-2.00197E-001	-2.18257E+000	-2.00025E+000	2.53611E-004	11	..........a	-327.68
	2676	2677	-1.70656E+000	-2.00196E-001	-2.18333E+000	-2.00025E+000	2.50961E-004	11	..........a	-327.68
	2677	2678	-1.70536E+000	-2.00196E-001	-2.19470E+000	-2.00025E+000	2.47511E-004	11	..........a	-327.68
	2678	2679	-1.70616E+000	-2.00196E-001	-2.19685E+000	-2.00025E+000	2.49711E-004	11	..........a	-327.68
	2679	2680	-1.70536E+000	-2.00196E-001	-2.20644E+000	-2.00025E+000	2.47494E-004	11	..........a	-327.68
	2680	2681	-1.70376E+000	-2.00196E-001	-2.21625E+000	-2.00025E+000	2.51411E-004	11	..........a	-327.68
	2681	2682	-1.70536E+000	-2.00196E-001	-2.21887E+000	-2.00025E+000	2.45878E-004	11	..........a	-327.68
	2682	2683	-1.70376E+000	-2.00196E-001	-2.22444E+000	-2.00025E+000	2.49378E-004	11	..........a	-327.68
	2683	2684	-1.70456E+000	-2.00196E-001	-2.22642E+000	-2.00025E+000	2.42511E-004	11	..........a	-327.68
	2684	2685	-1.70536E+000	-2.00196E-001	-2.23230E+000	-2.00025E+000	2.53028E-004	11	..........a	-327.68
	2685	2686	-1.70696E+000	-2.00196E-001	-2.23433E+000	-2.00025E+000	2.52911E-004	11	..........a	-327.68
	2686	2687	-1.70536E+000	-2.00196E-001	-2.24016E+000	-2.00025E+000	2.56761E-004	11	..........a	-327.68
	2687	2688	-1.70376E+000	-2.00196E-001	-2.23829E+000	-2.00025E+000	2.54961E-004	11	..........a	-327.68
	2688	2689	-1.70536E+000	-2.00196E-001	-2.24268E+000	-2.00025E+000	2.62178E-004	11	..........a	-327.68
	2689	2690	-1.69976E+000	-2.00196E-001	-2.24825E+000	-2.00025E+000	2.58378E-004	11	..........a	-327.68
	2690	2691	-1.70456E+000	-2.00196E-001	-2.24948E+000	-2.00025E+000	2.64361E-004	11	..........a	-327.68
	2691	2692	-1.70456E+000	-2.00196E-001	-2.25214E+000	-2.00025E+000	2.57028E-004	11	..........a	-327.68
	2692	2693	-1.70536E+000	-2.00196E-001	-2.25305E+000	-2.00025E+000	2.55411E-004	11	..........a	-327.68
	2693	2694	-1.70376E+000	-2.00196E-001	-2.25940E+000	-2.00025E+000	2.52078E-004	11	..........a	-327.68
	2694	2695	-1.70496E+000	-2.00197E-001	-2.25741E+000	-2.00025E+000	2.48244E-004	11	..........a	-327.68
	2695	2696	-1.70536E+000	-2.00196E-001	-2.25883E+000	-2.00025E+000	2.49194E-004	11	..........a	-327.68
	2696	2697	-1.70456E+000	-2.00196E-001	-2.26271E+000	-2.00025E+000	2.47294E-004	11	..........a	-327.68
	2697	2698	-1.70456E+000	-2.00197E-001	-2.26330E+000	-2.00025E+000	2.46911E-004	11	..........a	-327.68
	2698	2699	-1.70136E+000	-2.00196E-001	-2.10950E+000	-2.00025E+000	2.50411E-004	11	..........a	-327.68
	2699	2700	-1.70296E+000	-2.00196E-001	-2.10640E+000	-2.00025E+000	2.48678E-004	11	..........a	-327.68
	2700	2701	-1.70456E+000	-2.00196E-001	-2.11407E+000	-2.00025E+000	2.50561E-004	11	..........a	-327.68
	2701	2702	-1.70536E+000	-2.00197E-001	-2.11723E+000	-2.00025E+000	2.42611E-004	11	..........a	-327.68
	2702	2703	-1.70216E+000	-2.00197E-001	-2.13369E+000	-2.00025E+000	2.49528E-004	11	..........a	-327.68
	2703	2704	-1.70536E+000	-2.00197E-001	-2.13003E+000	-2.00025E+000	2.48478E-004	11	..........a	-327.68
	2704	2705	-1.70536E+000	-2.00196E-001	-2.13569E+000	-2.00025E+000	2.59978E-004	11	..........a	-327.68
	2705	2706	-1.70296E+000	-2.00196E-001	-2.14418E+000	-2.00025E+000	2.45811E-004	11	..........a	-327.68
	2706	2707	-1.70536E+000	-2.00196E-001	-2.14546E+000	-2.00025E+000	2.51044E-004	11	..........a	-327.68
	2707	2708	-1.70536E+000	-2.00197E-001	-2.15424E+000	-2.00025E+000	2.49778E-004	11	..........a	-327.68
	2708	2709	-1.70376E+000	-2.00196E-001	-2.15849E+000	-2.00025E+000	2.50611E-004	11	..........a	-327.68
	2709	2710	-1.70576E+000	-2.00196E-001	-2.16165E+000	-2.00025E+000	2.48678E-004	11	..........a	-327.68
	2710	2711	-1.70296E+000	-2.00196E-001	-2.17016E+000	-2.00025E+000	2.50878E-004	11	..........a	-327.68
	2711	2712	-1.70416E+000	-2.00196E-001	-2.17432E+000	-2.00025E+000	2.53894E-004	11	..........a	-327.68
	2712	2713	-1.70376E+000	-2.00196E-001	-2.17623E+000	-2.00025E+000	2.52211E-004	11	..........a	-327.68
	2713	2714	-1.70376E+000	-2.00196E-001	-2.17603E+000	-2.00025E+000	9.10611E-005	11	..........a	-327.68
	2714	2715	-1.70376E+000	-2.00196E-001	-2.18289E+000	-2.00025E+000	9.77277E-005	11	..........a	-327.68
	2715	2716	-1.70056E+000	-2.00196E-001	-2.19185E+000	-2.00025E+000	9.51277E-005	11	..........a	-327.68
	2716	2717	-1.70456E+000	-2.00196E-001	-2.19480E+000	-2.00025E+000	9.76611E-005	11	..........a	-327.68
	2717	2718	-1.70616E+000	-2.00196E-001	-2.19736E+000	-2.00025E+000	9.55611E-005	11	..........a	-327.68
	2718	2719	-1.70536E+000	-2.00196E-001	-2.20180E+000	-2.00025E+000	9.91111E-005	11	..........a	-327.68
	2719	2720	-1.70456E+000	-2.00196E-001	-2.20961E+000	-2.00025E+000	9.58944E-005	11	..........a	-327.68
	2720	2721	-1.70376E+000	-2.00196E-001	-2.21123E+000	-2.00025E+000	9.70777E-005	11	..........a	-327.68
	2721	2722	-1.70456E+000	-2.00197E-001	-2.21874E+000	-2.00025E+000	9.86611E-005	11	..........a	-327.68
	2722	2723	-1.70536E+000	-2.00196E-001	-2.21871E+000	-2.00025E+000	9.74277E-005	11	..........a	-327.68
	2723	2724	-1.70536E+000	-2.00196E-001	-2.22462E+000	-2.00025E+000	9.50944E-005	11	..........a	-327.68
	2724	2725	-1.70456E+000	-2.00196E-001	-2.22948E+000	-2.00025E+000	9.53777E-005	11	..........a	-327.68
	2725	2726	-1.70456E+000	-2.00195E-001	-2.23130E+000	-2.00025E+000	9.87777E-005	11	..........a	-327.68
	2726	2727	-1.70376E+000	-2.00196E-001	-2.23888E+000	-2.00025E+000	9.31277E-005	11	..........a	-327.68
	2727	2728	-1.70416E+000	-2.00196E-001	-2.24148E+000	-2.00025E+000	9.49277E-005	11	..........a	-327.68
	2728	2729	-1.70216E+000	-2.00196E-001	-2.24945E+000	-2.00025E+000	9.41777E-005	11	..........a	-327.68
	2729	2730	-1.70536E+000	-2.00196E-001	-2.24875E+000	-2.00025E+000	9.79777E-005	11	..........a	-327.68
	2730	2731	-1.70376E+000	-2.00196E-001	-2.25661E+000	-2.00025E+000	1.03644E-004	11	..........a	-327.68
	2731	2732	-1.70456E+000	-2.00196E-001	-2.26179E+000	-2.00025E+000	9.76444E-005	11	..........a	-327.68
	2732	2733	-1.70576E+000	-2.00196E-001	-2.26528E+000	-2.00025E+000	9.79944E-005	11	..........a	-327.68
	2733	2734	-1.70376E+000	-2.00196E-001	-2.26963E+000	-2.00025E+000	9.81777E-005	11	..........a	-327.68
	2734	2735	-1.70536E+000	-2.00196E-001	-2.27188E+000	-2.00025E+000	9.92111E-005	11	..........a	-327.68
	2735	2736	-1.70416E+000	-2.00196E-001	-2.27712E+000	-2.00025E+000	9.62277E-005	11	..........a	-327.68
	2736	2737	-1.70296E+000	-2.00196E-001	-2.28020E+000	-2.00025E+000	9.55611E-005	11	..........a	-327.68
	2737	2738	-1.70296E+000	-2.00196E-001	-2.28431E+000	-2.00025E+000	8.98444E-005	11	..........a	-327.68
	2738	2739	-1.70256E+000	-2.00196E-001	-2.28878E+000	-2.00025E+000	9.20944E-005	11	..........a	-327.68
	2739	2740	-1.70256E+000	-2.00196E-001	-2.29056E+000	-2.00025E+000	9.92777E-005	11	..........a	-327.68
	2740	2741	-1.70456E+000	-2.00196E-001	-2.29047E+000	-2.00025E+000	9.13944E-005	11	..........a	-327.68
	2741	2742	-1.70576E+000	-2.00196E-001	-2.28980E+000	-2.00025E+000	9.77777E-005	11	..........a	-327.68
	2742	2743	-1.70416E+000	-2.00196E-001	-2.28114E+000	-2.00025E+000	9.81110E-005	11	..........a	-327.68
	2743	2744	-1.70016E+000	-2.00196E-001	-2.11345E+000	-2.00025E+000	9.25444E-005	11	..........a	-327.68
	2744	2745	-1.70176E+000	-2.00196E-001	-2.11215E+000	-2.00025E+000	9.20611E-005	11	..........a	-327.68
	2745	2746	-1.70416E+000	-2.00196E-001	-2.11254E+000	-2.00025E+000	9.46277E-005	11	..........a	-327.68
	2746	2747	-1.70416E+000	-2.00196E-001	-2.12123E+000	-2.00025E+000	8.97777E-005	11	..........a	-327.68
	2747	2748	-1.70416E+000	-2.00196E-001	-2.12250E+000	-2.00025E+000	9.68111E-005	11	..........a	-327.68
	2748	2749	-1.70576E+000	-2.00196E-001	-2.12723E+000	-2.00025E+000	9.94277E-005	11	..........a	-327.68
	2749	2750	-1.70296E+000	-2.00196E-001	-2.13761E+000	-2.00025E+000	9.64277E-005	11	..........a	-327.68
	2750	2751	-1.70576E+000	-2.00196E-001	-2.13825E+000	-2.00025E+000	9.39944E-005	11	..........a	-327.68
	2751	2752	-1.70536E+000	-2.00197E-001	-2.13812E+000	-2.00025E+000	1.01044E-004	11	..........a	-327.68
	2752	2753	-1.70576E+000	-2.00196E-001	-2.14638E+000	-2.00025E+000	9.87444E-005	11	..........a	-327.68
	2753	2754	-1.70456E+000	-2.00196E-001	-2.15458E+000	-2.00025E+000	1.02728E-004	11	..........a	-327.68
	2754	2755	-1.70376E+000	-2.00196E-001	-2.15847E+000	-2.00025E+000	2.86978E-004	11	..........a	-327.68
	2755	2756	-1.70416E+000	-2.00197E-001	-2.16699E+000	-2.00025E+000	2.91078E-004	11	..........a	-327.68
	2756	2757	-1.70376E+000	-2.00196E-001	-2.16987E+000	-2.00025E+000	2.86278E-004	11	..........a	-327.68
	2757	2758	-1.70456E+000	-2.00196E-001	-2.17445E+000	-2.00025E+000	2.83378E-004	11	..........a	-327.68
	2758	2759	-1.70456E+000	-2.00196E-001	-2.17686E+000	-2.00025E+000	2.86444E-004	11	..........a	-327.68
	2759	2760	-1.70376E+000	-2.00196E-001	-2.18588E+000	-2.00025E+000	2.82594E-004	11	..........a	-327.68
	2760	2761	-1.70456E+000	-2.00196E-001	-2.18566E+000	-2.00025E+000	2.78994E-004	11	..........a	-327.68
	2761	2762	-1.70216E+000	-2.00196E-001	-2.19533E+000	-2.00025E+000	2.78761E-004	11	..........a	-327.68
	2762	2763	-1.70456E+000	-2.00196E-001	-2.19703E+000	-2.00025E+000	2.85744E-004	11	..........a	-327.68
	2763	2764	-1.70616E+000	-2.00196E-001	-2.20120E+000	-2.00025E+000	2.83294E-004	11	..........a	-327.68
	2764	2765	-1.70456E+000	-2.00196E-001	-2.20845E+000	-2.00025E+000	2.85378E-004	11	..........a	-327.68
	2765	2766	-1.70376E+000	-2.00196E-001	-2.21268E+000	-2.00025E+000	2.82478E-004	11	..........a	-327.68
	2766	2767	-1.70456E+000	-2.00196E-001	-2.21600E+000	-2.00025E+000	2.96028E-004	11	..........a	-327.68
	2767	2768	-1.70456E+000	-2.00196E-001	-2.21792E+000	-2.00025E+000	2.83961E-004	11	..........a	-327.68
	2768	2769	-1.70296E+000	-2.00197E-001	-2.22588E+000	-2.00025E+000	2.83478E-004	11	..........a	-327.68
	2769	2770	-1.70176E+000	-2.00196E-001	-2.23011E+000	-2.00025E+000	2.86661E-004	11	..........a	-327.68
	2770	2771	-1.70576E+000	-2.00196E-001	-2.23584E+000	-2.00025E+000	2.84294E-004	11	..........a	-327.68
	2771	2772	-1.70496E+000	-2.00196E-001	-2.23875E+000	-2.00025E+000	2.82144E-004	11	..........a	-327.68
	2772	2773	-1.70616E+000	-2.00196E-001	-2.24301E+000	-2.00025E+000	2.80594E-004	11	..........a	-327.68
	2773	2774	-1.70536E+000	-2.00196E-001	-2.24420E+000	-2.00025E+000	2.84994E-004	11	..........a	-327.68
	2774	2775	-1.70296E+000	-2.00196E-001	-2.25432E+000	-2.00025E+000	2.78144E-004	11	..........a	-327.68
	2775	2776	-1.70576E+000	-2.00196E-001	-2.25148E+000	-2.00025E+000	2.75661E-004	11	..........a	-327.68
	2776	2777	-1.70496E+000	-2.00196E-001	-2.25827E+000	-2.00025E+000	2.79194E-004	11	..........a	-327.68
	2777	2778	-1.70496E+000	-2.00196E-001	-2.25776E+000	-2.00025E+000	2.69611E-004	11	..........a	-327.68
	2778	2779	-1.70576E+000	-2.00196E-001	-2.26177E+000	-2.00025E+000	2.72711E-004	11	..........a	-327.68
	2779	2780	-1.70336E+000	-2.00196E-001	-2.26300E+000	-2.00025E+000	2.77644E-004	11	..........a	-327.68
	2780	2781	-1.70456E+000	-2.00196E-001	-2.26591E+000	-2.00025E+000	2.76094E-004	11	..........a	-327.68
	2781	2782	-1.70576E+000	-2.00196E-001	-2.26295E+000	-2.00025E+000	2.87461E-004	11	..........a	-327.68
	2782	2783	-1.70256E+000	-2.00197E-001	-2.13135E+000	-2.00025E+000	2.85411E-004	11	..........a	-327.68
	2783	2784	-1.70256E+000	-2.00196E-001	-2.11411E+000	-2.00025E+000	2.82761E-004	11	..........a	-327.68
	2784	2785	-1.70296E+000	-2.00196E-001	-2.11765E+000	-2.00025E+000	2.82861E-004	11	..........a	-327.68
	2785	2786	-1.70456E+000	-2.00196E-001	-2.12340E+000	-2.00025E+000	2.85678E-004	11	..........a	-327.68
	2786	2787	-1.70416E+000	-2.00196E-001	-2.12891E+000	-2.00025E+000	2.85578E-004	11	..........a	-327.68
	2787	2788	-1.70376E+000	-2.00196E-001	-2.13846E+000	-2.00025E+000	2.82228E-004	11	..........a	-327.68
	2788	2789	-1.70416E+000	-2.00196E-001	-2.14164E+000	-2.00025E+000	2.76678E-004	11	..........a	-327.68
	2789	2790	-1.70536E+000	-2.00196E-001	-2.15080E+000	-2.00025E+000	2.86361E-004	11	..........a	-327.68
	2790	2791	-1.70376E+000	-2.00196E-001	-2.15289E+000	-2.00025E+000	2.75311E-004	11	..........a	-327.68
	2791	2792	-1.70616E+000	-2.00196E-001	-2.16042E+000	-2.00025E+000	2.82178E-004	11	..........a	-327.68
	2792	2793	-1.70296E+000	-2.00197E-001	-2.15945E+000	-2.00025E+000	2.85794E-004	11	..........a	-327.68
	2793	2794	-1.70256E+000	-2.00197E-001	-2.16847E+000	-2.00025E+000	3.06394E-004	11	..........a	-327.68
	2794	2795	-1.70096E+000	-2.00197E-001	-2.17111E+000	-2.00025E+000	3.00928E-004	11	..........a	-327.68
	2795	2796	-1.70256E+000	-2.00196E-001	-2.17008E+000	-2.00025E+000	2.93594E-004	11	..........a	-327.68
	2796	2797	-1.70336E+000	-2.00196E-001	-2.17405E+000	-2.00025E+000	2.92111E-004	11	..........a	-327.68
	2797	2798	-1.70136E+000	-2.00196E-001	-2.17661E+000	-2.00025E+000	2.95828E-004	11	..........a	-327.68
	2798	2799	-1.70536E+000	-2.00196E-001	-2.17782E+000	-2.00025E+000	2.95711E-004	11	..........a	-327.68
	2799	2800	-1.70696E+000	-2.00196E-001	-2.18265E+000	-2.00025E+000	2.96294E-004	11	..........a	-327.68
	2800	2801	-1.70056E+000	-2.00197E-001	-2.18953E+000	-2.00025E+000	3.06494E-004	11	..........a	-327.68
	2801	2802	-1.70416E+000	-2.00197E-001	-2.18560E+000	-2.00025E+000	3.03811E-004	11	..........a	-327.68
	2802	2803	-1.70616E+000	-2.00197E-001	-2.18981E+000	-2.00025E+000	3.03344E-004	11	..........a	-327.68
	2803	2804	-1.70456E+000	-2.00196E-001	-2.19218E+000	-2.00025E+000	3.04178E-004	11	..........a	-327.68
	2804	2805	-1.70576E+000	-2.00196E-001	-2.19678E+000	-2.00025E+000	3.00211E-004	11	..........a	-327.68
	2805	2806	-1.70616E+000	-2.00197E-001	-2.20040E+000	-2.00025E+000	3.00394E-004	11	..........a	-327.68
	2806	2807	-1.70736E+000	-2.00197E-001	-2.20513E+000	-2.00025E+000	3.05578E-004	11	..........a	-327.68
	2807	2808	-1.70456E+000	-2.00196E-001	-2.20942E+000	-2.00025E+000	3.06211E-004	11	..........a	-327.68
	2808	2809	-1.70096E+000	-2.00196E-001	-2.21995E+000	-2.00025E+000	3.03478E-004	11	..........a	-327.68
	2809	2810	-1.70736E+000	-2.00196E-001	-2.21740E+000	-2.00025E+000	3.10928E-004	11	..........a	-327.68
	2810	2811	-1.70136E+000	-2.00196E-001	-2.22684E+000	-2.00025E+000	2.98528E-004	11	..........a	-327.68
	2811	2812	-1.70336E+000	-2.00196E-001	-2.23842E+000	-2.00025E+000	3.11111E-004	11	..........a	-327.68
	2812	2813	-1.70576E+000	-2.00196E-001	-2.23587E+000	-2.00025E+000	3.07128E-004	11	..........a	-327.68
	2813	2814	-1.70576E+000	-2.00196E-001	-2.23956E+000	-2.00025E+000	3.03961E-004	11	..........a	-327.68
	2814	2815	-1.70176E+000	-2.00196E-001	-2.24311E+000	-2.00025E+000	3.03944E-004	11	..........a	-327.68
	2815	2816	-1.70496E+000	-2.00196E-001	-2.24260E+000	-2.00025E+000	3.02494E-004	11	..........a	-327.68
	2816	2817	-1.70136E+000	-2.00197E-001	-2.24518E+000	-2.00025E+000	3.08744E-004	11	..........a	-327.68
	2817	2818	-1.70496E+000	-2.00196E-001	-2.24340E+000	-2.00025E+000	3.09294E-004	11	..........a	-327.68
	2818	2819	-1.70536E+000	-2.00196E-001	-2.09671E+000	-2.00025E+000	3.08378E-004	11	..........a	-327.68
	2819	2820	-1.70176E+000	-2.00196E-001	-2.09810E+000	-2.00025E+000	3.09478E-004	11	..........a	-327.68
	2820	2821	-1.70416E+000	-2.00196E-001	-2.10255E+000	-2.00025E+000	3.02878E-004	11	..........a	-327.68
	2821	2822	-1.70696E+000	-2.00196E-001	-2.10302E+000	-2.00025E+000	3.09094E-004	11	..........a	-327.68
	2822	2823	-1.70456E+000	-2.00196E-001	-2.11279E+000	-2.00025E+000	2.99311E-004	11	..........a	-327.68
	2823	2824	-1.69816E+000	-2.00196E-001	-2.11882E+000	-2.00025E+000	3.08911E-004	11	..........a	-327.68
	2824	2825	-1.70176E+000	-2.00196E-001	-2.12598E+000	-2.00025E+000	3.04161E-004	11	..........a	-327.68
	2825	2826	-1.70416E+000	-2.00196E-001	-2.12687E+000	-2.00025E+000	3.05728E-004	11	..........a	-327.68
	2826	2827	-1.70416E+000	-2.00196E-001	-2.13316E+000	-2.00025E+000	3.04161E-004	11	..........a	-327.68
	2827	2828	-1.70256E+000	-2.00196E-001	-2.13592E+000	-2.00025E+000	3.04894E-004	11	..........a	-327.68
	2828	2829	-1.70896E+000	-2.00196E-001	-2.13454E+000	-2.00025E+000	3.03228E-004	11	..........a	-327.68
	2829	2830	-1.70176E+000	-2.00196E-001	-2.14796E+000	-2.00025E+000	2.99078E-004	11	..........a	-327.68
	2830	2831	-1.70576E+000	-2.00197E-001	-2.14584E+000	-2.00025E+000	3.08128E-004	11	..........a	-327.68
	2831	2832	-1.70576E+000	-2.00196E-001	-2.15335E+000	-2.00025E+000	3.03994E-004	11	..........a	-327.68
	2832	2833	-1.70336E+000	-2.00196E-001	-2.15977E+000	-2.00025E+000	2.98594E-004	11	..........a	-327.68
	2833	2834	-1.70456E+000	-2.00196E-001	-2.16298E+000	-2.00025E+000	2.96994E-004	11	..........a	-327.68
	2834	2835	-1.70136E+000	-2.00194E-001	-2.17237E+000	-2.00025E+000	2.78478E-004	11	..........a	-327.68
	2835	2836	-1.70456E+000	-2.00195E-001	-2.17329E+000	-2.00025E+000	2.75594E-004	11	..........a	-327.68
	2836	2837	-1.70376E+000	-2.00195E-001	-2.17486E+000	-2.00025E+000	2.73494E-004	11	..........a	-327.68
	2837	2838	-1.70496E+000	-2.00194E-001	-2.17718E+000	-2.00025E+000	2.66278E-004	11	..........a	-327.68
	2838	2839	-1.70376E+000	-2.00195E-001	-2.18283E+000	-2.00025E+000	2.70744E-004	11	..........a	-327.68
	2839	2840	-1.70456E+000	-2.00194E-001	-2.18632E+000	-2.00025E+000	2.72111E-004	11	..........a	-327.68
	2840	2841	-1.70616E+000	-2.00195E-001	-2.19178E+000	-2.00025E+000	2.68161E-004	11	..........a	-327.68
	2841	2842	-1.70576E+000	-2.00195E-001	-2.19282E+000	-2.00025E+000	2.61244E-004	11	..........a	-327.68
	2842	2843	-1.70296E+000	-2.00195E-001	-2.20530E+000	-2.00025E+000	2.70844E-004	11	..........a	-327.68
	2843	2844	-1.70456E+000	-2.00195E-001	-2.20379E+000	-2.00025E+000	2.61528E-004	11	..........a	-327.68
	2844	2845	-1.70336E+000	-2.00195E-001	-2.21016E+000	-2.00025E+000	2.63361E-004	11	..........a	-327.68
	2845	2846	-1.70536E+000	-2.00195E-001	-2.20868E+000	-2.00025E+000	2.63594E-004	11	..........a	-327.68
	2846	2847	-1.70416E+000	-2.00195E-001	-2.21376E+000	-2.00025E+000	2.63911E-004	11	..........a	-327.68
	2847	2848	-1.70296E+000	-2.00195E-001	-2.22309E+000	-2.00025E+000	2.64428E-004	11	..........a	-327.68
	2848	2849	-1.70496E+000	-2.00195E-001	-2.22218E+000	-2.00025E+000	2.66478E-004	11	..........a	-327.68
	2849	2850	-1.70416E+000	-2.00195E-001	-2.23007E+000	-2.00025E+000	2.70344E-004	11	..........a	-327.68
	2850	2851	-1.70376E+000	-2.00195E-001	-2.22880E+000	-2.00025E+000	2.66861E-004	11	..........a	-327.68
	2851	2852	-1.70416E+000	-2.00194E-001	-2.23227E+000	-2.00025E+000	2.74361E-004	11	..........a	-327.68
	2852	2853	-1.70496E+000	-2.00195E-001	-2.23187E+000	-2.00025E+000	2.69444E-004	11	..........a	-327.68
	2853	2854	-1.70416E+000	-2.00195E-001	-2.23305E+000	-2.00025E+000	2.71944E-004	11	..........a	-327.68
	2854	2855	-1.70416E+000	-2.00195E-001	-2.23869E+000	-2.00025E+000	2.67994E-004	11	..........a	-327.68
	2855	2856	-1.70256E+000	-2.00194E-001	-2.24076E+000	-2.00025E+000	2.76094E-004	11	..........a	-327.68
	2856	2857	-1.70256E+000	-2.00195E-001	-2.24184E+000	-2.00025E+000	2.70294E-004	11	..........a	-327.68
	2857	2858	-1.70216E+000	-2.00194E-001	-2.09255E+000	-2.00025E+000	2.64611E-004	11	..........a	-327.68
	2858	2859	-1.70176E+000	-2.00195E-001	-2.09379E+000	-2.00025E+000	2.68878E-004	11	..........a	-327.68
	2859	2860	-1.70256E+000	-2.00195E-001	-2.09687E+000	-2.00025E+000	2.71944E-004	11	..........a	-327.68
	2860	2861	-1.70416E+000	-2.00195E-001	-2.10158E+000	-2.00025E+000	2.76761E-004	11	..........a	-327.68
	2861	2862	-1.70256E+000	-2.00195E-001	-2.10874E+000	-2.00025E+000	2.72378E-004	11	..........a	-327.68
	2862	2863	-1.70136E+000	-2.00195E-001	-2.11550E+000	-2.00025E+000	2.76144E-004	11	..........a	-327.68
	2863	2864	-1.70416E+000	-2.00195E-001	-2.12066E+000	-2.00025E+000	2.75228E-004	11	..........a	-327.68
	2864	2865	-1.70136E+000	-2.00195E-001	-2.12680E+000	-2.00025E+000	2.78828E-004	11	..........a	-327.68
	2865	2866	-1.70376E+000	-2.00195E-001	-2.13109E+000	-2.00025E+000	2.77028E-004	11	..........a	-327.68
	2866	2867	-1.70056E+000	-2.00195E-001	-2.13859E+000	-2.00025E+000	2.83194E-004	11	..........a	-327.68
	2867	2868	-1.70336E+000	-2.00195E-001	-2.14330E+000	-2.00025E+000	2.90461E-004	11	..........a	-327.68
	2868	2869	-1.70256E+000	-2.00195E-001	-2.14959E+000	-2.00025E+000	2.83594E-004	11	..........a	-327.68
	2869	2870	-1.70336E+000	-2.00195E-001	-2.15416E+000	-2.00025E+000	2.78428E-004	11	..........a	-327.68
	2870	2871	-1.70256E+000	-2.00195E-001	-2.15949E+000	-2.00025E+000	2.78628E-004	11	..........a	-327.68
	2871	2872	-1.70296E+000	-2.00195E-001	-2.15920E+000	-2.00025E+000	2.81211E-004	11	..........a	-327.68
	2872	2873	-1.70256E+000	-2.00195E-001	-2.16579E+000	-2.00025E+000	2.75194E-004	11	..........a	-327.68
	2873	2874	-1.70576E+000	-2.00195E-001	-2.16566E+000	-2.00025E+000	2.73744E-004	11	..........a	-327.68
	2874	2875	-1.70376E+000	-2.00195E-001	-2.17335E+000	-2.00025E+000	2.77294E-004	11	..........a	-327.68
	2875	2876	-1.70296E+000	-2.00197E-001	-2.17552E+000	-2.00025E+000	3.92744E-004	11	..........a	-327.68
	2876	2877	-1.70216E+000	-2.00197E-001	-2.18144E+000	-2.00025E+000	3.92028E-004	11	..........a	-327.68
	2877	2878	-1.70136E+000	-2.00197E-001	-2.18778E+000	-2.00025E+000	3.96294E-004	11	..........a	-327.68
	2878	2879	-1.70376E+000	-2.00196E-001	-2.18817E+000	-2.00025E+000	3.93028E-004	11	..........a	-327.68
	2879	2880	-1.70456E+000	-2.00197E-001	-2.19325E+000	-2.00025E+000	3.88278E-004	11	..........a	-327.68
	2880	2881	-1.70216E+000	-2.00196E-001	-2.19554E+000	-2.00025E+000	3.88061E-004	11	..........a	-327.68
	2881	2882	-1.70256E+000	-2.00196E-001	-2.20004E+000	-2.00025E+000	3.86511E-004	11	..........a	-327.68
	2882	2883	-1.70296E+000	-2.00196E-001	-2.20048E+000	-2.00025E+000	3.96794E-004	11	..........a	-327.68
	2883	2884	-1.70256E+000	-2.00196E-001	-2.20832E+000	-2.00025E+000	3.94561E-004	11	..........a	-327.68
	2884	2885	-1.70216E+000	-2.00196E-001	-2.21465E+000	-2.00025E+000	4.01294E-004	11	..........a	-327.68
	2885	2886	-1.70376E+000	-2.00197E-001	-2.21788E+000	-2.00025E+000	4.00628E-004	11	..........a	-327.68
	2886	2887	-1.70256E+000	-2.00196E-001	-2.22781E+000	-2.00025E+000	3.92861E-004	11	..........a	-327.68
	2887	2888	-1.70296E+000	-2.00196E-001	-2.23064E+000	-2.00025E+000	4.02578E-004	11	..........a	-327.68
	2888	2889	-1.70256E+000	-2.00196E-001	-2.23834E+000	-2.00025E+000	4.05861E-004	11	..........a	-327.68
	2889	2890	-1.70216E+000	-2.00196E-001	-2.23989E+000	-2.00025E+000	3.93494E-004	11	..........a	-327.68
	2890	2891	-1.70256E+000	-2.00196E-001	-2.24317E+000	-2.00025E+000	3.97428E-004	11	..........a	-327.68
	2891	2892	-1.70256E+000	-2.00196E-001	-2.24444E+000	-2.00025E+000	3.90044E-004	11	..........a	-327.68
	2892	2893	-1.70536E+000	-2.00196E-001	-2.24029E+000	-2.00025E+000	4.00811E-004	11	..........a	-327.68
	2893	2894	-1.70136E+000	-2.00197E-001	-2.24783E+000	-2.00025E+000	3.86861E-004	11	..........a	-327.68
	2894	2895	-1.70096E+000	-2.00197E-001	-2.18466E+000	-2.00025E+000	3.92544E-004	11	..........a	-327.68
	2895	2896	-1.70216E+000	-2.00196E-001	-2.10742E+000	-2.00025E+000	3.92811E-004	11	..........a	-327.68
	2896	2897	-1.70136E+000	-2.00196E-001	-2.10910E+000	-2.00025E+000	3.72594E-004	11	..........a	-327.68
	2897	2898	-1.70456E+000	-2.00196E-001	-2.11279E+000	-2.00025E+000	3.91544E-004	11	..........a	-327.68
	2898	2899	-1.70256E+000	-2.00196E-001	-2.11679E+000	-2.00025E+000	3.88794E-004	11	..........a	-327.68
	2899	2900	-1.70376E+000	-2.00196E-001	-2.11960E+000	-2.00025E+000	3.84161E-004	11	..........a	-327.68
	2900	2901	-1.70296E+000	-2.00196E-001	-2.12606E+000	-2.00025E+000	3.89394E-004	11	..........a	-327.68
	2901	2902	-1.70216E+000	-2.00196E-001	-2.12833E+000	-2.00025E+000	3.92361E-004	11	..........a	-327.68
	2902	2903	-1.70456E+000	-2.00196E-001	-2.13341E+000	-2.00025E+000	3.81344E-004	11	..........a	-327.68
	2903	2904	-1.70056E+000	-2.00196E-001	-2.14148E+000	-2.00025E+000	3.82511E-004	11	..........a	-327.68
	2904	2905	-1.70456E+000	-2.00196E-001	-2.14651E+000	-2.00025E+000	3.82394E-004	11	..........a	-327.68
	2905	2906	-1.70216E+000	-2.00195E-001	-2.15136E+000	-2.00025E+000	3.70261E-004	11	..........a	-327.68
	2906	2907	-1.70536E+000	-2.00195E-001	-2.15181E+000	-2.00025E+000	3.77244E-004	11	..........a	-327.68
	2907	2908	-1.70416E+000	-2.00196E-001	-2.15393E+000	-2.00025E+000	3.84278E-004	11	..........a	-327.68
	2908	2909	-1.70616E+000	-2.00196E-001	-2.15507E+000	-2.00025E+000	3.89044E-004	11	..........a	-327.68
	2909	2910	-1.70536E+000	-2.00195E-001	-2.16471E+000	-2.00025E+000	3.83544E-004	11	..........a	-327.68
	2910	2911	-1.70536E+000	-2.00195E-001	-2.16491E+000	-2.00025E+000	3.89211E-004	11	..........a	-327.68
	2911	2912	-1.70376E+000	-2.00196E-001	-2.17175E+000	-2.00025E+000	3.93344E-004	11	..........a	-327.68
	2912	2913	-1.70376E+000	-2.00196E-001	-2.17308E+000	-2.00025E+000	3.82328E-004	11	..........a	-327.68
	2913	2914	-1.70296E+000	-2.00196E-001	-2.18627E+000	-2.00025E+000	3.70578E-004	11	..........a	-327.68
	2914	2915	-1.70296E+000	-2.00196E-001	-2.19066E+000	-2.00025E+000	3.88678E-004	11	..........a	-327.68
	2915	2916	-1.70256E+000	-2.00196E-001	-2.19250E+000	-2.00025E+000	3.83344E-004	11	..........a	-327.68
	2916	2917	-1.70376E+000	-2.00196E-001	-2.20015E+000	-2.00025E+000	3.81328E-004	11	..........a	-327.68
	2917	2918	-1.70216E+000	-2.00196E-001	-2.20266E+000	-2.00025E+000	3.90328E-004	11	..........a	-327.68
	2918	2919	-1.69896E+000	-2.00196E-001	-2.21143E+000	-2.00025E+000	3.81661E-004	11	..........a	-327.68
	2919	2920	-1.70376E+000	-2.00196E-001	-2.20773E+000	-2.00025E+000	3.78611E-004	11	..........a	-327.68
	2920	2921	-1.70136E+000	-2.00196E-001	-2.21587E+000	-2.00025E+000	3.78994E-004	11	..........a	-327.68
	2921	2922	-1.70536E+000	-2.00196E-001	-2.21598E+000	-2.00025E+000	3.96544E-004	11	..........a	-327.68
	2922	2923	-1.70536E+000	-2.00196E-001	-2.21650E+000	-2.00025E+000	3.89928E-004	11	..........a	-327.68
	2923	2924	-1.70376E+000	-2.00196E-001	-2.22443E+000	-2.00025E+000	3.82044E-004	11	..........a	-327.68
	2924	2925	-1.70376E+000	-2.00196E-001	-2.22607E+000	-2.00025E+000	3.88261E-004	11	..........a	-327.68
	2925	2926	-1.70216E+000	-2.00196E-001	-2.23196E+000	-2.00025E+000	3.76078E-004	11	..........a	-327.68
	2926	2927	-1.70376E+000	-2.00196E-001	-2.22783E+000	-2.00025E+000	3.81194E-004	11	..........a	-327.68
	2927	2928	-1.70216E+000	-2.00196E-001	-2.23467E+000	-2.00025E+000	3.87344E-004	11	..........a	-327.68
	2928	2929	-1.70376E+000	-2.00195E-001	-2.23643E+000	-2.00025E+000	3.59711E-004	11	..........a	-327.68
	2929	2930	-1.70296E+000	-2.00196E-001	-2.23594E+000	-2.00025E+000	3.78161E-004	11	..........a	-327.68
	2930	2931	-1.70216E+000	-2.00196E-001	-2.08443E+000	-2.00025E+000	3.85744E-004	11	..........a	-327.68
	2931	2932	-1.70216E+000	-2.00195E-001	-2.08790E+000	-2.00025E+000	3.76311E-004	11	..........a	-327.68
	2932	2933	-1.70176E+000	-2.00196E-001	-2.09780E+000	-2.00025E+000	3.89028E-004	11	..........a	-327.68
	2933	2934	-1.70216E+000	-2.00196E-001	-2.10289E+000	-2.00025E+000	3.83394E-004	11	..........a	-327.68
	2934	2935	-1.70376E+000	-2.00195E-001	-2.10659E+000	-2.00025E+000	3.70611E-004	11	..........a	-327.68
	2935	2936	-1.70216E+000	-2.00195E-001	-2.11245E+000	-2.00025E+000	3.75194E-004	11	..........a	-327.68
	2936	2937	-1.70536E+000	-2.00196E-001	-2.11301E+000	-2.00025E+000	3.85728E-004	11	..........a	-327.68
	2937	2938	-1.70536E+000	-2.00196E-001	-2.11771E+000	-2.00025E+000	3.92811E-004	11	..........a	-327.68
	2938	2939	-1.70376E+000	-2.00196E-001	-2.12063E+000	-2.00025E+000	3.81328E-004	11	..........a	-327.68
	2939	2940	-1.70216E+000	-2.00196E-001	-2.12880E+000	-2.00025E+000	3.69961E-004	11	..........a	-327.68
	2940	2941	-1.70296E+000	-2.00196E-001	-2.12066E+000	-2.00025E+000	3.80744E-004	11	..........a	-327.68
	2941	2942	-1.70216E+000	-2.00196E-001	-2.12953E+000	-2.00025E+000	3.67361E-004	11	..........a	-327.68
	2942	2943	-1.70536E+000	-2.00196E-001	-2.13180E+000	-2.00025E+000	3.86328E-004	11	..........a	-327.68
	2943	2944	-1.70376E+000	-2.00196E-001	-2.14025E+000	-2.00025E+000	3.68144E-004	11	..........a	-327.68
	2944	2945	-1.70376E+000	-2.00196E-001	-2.14339E+000	-2.00025E+000	3.88611E-004	11	..........a	-327.68
	2945	2946	-1.70456E+000	-2.00196E-001	-2.14538E+000	-2.00025E+000	3.98661E-004	11	..........a	-327.68
	2946	2947	-1.70136E+000	-2.00196E-001	-2.15327E+000	-2.00025E+000	3.99061E-004	11	..........a	-327.68
	2947	2948	-1.70136E+000	-2.00196E-001	-2.15544E+000	-2.00025E+000	3.89994E-004	11	..........a	-327.68
	2948	2949	-1.70256E+000	-2.00196E-001	-2.16171E+000	-2.00025E+000	3.75261E-004	11	..........a	-327.68
	2949	2950	-1.70376E+000	-2.00196E-001	-2.16340E+000	-2.00025E+000	3.88328E-004	11	..........a	-327.68
	2950	2951	-1.70216E+000	-2.00196E-001	-2.17085E+000	-2.00025E+000	3.90811E-004	11	..........a	-327.68
	2951	2952	-1.70216E+000	-2.00196E-001	-2.17755E+000	-2.00025E+000	3.79028E-004	11	..........a	-327.68
	2952	2953	-1.70536E+000	-2.00196E-001	-2.17663E+000	-2.00025E+000	3.88128E-004	11	..........a	-327.68
	2953	2954	-1.70376E+000	-2.00196E-001	-2.18504E+000	-2.00025E+000	3.84728E-004	11	..........a	-327.68
	2954	2955	-1.70376E+000	-2.00196E-001	-2.18450E+000	-2.00025E+000	3.79594E-004	11	..........a	-327.68
	2955	2956	-1.70376E+000	-2.00196E-001	-2.19172E+000	-2.00025E+000	3.80428E-004	11	..........a	-327.68
	2956	2957	-1.70376E+000	-2.00196E-001	-2.19607E+000	-2.00025E+000	3.79661E-004	11	..........a	-327.68
	2957	2958	-1.70376E+000	-2.00196E-001	-2.19769E+000	-2.00025E+000	3.87944E-004	11	..........a	-327.68
	2958	2959	-1.70456E+000	-2.00196E-001	-2.19868E+000	-2.00025E+000	3.84044E-004	11	..........a	-327.68
	2959	2960	-1.70136E+000	-2.00196E-001	-2.20245E+000	-2.00025E+000	3.86628E-004	11	..........a	-327.68
	2960	2961	-1.70376E+000	-2.00197E-001	-2.20396E+000	-2.00025E+000	3.87861E-004	11	..........a	-327.68
	2961	2962	-1.70136E+000	-2.00197E-001	-2.20731E+000	-2.00025E+000	3.87444E-004	11	..........a	-327.68
	2962	2963	-1.70456E+000	-2.00196E-001	-2.20991E+000	-2.00025E+000	3.79811E-004	11	..........a	-327.68
	2963	2964	-1.70536E+000	-2.00196E-001	-2.20836E+000	-2.00025E+000	3.70728E-004	11	..........a	-327.68
	2964	2965	-1.70376E+000	-2.00196E-001	-2.21384E+000	-2.00025E+000	3.84194E-004	11	..........a	-327.68
	2965	2966	-1.70456E+000	-2.00196E-001	-2.21050E+000	-2.00025E+000	3.63128E-004	11	..........a	-327.68
	2966	2967	-1.70296E+000	-2.00197E-001	-2.21432E+000	-2.00025E+000	3.87244E-004	11	..........a	-327.68
	2967	2968	-1.70216E+000	-2.00197E-001	-2.09560E+000	-2.00025E+000	3.76911E-004	11	..........a	-327.68
	2968	2969	-1.70576E+000	-2.00197E-001	-2.09154E+000	-2.00025E+000	3.85161E-004	11	..........a	-327.68
	2969	2970	-1.70296E+000	-2.00196E-001	-2.10098E+000	-2.00025E+000	3.81911E-004	11	..........a	-327.68
	2970	2971	-1.70296E+000	-2.00196E-001	-2.10051E+000	-2.00025E+000	3.82761E-004	11	..........a	-327.68
	2971	2972	-1.70376E+000	-2.00197E-001	-2.10822E+000	-2.00025E+000	3.85444E-004	11	..........a	-327.68
	2972	2973	-1.70456E+000	-2.00197E-001	-2.11264E+000	-2.00025E+000	3.87628E-004	11	..........a	-327.68
	2973	2974	-1.70296E+000	-2.00196E-001	-2.11834E+000	-2.00025E+000	3.66244E-004	11	..........a	-327.68
	2974	2975	-1.70376E+000	-2.00197E-001	-2.12628E+000	-2.00025E+000	3.83344E-004	11	..........a	-327.68
	2975	2976	-1.70216E+000	-2.00197E-001	-2.12629E+000	-2.00025E+000	3.82228E-004	11	..........a	-327.68
	2976	2977	-1.70056E+000	-2.00197E-001	-2.13548E+000	-2.00025E+000	3.77378E-004	11	..........a	-327.68
	2977	2978	-1.70376E+000	-2.00197E-001	-2.13913E+000	-2.00025E+000	3.64928E-004	11	..........a	-327.68
	2978	2979	-1.70456E+000	-2.00197E-001	-2.14470E+000	-2.00025E+000	3.84594E-004	11	..........a	-327.68
	2979	2980	-1.70376E+000	-2.00196E-001	-2.15301E+000	-2.00025E+000	3.78044E-004	11	..........a	-327.68
	2980	2981	-1.70296E+000	-2.00196E-001	-2.15411E+000	-2.00025E+000	3.73344E-004	11	..........a	-327.68
	2981	2982	-1.70376E+000	-2.00197E-001	-2.15988E+000	-2.00025E+000	3.81811E-004	11	..........a	-327.68
	2982	2983	-1.70256E+000	-2.00196E-001	-2.16343E+000	-2.00025E+000	3.80794E-004	11	..........a	-327.68
	2983	2984	-1.70376E+000	-2.00196E-001	-2.16935E+000	-2.00025E+000	3.82794E-004	11	..........a	-327.68
	2984	2985	-1.70376E+000	-2.00197E-001	-2.17117E+000	-2.00025E+000	3.85428E-004	11	..........a	-327.68
	2985	2986	-1.70456E+000	-2.00196E-001	-2.17716E+000	-2.00025E+000	3.83294E-004	11	..........a	-327.68
	2986	2987	-1.70416E+000	-2.00196E-001	-2.18161E+000	-2.00025E+000	3.88961E-004	11	..........a	-327.68
	2987	2988	-1.70576E+000	-2.00196E-001	-2.18080E+000	-2.00025E+000	3.25794E-004	11	..........a	-327.68
	2988	2989	-1.70416E+000	-2.00196E-001	-2.18777E+000	-2.00025E+000	3.24794E-004	11	..........a	-327.68
	2989	2990	-1.70496E+000	-2.00197E-001	-2.18925E+000	-2.00025E+000	3.31811E-004	11	..........a	-327.68
	2990	2991	-1.70416E+000	-2.00196E-001	-2.19706E+000	-2.00025E+000	3.20311E-004	11	..........a	-327.68
	2991	2992	-1.70256E+000	-2.00197E-001	-2.19904E+000	-2.00025E+000	3.19978E-004	11	..........a	-327.68
	2992	2993	-1.70256E+000	-2.00196E-001	-2.20290E+000	-2.00025E+000	3.24728E-004	11	..........a	-327.68
	2993	2994	-1.70256E+000	-2.00196E-001	-2.20443E+000	-2.00025E+000	3.30728E-004	11	..........a	-327.68
	2994	2995	-1.70416E+000	-2.00197E-001	-2.20372E+000	-2.00025E+000	3.22778E-004	11	..........a	-327.68
	2995	2996	-1.70176E+000	-2.00196E-001	-2.21577E+000	-2.00025E+000	3.27294E-004	11	..........a	-327.68
	2996	2997	-1.70256E+000	-2.00196E-001	-2.21589E+000	-2.00025E+000	3.24228E-004	11	..........a	-327.68
	2997	2998	-1.70216E+000	-2.00196E-001	-2.22059E+000	-2.00025E+000	3.17894E-004	11	..........a	-327.68
	2998	2999	-1.70576E+000	-2.00197E-001	-2.21403E+000	-2.00025E+000	3.19328E-004	11	..........a	-327.68
	2999	3000	-1.70216E+000	-2.00196E-001	-2.22131E+000	-2.00025E+000	3.25561E-004	11	..........a	-327.68
	3000	3001	-1.70256E+000	-2.00196E-001	-2.22150E+000	-2.00025E+000	3.19794E-004	11	..........a	-327.68
	3001	3002	-1.70576E+000	-2.00196E-001	-2.22121E+000	-2.00025E+000	3.25844E-004	11	..........a	-327.68
	3002	3003	-1.69856E+000	-2.00196E-001	-2.08116E+000	-2.00025E+000	3.22428E-004	11	..........a	-327.68
	3003	3004	-1.70256E+000	-2.00196E-001	-2.07473E+000	-2.00025E+000	3.21844E-004	11	..........a	-327.68
	3004	3005	-1.70256E+000	-2.00197E-001	-2.08214E+000	-2.00025E+000	3.20961E-004	11	..........a	-327.68
	3005	3006	-1.70416E+000	-2.00196E-001	-2.08227E+000	-2.00025E+000	3.27578E-004	11	..........a	-327.68
	3006	3007	-1.70576E+000	-2.00197E-001	-2.08781E+000	-2.00025E+000	3.23111E-004	11	..........a	-327.68
	3007	3008	-1.70256E+000	-2.00197E-001	-2.09748E+000	-2.00025E+000	3.26194E-004	11	..........a	-327.68
	3008	3009	-1.70416E+000	-2.00196E-001	-2.10151E+000	-2.00025E+000	3.24144E-004	11	..........a	-327.68
	3009	3010	-1.70136E+000	-2.00196E-001	-2.11043E+000	-2.00025E+000	3.21828E-004	11	..........a	-327.68
	3010	3011	-1.70456E+000	-2.00197E-001	-2.10872E+000	-2.00025E+000	3.27578E-004	11	..........a	-327.68
	3011	3012	-1.70456E+000	-2.00197E-001	-2.11472E+000	-2.00025E+000	3.14244E-004	11	..........a	-327.68
	3012	3013	-1.70496E+000	-2.00196E-001	-2.11379E+000	-2.00025E+000	3.19194E-004	11	..........a	-327.68
	3013	3014	-1.70416E+000	-2.00195E-001	-2.11856E+000	-2.00025E+000	4.02794E-004	11	..........a	-327.68
	3014	3015	-1.70416E+000	-2.00196E-001	-2.12065E+000	-2.00025E+000	4.04594E-004	11	..........a	-327.68
	3015	3016	-1.70296E+000	-2.00195E-001	-2.12997E+000	-2.00025E+000	4.09844E-004	11	..........a	-327.68
	3016	3017	-1.70216E+000	-2.00195E-001	-2.13514E+000	-2.00025E+000	4.03528E-004	11	..........a	-327.68
	3017	3018	-1.70256E+000	-2.00195E-001	-2.13947E+000	-2.00025E+000	4.04594E-004	11	..........a	-327.68
	3018	3019	-1.70176E+000	-2.00195E-001	-2.15037E+000	-2.00025E+000	4.01894E-004	11	..........a	-327.68
	3019	3020	-1.70176E+000	-2.00196E-001	-2.15249E+000	-2.00025E+000	4.09044E-004	11	..........a	-327.68
	3020	3021	-1.70256E+000	-2.00196E-001	-2.15844E+000	-2.00025E+000	4.07061E-004	11	..........a	-327.68
	3021	3022	-1.70216E+000	-2.00195E-001	-2.16715E+000	-2.00025E+000	4.09061E-004	11	..........a	-327.68
	3022	3023	-1.70296E+000	-2.00196E-001	-2.16827E+000	-2.00025E+000	3.98611E-004	11	..........a	-327.68
	3023	3024	-1.70376E+000	-2.00195E-001	-2.17377E+000	-2.00025E+000	3.99644E-004	11	..........a	-327.68
	3024	3025	-1.70376E+000	-2.00195E-001	-2.17779E+000	-2.00025E+000	3.99444E-004	11	..........a	-327.68
	3025	3026	-1.70416E+000	-2.00195E-001	-2.18563E+000	-2.00025E+000	4.04461E-004	11	..........a	-327.68
	3026	3027	-1.70296E+000	-2.00195E-001	-2.18798E+000	-2.00025E+000	4.07128E-004	11	..........a	-327.68
	3027	3028	-1.70576E+000	-2.00195E-001	-2.19044E+000	-2.00025E+000	4.03278E-004	11	..........a	-327.68
	3028	3029	-1.70136E+000	-2.00195E-001	-2.19691E+000	-2.00025E+000	3.98228E-004	11	..........a	-327.68
	3029	3030	-1.70576E+000	-2.00195E-001	-2.19520E+000	-2.00025E+000	3.91178E-004	11	..........a	-327.68
	3030	3031	-1.70136E+000	-2.00195E-001	-2.20435E+000	-2.00025E+000	3.97528E-004	11	..........a	-327.68
	3031	3032	-1.70256E+000	-2.00195E-001	-2.20588E+000	-2.00025E+000	4.00044E-004	11	..........a	-327.68
	3032	3033	-1.70216E+000	-2.00195E-001	-2.21175E+000	-2.00025E+000	4.09811E-004	11	..........a	-327.68
	3033	3034	-1.70256E+000	-2.00195E-001	-2.21173E+000	-2.00025E+000	4.01361E-004	11	..........a	-327.68
	3034	3035	-1.70176E+000	-2.00195E-001	-2.21827E+000	-2.00025E+000	4.03511E-004	11	..........a	-327.68
	3035	3036	-1.70296E+000	-2.00195E-001	-2.22193E+000	-2.00025E+000	4.01594E-004	11	..........a	-327.68
	3036	3037	-1.70256E+000	-2.00195E-001	-2.22483E+000	-2.00025E+000	4.02528E-004	11	..........a	-327.68
	3037	3038	-1.70376E+000	-2.00195E-001	-2.22765E+000	-2.00025E+000	4.08561E-004	11	..........a	-327.68
	3038	3039	-1.70496E+000	-2.00195E-001	-2.22829E+000	-2.00025E+000	4.06311E-004	11	..........a	-327.68
	3039	3040	-1.70096E+000	-2.00196E-001	-2.23924E+000	-2.00025E+000	2.56728E-004	11	..........a	-327.68
	3040	3041	-1.70256E+000	-2.00196E-001	-2.23824E+000	-2.00025E+000	2.60144E-004	11	..........a	-327.68
	3041	3042	-1.70256E+000	-2.00196E-001	-2.24246E+000	-2.00025E+000	2.60961E-004	11	..........a	-327.68
	3042	3043	-1.70256E+000	-2.00196E-001	-2.23892E+000	-2.00025E+000	2.56428E-004	11	..........a	-327.68
	3043	3044	-1.70336E+000	-2.00197E-001	-2.23768E+000	-2.00025E+000	2.61744E-004	11	..........a	-327.68
	3044	3045	-1.70176E+000	-2.00197E-001	-2.23414E+000	-2.00025E+000	2.64811E-004	11	..........a	-327.68
	3045	3046	-1.70216E+000	-2.00196E-001	-2.09072E+000	-2.00025E+000	2.56628E-004	11	..........a	-327.68
	3046	3047	-1.70176E+000	-2.00196E-001	-2.10255E+000	-2.00025E+000	2.60928E-004	11	..........a	-327.68
	3047	3048	-1.70176E+000	-2.00196E-001	-2.10721E+000	-2.00025E+000	2.57644E-004	11	..........a	-327.68
	3048	3049	-1.70256E+000	-2.00196E-001	-2.11013E+000	-2.00025E+000	2.46328E-004	11	..........a	-327.68
	3049	3050	-1.70576E+000	-2.00196E-001	-2.11457E+000	-2.00025E+000	2.53794E-004	11	..........a	-327.68
	3050	3051	-1.70256E+000	-2.00196E-001	-2.12006E+000	-2.00025E+000	2.55461E-004	11	..........a	-327.68
	3051	3052	-1.70576E+000	-2.00196E-001	-2.12245E+000	-2.00025E+000	2.63361E-004	11	..........a	-327.68
	3052	3053	-1.70576E+000	-2.00196E-001	-2.12457E+000	-2.00025E+000	2.68694E-004	11	..........a	-327.68
	3053	3054	-1.70256E+000	-2.00196E-001	-2.13230E+000	-2.00025E+000	2.74261E-004	11	..........a	-327.68
	3054	3055	-1.70016E+000	-2.00196E-001	-2.13890E+000	-2.00025E+000	2.62611E-004	11	..........a	-327.68
	3055	3056	-1.70256E+000	-2.00196E-001	-2.13882E+000	-2.00025E+000	2.53378E-004	11	..........a	-327.68
	3056	3057	-1.70176E+000	-2.00196E-001	-2.14297E+000	-2.00025E+000	2.45928E-004	11	..........a	-327.68
	3057	3058	-1.70336E+000	-2.00196E-001	-2.14395E+000	-2.00025E+000	2.51278E-004	11	..........a	-327.68
	3058	3059	-1.70336E+000	-2.00197E-001	-2.15256E+000	-2.00025E+000	2.57128E-004	11	..........a	-327.68
	3059	3060	-1.70176E+000	-2.00196E-001	-2.15611E+000	-2.00025E+000	2.55278E-004	11	..........a	-327.68
	3060	3061	-1.69416E+000	-2.00196E-001	-2.16616E+000	-2.00025E+000	2.45244E-004	11	..........a	-327.68
	3061	3062	-1.70416E+000	-2.00196E-001	-2.15754E+000	-2.00025E+000	3.27894E-004	11	..........a	-327.68
	3062	3063	-1.70056E+000	-2.00196E-001	-2.16355E+000	-2.00025E+000	3.31578E-004	11	..........a	-327.68
	3063	3064	-1.70296E+000	-2.00197E-001	-2.16891E+000	-2.00025E+000	3.33794E-004	11	..........a	-327.68
	3064	3065	-1.70376E+000	-2.00196E-001	-2.16772E+000	-2.00025E+000	3.23494E-004	11	..........a	-327.68
	3065	3066	-1.70456E+000	-2.00196E-001	-2.17469E+000	-2.00025E+000	3.32561E-004	11	..........a	-327.68
	3066	3067	-1.70456E+000	-2.00196E-001	-2.17559E+000	-2.00025E+000	3.25944E-004	11	..........a	-327.68
	3067	3068	-1.70376E+000	-2.00196E-001	-2.18489E+000	-2.00025E+000	3.29144E-004	11	..........a	-327.68
	3068	3069	-1.70296E+000	-2.00196E-001	-2.18940E+000	-2.00025E+000	3.25594E-004	11	..........a	-327.68
	3069	3070	-1.70576E+000	-2.00196E-001	-2.18834E+000	-2.00025E+000	3.25728E-004	11	..........a	-327.68
	3070	3071	-1.70376E+000	-2.00196E-001	-2.19866E+000	-2.00025E+000	3.24928E-004	11	..........a	-327.68
	3071	3072	-1.70456E+000	-2.00196E-001	-2.19910E+000	-2.00025E+000	3.25711E-004	11	..........a	-327.68
	3072	3073	-1.70376E+000	-2.00196E-001	-2.20485E+000	-2.00025E+000	3.26061E-004	11	..........a	-327.68
	3073	3074	-1.70576E+000	-2.00196E-001	-2.20329E+000	-2.00025E+000	3.28344E-004	11	..........a	-327.68
	3074	3075	-1.70416E+000	-2.00196E-001	-2.20608E+000	-2.00025E+000	3.24244E-004	11	..........a	-327.68
	3075	3076	-1.70536E+000	-2.00197E-001	-2.20769E+000	-2.00025E+000	3.16994E-004	11	..........a	-327.68
	3076	3077	-1.70416E+000	-2.00196E-001	-2.20989E+000	-2.00025E+000	3.22528E-004	11	..........a	-327.68
	3077	3078	-1.69896E+000	-2.00196E-001	-2.08641E+000	-2.00025E+000	3.22394E-004	11	..........a	-327.68
	3078	3079	-1.70176E+000	-2.00197E-001	-2.07979E+000	-2.00025E+000	3.28911E-004	11	..........a	-327.68
	3079	3080	-1.70576E+000	-2.00196E-001	-2.08360E+000	-2.00025E+000	3.27478E-004	11	..........a	-327.68
	3080	3081	-1.70416E+000	-2.00196E-001	-2.08814E+000	-2.00025E+000	3.20711E-004	11	..........a	-327.68
	3081	3082	-1.70456E+000	-2.00196E-001	-2.09380E+000	-2.00025E+000	3.29211E-004	11	..........a	-327.68
	3082	3083	-1.70376E+000	-2.00196E-001	-2.10173E+000	-2.00025E+000	3.25828E-004	11	..........a	-327.68
	3083	3084	-1.70216E+000	-2.00196E-001	-2.10591E+000	-2.00025E+000	3.26961E-004	11	..........a	-327.68
	3084	3085	-1.70336E+000	-2.00196E-001	-2.11011E+000	-2.00025E+000	3.24561E-004	11	..........a	-327.68
	3085	3086	-1.70576E+000	-2.00197E-001	-2.10828E+000	-2.00025E+000	3.24211E-004	11	..........a	-327.68
	3086	3087	-1.70496E+000	-2.00196E-001	-2.11713E+000	-2.00025E+000	3.29961E-004	11	..........a	-327.68
	3087	3088	-1.70376E+000	-2.00196E-001	-2.12180E+000	-2.00025E+000	3.25144E-004	11	..........a	-327.68
	3088	3089	-1.70616E+000	-2.00196E-001	-2.12433E+000	-2.00025E+000	3.20811E-004	11	..........a	-327.68
	3089	3090	-1.70256E+000	-2.00197E-001	-2.14169E+000	-2.00025E+000	3.25978E-004	11	..........a	-327.68
	3090	3091	-1.70496E+000	-2.00196E-001	-2.13924E+000	-2.00025E+000	3.28694E-004	11	..........a	-327.68
	3091	3092	-1.70376E+000	-2.00196E-001	-2.15026E+000	-2.00025E+000	3.23811E-004	11	..........a	-327.68
	3092	3093	-1.70376E+000	-2.00196E-001	-2.15138E+000	-2.00025E+000	3.27828E-004	11	..........a	-327.68
	3093	3094	-1.70456E+000	-2.00196E-001	-2.15615E+000	-2.00025E+000	3.27161E-004	11	..........a	-327.68
	3094	3095	-1.70376E+000	-2.00197E-001	-2.15497E+000	-2.00025E+000	3.26528E-004	11	..........a	-327.68
	3095	3096	-1.70416E+000	-2.00196E-001	-2.15969E+000	-2.00025E+000	3.26178E-004	11	..........a	-327.68
	3096	3097	-1.70376E+000	-2.00196E-001	-2.16508E+000	-2.00025E+000	3.26561E-004	11	..........a	-327.68
	3097	3098	-1.70376E+000	-2.00196E-001	-2.16459E+000	-2.00025E+000	3.25928E-004	11	..........a	-327.68
	3098	3099	-1.70296E+000	-2.00196E-001	-2.17107E+000	-2.00025E+000	3.23094E-004	11	..........a	-327.68
	3099	3100	-1.70576E+000	-2.00196E-001	-2.17140E+000	-2.00025E+000	3.26994E-004	11	..........a	-327.68
	3100	3101	-1.70456E+000	-2.00196E-001	-2.18117E+000	-2.00025E+000	3.25711E-004	11	..........a	-327.68
	3101	3102	-1.70376E+000	-2.00196E-001	-2.19024E+000	-2.00025E+000	3.29394E-004	11	..........a	-327.68
	3102	3103	-1.70176E+000	-2.00196E-001	-2.19533E+000	-2.00025E+000	3.32211E-004	11	..........a	-327.68
	3103	3104	-1.70376E+000	-2.00196E-001	-2.19821E+000	-2.00025E+000	3.32578E-004	11	..........a	-327.68
	3104	3105	-1.70296E+000	-2.00196E-001	-2.19871E+000	-2.00025E+000	3.27994E-004	11	..........a	-327.68
	3105	3106	-1.70256E+000	-2.00196E-001	-2.20483E+000	-2.00025E+000	3.25478E-004	11	..........a	-327.68
	3106	3107	-1.70256E+000	-2.00197E-001	-2.20052E+000	-2.00025E+000	3.27428E-004	11	..........a	-327.68
	3107	3108	-1.70256E+000	-2.00196E-001	-2.20627E+000	-2.00025E+000	3.26111E-004	11	..........a	-327.68
	3108	3109	-1.70216E+000	-2.00197E-001	-2.20713E+000	-2.00025E+000	3.32761E-004	11	..........a	-327.68
	3109	3110	-1.70256E+000	-2.00197E-001	-2.21091E+000	-2.00025E+000	3.30778E-004	11	..........a	-327.68
	3110	3111	-1.70416E+000	-2.00197E-001	-2.20981E+000	-2.00025E+000	3.31494E-004	11	..........a	-327.68
	3111	3112	-1.70576E+000	-2.00197E-001	-2.20874E+000	-2.00025E+000	3.27644E-004	11	..........a	-327.68
	3112	3113	-1.70296E+000	-2.00197E-001	-2.21619E+000	-2.00025E+000	3.31011E-004	11	..........a	-327.68
	3113	3114	-1.70256E+000	-2.00196E-001	-2.21555E+000	-2.00025E+000	3.23478E-004	11	..........a	-327.68
	3114	3115	-1.70256E+000	-2.00197E-001	-2.22101E+000	-2.00025E+000	3.30461E-004	11	..........a	-327.68
	3115	3116	-1.70136E+000	-2.00196E-001	-2.21822E+000	-2.00025E+000	3.22578E-004	11	..........a	-327.68
	3116	3117	-1.70256E+000	-2.00196E-001	-2.07251E+000	-2.00025E+000	3.29561E-004	11	..........a	-327.68
	3117	3118	-1.70296E+000	-2.00196E-001	-2.07045E+000	-2.00025E+000	3.23144E-004	11	..........a	-327.68
	3118	3119	-1.70256E+000	-2.00197E-001	-2.07834E+000	-2.00025E+000	3.25428E-004	11	..........a	-327.68
	3119	3120	-1.70256E+000	-2.00197E-001	-2.08943E+000	-2.00025E+000	3.21244E-004	11	..........a	-327.68
	3120	3121	-1.70056E+000	-2.00196E-001	-2.09369E+000	-2.00025E+000	3.27994E-004	11	..........a	-327.68
	3121	3122	-1.70416E+000	-2.00196E-001	-2.09694E+000	-2.00025E+000	3.25378E-004	11	..........a	-327.68
	3122	3123	-1.70296E+000	-2.00196E-001	-2.10145E+000	-2.00025E+000	3.28678E-004	11	..........a	-327.68
	3123	3124	-1.70416E+000	-2.00196E-001	-2.10617E+000	-2.00025E+000	3.21444E-004	11	..........a	-327.68
	3124	3125	-1.70256E+000	-2.00196E-001	-2.11707E+000	-2.00025E+000	3.23778E-004	11	..........a	-327.68
	3125	3126	-1.70416E+000	-2.00196E-001	-2.11867E+000	-2.00025E+000	3.25178E-004	11	..........a	-327.68
	3126	3127	-1.70496E+000	-2.00196E-001	-2.12647E+000	-2.00025E+000	3.29311E-004	11	..........a	-327.68
	3127	3128	-1.70216E+000	-2.00196E-001	-2.13483E+000	-2.00025E+000	3.23828E-004	11	..........a	-327.68
	3128	3129	-1.70416E+000	-2.00196E-001	-2.13770E+000	-2.00025E+000	3.29711E-004	11	..........a	-327.68
	3129	3130	-1.70296E+000	-2.00196E-001	-2.13635E+000	-2.00025E+000	3.23761E-004	11	..........a	-327.68
	3130	3131	-1.70376E+000	-2.00197E-001	-2.14407E+000	-2.00025E+000	3.26211E-004	11	..........a	-327.68
	3131	3132	-1.70136E+000	-2.00196E-001	-2.15238E+000	-2.00025E+000	3.33744E-004	11	..........a	-327.68
	3132	3133	-1.70416E+000	-2.00196E-001	-2.15334E+000	-2.00025E+000	3.35944E-004	11	..........a	-327.68
	3133	3134	-1.70576E+000	-2.00196E-001	-2.15873E+000	-2.00025E+000	3.34661E-004	11	..........a	-327.68
	3134	3135	-1.70576E+000	-2.00197E-001	-2.16488E+000	-2.00025E+000	3.31978E-004	11	..........a	-327.68
	3135	3136	-1.70416E+000	-2.00196E-001	-2.17245E+000	-2.00025E+000	3.37694E-004	11	..........a	-327.68
	3136	3137	-1.70576E+000	-2.00196E-001	-2.17541E+000	-2.00025E+000	3.33094E-004	11	..........a	-327.68
	3137	3138	-1.70456E+000	-2.00196E-001	-2.17910E+000	-2.00025E+000	3.33061E-004	11	..........a	-327.68
	3138	3139	-1.70576E+000	-2.00197E-001	-2.18188E+000	-2.00025E+000	3.35144E-004	11	..........a	-327.68
	3139	3140	-1.70456E+000	-2.00196E-001	-2.18556E+000	-2.00025E+000	3.28761E-004	11	..........a	-327.68
	3140	3141	-1.70536E+000	-2.00196E-001	-2.18908E+000	-2.00025E+000	3.14061E-004	11	..........a	-327.68
	3141	3142	-1.70336E+000	-2.00196E-001	-2.19770E+000	-2.00025E+000	3.24761E-004	11	..........a	-327.68
	3142	3143	-1.70096E+000	-2.00196E-001	-2.20463E+000	-2.00025E+000	3.15728E-004	11	..........a	-327.68
	3143	3144	-1.70416E+000	-2.00196E-001	-2.20325E+000	-2.00025E+000	3.12578E-004	11	..........a	-327.68
	3144	3145	-1.70096E+000	-2.00196E-001	-2.21147E+000	-2.00025E+000	3.13694E-004	11	..........a	-327.68
	3145	3146	-1.70256E+000	-2.00197E-001	-2.21259E+000	-2.00025E+000	3.19461E-004	11	..........a	-327.68
	3146	3147	-1.70136E+000	-2.00196E-001	-2.21563E+000	-2.00025E+000	3.13994E-004	11	..........a	-327.68
	3147	3148	-1.70176E+000	-2.00196E-001	-2.22420E+000	-2.00025E+000	3.15828E-004	11	..........a	-327.68
	3148	3149	-1.70256E+000	-2.00196E-001	-2.22391E+000	-2.00025E+000	3.09161E-004	11	..........a	-327.68
	3149	3150	-1.70376E+000	-2.00196E-001	-2.23086E+000	-2.00025E+000	3.13211E-004	11	..........a	-327.68
	3150	3151	-1.70256E+000	-2.00196E-001	-2.23329E+000	-2.00025E+000	3.10894E-004	11	..........a	-327.68
	3151	3152	-1.70256E+000	-2.00196E-001	-2.23177E+000	-2.00025E+000	3.11378E-004	11	..........a	-327.68
	3152	3153	-1.70256E+000	-2.00197E-001	-2.23677E+000	-2.00025E+000	3.10028E-004	11	..........a	-327.68
	3153	3154	-1.70256E+000	-2.00196E-001	-2.23634E+000	-2.00025E+000	3.10494E-004	11	..........a	-327.68
	3154	3155	-1.70096E+000	-2.00197E-001	-2.23919E+000	-2.00025E+000	3.11578E-004	11	..........a	-327.68
	3155	3156	-1.69856E+000	-2.00197E-001	-2.24088E+000	-2.00025E+000	3.00794E-004	11	..........a	-327.68
	3156	3157	-1.70376E+000	-2.00197E-001	-2.23760E+000	-2.00025E+000	3.03811E-004	11	..........a	-327.68
	3157	3158	-1.70376E+000	-2.00197E-001	-2.08701E+000	-2.00025E+000	3.05044E-004	11	..........a	-327.68
	3158	3159	-1.70136E+000	-2.00196E-001	-2.09562E+000	-2.00025E+000	3.08444E-004	11	..........a	-327.68
	3159	3160	-1.70256E+000	-2.00197E-001	-2.09994E+000	-2.00025E+000	3.16528E-004	11	..........a	-327.68
	3160	3161	-1.70416E+000	-2.00197E-001	-2.09783E+000	-2.00025E+000	3.09911E-004	11	..........a	-327.68
	3161	3162	-1.70416E+000	-2.00196E-001	-2.10611E+000	-2.00025E+000	3.08961E-004	11	..........a	-327.68
	3162	3163	-1.70456E+000	-2.00196E-001	-2.10808E+000	-2.00025E+000	3.13494E-004	11	..........a	-327.68
	3163	3164	-1.70376E+000	-2.00196E-001	-2.11655E+000	-2.00025E+000	3.11278E-004	11	..........a	-327.68
	3164	3165	-1.70296E+000	-2.00196E-001	-2.12138E+000	-2.00025E+000	3.17744E-004	11	..........a	-327.68
	3165	3166	-1.70176E+000	-2.00196E-001	-2.12986E+000	-2.00025E+000	3.11661E-004	11	..........a	-327.68
	3166	3167	-1.70256E+000	-2.00196E-001	-2.13833E+000	-2.00025E+000	3.08828E-004	11	..........a	-327.68
	3167	3168	-1.70336E+000	-2.00196E-001	-2.13475E+000	-2.00025E+000	3.14578E-004	11	..........a	-327.68
	3168	3169	-1.70056E+000	-2.00196E-001	-2.14092E+000	-2.00025E+000	3.12978E-004	11	..........a	-327.68
	3169	3170	-1.70456E+000	-2.00196E-001	-2.13947E+000	-2.00025E+000	3.15394E-004	11	..........a	-327.68
	3170	3171	-1.70056E+000	-2.00196E-001	-2.15051E+000	-2.00025E+000	3.21861E-004	11	..........a	-327.68
	3171	3172	-1.70416E+000	-2.00196E-001	-2.15259E+000	-2.00025E+000	3.10328E-004	11	..........a	-327.68
	3172	3173	-1.70536E+000	-2.00196E-001	-2.15394E+000	-2.00025E+000	3.17711E-004	11	..........a	-327.68
	3173	3174	-1.70416E+000	-2.00196E-001	-2.16100E+000	-2.00025E+000	3.17461E-004	11	..........a	-327.68
	3174	3175	-1.70416E+000	-2.00196E-001	-2.16613E+000	-2.00025E+000	3.17161E-004	11	..........a	-327.68
	3175	3176	-1.70336E+000	-2.00196E-001	-2.17443E+000	-2.00025E+000	3.11861E-004	11	..........a	-327.68
	3176	3177	-1.70256E+000	-2.00196E-001	-2.17891E+000	-2.00025E+000	3.15561E-004	11	..........a	-327.68
	3177	3178	-1.70256E+000	-2.00196E-001	-2.18267E+000	-2.00025E+000	3.11478E-004	11	..........a	-327.68
	3178	3179	-1.70416E+000	-2.00196E-001	-2.18340E+000	-2.00025E+000	3.09794E-004	11	..........a	-327.68
	3179	3180	-1.70256E+000	-2.00196E-001	-2.18840E+000	-2.00025E+000	3.17044E-004	11	..........a	-327.68
	3180	3181	-1.70496E+000	-2.00196E-001	-2.19203E+000	-2.00025E+000	3.12844E-004	11	..........a	-327.68
	3181	3182	-1.70176E+000	-2.00196E-001	-2.19508E+000	-2.00025E+000	3.09628E-004	11	..........a	-327.68
	3182	3183	-1.70416E+000	-2.00196E-001	-2.19968E+000	-2.00025E+000	3.17811E-004	11	..........a	-327.68
	3183	3184	-1.70256E+000	-2.00196E-001	-2.20480E+000	-2.00025E+000	3.11744E-004	11	..........a	-327.68
	3184	3185	-1.70416E+000	-2.00196E-001	-2.20997E+000	-2.00025E+000	3.18261E-004	11	..........a	-327.68
	3185	3186	-1.70416E+000	-2.00196E-001	-2.21327E+000	-2.00025E+000	3.13628E-004	11	..........a	-327.68
	3186	3187	-1.70336E+000	-2.00196E-001	-2.21833E+000	-2.00025E+000	3.12011E-004	11	..........a	-327.68
	3187	3188	-1.70336E+000	-2.00196E-001	-2.22421E+000	-2.00025E+000	3.08778E-004	11	..........a	-327.68
	3188	3189	-1.70176E+000	-2.00196E-001	-2.22586E+000	-2.00025E+000	3.15711E-004	11	..........a	-327.68
	3189	3190	-1.70256E+000	-2.00197E-001	-2.22798E+000	-2.00025E+000	3.05661E-004	11	..........a	-327.68
	3190	3191	-1.70176E+000	-2.00196E-001	-2.22957E+000	-2.00025E+000	3.05278E-004	11	..........a	-327.68
	3191	3192	-1.70296E+000	-2.00196E-001	-2.23645E+000	-2.00025E+000	3.12844E-004	11	..........a	-327.68
	3192	3193	-1.70136E+000	-2.00196E-001	-2.24309E+000	-2.00025E+000	3.11511E-004	11	..........a	-327.68
	3193	3194	-1.70256E+000	-2.00196E-001	-2.24380E+000	-2.00025E+000	3.13494E-004	11	..........a	-327.68
	3194	3195	-1.70136E+000	-2.00196E-001	-2.24664E+000	-2.00025E+000	3.03728E-004	11	..........a	-327.68
	3195	3196	-1.70376E+000	-2.00196E-001	-2.24455E+000	-2.00025E+000	2.95378E-004	11	..........a	-327.68
	3196	3197	-1.70256E+000	-2.00197E-001	-2.25028E+000	-2.00025E+000	3.05761E-004	11	..........a	-327.68
	3197	3198	-1.70136E+000	-2.00196E-001	-2.25064E+000	-2.00025E+000	3.07811E-004	11	..........a	-327.68
	3198	3199	-1.70296E+000	-2.00197E-001	-2.07908E+000	-2.00025E+000	3.05611E-004	11	..........a	-327.68
	3199	3200	-1.70096E+000	-2.00196E-001	-2.08364E+000	-2.00025E+000	2.94794E-004	11	..........a	-327.68
	3200	3201	-1.70096E+000	-2.00196E-001	-2.08892E+000	-2.00025E+000	3.01861E-004	11	..........a	-327.68
	3201	3202	-1.70256E+000	-2.00196E-001	-2.09551E+000	-2.00025E+000	2.97578E-004	11	..........a	-327.68
	3202	3203	-1.70256E+000	-2.00196E-001	-2.09785E+000	-2.00025E+000	3.02211E-004	11	..........a	-327.68
	3203	3204	-1.70336E+000	-2.00197E-001	-2.10518E+000	-2.00025E+000	3.04094E-004	11	..........a	-327.68
	3204	3205	-1.70296E+000	-2.00197E-001	-2.11096E+000	-2.00025E+000	2.98861E-004	11	..........a	-327.68
	3205	3206	-1.70416E+000	-2.00197E-001	-2.11486E+000	-2.00025E+000	2.95944E-004	11	..........a	-327.68
	3206	3207	-1.70496E+000	-2.00197E-001	-2.12219E+000	-2.00025E+000	3.00011E-004	11	..........a	-327.68
	3207	3208	-1.70176E+000	-2.00196E-001	-2.12855E+000	-2.00025E+000	2.82878E-004	11	..........a	-327.68
	3208	3209	-1.70176E+000	-2.00196E-001	-2.13758E+000	-2.00025E+000	2.77828E-004	11	..........a	-327.68
	3209	3210	-1.70136E+000	-2.00197E-001	-2.14004E+000	-2.00025E+000	2.86244E-004	11	..........a	-327.68
	3210	3211	-1.70256E+000	-2.00196E-001	-2.14729E+000	-2.00025E+000	2.89128E-004	11	..........a	-327.68
	3211	3212	-1.70256E+000	-2.00196E-001	-2.15282E+000	-2.00025E+000	2.95744E-004	11	..........a	-327.68
	3212	3213	-1.70336E+000	-2.00197E-001	-2.15345E+000	-2.00025E+000	2.89261E-004	11	..........a	-327.68
	3213	3214	-1.70456E+000	-2.00196E-001	-2.15709E+000	-2.00025E+000	2.90078E-004	11	..........a	-327.68
	3214	3215	-1.70256E+000	-2.00197E-001	-2.16145E+000	-2.00025E+000	2.93911E-004	11	..........a	-327.68
	3215	3216	-1.70256E+000	-2.00196E-001	-2.17195E+000	-2.00025E+000	2.78944E-004	11	..........a	-327.68
	3216	3217	-1.70176E+000	-2.00196E-001	-2.17486E+000	-2.00025E+000	2.86111E-004	11	..........a	-327.68
	3217	3218	-1.70416E+000	-2.00196E-001	-2.17910E+000	-2.00025E+000	2.87394E-004	11	..........a	-327.68
	3218	3219	-1.70256E+000	-2.00196E-001	-2.18819E+000	-2.00025E+000	2.77128E-004	11	..........a	-327.68
	3219	3220	-1.70416E+000	-2.00196E-001	-2.19180E+000	-2.00025E+000	2.88794E-004	11	..........a	-327.68
	3220	3221	-1.70176E+000	-2.00195E-001	-2.19982E+000	-2.00025E+000	2.81744E-004	11	..........a	-327.68
	3221	3222	-1.70296E+000	-2.00196E-001	-2.19953E+000	-2.00025E+000	2.90794E-004	11	..........a	-327.68
	3222	3223	-1.70176E+000	-2.00196E-001	-2.19764E+000	-2.00025E+000	2.77361E-004	11	..........a	-327.68
	3223	3224	-1.70616E+000	-2.00196E-001	-2.19240E+000	-2.00025E+000	2.77494E-004	11	..........a	-327.68
	3224	3225	-1.69896E+000	-2.00196E-001	-2.20251E+000	-2.00025E+000	2.85394E-004	11	..........a	-327.68
	3225	3226	-1.70176E+000	-2.00196E-001	-2.19858E+000	-2.00025E+000	2.85444E-004	11	..........a	-327.68
	3226	3227	-1.70256E+000	-2.00196E-001	-2.20054E+000	-2.00025E+000	2.88661E-004	11	..........a	-327.68
	3227	3228	-1.69936E+000	-2.00196E-001	-2.21003E+000	-2.00025E+000	2.88911E-004	11	..........a	-327.68
	3228	3229	-1.70176E+000	-2.00196E-001	-2.20558E+000	-2.00025E+000	2.82944E-004	11	..........a	-327.68
	3229	3230	-1.70096E+000	-2.00196E-001	-2.21051E+000	-2.00025E+000	2.82661E-004	11	..........a	-327.68
	3230	3231	-1.70416E+000	-2.00196E-001	-2.20564E+000	-2.00025E+000	2.97294E-004	11	..........a	-327.68
	3231	3232	-1.70176E+000	-2.00196E-001	-2.21150E+000	-2.00025E+000	2.94211E-004	11	..........a	-327.68
	3232	3233	-1.69976E+000	-2.00196E-001	-2.21522E+000	-2.00025E+000	2.90678E-004	11	..........a	-327.68
	3233	3234	-1.70056E+000	-2.00196E-001	-2.06593E+000	-2.00025E+000	2.86611E-004	11	..........a	-327.68
	3234	3235	-1.70096E+000	-2.00197E-001	-2.07198E+000	-2.00025E+000	2.89711E-004	11	..........a	-327.68
	3235	3236	-1.70056E+000	-2.00196E-001	-2.07639E+000	-2.00025E+000	2.93244E-004	11	..........a	-327.68
	3236	3237	-1.70416E+000	-2.00196E-001	-2.07513E+000	-2.00025E+000	2.90144E-004	11	..........a	-327.68
	3237	3238	-1.70056E+000	-2.00196E-001	-2.08098E+000	-2.00025E+000	2.88061E-004	11	..........a	-327.68
	3238	3239	-1.70176E+000	-2.00197E-001	-2.08663E+000	-2.00025E+000	2.88894E-004	11	..........a	-327.68
	3239	3240	-1.70336E+000	-2.00196E-001	-2.09080E+000	-2.00025E+000	3.00194E-004	11	..........a	-327.68
	3240	3241	-1.70256E+000	-2.00196E-001	-2.09547E+000	-2.00025E+000	2.90294E-004	11	..........a	-327.68
	3241	3242	-1.70176E+000	-2.00197E-001	-2.10164E+000	-2.00025E+000	2.86378E-004	11	..........a	-327.68
	3242	3243	-1.70256E+000	-2.00196E-001	-2.10225E+000	-2.00025E+000	2.89244E-004	11	..........a	-327.68
	3243	3244	-1.70416E+000	-2.00196E-001	-2.10980E+000	-2.00025E+000	2.93628E-004	11	..........a	-327.68
	3244	3245	-1.70416E+000	-2.00197E-001	-2.11372E+000	-2.00025E+000	2.95061E-004	11	..........a	-327.68
	3245	3246	-1.70256E+000	-2.00196E-001	-2.12139E+000	-2.00025E+000	2.87661E-004	11	..........a	-327.68
	3246	3247	-1.70176E+000	-2.00197E-001	-2.12694E+000	-2.00025E+000	2.86994E-004	11	..........a	-327.68
	3247	3248	-1.70176E+000	-2.00197E-001	-2.12920E+000	-2.00025E+000	2.92928E-004	11	..........a	-327.68
	3248	3249	-1.70216E+000	-2.00197E-001	-2.13311E+000	-2.00025E+000	2.83128E-004	11	..........a	-327.68
	3249	3250	-1.70336E+000	-2.00197E-001	-2.13348E+000	-2.00025E+000	2.89461E-004	11	..........a	-327.68
	3250	3251	-1.70336E+000	-2.00196E-001	-2.13938E+000	-2.00025E+000	2.85844E-004	11	..........a	-327.68
	3251	3252	-1.70416E+000	-2.00196E-001	-2.13928E+000	-2.00025E+000	2.81244E-004	11	..........a	-327.68
	3252	3253	-1.70296E+000	-2.00197E-001	-2.14777E+000	-2.00025E+000	2.86128E-004	11	..........a	-327.68
	3253	3254	-1.70336E+000	-2.00197E-001	-2.15078E+000	-2.00025E+000	2.91594E-004	11	..........a	-327.68
	3254	3255	-1.70296E+000	-2.00196E-001	-2.15612E+000	-2.00025E+000	2.90144E-004	11	..........a	-327.68
	3255	3256	-1.70256E+000	-2.00196E-001	-2.16187E+000	-2.00025E+000	2.87611E-004	11	..........a	-327.68
	3256	3257	-1.70136E+000	-2.00196E-001	-2.16783E+000	-2.00025E+000	2.86661E-004	11	..........a	-327.68
	3257	3258	-1.70256E+000	-2.00197E-001	-2.17442E+000	-2.00025E+000	2.95744E-004	11	..........a	-327.68
	3258	3259	-1.70576E+000	-2.00197E-001	-2.17212E+000	-2.00025E+000	2.86194E-004	11	..........a	-327.68
	3259	3260	-1.70256E+000	-2.00196E-001	-2.18813E+000	-2.00025E+000	2.82394E-004	11	..........a	-327.68
	3260	3261	-1.70256E+000	-2.00197E-001	-2.19146E+000	-2.00025E+000	2.90161E-004	11	..........a	-327.68
	3261	3262	-1.70176E+000	-2.00196E-001	-2.19241E+000	-2.00025E+000	2.94244E-004	11	..........a	-327.68
	3262	3263	-1.70416E+000	-2.00196E-001	-2.19566E+000	-2.00025E+000	2.94494E-004	11	..........a	-327.68
	3263	3264	-1.70576E+000	-2.00196E-001	-2.19461E+000	-2.00025E+000	3.00094E-004	11	..........a	-327.68
	3264	3265	-1.70296E+000	-2.00197E-001	-2.20441E+000	-2.00025E+000	2.91261E-004	11	..........a	-327.68
	3265	3266	-1.70216E+000	-2.00197E-001	-2.20413E+000	-2.00025E+000	2.93511E-004	11	..........a	-327.68
	3266	3267	-1.70176E+000	-2.00197E-001	-2.20985E+000	-2.00025E+000	2.86928E-004	11	..........a	-327.68
	3267	3268	-1.70336E+000	-2.00197E-001	-2.20930E+000	-2.00025E+000	2.93278E-004	11	..........a	-327.68
	3268	3269	-1.70216E+000	-2.00196E-001	-2.21250E+000	-2.00025E+000	2.86594E-004	11	..........a	-327.68
	3269	3270	-1.70256E+000	-2.00197E-001	-2.21263E+000	-2.00025E+000	2.97361E-004	11	..........a	-327.68
	3270	3271	-1.70096E+000	-2.00196E-001	-2.21504E+000	-2.00025E+000	2.95844E-004	11	..........a	-327.68
	3271	3272	-1.70296E+000	-2.00196E-001	-2.21702E+000	-2.00025E+000	2.95144E-004	11	..........a	-327.68
	3272	3273	-1.70416E+000	-2.00197E-001	-2.21562E+000	-2.00025E+000	2.85394E-004	11	..........a	-327.68
	3273	3274	-1.70096E+000	-2.00197E-001	-2.22241E+000	-2.00025E+000	2.93261E-004	11	..........a	-327.68
	3274	3275	-1.70336E+000	-2.00197E-001	-2.21620E+000	-2.00025E+000	3.03778E-004	11	..........a	-327.68
	3275	3276	-1.70336E+000	-2.00197E-001	-2.21968E+000	-2.00025E+000	2.99511E-004	11	..........a	-327.68
	3276	3277	-1.70336E+000	-2.00197E-001	-2.07076E+000	-2.00025E+000	2.96394E-004	11	..........a	-327.68
	3277	3278	-1.70096E+000	-2.00197E-001	-2.07289E+000	-2.00025E+000	3.01294E-004	11	..........a	-327.68
	3278	3279	-1.70176E+000	-2.00197E-001	-2.08026E+000	-2.00025E+000	2.91944E-004	11	..........a	-327.68
	3279	3280	-1.70416E+000	-2.00197E-001	-2.08187E+000	-2.00025E+000	2.97478E-004	11	..........a	-327.68
	3280	3281	-1.70096E+000	-2.00197E-001	-2.09243E+000	-2.00025E+000	2.98194E-004	11	..........a	-327.68
	3281	3282	-1.70416E+000	-2.00197E-001	-2.09257E+000	-2.00025E+000	2.91778E-004	11	..........a	-327.68
	3282	3283	-1.70096E+000	-2.00197E-001	-2.10173E+000	-2.00025E+000	2.92628E-004	11	..........a	-327.68
	3283	3284	-1.70256E+000	-2.00197E-001	-2.10748E+000	-2.00025E+000	2.87578E-004	11	..........a	-327.68
	3284	3285	-1.70256E+000	-2.00197E-001	-2.10951E+000	-2.00025E+000	2.95678E-004	11	..........a	-327.68
	3285	3286	-1.70416E+000	-2.00196E-001	-2.11416E+000	-2.00025E+000	2.99011E-004	11	..........a	-327.68
	3286	3287	-1.70336E+000	-2.00197E-001	-2.11951E+000	-2.00025E+000	2.91728E-004	11	..........a	-327.68
	3287	3288	-1.70256E+000	-2.00196E-001	-2.12480E+000	-2.00025E+000	2.98044E-004	11	..........a	-327.68
	3288	3289	-1.70256E+000	-2.00196E-001	-2.12992E+000	-2.00025E+000	2.89044E-004	11	..........a	-327.68
	3289	3290	-1.69936E+000	-2.00197E-001	-2.13811E+000	-2.00025E+000	2.90744E-004	11	..........a	-327.68
	3290	3291	-1.70416E+000	-2.00197E-001	-2.14012E+000	-2.00025E+000	3.01644E-004	11	..........a	-327.68
	3291	3292	-1.70416E+000	-2.00197E-001	-2.14151E+000	-2.00025E+000	3.00294E-004	11	..........a	-327.68
	3292	3293	-1.70416E+000	-2.00197E-001	-2.14933E+000	-2.00025E+000	2.89494E-004	11	..........a	-327.68
	3293	3294	-1.69856E+000	-2.00197E-001	-2.15818E+000	-2.00025E+000	2.93678E-004	11	..........a	-327.68
	3294	3295	-1.70176E+000	-2.00197E-001	-2.15997E+000	-2.00025E+000	2.97444E-004	11	..........a	-327.68
	3295	3296	-1.70416E+000	-2.00197E-001	-2.16109E+000	-2.00025E+000	2.94011E-004	11	..........a	-327.68
	3296	3297	-1.70256E+000	-2.00197E-001	-2.16726E+000	-2.00025E+000	2.98461E-004	11	..........a	-327.68
	3297	3298	-1.70576E+000	-2.00197E-001	-2.16906E+000	-2.00025E+000	2.95694E-004	11	..........a	-327.68
	3298	3299	-1.70336E+000	-2.00196E-001	-2.17960E+000	-2.00025E+000	2.91011E-004	11	..........a	-327.68
	3299	3300	-1.70336E+000	-2.00196E-001	-2.18731E+000	-2.00025E+000	2.92311E-004	11	..........a	-327.68
	3300	3301	-1.70296E+000	-2.00197E-001	-2.18667E+000	-2.00025E+000	2.94294E-004	11	..........a	-327.68
	3301	3302	-1.70176E+000	-2.00196E-001	-2.18819E+000	-2.00025E+000	2.90311E-004	11	..........a	-327.68
	3302	3303	-1.70136E+000	-2.00196E-001	-2.18522E+000	-2.00025E+000	2.95894E-004	11	..........a	-327.68
	3303	3304	-1.70256E+000	-2.00197E-001	-2.18741E+000	-2.00025E+000	2.88911E-004	11	..........a	-327.68
	3304	3305	-1.70176E+000	-2.00197E-001	-2.19394E+000	-2.00025E+000	2.98678E-004	11	..........a	-327.68
	3305	3306	-1.70136E+000	-2.00197E-001	-2.19525E+000	-2.00025E+000	2.91911E-004	11	..........a	-327.68
	3306	3307	-1.70096E+000	-2.00197E-001	-2.20010E+000	-2.00025E+000	2.93228E-004	11	..........a	-327.68
	3307	3308	-1.70176E+000	-2.00197E-001	-2.19723E+000	-2.00025E+000	2.98294E-004	11	..........a	-327.68
	3308	3309	-1.69896E+000	-2.00197E-001	-2.20414E+000	-2.00025E+000	2.95778E-004	11	..........a	-327.68
	3309	3310	-1.70216E+000	-2.00197E-001	-2.20065E+000	-2.00025E+000	2.92394E-004	11	..........a	-327.68
	3310	3311	-1.70136E+000	-2.00197E-001	-2.20512E+000	-2.00025E+000	2.89644E-004	11	..........a	-327.68
	3311	3312	-1.70136E+000	-2.00197E-001	-2.20752E+000	-2.00025E+000	2.90894E-004	11	..........a	-327.68
	3312	3313	-1.70096E+000	-2.00196E-001	-2.20880E+000	-2.00025E+000	2.95678E-004	11	..........a	-327.68
	3313	3314	-1.70216E+000	-2.00197E-001	-2.21109E+000	-2.00025E+000	2.93528E-004	11	..........a	-327.68
	3314	3315	-1.70096E+000	-2.00196E-001	-2.07774E+000	-2.00025E+000	2.85428E-004	11	..........a	-327.68
	3315	3316	-1.70096E+000	-2.00197E-001	-2.08205E+000	-2.00025E+000	2.91794E-004	11	..........a	-327.68
	3316	3317	-1.70296E+000	-2.00197E-001	-2.08654E+000	-2.00025E+000	2.99778E-004	11	..........a	-327.68
	3317	3318	-1.70256E+000	-2.00196E-001	-2.09365E+000	-2.00025E+000	2.91061E-004	11	..........a	-327.68
	3318	3319	-1.70416E+000	-2.00196E-001	-2.10186E+000	-2.00025E+000	3.02694E-004	11	..........a	-327.68
	3319	3320	-1.70376E+000	-2.00197E-001	-2.10799E+000	-2.00025E+000	2.98228E-004	11	..........a	-327.68
	3320	3321	-1.70216E+000	-2.00196E-001	-2.11707E+000	-2.00025E+000	2.96994E-004	11	..........a	-327.68
	3321	3322	-1.70136E+000	-2.00196E-001	-2.12044E+000	-2.00025E+000	2.93844E-004	11	..........a	-327.68
	3322	3323	-1.70136E+000	-2.00197E-001	-2.12662E+000	-2.00025E+000	3.00128E-004	11	..........a	-327.68
	3323	3324	-1.70096E+000	-2.00196E-001	-2.13298E+000	-2.00025E+000	2.96328E-004	11	..........a	-327.68
	3324	3325	-1.70176E+000	-2.00197E-001	-2.14214E+000	-2.00025E+000	3.00928E-004	11	..........a	-327.68
	3325	3326	-1.70096E+000	-2.00196E-001	-2.14871E+000	-2.00025E+000	2.91244E-004	11	..........a	-327.68
	3326	3327	-1.70416E+000	-2.00197E-001	-2.14767E+000	-2.00025E+000	2.94511E-004	11	..........a	-327.68
	3327	3328	-1.70256E+000	-2.00197E-001	-2.15021E+000	-2.00025E+000	2.98628E-004	11	..........a	-327.68
	3328	3329	-1.70216E+000	-2.00196E-001	-2.15135E+000	-2.00025E+000	2.93861E-004	11	..........a	-327.68
	3329	3330	-1.70336E+000	-2.00197E-001	-2.15560E+000	-2.00025E+000	2.96611E-004	11	..........a	-327.68
	3330	3331	-1.70416E+000	-2.00197E-001	-2.15919E+000	-2.00025E+000	2.86461E-004	11	..........a	-327.68
	3331	3332	-1.70216E+000	-2.00197E-001	-2.16154E+000	-2.00025E+000	2.96394E-004	11	..........a	-327.68
	3332	3333	-1.70256E+000	-2.00196E-001	-2.17141E+000	-2.00025E+000	2.90461E-004	11	..........a	-327.68
	3333	3334	-1.70216E+000	-2.00197E-001	-2.17269E+000	-2.00025E+000	2.95894E-004	11	..........a	-327.68
	3334	3335	-1.70256E+000	-2.00197E-001	-2.17842E+000	-2.00025E+000	2.94044E-004	11	..........a	-327.68
	3335	3336	-1.70176E+000	-2.00197E-001	-2.18410E+000	-2.00025E+000	2.94994E-004	11	..........a	-327.68
	3336	3337	-1.70016E+000	-2.00197E-001	-2.19605E+000	-2.00025E+000	2.94944E-004	11	..........a	-327.68
	3337	3338	-1.70256E+000	-2.00197E-001	-2.19905E+000	-2.00025E+000	2.91678E-004	11	..........a	-327.68
	3338	3339	-1.70096E+000	-2.00197E-001	-2.20289E+000	-2.00025E+000	2.96928E-004	11	..........a	-327.68
	3339	3340	-1.70416E+000	-2.00197E-001	-2.20633E+000	-2.00025E+000	3.00344E-004	11	..........a	-327.68
	3340	3341	-1.70256E+000	-2.00197E-001	-2.21169E+000	-2.00025E+000	2.91294E-004	11	..........a	-327.68
	3341	3342	-1.70336E+000	-2.00197E-001	-2.21764E+000	-2.00025E+000	2.94978E-004	11	..........a	-327.68
	3342	3343	-1.70416E+000	-2.00197E-001	-2.21624E+000	-2.00025E+000	2.91461E-004	11	..........a	-327.68
	3343	3344	-1.70176E+000	-2.00197E-001	-2.22317E+000	-2.00025E+000	2.92428E-004	11	..........a	-327.68
	3344	3345	-1.70336E+000	-2.00197E-001	-2.21856E+000	-2.00025E+000	3.00394E-004	11	..........a	-327.68
	3345	3346	-1.70296E+000	-2.00197E-001	-2.21995E+000	-2.00025E+000	2.96794E-004	11	..........a	-327.68
	3346	3347	-1.70096E+000	-2.00197E-001	-2.23059E+000	-2.00025E+000	2.97461E-004	11	..........a	-327.68
	3347	3348	-1.70416E+000	-2.00197E-001	-2.22871E+000	-2.00025E+000	2.95228E-004	11	..........a	-327.68
	3348	3349	-1.70256E+000	-2.00196E-001	-2.23587E+000	-2.00025E+000	2.96128E-004	11	..........a	-327.68
	3349	3350	-1.70336E+000	-2.00196E-001	-2.23486E+000	-2.00025E+000	3.01378E-004	11	..........a	-327.68
	3350	3351	-1.70176E+000	-2.00196E-001	-2.24059E+000	-2.00025E+000	2.97011E-004	11	..........a	-327.68
	3351	3352	-1.70176E+000	-2.00197E-001	-2.24086E+000	-2.00025E+000	3.05894E-004	11	..........a	-327.68
	3352	3353	-1.70256E+000	-2.00196E-001	-2.24308E+000	-2.00025E+000	2.97394E-004	11	..........a	-327.68
	3353	3354	-1.70016E+000	-2.00197E-001	-2.24631E+000	-2.00025E+000	2.92544E-004	11	..........a	-327.68
	3354	3355	-1.70216E+000	-2.00196E-001	-2.06688E+000	-2.00025E+000	2.98978E-004	11	..........a	-327.68
	3355	3356	-1.70176E+000	-2.00197E-001	-2.07020E+000	-2.00025E+000	2.90544E-004	11	..........a	-327.68
	3356	3357	-1.70136E+000	-2.00196E-001	-2.07314E+000	-2.00025E+000	2.87961E-004	11	..........a	-327.68
	3357	3358	-1.70176E+000	-2.00197E-001	-2.08120E+000	-2.00025E+000	2.94511E-004	11	..........a	-327.68
	3358	3359	-1.70296E+000	-2.00197E-001	-2.08347E+000	-2.00025E+000	2.92594E-004	11	..........a	-327.68
	3359	3360	-1.70416E+000	-2.00197E-001	-2.08957E+000	-2.00025E+000	3.01728E-004	11	..........a	-327.68
	3360	3361	-1.70256E+000	-2.00197E-001	-2.09688E+000	-2.00025E+000	3.01311E-004	11	..........a	-327.68
	3361	3362	-1.70336E+000	-2.00197E-001	-2.10086E+000	-2.00025E+000	2.95828E-004	11	..........a	-327.68
	3362	3363	-1.70336E+000	-2.00196E-001	-2.10781E+000	-2.00025E+000	2.95844E-004	11	..........a	-327.68
	3363	3364	-1.70256E+000	-2.00197E-001	-2.11130E+000	-2.00025E+000	3.01311E-004	11	..........a	-327.68
	3364	3365	-1.70336E+000	-2.00196E-001	-2.11653E+000	-2.00025E+000	2.96678E-004	11	..........a	-327.68
	3365	3366	-1.70176E+000	-2.00196E-001	-2.11911E+000	-2.00025E+000	3.02544E-004	11	..........a	-327.68
	3366	3367	-1.70096E+000	-2.00196E-001	-2.12554E+000	-2.00025E+000	2.94728E-004	11	..........a	-327.68
	3367	3368	-1.70176E+000	-2.00196E-001	-2.13139E+000	-2.00025E+000	2.93511E-004	11	..........a	-327.68
	3368	3369	-1.70096E+000	-2.00196E-001	-2.14513E+000	-2.00025E+000	2.88628E-004	11	..........a	-327.68
	3369	3370	-1.70216E+000	-2.00196E-001	-2.15128E+000	-2.00025E+000	2.89044E-004	11	..........a	-327.68
	3370	3371	-1.70256E+000	-2.00196E-001	-2.15017E+000	-2.00025E+000	2.93561E-004	11	..........a	-327.68
	3371	3372	-1.70176E+000	-2.00196E-001	-2.14893E+000	-2.00025E+000	2.96228E-004	11	..........a	-327.68
	3372	3373	-1.70176E+000	-2.00196E-001	-2.15290E+000	-2.00025E+000	2.97128E-004	11	..........a	-327.68
	3373	3374	-1.70416E+000	-2.00196E-001	-2.15403E+000	-2.00025E+000	2.94111E-004	11	..........a	-327.68
	3374	3375	-1.70416E+000	-2.00196E-001	-2.15776E+000	-2.00025E+000	2.91811E-004	11	..........a	-327.68
	3375	3376	-1.70216E+000	-2.00196E-001	-2.16086E+000	-2.00025E+000	3.00278E-004	11	..........a	-327.68
	3376	3377	-1.70296E+000	-2.00196E-001	-2.16673E+000	-2.00025E+000	2.95178E-004	11	..........a	-327.68
	3377	3378	-1.70416E+000	-2.00197E-001	-2.16953E+000	-2.00025E+000	3.25361E-004	11	..........a	-327.68
	3378	3379	-1.70136E+000	-2.00198E-001	-2.17647E+000	-2.00025E+000	3.33861E-004	11	..........a	-327.68
	3379	3380	-1.70256E+000	-2.00198E-001	-2.17722E+000	-2.00025E+000	3.36844E-004	11	..........a	-327.68
	3380	3381	-1.70096E+000	-2.00197E-001	-2.18661E+000	-2.00025E+000	3.34461E-004	11	..........a	-327.68
	3381	3382	-1.70176E+000	-2.00197E-001	-2.18792E+000	-2.00025E+000	3.28761E-004	11	..........a	-327.68
	3382	3383	-1.70176E+000	-2.00197E-001	-2.19227E+000	-2.00025E+000	3.39261E-004	11	..........a	-327.68
	3383	3384	-1.70256E+000	-2.00197E-001	-2.19873E+000	-2.00025E+000	3.28878E-004	11	..........a	-327.68
	3384	3385	-1.70176E+000	-2.00197E-001	-2.20142E+000	-2.00025E+000	3.34594E-004	11	..........a	-327.68
	3385	3386	-1.70256E+000	-2.00197E-001	-2.20534E+000	-2.00025E+000	3.34978E-004	11	..........a	-327.68
	3386	3387	-1.70176E+000	-2.00197E-001	-2.20992E+000	-2.00025E+000	3.35028E-004	11	..........a	-327.68
	3387	3388	-1.70256E+000	-2.00197E-001	-2.21287E+000	-2.00025E+000	3.40278E-004	11	..........a	-327.68
	3388	3389	-1.70256E+000	-2.00198E-001	-2.21487E+000	-2.00025E+000	3.31094E-004	11	..........a	-327.68
	3389	3390	-1.70296E+000	-2.00197E-001	-2.21850E+000	-2.00025E+000	3.24578E-004	11	..........a	-327.68
	3390	3391	-1.70256E+000	-2.00198E-001	-2.22204E+000	-2.00025E+000	3.28428E-004	11	..........a	-327.68
	3391	3392	-1.70256E+000	-2.00197E-001	-2.21101E+000	-2.00025E+000	3.29644E-004	11	..........a	-327.68
	3392	3393	-1.69976E+000	-2.00197E-001	-2.08236E+000	-2.00025E+000	3.31278E-004	11	..........a	-327.68
	3393	3394	-1.70216E+000	-2.00197E-001	-2.08185E+000	-2.00025E+000	3.30228E-004	11	..........a	-327.68
	3394	3395	-1.70016E+000	-2.00197E-001	-2.09078E+000	-2.00025E+000	3.25078E-004	11	..........a	-327.68
	3395	3396	-1.70336E+000	-2.00197E-001	-2.09185E+000	-2.00025E+000	3.28261E-004	11	..........a	-327.68
	3396	3397	-1.70256E+000	-2.00197E-001	-2.09764E+000	-2.00025E+000	3.30628E-004	11	..........a	-327.68
	3397	3398	-1.70256E+000	-2.00197E-001	-2.10524E+000	-2.00025E+000	3.33078E-004	11	..........a	-327.68
	3398	3399	-1.70176E+000	-2.00197E-001	-2.10724E+000	-2.00025E+000	3.27594E-004	11	..........a	-327.68
	3399	3400	-1.70256E+000	-2.00197E-001	-2.11441E+000	-2.00025E+000	3.27778E-004	11	..........a	-327.68
	3400	3401	-1.70336E+000	-2.00197E-001	-2.11740E+000	-2.00025E+000	3.34461E-004	11	..........a	-327.68
	3401	3402	-1.70416E+000	-2.00197E-001	-2.12445E+000	-2.00025E+000	3.27344E-004	11	..........a	-327.68
	3402	3403	-1.70536E+000	-2.00197E-001	-2.12711E+000	-2.00025E+000	3.29344E-004	11	..........a	-327.68
	3403	3404	-1.70176E+000	-2.00199E-001	-2.13422E+000	-2.00025E+000	5.57694E-004	11	..........a	-327.68
	3404	3405	-1.70576E+000	-2.00199E-001	-2.13763E+000	-2.00025E+000	5.53094E-004	11	..........a	-327.68
	3405	3406	-1.70016E+000	-2.00199E-001	-2.14765E+000	-2.00025E+000	5.55328E-004	11	..........a	-327.68
	3406	3407	-1.70256E+000	-2.00199E-001	-2.15225E+000	-2.00025E+000	5.69978E-004	11	..........a	-327.68
	3407	3408	-1.70376E+000	-2.00200E-001	-2.15379E+000	-2.00025E+000	5.72111E-004	11	..........a	-327.68
	3408	3409	-1.70336E+000	-2.00199E-001	-2.15972E+000	-2.00025E+000	5.42878E-004	11	..........a	-327.68
	3409	3410	-1.70136E+000	-2.00198E-001	-2.15786E+000	-2.00025E+000	5.45678E-004	11	..........a	-327.68
	3410	3411	-1.70296E+000	-2.00198E-001	-2.16206E+000	-2.00025E+000	5.28261E-004	11	..........a	-327.68
	3411	3412	-1.70216E+000	-2.00198E-001	-2.16645E+000	-2.00025E+000	5.40244E-004	11	..........a	-327.68
	3412	3413	-1.70216E+000	-2.00198E-001	-2.16726E+000	-2.00025E+000	5.30144E-004	11	..........a	-327.68
	3413	3414	-1.70256E+000	-2.00197E-001	-2.17321E+000	-2.00025E+000	5.11094E-004	11	..........a	-327.68
	3414	3415	-1.70256E+000	-2.00197E-001	-2.17474E+000	-2.00025E+000	5.13311E-004	11	..........a	-327.68
	3415	3416	-1.70336E+000	-2.00196E-001	-2.18151E+000	-2.00025E+000	4.92894E-004	11	..........a	-327.68
	3416	3417	-1.70216E+000	-2.00197E-001	-2.18512E+000	-2.00025E+000	4.99378E-004	11	..........a	-327.68
	3417	3418	-1.70216E+000	-2.00196E-001	-2.18613E+000	-2.00025E+000	4.84594E-004	11	..........a	-327.68
	3418	3419	-1.70056E+000	-2.00196E-001	-2.19432E+000	-2.00025E+000	5.06228E-004	11	..........a	-327.68
	3419	3420	-1.70136E+000	-2.00197E-001	-2.19512E+000	-2.00025E+000	5.20794E-004	11	..........a	-327.68
	3420	3421	-1.70016E+000	-2.00197E-001	-2.20298E+000	-2.00025E+000	5.27994E-004	11	..........a	-327.68
	3421	3422	-1.70416E+000	-2.00197E-001	-2.19779E+000	-2.00025E+000	5.17961E-004	11	..........a	-327.68
	3422	3423	-1.70376E+000	-2.00196E-001	-2.19865E+000	-2.00025E+000	4.89861E-004	11	..........a	-327.68
	3423	3424	-1.70176E+000	-2.00196E-001	-2.20818E+000	-2.00025E+000	5.11594E-004	11	..........a	-327.68
	3424	3425	-1.70136E+000	-2.00197E-001	-2.21132E+000	-2.00025E+000	4.98578E-004	11	..........a	-327.68
	3425	3426	-1.70136E+000	-2.00197E-001	-2.21300E+000	-2.00025E+000	5.21394E-004	11	..........a	-327.68
	3426	3427	-1.70136E+000	-2.00197E-001	-2.21154E+000	-2.00025E+000	5.26061E-004	11	..........a	-327.68
	3427	3428	-1.69976E+000	-2.00197E-001	-2.21449E+000	-2.00025E+000	5.29561E-004	11	..........a	-327.68
	3428	3429	-1.70056E+000	-2.00198E-001	-2.21260E+000	-2.00025E+000	5.59211E-004	11	..........a	-327.68
	3429	3430	-1.70056E+000	-2.00197E-001	-2.21629E+000	-2.00025E+000	5.32194E-004	11	..........a	-327.68
	3430	3431	-1.70216E+000	-2.00196E-001	-2.06721E+000	-2.00025E+000	4.93011E-004	11	..........a	-327.68
	3431	3432	-1.70256E+000	-2.00197E-001	-2.07125E+000	-2.00025E+000	5.03394E-004	11	..........a	-327.68
	3432	3433	-1.70056E+000	-2.00197E-001	-2.08494E+000	-2.00025E+000	5.12328E-004	11	..........a	-327.68
	3433	3434	-1.69896E+000	-2.00197E-001	-2.08790E+000	-2.00025E+000	5.22444E-004	11	..........a	-327.68
	3434	3435	-1.70256E+000	-2.00197E-001	-2.09187E+000	-2.00025E+000	4.94211E-004	11	..........a	-327.68
	3435	3436	-1.70336E+000	-2.00196E-001	-2.09236E+000	-2.00025E+000	5.05678E-004	11	..........a	-327.68
	3436	3437	-1.70336E+000	-2.00196E-001	-2.09675E+000	-2.00025E+000	5.03494E-004	11	..........a	-327.68
	3437	3438	-1.70216E+000	-2.00196E-001	-2.10282E+000	-2.00025E+000	4.92978E-004	11	..........a	-327.68
	3438	3439	-1.70256E+000	-2.00196E-001	-2.10461E+000	-2.00025E+000	4.85311E-004	11	..........a	-327.68
	3439	3440	-1.69976E+000	-2.00196E-001	-2.11631E+000	-2.00025E+000	4.82961E-004	11	..........a	-327.68
	3440	3441	-1.70216E+000	-2.00196E-001	-2.11388E+000	-2.00025E+000	5.05211E-004	11	..........a	-327.68
	3441	3442	-1.70176E+000	-2.00197E-001	-2.12290E+000	-2.00025E+000	5.32778E-004	11	..........a	-327.68
	3442	3443	-1.70136E+000	-2.00197E-001	-2.12544E+000	-2.00025E+000	5.24011E-004	11	..........a	-327.68
	3443	3444	-1.70136E+000	-2.00196E-001	-2.13443E+000	-2.00025E+000	4.92511E-004	11	..........a	-327.68
	3444	3445	-1.70256E+000	-2.00196E-001	-2.13553E+000	-2.00025E+000	4.94528E-004	11	..........a	-327.68
	3445	3446	-1.70296E+000	-2.00196E-001	-2.13804E+000	-2.00025E+000	4.77594E-004	11	..........a	-327.68
	3446	3447	-1.70096E+000	-2.00195E-001	-2.14926E+000	-2.00025E+000	4.77878E-004	11	..........a	-327.68
	3447	3448	-1.70216E+000	-2.00197E-001	-2.15073E+000	-2.00025E+000	5.05144E-004	11	..........a	-327.68
	3448	3449	-1.70136E+000	-2.00198E-001	-2.15746E+000	-2.00025E+000	5.42361E-004	11	..........a	-327.68
	3449	3450	-1.70136E+000	-2.00199E-001	-2.15903E+000	-2.00025E+000	5.48928E-004	11	..........a	-327.68
	3450	3451	-1.70256E+000	-2.00199E-001	-2.16270E+000	-2.00025E+000	5.45211E-004	11	..........a	-327.68
	3451	3452	-1.70136E+000	-2.00198E-001	-2.17044E+000	-2.00025E+000	5.38828E-004	11	..........a	-327.68
	3452	3453	-1.70136E+000	-2.00198E-001	-2.17281E+000	-2.00025E+000	5.40461E-004	11	..........a	-327.68
	3453	3454	-1.70376E+000	-2.00197E-001	-2.17777E+000	-2.00025E+000	5.07478E-004	11	..........a	-327.68
	3454	3455	-1.70336E+000	-2.00197E-001	-2.18131E+000	-2.00025E+000	5.27078E-004	11	..........a	-327.68
	3455	3456	-1.70336E+000	-2.00198E-001	-2.18696E+000	-2.00025E+000	5.41844E-004	11	..........a	-327.68
	3456	3457	-1.70296E+000	-2.00198E-001	-2.18662E+000	-2.00025E+000	5.44444E-004	11	..........a	-327.68
	3457	3458	-1.70336E+000	-2.00197E-001	-2.19019E+000	-2.00025E+000	5.25078E-004	11	..........a	-327.68
	3458	3459	-1.70256E+000	-2.00196E-001	-2.19463E+000	-2.00025E+000	4.86878E-004	11	..........a	-327.68
	3459	3460	-1.70176E+000	-2.00197E-001	-2.19788E+000	-2.00025E+000	5.05528E-004	11	..........a	-327.68
	3460	3461	-1.70256E+000	-2.00196E-001	-2.20362E+000	-2.00025E+000	5.06728E-004	11	..........a	-327.68
	3461	3462	-1.70416E+000	-2.00196E-001	-2.20406E+000	-2.00025E+000	4.97094E-004	11	..........a	-327.68
	3462	3463	-1.70096E+000	-2.00197E-001	-2.20957E+000	-2.00025E+000	5.19211E-004	11	..........a	-327.68
	3463	3464	-1.70056E+000	-2.00197E-001	-2.20626E+000	-2.00025E+000	5.19711E-004	11	..........a	-327.68
	3464	3465	-1.70136E+000	-2.00196E-001	-2.06904E+000	-2.00025E+000	5.03228E-004	11	..........a	-327.68
	3465	3466	-1.70256E+000	-2.00195E-001	-2.07021E+000	-2.00025E+000	4.83661E-004	11	..........a	-327.68
	3466	3467	-1.70176E+000	-2.00195E-001	-2.07701E+000	-2.00025E+000	4.73111E-004	11	..........a	-327.68
	3467	3468	-1.70136E+000	-2.00194E-001	-2.08633E+000	-2.00025E+000	4.61344E-004	11	..........a	-327.68
	3468	3469	-1.70256E+000	-2.00196E-001	-2.08849E+000	-2.00025E+000	5.03694E-004	11	..........a	-327.68
	3469	3470	-1.70096E+000	-2.00197E-001	-2.09769E+000	-2.00025E+000	5.30711E-004	11	..........a	-327.68
	3470	3471	-1.70256E+000	-2.00198E-001	-2.10173E+000	-2.00025E+000	5.49044E-004	11	..........a	-327.68
	3471	3472	-1.70376E+000	-2.00197E-001	-2.10502E+000	-2.00025E+000	5.42978E-004	11	..........a	-327.68
	3472	3473	-1.70416E+000	-2.00197E-001	-2.11015E+000	-2.00025E+000	5.33644E-004	11	..........a	-327.68
	3473	3474	-1.70256E+000	-2.00196E-001	-2.11522E+000	-2.00025E+000	4.94628E-004	11	..........a	-327.68
	3474	3475	-1.70416E+000	-2.00197E-001	-2.11945E+000	-2.00025E+000	5.35394E-004	11	..........a	-327.68
	3475	3476	-1.70096E+000	-2.00197E-001	-2.12532E+000	-2.00025E+000	5.36378E-004	11	..........a	-327.68
	3476	3477	-1.70256E+000	-2.00198E-001	-2.12927E+000	-2.00025E+000	5.52728E-004	11	..........a	-327.68
	3477	3478	-1.70256E+000	-2.00199E-001	-2.13018E+000	-2.00025E+000	5.62694E-004	11	..........a	-327.68
	3478	3479	-1.70216E+000	-2.00199E-001	-2.13566E+000	-2.00025E+000	5.51328E-004	11	..........a	-327.68
	3479	3480	-1.70256E+000	-2.00198E-001	-2.13967E+000	-2.00025E+000	5.41394E-004	11	..........a	-327.68
	3480	3481	-1.70216E+000	-2.00197E-001	-2.14072E+000	-2.00025E+000	5.22311E-004	11	..........a	-327.68
	3481	3482	-1.70216E+000	-2.00197E-001	-2.14952E+000	-2.00025E+000	5.13094E-004	11	..........a	-327.68
	3482	3483	-1.70256E+000	-2.00199E-001	-2.15423E+000	-2.00025E+000	5.59044E-004	11	..........a	-327.68
	3483	3484	-1.70216E+000	-2.00199E-001	-2.16075E+000	-2.00025E+000	5.46911E-004	11	..........a	-327.68
	3484	3485	-1.70176E+000	-2.00199E-001	-2.16238E+000	-2.00025E+000	5.53794E-004	11	..........a	-327.68
	3485	3486	-1.70256E+000	-2.00199E-001	-2.16547E+000	-2.00025E+000	5.52628E-004	11	..........a	-327.68
	3486	3487	-1.70256E+000	-2.00198E-001	-2.17483E+000	-2.00025E+000	5.27661E-004	11	..........a	-327.68
	3487	3488	-1.70216E+000	-2.00198E-001	-2.17928E+000	-2.00025E+000	5.26861E-004	11	..........a	-327.68
	3488	3489	-1.70296E+000	-2.00198E-001	-2.18529E+000	-2.00025E+000	5.29044E-004	11	..........a	-327.68
	3489	3490	-1.70256E+000	-2.00198E-001	-2.18862E+000	-2.00025E+000	5.17428E-004	11	..........a	-327.68
	3490	3491	-1.70256E+000	-2.00197E-001	-2.19393E+000	-2.00025E+000	5.20361E-004	11	..........a	-327.68
	3491	3492	-1.69896E+000	-2.00196E-001	-2.19855E+000	-2.00025E+000	4.95611E-004	11	..........a	-327.68
	3492	3493	-1.70336E+000	-2.00196E-001	-2.20690E+000	-2.00025E+000	5.05794E-004	11	..........a	-327.68
	3493	3494	-1.70136E+000	-2.00197E-001	-2.21365E+000	-2.00025E+000	5.05044E-004	11	..........a	-327.68
	3494	3495	-1.70136E+000	-2.00197E-001	-2.21340E+000	-2.00025E+000	5.21944E-004	11	..........a	-327.68
	3495	3496	-1.70336E+000	-2.00196E-001	-2.21442E+000	-2.00025E+000	5.09528E-004	11	..........a	-327.68
	3496	3497	-1.70296E+000	-2.00196E-001	-2.21871E+000	-2.00025E+000	4.97894E-004	11	..........a	-327.68
	3497	3498	-1.70216E+000	-2.00196E-001	-2.21917E+000	-2.00025E+000	5.06261E-004	11	..........a	-327.68
	3498	3499	-1.70216E+000	-2.00198E-001	-2.21893E+000	-2.00025E+000	5.47311E-004	11	..........a	-327.68
	3499	3500	-1.70336E+000	-2.00198E-001	-2.22323E+000	-2.00025E+000	5.44061E-004	11	..........a	-327.68
	3500	3501	-1.70256E+000	-2.00197E-001	-2.22207E+000	-2.00025E+000	5.34894E-004	11	..........a	-327.68
	3501	3502	-1.70176E+000	-2.00197E-001	-2.22570E+000	-2.00025E+000	5.32911E-004	11	..........a	-327.68
	3502	3503	-1.70176E+000	-2.00196E-001	-2.22738E+000	-2.00025E+000	5.03094E-004	11	..........a	-327.68
	3503	3504	-1.70056E+000	-2.00197E-001	-2.22711E+000	-2.00025E+000	5.06328E-004	11	..........a	-327.68
	3504	3505	-1.70256E+000	-2.00196E-001	-2.07721E+000	-2.00025E+000	4.99811E-004	11	..........a	-327.68
	3505	3506	-1.70176E+000	-2.00197E-001	-2.08204E+000	-2.00025E+000	5.10328E-004	11	..........a	-327.68
	3506	3507	-1.70416E+000	-2.00197E-001	-2.09119E+000	-2.00025E+000	5.06361E-004	11	..........a	-327.68
	3507	3508	-1.70256E+000	-2.00196E-001	-2.09646E+000	-2.00025E+000	5.11944E-004	11	..........a	-327.68
	3508	3509	-1.70376E+000	-2.00196E-001	-2.10219E+000	-2.00025E+000	5.08628E-004	11	..........a	-327.68
	3509	3510	-1.70256E+000	-2.00196E-001	-2.10931E+000	-2.00025E+000	5.01461E-004	11	..........a	-327.68
	3510	3511	-1.70256E+000	-2.00196E-001	-2.11462E+000	-2.00025E+000	4.90194E-004	11	..........a	-327.68
	3511	3512	-1.70416E+000	-2.00198E-001	-2.14038E+000	-2.00025E+000	5.43828E-004	11	..........a	-327.68
	3512	3513	-1.70216E+000	-2.00198E-001	-2.14007E+000	-2.00025E+000	5.48861E-004	11	..........a	-327.68
	3513	3514	-1.70416E+000	-2.00199E-001	-2.14539E+000	-2.00025E+000	5.50561E-004	11	..........a	-327.68
	3514	3515	-1.70136E+000	-2.00197E-001	-2.15064E+000	-2.00025E+000	5.33211E-004	11	..........a	-327.68
	3515	3516	-1.70216E+000	-2.00193E-001	-2.15384E+000	-2.00025E+000	1.66244E-004	11	..........a	-327.68
	3516	3517	-1.70176E+000	-2.00192E-001	-2.15639E+000	-2.00025E+000	1.68361E-004	11	..........a	-327.68
	3517	3518	-1.70016E+000	-2.00192E-001	-2.16408E+000	-2.00025E+000	1.61178E-004	11	..........a	-327.68
	3518	3519	-1.70136E+000	-2.00192E-001	-2.16931E+000	-2.00025E+000	1.56411E-004	11	..........a	-327.68
	3519	3520	-1.70256E+000	-2.00192E-001	-2.17261E+000	-2.00025E+000	1.50861E-004	11	..........a	-327.68
	3520	3521	-1.70256E+000	-2.00192E-001	-2.17912E+000	-2.00025E+000	1.57761E-004	11	..........a	-327.68
	3521	3522	-1.70256E+000	-2.00192E-001	-2.17997E+000	-2.00025E+000	1.61544E-004	11	..........a	-327.68
	3522	3523	-1.70176E+000	-2.00193E-001	-2.18696E+000	-2.00025E+000	1.63761E-004	11	..........a	-327.68
	3523	3524	-1.70176E+000	-2.00193E-001	-2.19513E+000	-2.00025E+000	1.56094E-004	11	..........a	-327.68
	3524	3525	-1.70256E+000	-2.00192E-001	-2.19628E+000	-2.00025E+000	1.65878E-004	11	..........a	-327.68
	3525	3526	-1.70216E+000	-2.00192E-001	-2.20327E+000	-2.00025E+000	1.65294E-004	11	..........a	-327.68
	3526	3527	-1.70416E+000	-2.00192E-001	-2.20303E+000	-2.00025E+000	1.62228E-004	11	..........a	-327.68
	3527	3528	-1.70336E+000	-2.00192E-001	-2.21118E+000	-2.00025E+000	1.60644E-004	11	..........a	-327.68
	3528	3529	-1.70496E+000	-2.00192E-001	-2.21002E+000	-2.00025E+000	1.73428E-004	11	..........a	-327.68
	3529	3530	-1.70176E+000	-2.00192E-001	-2.22039E+000	-2.00025E+000	1.66594E-004	11	..........a	-327.68
	3530	3531	-1.70376E+000	-2.00192E-001	-2.21845E+000	-2.00025E+000	1.61844E-004	11	..........a	-327.68
	3531	3532	-1.70296E+000	-2.00192E-001	-2.22267E+000	-2.00025E+000	1.62811E-004	11	..........a	-327.68
	3532	3533	-1.70256E+000	-2.00192E-001	-2.22677E+000	-2.00025E+000	1.64928E-004	11	..........a	-327.68
	3533	3534	-1.70136E+000	-2.00193E-001	-2.22749E+000	-2.00025E+000	1.60894E-004	11	..........a	-327.68
	3534	3535	-1.70336E+000	-2.00192E-001	-2.23174E+000	-2.00025E+000	1.63761E-004	11	..........a	-327.68
	3535	3536	-1.70336E+000	-2.00192E-001	-2.23441E+000	-2.00025E+000	1.71794E-004	11	..........a	-327.68
	3536	3537	-1.70016E+000	-2.00192E-001	-2.24280E+000	-2.00025E+000	1.79561E-004	11	..........a	-327.68
	3537	3538	-1.70216E+000	-2.00199E-001	-2.24268E+000	-2.00025E+000	3.13494E-004	11	..........a	-327.68
	3538	3539	-1.70096E+000	-2.00198E-001	-2.24214E+000	-2.00025E+000	2.99728E-004	11	..........a	-327.68
	3539	3540	-1.70136E+000	-2.00198E-001	-2.24218E+000	-2.00025E+000	3.07694E-004	11	..........a	-327.68
	3540	3541	-1.70096E+000	-2.00199E-001	-2.17006E+000	-2.00025E+000	3.07794E-004	11	..........a	-327.68
	3541	3542	-1.69896E+000	-2.00198E-001	-2.10724E+000	-2.00025E+000	3.09661E-004	11	..........a	-327.68
	3542	3543	-1.70016E+000	-2.00198E-001	-2.10611E+000	-2.00025E+000	3.01844E-004	11	..........a	-327.68
	3543	3544	-1.70096E+000	-2.00198E-001	-2.11389E+000	-2.00025E+000	3.03294E-004	11	..........a	-327.68
	3544	3545	-1.70216E+000	-2.00198E-001	-2.11656E+000	-2.00025E+000	2.98644E-004	11	..........a	-327.68
	3545	3546	-1.70256E+000	-2.00198E-001	-2.12257E+000	-2.00025E+000	2.97194E-004	11	..........a	-327.68
	3546	3547	-1.70176E+000	-2.00198E-001	-2.13038E+000	-2.00025E+000	2.89311E-004	11	..........a	-327.68
	3547	3548	-1.70256E+000	-2.00198E-001	-2.13421E+000	-2.00025E+000	2.94644E-004	11	..........a	-327.68
	3548	3549	-1.70256E+000	-2.00198E-001	-2.14257E+000	-2.00025E+000	3.01928E-004	11	..........a	-327.68
	3549	3550	-1.70256E+000	-2.00198E-001	-2.14369E+000	-2.00025E+000	2.99961E-004	11	..........a	-327.68
	3550	3551	-1.70136E+000	-2.00198E-001	-2.15199E+000	-2.00025E+000	3.00611E-004	11	..........a	-327.68
	3551	3552	-1.70256E+000	-2.00198E-001	-2.15404E+000	-2.00025E+000	3.04028E-004	11	..........a	-327.68
	3552	3553	-1.70336E+000	-2.00198E-001	-2.16256E+000	-2.00025E+000	3.06044E-004	11	..........a	-327.68
	3553	3554	-1.70216E+000	-2.00198E-001	-2.16983E+000	-2.00025E+000	2.99711E-004	11	..........a	-327.68
	3554	3555	-1.70376E+000	-2.00198E-001	-2.17262E+000	-2.00025E+000	3.01811E-004	11	..........a	-327.68
	3555	3556	-1.70256E+000	-2.00199E-001	-2.18065E+000	-2.00025E+000	3.04178E-004	11	..........a	-327.68
	3556	3557	-1.70096E+000	-2.00198E-001	-2.18584E+000	-2.00025E+000	2.92944E-004	11	..........a	-327.68
	3557	3558	-1.70176E+000	-2.00198E-001	-2.19432E+000	-2.00025E+000	3.00394E-004	11	..........a	-327.68
	3558	3559	-1.70336E+000	-2.00198E-001	-2.19270E+000	-2.00025E+000	2.90478E-004	11	..........a	-327.68
	3559	3560	-1.70296E+000	-2.00199E-001	-2.19859E+000	-2.00025E+000	2.97161E-004	11	..........a	-327.68
	3560	3561	-1.70256E+000	-2.00198E-001	-2.20117E+000	-2.00025E+000	2.96644E-004	11	..........a	-327.68
	3561	3562	-1.70336E+000	-2.00198E-001	-2.19928E+000	-2.00025E+000	2.97094E-004	11	..........a	-327.68
	3562	3563	-1.70336E+000	-2.00198E-001	-2.20241E+000	-2.00025E+000	3.01444E-004	11	..........a	-327.68
	3563	3564	-1.70096E+000	-2.00198E-001	-2.20912E+000	-2.00025E+000	3.01511E-004	11	..........a	-327.68
	3564	3565	-1.70096E+000	-2.00198E-001	-2.21381E+000	-2.00025E+000	3.00528E-004	11	..........a	-327.68
	3565	3566	-1.70256E+000	-2.00198E-001	-2.20993E+000	-2.00025E+000	2.86944E-004	11	..........a	-327.68
	3566	3567	-1.70256E+000	-2.00198E-001	-2.21436E+000	-2.00025E+000	2.94461E-004	11	..........a	-327.68
	3567	3568	-1.70096E+000	-2.00197E-001	-2.21777E+000	-2.00025E+000	2.86561E-004	11	..........a	-327.68
	3568	3569	-1.70136E+000	-2.00197E-001	-2.22029E+000	-2.00025E+000	2.89761E-004	11	..........a	-327.68
	3569	3570	-1.69976E+000	-2.00197E-001	-2.22704E+000	-2.00025E+000	2.92661E-004	11	..........a	-327.68
	3570	3571	-1.70136E+000	-2.00196E-001	-2.22697E+000	-2.00025E+000	2.86894E-004	11	..........a	-327.68
	3571	3572	-1.70216E+000	-2.00197E-001	-2.23435E+000	-2.00025E+000	2.93761E-004	11	..........a	-327.68
	3572	3573	-1.70256E+000	-2.00197E-001	-2.23481E+000	-2.00025E+000	2.77611E-004	11	..........a	-327.68
	3573	3574	-1.70016E+000	-2.00197E-001	-2.24151E+000	-2.00025E+000	2.79444E-004	11	..........a	-327.68
	3574	3575	-1.70256E+000	-2.00197E-001	-2.23483E+000	-2.00025E+000	2.85028E-004	11	..........a	-327.68
	3575	3576	-1.70096E+000	-2.00197E-001	-2.07782E+000	-2.00025E+000	2.81711E-004	11	..........a	-327.68
	3576	3577	-1.70176E+000	-2.00197E-001	-2.08212E+000	-2.00025E+000	2.88311E-004	11	..........a	-327.68
	3577	3578	-1.70296E+000	-2.00197E-001	-2.08709E+000	-2.00025E+000	2.90078E-004	11	..........a	-327.68
	3578	3579	-1.70336E+000	-2.00197E-001	-2.09311E+000	-2.00025E+000	2.93811E-004	11	..........a	-327.68
	3579	3580	-1.70256E+000	-2.00198E-001	-2.09531E+000	-2.00025E+000	2.90928E-004	11	..........a	-327.68
	3580	3581	-1.70216E+000	-2.00197E-001	-2.09980E+000	-2.00025E+000	2.97928E-004	11	..........a	-327.68
	3581	3582	-1.70256E+000	-2.00197E-001	-2.10321E+000	-2.00025E+000	3.04044E-004	11	..........a	-327.68
	3582	3583	-1.70056E+000	-2.00197E-001	-2.11214E+000	-2.00025E+000	2.87944E-004	11	..........a	-327.68
	3583	3584	-1.70336E+000	-2.00197E-001	-2.11064E+000	-2.00025E+000	2.88044E-004	11	..........a	-327.68
	3584	3585	-1.70256E+000	-2.00197E-001	-2.11627E+000	-2.00025E+000	2.81328E-004	11	..........a	-327.68
	3585	3586	-1.70256E+000	-2.00197E-001	-2.12446E+000	-2.00025E+000	2.88261E-004	11	..........a	-327.68
	3586	3587	-1.70176E+000	-2.00197E-001	-2.13081E+000	-2.00025E+000	2.94511E-004	11	..........a	-327.68
	3587	3588	-1.70176E+000	-2.00196E-001	-2.13497E+000	-2.00025E+000	2.97494E-004	11	..........a	-327.68
	3588	3589	-1.70176E+000	-2.00197E-001	-2.13618E+000	-2.00025E+000	2.92211E-004	11	..........a	-327.68
	3589	3590	-1.70136E+000	-2.00197E-001	-2.14334E+000	-2.00025E+000	2.86744E-004	11	..........a	-327.68
	3590	3591	-1.70176E+000	-2.00197E-001	-2.14698E+000	-2.00025E+000	2.74878E-004	11	..........a	-327.68
	3591	3592	-1.70016E+000	-2.00197E-001	-2.15186E+000	-2.00025E+000	2.84928E-004	11	..........a	-327.68
	3592	3593	-1.70056E+000	-2.00197E-001	-2.15541E+000	-2.00025E+000	2.83944E-004	11	..........a	-327.68
	3593	3594	-1.70176E+000	-2.00197E-001	-2.15863E+000	-2.00025E+000	2.85628E-004	11	..........a	-327.68
	3594	3595	-1.69976E+000	-2.00197E-001	-2.16855E+000	-2.00025E+000	2.82478E-004	11	..........a	-327.68
	3595	3596	-1.69776E+000	-2.00197E-001	-2.17369E+000	-2.00025E+000	2.88378E-004	11	..........a	-327.68
	3596	3597	-1.70216E+000	-2.00197E-001	-2.17722E+000	-2.00025E+000	2.96994E-004	11	..........a	-327.68
	3597	3598	-1.70016E+000	-2.00197E-001	-2.18379E+000	-2.00025E+000	2.90511E-004	11	..........a	-327.68
	3598	3599	-1.70176E+000	-2.00197E-001	-2.18893E+000	-2.00025E+000	2.95661E-004	11	..........a	-327.68
	3599	3600	-1.70336E+000	-2.00197E-001	-2.19307E+000	-2.00025E+000	2.80328E-004	11	..........a	-327.68
