EXPLAIN
TAG	GALVANOSTATIC
TITLE	LABEL	Galvanostatic Scan	Test Identifier
DATE	LABEL	8.2.2023	Date
TIME	LABEL	13:17:07	Time
NOTES	NOTES	1	Notes...
	
PSTAT	PSTAT	REF3000-19129	Potentiostat
IINIT	QUANT	-2.00000E+002	Initial I (mA/cm^2)
TINIT	QUANT	3.60000E+003	Initial Time (s)
IFINAL	QUANT	-2.00000E+002	Final I (mA/cm^2)
TFINAL	QUANT	0.00000E+000	Final Time (s)
SAMPLETIME	QUANT	1.00000E+000	Sample Period (s)
AREA	QUANT	1.00000E+000	Sample Area (cm^2)
DENSITY	QUANT	7.87000E+000	Density (g/cm^3)
EQUIV	QUANT	2.79200E+001	Equiv. Wt
IRCOMP	TOGGLE	T	IR Comp
EOC	QUANT	0	Open Circuit (V)
SEQUENCER	TOGGLE	TRUE	Run as Sequence
PSTATMODEL	IQUANT	5	Pstat Model
PSTATSECTION	LABEL	REF3000-19129	Pstat Section
PSTATSERIALNO	LABEL	19129	Pstat Serial Number
CTRLMODE	IQUANT	0	Control Mode
ELECTROMETER	IQUANT	0	RE=0 or CS=1
IESTAB	IQUANT	0	I/E Stability
CASPEED	IQUANT	4	Control Amp Speed
CONVENTION	IQUANT	1	Current Convention
ICHRANGE	IQUANT	2	Ich Range
ICHRANGEMODE	TOGGLE	T	Ich Auto Range
ICHOFFSETENABLE	TOGGLE	F	Ich Offset Enable
ICHOFFSET	QUANT	0	Ich Offset (V)
ICHFILTER	IQUANT	3	Ich Filter
VCHRANGE	IQUANT	3	Vch Range
VCHRANGEMODE	TOGGLE	T	Vch Auto Range
VCHOFFSETENABLE	TOGGLE	F	Vch Offset Enable
VCHOFFSET	QUANT	0	Vch Offset (V)
VCHFILTER	IQUANT	1	Vch Filter
ACHRANGE	IQUANT	2	Ach Range
ACHOFFSETENABLE	TOGGLE	F	Ach Offset Enable
ACHOFFSET	QUANT	0	Ach Offset (V)
ACHFILTER	IQUANT	1	Ach Filter
IERANGELOWERLIMIT	IQUANT	4	I/E Range Lower Limit
IERANGEMODE	TOGGLE	F	I/E AutoRange
IERANGE	IQUANT	11	I/E Range
POSFEEDENABLE	TOGGLE	F	Positive Feedback IR Comp
POSFEEDRESISTANCE	QUANT	0	Positive Feedback Resistance (ohm)
ACHSELECT	IQUANT	0	Ach Select
SENSECABLEID	IQUANT	14	Sense Cable ID
PWRCABLEID	IQUANT	13	Power Cable ID
DCCALDATE	LABEL	11/22/2022	DC Calibration Date
ACCALDATE	LABEL		AC Calibration Date
THERMOSELECT	IQUANT	1	Thermo Select
FRAMEWORKVERSION	QUANT	7.07	Framework Version
INSTRUMENTVERSION	LABEL	4.35	Instrument Version
COMPLIANCEVOLTAGE	IQUANT	0	Compliance Voltage
CURVE	TABLE	3600
	Pt	T	Vf	Im	Vu	Sig	Ach	IERange	Over	Temp
	#	s	V vs. Ref.	A	V	V	V	#	bits	deg C
	0	1	-1.64016E+000	-2.00173E-001	-2.19998E+000	-2.00025E+000	3.23628E-004	11	..........a	-327.68
	1	2	-1.65296E+000	-2.00183E-001	-2.20084E+000	-2.00025E+000	2.54911E-004	11	..........a	-327.68
	2	3	-1.66016E+000	-2.00186E-001	-2.20095E+000	-2.00025E+000	2.51444E-004	11	..........a	-327.68
	3	4	-1.66416E+000	-2.00189E-001	-2.20171E+000	-2.00025E+000	2.64078E-004	11	..........a	-327.68
	4	5	-1.67176E+000	-2.00190E-001	-2.19582E+000	-2.00025E+000	2.64278E-004	11	..........a	-327.68
	5	6	-1.67056E+000	-2.00191E-001	-2.19922E+000	-2.00025E+000	2.59494E-004	11	..........a	-327.68
	6	7	-1.67736E+000	-2.00192E-001	-2.18907E+000	-2.00025E+000	2.62761E-004	11	..........a	-327.68
	7	8	-1.68096E+000	-2.00193E-001	-2.18658E+000	-2.00025E+000	2.68561E-004	11	..........a	-327.68
	8	9	-1.68016E+000	-2.00193E-001	-2.18337E+000	-2.00025E+000	2.63844E-004	11	..........a	-327.68
	9	10	-1.68336E+000	-2.00193E-001	-2.17782E+000	-2.00025E+000	2.58611E-004	11	..........a	-327.68
	10	11	-1.68376E+000	-2.00194E-001	-2.17580E+000	-2.00025E+000	2.62594E-004	11	..........a	-327.68
	11	12	-1.68296E+000	-2.00194E-001	-2.17559E+000	-2.00025E+000	2.61528E-004	11	..........a	-327.68
	12	13	-1.68576E+000	-2.00194E-001	-2.17251E+000	-2.00025E+000	2.61044E-004	11	..........a	-327.68
	13	14	-1.68576E+000	-2.00194E-001	-2.16984E+000	-2.00025E+000	2.60444E-004	11	..........a	-327.68
	14	15	-1.68536E+000	-2.00193E-001	-2.16818E+000	-2.00025E+000	2.58394E-004	11	..........a	-327.68
	15	16	-1.68616E+000	-2.00194E-001	-2.16428E+000	-2.00025E+000	2.64694E-004	11	..........a	-327.68
	16	17	-1.68536E+000	-2.00194E-001	-2.16388E+000	-2.00025E+000	2.63178E-004	11	..........a	-327.68
	17	18	-1.68456E+000	-2.00194E-001	-2.15992E+000	-2.00025E+000	2.66544E-004	11	..........a	-327.68
	18	19	-1.68376E+000	-2.00194E-001	-2.16038E+000	-2.00025E+000	2.61811E-004	11	..........a	-327.68
	19	20	-1.68456E+000	-2.00194E-001	-2.15433E+000	-2.00025E+000	2.63128E-004	11	..........a	-327.68
	20	21	-1.68496E+000	-2.00194E-001	-2.15370E+000	-2.00025E+000	2.57478E-004	11	..........a	-327.68
	21	22	-1.68536E+000	-2.00195E-001	-2.15361E+000	-2.00025E+000	2.58911E-004	11	..........a	-327.68
	22	23	-1.68696E+000	-2.00194E-001	-2.15032E+000	-2.00025E+000	2.50311E-004	11	..........a	-327.68
	23	24	-1.68816E+000	-2.00194E-001	-2.14739E+000	-2.00025E+000	2.61061E-004	11	..........a	-327.68
	24	25	-1.68856E+000	-2.00194E-001	-2.14319E+000	-2.00025E+000	2.55211E-004	11	..........a	-327.68
	25	26	-1.68456E+000	-2.00194E-001	-2.14809E+000	-2.00025E+000	2.50228E-004	11	..........a	-327.68
	26	27	-1.68496E+000	-2.00194E-001	-2.14178E+000	-2.00025E+000	2.52744E-004	11	..........a	-327.68
	27	28	-1.68456E+000	-2.00195E-001	-2.14255E+000	-2.00025E+000	2.16978E-004	11	..........a	-327.68
	28	29	-1.68536E+000	-2.00195E-001	-2.13736E+000	-2.00025E+000	2.20278E-004	11	..........a	-327.68
	29	30	-1.68536E+000	-2.00195E-001	-2.13634E+000	-2.00025E+000	2.22144E-004	11	..........a	-327.68
	30	31	-1.68456E+000	-2.00195E-001	-2.13344E+000	-2.00025E+000	2.15061E-004	11	..........a	-327.68
	31	32	-1.68536E+000	-2.00195E-001	-2.13310E+000	-2.00025E+000	2.28044E-004	11	..........a	-327.68
	32	33	-1.68656E+000	-2.00195E-001	-2.12975E+000	-2.00025E+000	2.20844E-004	11	..........a	-327.68
	33	34	-1.68536E+000	-2.00195E-001	-2.13169E+000	-2.00025E+000	2.20211E-004	11	..........a	-327.68
	34	35	-1.68536E+000	-2.00195E-001	-2.13046E+000	-2.00025E+000	2.27128E-004	11	..........a	-327.68
	35	36	-1.68376E+000	-2.00195E-001	-2.12692E+000	-2.00025E+000	2.20394E-004	11	..........a	-327.68
	36	37	-1.68376E+000	-2.00195E-001	-2.12633E+000	-2.00025E+000	2.24444E-004	11	..........a	-327.68
	37	38	-1.68296E+000	-2.00195E-001	-2.12443E+000	-2.00025E+000	2.31044E-004	11	..........a	-327.68
	38	39	-1.68376E+000	-2.00195E-001	-2.12517E+000	-2.00025E+000	2.31728E-004	11	..........a	-327.68
	39	40	-1.68536E+000	-2.00195E-001	-2.11967E+000	-2.00025E+000	2.18094E-004	11	..........a	-327.68
	40	41	-1.68216E+000	-2.00195E-001	-2.12592E+000	-2.00025E+000	2.93261E-004	11	..........a	-327.68
	41	42	-1.68336E+000	-2.00195E-001	-2.12469E+000	-2.00025E+000	2.92561E-004	11	..........a	-327.68
	42	43	-1.68296E+000	-2.00195E-001	-2.11898E+000	-2.00025E+000	2.92694E-004	11	..........a	-327.68
	43	44	-1.68456E+000	-2.00195E-001	-2.11720E+000	-2.00025E+000	2.90894E-004	11	..........a	-327.68
	44	45	-1.68536E+000	-2.00195E-001	-2.11482E+000	-2.00025E+000	2.90211E-004	11	..........a	-327.68
	45	46	-1.68376E+000	-2.00195E-001	-2.11793E+000	-2.00025E+000	2.90178E-004	11	..........a	-327.68
	46	47	-1.68376E+000	-2.00195E-001	-2.11720E+000	-2.00025E+000	2.84478E-004	11	..........a	-327.68
	47	48	-1.68296E+000	-2.00195E-001	-2.11931E+000	-2.00025E+000	2.89844E-004	11	..........a	-327.68
	48	49	-1.68296E+000	-2.00195E-001	-2.11548E+000	-2.00025E+000	2.89944E-004	11	..........a	-327.68
	49	50	-1.68536E+000	-2.00195E-001	-2.11479E+000	-2.00025E+000	2.84694E-004	11	..........a	-327.68
	50	51	-1.68456E+000	-2.00195E-001	-2.11390E+000	-2.00025E+000	2.86761E-004	11	..........a	-327.68
	51	52	-1.68456E+000	-2.00195E-001	-2.11596E+000	-2.00025E+000	2.85828E-004	11	..........a	-327.68
	52	53	-1.68456E+000	-2.00195E-001	-2.11489E+000	-2.00025E+000	2.87894E-004	11	..........a	-327.68
	53	54	-1.68616E+000	-2.00195E-001	-2.11217E+000	-2.00025E+000	2.92244E-004	11	..........a	-327.68
	54	55	-1.68376E+000	-2.00195E-001	-2.11482E+000	-2.00025E+000	2.96261E-004	11	..........a	-327.68
	55	56	-1.68616E+000	-2.00195E-001	-2.10869E+000	-2.00025E+000	2.93344E-004	11	..........a	-327.68
	56	57	-1.68376E+000	-2.00195E-001	-2.11184E+000	-2.00025E+000	2.92578E-004	11	..........a	-327.68
	57	58	-1.68136E+000	-2.00195E-001	-2.11182E+000	-2.00025E+000	2.95044E-004	11	..........a	-327.68
	58	59	-1.68576E+000	-2.00195E-001	-2.10898E+000	-2.00025E+000	2.96861E-004	11	..........a	-327.68
	59	60	-1.68456E+000	-2.00195E-001	-2.10776E+000	-2.00025E+000	2.92328E-004	11	..........a	-327.68
	60	61	-1.68496E+000	-2.00195E-001	-2.10695E+000	-2.00025E+000	2.85661E-004	11	..........a	-327.68
	61	62	-1.68496E+000	-2.00195E-001	-2.10609E+000	-2.00025E+000	2.89661E-004	11	..........a	-327.68
	62	63	-1.68456E+000	-2.00196E-001	-2.10705E+000	-2.00025E+000	2.94211E-004	11	..........a	-327.68
	63	64	-1.68456E+000	-2.00195E-001	-2.10791E+000	-2.00025E+000	2.95528E-004	11	..........a	-327.68
	64	65	-1.68496E+000	-2.00195E-001	-2.10605E+000	-2.00025E+000	2.89211E-004	11	..........a	-327.68
	65	66	-1.68776E+000	-2.00195E-001	-2.10612E+000	-2.00025E+000	2.79928E-004	11	..........a	-327.68
	66	67	-1.68816E+000	-2.00195E-001	-2.10474E+000	-2.00025E+000	2.89728E-004	11	..........a	-327.68
	67	68	-1.68776E+000	-2.00195E-001	-2.10859E+000	-2.00025E+000	2.87544E-004	11	..........a	-327.68
	68	69	-1.68776E+000	-2.00195E-001	-2.10540E+000	-2.00025E+000	2.89011E-004	11	..........a	-327.68
	69	70	-1.68936E+000	-2.00195E-001	-2.10620E+000	-2.00025E+000	2.86028E-004	11	..........a	-327.68
	70	71	-1.68936E+000	-2.00196E-001	-2.10291E+000	-2.00025E+000	2.85328E-004	11	..........a	-327.68
	71	72	-1.68856E+000	-2.00195E-001	-2.10606E+000	-2.00025E+000	2.90378E-004	11	..........a	-327.68
	72	73	-1.68936E+000	-2.00195E-001	-2.10287E+000	-2.00025E+000	2.84211E-004	11	..........a	-327.68
	73	74	-1.69096E+000	-2.00195E-001	-2.10199E+000	-2.00025E+000	2.91161E-004	11	..........a	-327.68
	74	75	-1.68856E+000	-2.00195E-001	-2.10656E+000	-2.00025E+000	2.87678E-004	11	..........a	-327.68
	75	76	-1.69216E+000	-2.00195E-001	-2.10290E+000	-2.00025E+000	2.94311E-004	11	..........a	-327.68
	76	77	-1.68976E+000	-2.00195E-001	-2.10498E+000	-2.00025E+000	2.94961E-004	11	..........a	-327.68
	77	78	-1.69016E+000	-2.00196E-001	-2.10431E+000	-2.00025E+000	2.92644E-004	11	..........a	-327.68
	78	79	-1.69416E+000	-2.00196E-001	-2.10279E+000	-2.00025E+000	2.88078E-004	11	..........a	-327.68
	79	80	-1.69216E+000	-2.00195E-001	-2.10340E+000	-2.00025E+000	2.86211E-004	11	..........a	-327.68
	80	81	-1.69456E+000	-2.00195E-001	-2.10451E+000	-2.00025E+000	2.85744E-004	11	..........a	-327.68
	81	82	-1.69736E+000	-2.00196E-001	-2.10072E+000	-2.00025E+000	2.92394E-004	11	..........a	-327.68
	82	83	-1.69576E+000	-2.00196E-001	-2.10416E+000	-2.00025E+000	2.93511E-004	11	..........a	-327.68
	83	84	-1.69416E+000	-2.00195E-001	-2.10642E+000	-2.00025E+000	2.93344E-004	11	..........a	-327.68
	84	85	-1.69496E+000	-2.00195E-001	-2.10539E+000	-2.00025E+000	2.96728E-004	11	..........a	-327.68
	85	86	-1.69736E+000	-2.00195E-001	-2.10684E+000	-2.00025E+000	2.94094E-004	11	..........a	-327.68
	86	87	-1.69616E+000	-2.00195E-001	-2.10578E+000	-2.00025E+000	2.89194E-004	11	..........a	-327.68
	87	88	-1.69576E+000	-2.00195E-001	-2.10859E+000	-2.00025E+000	2.87761E-004	11	..........a	-327.68
	88	89	-1.69856E+000	-2.00196E-001	-2.10164E+000	-2.00025E+000	2.83011E-004	11	..........a	-327.68
	89	90	-1.69936E+000	-2.00195E-001	-2.10044E+000	-2.00025E+000	2.90428E-004	11	..........a	-327.68
	90	91	-1.70056E+000	-2.00195E-001	-2.09800E+000	-2.00025E+000	2.96094E-004	11	..........a	-327.68
	91	92	-1.70216E+000	-2.00195E-001	-2.09842E+000	-2.00025E+000	2.94294E-004	11	..........a	-327.68
	92	93	-1.70136E+000	-2.00196E-001	-2.09725E+000	-2.00025E+000	3.00211E-004	11	..........a	-327.68
	93	94	-1.70296E+000	-2.00195E-001	-2.09594E+000	-2.00025E+000	2.89761E-004	11	..........a	-327.68
	94	95	-1.70336E+000	-2.00196E-001	-2.09684E+000	-2.00025E+000	2.96361E-004	11	..........a	-327.68
	95	96	-1.70416E+000	-2.00195E-001	-2.09763E+000	-2.00025E+000	2.95278E-004	11	..........a	-327.68
	96	97	-1.70616E+000	-2.00195E-001	-2.09718E+000	-2.00025E+000	2.85044E-004	11	..........a	-327.68
	97	98	-1.70616E+000	-2.00195E-001	-2.09745E+000	-2.00025E+000	2.92828E-004	11	..........a	-327.68
	98	99	-1.70616E+000	-2.00195E-001	-2.10383E+000	-2.00025E+000	2.90344E-004	11	..........a	-327.68
	99	100	-1.70856E+000	-2.00195E-001	-2.10010E+000	-2.00025E+000	2.92294E-004	11	..........a	-327.68
	100	101	-1.70896E+000	-2.00195E-001	-2.09936E+000	-2.00025E+000	2.97811E-004	11	..........a	-327.68
	101	102	-1.71016E+000	-2.00196E-001	-2.09721E+000	-2.00025E+000	2.98894E-004	11	..........a	-327.68
	102	103	-1.71176E+000	-2.00196E-001	-2.09696E+000	-2.00025E+000	2.93678E-004	11	..........a	-327.68
	103	104	-1.70896E+000	-2.00195E-001	-2.09666E+000	-2.00025E+000	2.90294E-004	11	..........a	-327.68
	104	105	-1.71176E+000	-2.00195E-001	-2.09423E+000	-2.00025E+000	2.86811E-004	11	..........a	-327.68
	105	106	-1.71096E+000	-2.00195E-001	-2.09605E+000	-2.00025E+000	2.89928E-004	11	..........a	-327.68
	106	107	-1.71176E+000	-2.00195E-001	-2.09582E+000	-2.00025E+000	2.95228E-004	11	..........a	-327.68
	107	108	-1.71496E+000	-2.00195E-001	-2.09592E+000	-2.00025E+000	2.92394E-004	11	..........a	-327.68
	108	109	-1.71496E+000	-2.00195E-001	-2.09281E+000	-2.00025E+000	2.93161E-004	11	..........a	-327.68
	109	110	-1.71576E+000	-2.00196E-001	-2.09573E+000	-2.00025E+000	3.05378E-004	11	..........a	-327.68
	110	111	-1.71296E+000	-2.00195E-001	-2.09650E+000	-2.00025E+000	2.96278E-004	11	..........a	-327.68
	111	112	-1.71616E+000	-2.00196E-001	-2.09628E+000	-2.00025E+000	3.00528E-004	11	..........a	-327.68
	112	113	-1.71656E+000	-2.00196E-001	-2.09471E+000	-2.00025E+000	3.02911E-004	11	..........a	-327.68
	113	114	-1.71456E+000	-2.00196E-001	-2.09797E+000	-2.00025E+000	3.00361E-004	11	..........a	-327.68
	114	115	-1.71816E+000	-2.00196E-001	-2.09204E+000	-2.00025E+000	3.04311E-004	11	..........a	-327.68
	115	116	-1.71656E+000	-2.00195E-001	-2.09534E+000	-2.00025E+000	3.00728E-004	11	..........a	-327.68
	116	117	-1.71816E+000	-2.00195E-001	-2.09560E+000	-2.00025E+000	3.03961E-004	11	..........a	-327.68
	117	118	-1.72136E+000	-2.00195E-001	-2.09219E+000	-2.00025E+000	3.03878E-004	11	..........a	-327.68
	118	119	-1.72216E+000	-2.00195E-001	-2.08956E+000	-2.00025E+000	3.00111E-004	11	..........a	-327.68
	119	120	-1.72456E+000	-2.00195E-001	-2.08507E+000	-2.00025E+000	3.10711E-004	11	..........a	-327.68
	120	121	-1.72176E+000	-2.00196E-001	-2.08954E+000	-2.00025E+000	3.03761E-004	11	..........a	-327.68
	121	122	-1.72216E+000	-2.00195E-001	-2.08963E+000	-2.00025E+000	3.01794E-004	11	..........a	-327.68
	122	123	-1.71896E+000	-2.00195E-001	-2.09703E+000	-2.00025E+000	2.97711E-004	11	..........a	-327.68
	123	124	-1.72216E+000	-2.00195E-001	-2.09702E+000	-2.00025E+000	2.99628E-004	11	..........a	-327.68
	124	125	-1.72056E+000	-2.00196E-001	-2.10047E+000	-2.00025E+000	2.98344E-004	11	..........a	-327.68
	125	126	-1.72616E+000	-2.00196E-001	-2.09724E+000	-2.00025E+000	3.06611E-004	11	..........a	-327.68
	126	127	-1.72656E+000	-2.00196E-001	-2.09382E+000	-2.00025E+000	3.05311E-004	11	..........a	-327.68
	127	128	-1.72456E+000	-2.00195E-001	-2.09865E+000	-2.00025E+000	3.08778E-004	11	..........a	-327.68
	128	129	-1.72536E+000	-2.00196E-001	-2.09599E+000	-2.00025E+000	3.01661E-004	11	..........a	-327.68
	129	130	-1.72536E+000	-2.00195E-001	-2.09774E+000	-2.00025E+000	3.04544E-004	11	..........a	-327.68
	130	131	-1.72696E+000	-2.00195E-001	-2.09411E+000	-2.00025E+000	3.10044E-004	11	..........a	-327.68
	131	132	-1.72856E+000	-2.00195E-001	-2.09603E+000	-2.00025E+000	3.05661E-004	11	..........a	-327.68
	132	133	-1.73256E+000	-2.00196E-001	-2.09184E+000	-2.00025E+000	3.04428E-004	11	..........a	-327.68
	133	134	-1.73336E+000	-2.00196E-001	-2.09081E+000	-2.00025E+000	3.02394E-004	11	..........a	-327.68
	134	135	-1.72856E+000	-2.00196E-001	-2.10047E+000	-2.00025E+000	3.07378E-004	11	..........a	-327.68
	135	136	-1.72936E+000	-2.00196E-001	-2.10154E+000	-2.00025E+000	3.00978E-004	11	..........a	-327.68
	136	137	-1.73176E+000	-2.00196E-001	-2.09837E+000	-2.00025E+000	3.05778E-004	11	..........a	-327.68
	137	138	-1.73176E+000	-2.00196E-001	-2.09851E+000	-2.00025E+000	3.02678E-004	11	..........a	-327.68
	138	139	-1.73416E+000	-2.00196E-001	-2.09695E+000	-2.00025E+000	2.99278E-004	11	..........a	-327.68
	139	140	-1.73416E+000	-2.00196E-001	-2.09310E+000	-2.00025E+000	3.09111E-004	11	..........a	-327.68
	140	141	-1.73416E+000	-2.00196E-001	-2.09508E+000	-2.00025E+000	3.08244E-004	11	..........a	-327.68
	141	142	-1.73456E+000	-2.00196E-001	-2.09449E+000	-2.00025E+000	3.09678E-004	11	..........a	-327.68
	142	143	-1.73616E+000	-2.00196E-001	-2.09437E+000	-2.00025E+000	3.07444E-004	11	..........a	-327.68
	143	144	-1.73736E+000	-2.00196E-001	-2.09525E+000	-2.00025E+000	3.11594E-004	11	..........a	-327.68
	144	145	-1.73736E+000	-2.00196E-001	-2.09367E+000	-2.00025E+000	3.05411E-004	11	..........a	-327.68
	145	146	-1.73896E+000	-2.00196E-001	-2.09585E+000	-2.00025E+000	3.06794E-004	11	..........a	-327.68
	146	147	-1.73816E+000	-2.00196E-001	-2.09503E+000	-2.00025E+000	3.06578E-004	11	..........a	-327.68
	147	148	-1.73656E+000	-2.00196E-001	-2.09631E+000	-2.00025E+000	3.11311E-004	11	..........a	-327.68
	148	149	-1.73816E+000	-2.00196E-001	-2.08712E+000	-2.00025E+000	3.08494E-004	11	..........a	-327.68
	149	150	-1.73816E+000	-2.00196E-001	-2.08844E+000	-2.00025E+000	3.11211E-004	11	..........a	-327.68
	150	151	-1.73816E+000	-2.00196E-001	-2.08721E+000	-2.00025E+000	3.06794E-004	11	..........a	-327.68
	151	152	-1.73936E+000	-2.00196E-001	-2.08595E+000	-2.00025E+000	3.05928E-004	11	..........a	-327.68
	152	153	-1.73736E+000	-2.00196E-001	-2.08872E+000	-2.00025E+000	3.09811E-004	11	..........a	-327.68
	153	154	-1.73896E+000	-2.00196E-001	-2.08409E+000	-2.00025E+000	3.05378E-004	11	..........a	-327.68
	154	155	-1.73856E+000	-2.00196E-001	-2.08511E+000	-2.00025E+000	3.10978E-004	11	..........a	-327.68
	155	156	-1.74016E+000	-2.00195E-001	-2.08199E+000	-2.00025E+000	3.05028E-004	11	..........a	-327.68
	156	157	-1.73976E+000	-2.00196E-001	-2.08524E+000	-2.00025E+000	3.08428E-004	11	..........a	-327.68
	157	158	-1.73856E+000	-2.00196E-001	-2.08608E+000	-2.00025E+000	3.07644E-004	11	..........a	-327.68
	158	159	-1.73976E+000	-2.00196E-001	-2.08905E+000	-2.00025E+000	3.02144E-004	11	..........a	-327.68
	159	160	-1.74096E+000	-2.00196E-001	-2.08668E+000	-2.00025E+000	3.01944E-004	11	..........a	-327.68
	160	161	-1.74096E+000	-2.00196E-001	-2.08999E+000	-2.00025E+000	3.08594E-004	11	..........a	-327.68
	161	162	-1.73856E+000	-2.00196E-001	-2.09151E+000	-2.00025E+000	4.19528E-004	11	..........a	-327.68
	162	163	-1.74096E+000	-2.00196E-001	-2.09070E+000	-2.00025E+000	4.26678E-004	11	..........a	-327.68
	163	164	-1.73976E+000	-2.00196E-001	-2.08951E+000	-2.00025E+000	4.06761E-004	11	..........a	-327.68
	164	165	-1.74096E+000	-2.00196E-001	-2.08817E+000	-2.00025E+000	4.15278E-004	11	..........a	-327.68
	165	166	-1.73936E+000	-2.00196E-001	-2.09034E+000	-2.00025E+000	4.18728E-004	11	..........a	-327.68
	166	167	-1.74016E+000	-2.00196E-001	-2.08480E+000	-2.00025E+000	4.18378E-004	11	..........a	-327.68
	167	168	-1.73896E+000	-2.00196E-001	-2.08580E+000	-2.00025E+000	4.21478E-004	11	..........a	-327.68
	168	169	-1.74016E+000	-2.00196E-001	-2.08230E+000	-2.00025E+000	4.20394E-004	11	..........a	-327.68
	169	170	-1.74176E+000	-2.00195E-001	-2.08549E+000	-2.00025E+000	4.17928E-004	11	..........a	-327.68
	170	171	-1.73976E+000	-2.00196E-001	-2.08740E+000	-2.00025E+000	4.17144E-004	11	..........a	-327.68
	171	172	-1.73936E+000	-2.00196E-001	-2.08595E+000	-2.00025E+000	4.24061E-004	11	..........a	-327.68
	172	173	-1.73936E+000	-2.00196E-001	-2.08686E+000	-2.00025E+000	4.15161E-004	11	..........a	-327.68
	173	174	-1.74016E+000	-2.00196E-001	-2.08434E+000	-2.00025E+000	4.20061E-004	11	..........a	-327.68
	174	175	-1.73936E+000	-2.00196E-001	-2.08618E+000	-2.00025E+000	4.20661E-004	11	..........a	-327.68
	175	176	-1.73856E+000	-2.00196E-001	-2.08601E+000	-2.00025E+000	4.12194E-004	11	..........a	-327.68
	176	177	-1.73936E+000	-2.00196E-001	-2.08652E+000	-2.00025E+000	4.11844E-004	11	..........a	-327.68
	177	178	-1.73896E+000	-2.00196E-001	-2.08557E+000	-2.00025E+000	4.00311E-004	11	..........a	-327.68
	178	179	-1.73616E+000	-2.00196E-001	-2.08504E+000	-2.00025E+000	4.05244E-004	11	..........a	-327.68
	179	180	-1.74016E+000	-2.00195E-001	-2.07767E+000	-2.00025E+000	4.09128E-004	11	..........a	-327.68
	180	181	-1.74016E+000	-2.00195E-001	-2.08101E+000	-2.00025E+000	3.99128E-004	11	..........a	-327.68
	181	182	-1.74016E+000	-2.00196E-001	-2.08305E+000	-2.00025E+000	4.04544E-004	11	..........a	-327.68
	182	183	-1.74256E+000	-2.00195E-001	-2.08318E+000	-2.00025E+000	4.03644E-004	11	..........a	-327.68
	183	184	-1.74016E+000	-2.00196E-001	-2.08706E+000	-2.00025E+000	4.19911E-004	11	..........a	-327.68
	184	185	-1.73856E+000	-2.00196E-001	-2.08747E+000	-2.00025E+000	4.11078E-004	11	..........a	-327.68
	185	186	-1.74056E+000	-2.00195E-001	-2.08693E+000	-2.00025E+000	4.13061E-004	11	..........a	-327.68
	186	187	-1.73936E+000	-2.00196E-001	-2.08596E+000	-2.00025E+000	4.17244E-004	11	..........a	-327.68
	187	188	-1.73936E+000	-2.00195E-001	-2.09103E+000	-2.00025E+000	3.27061E-004	11	..........a	-327.68
	188	189	-1.74056E+000	-2.00196E-001	-2.08591E+000	-2.00025E+000	3.22061E-004	11	..........a	-327.68
	189	190	-1.73936E+000	-2.00196E-001	-2.08691E+000	-2.00025E+000	3.27978E-004	11	..........a	-327.68
	190	191	-1.73936E+000	-2.00196E-001	-2.09199E+000	-2.00025E+000	3.27311E-004	11	..........a	-327.68
	191	192	-1.73856E+000	-2.00196E-001	-2.08240E+000	-2.00025E+000	3.27578E-004	11	..........a	-327.68
	192	193	-1.73976E+000	-2.00196E-001	-2.08197E+000	-2.00025E+000	3.28728E-004	11	..........a	-327.68
	193	194	-1.74096E+000	-2.00196E-001	-2.08078E+000	-2.00025E+000	3.38061E-004	11	..........a	-327.68
	194	195	-1.74056E+000	-2.00196E-001	-2.08426E+000	-2.00025E+000	3.36528E-004	11	..........a	-327.68
	195	196	-1.73936E+000	-2.00196E-001	-2.08611E+000	-2.00025E+000	3.31611E-004	11	..........a	-327.68
	196	197	-1.73936E+000	-2.00196E-001	-2.09142E+000	-2.00025E+000	3.30711E-004	11	..........a	-327.68
	197	198	-1.74016E+000	-2.00196E-001	-2.08786E+000	-2.00025E+000	3.35478E-004	11	..........a	-327.68
	198	199	-1.74016E+000	-2.00196E-001	-2.09086E+000	-2.00025E+000	3.33628E-004	11	..........a	-327.68
	199	200	-1.74096E+000	-2.00196E-001	-2.09200E+000	-2.00025E+000	3.29178E-004	11	..........a	-327.68
	200	201	-1.74576E+000	-2.00196E-001	-2.09104E+000	-2.00025E+000	3.28078E-004	11	..........a	-327.68
	201	202	-1.74496E+000	-2.00196E-001	-2.09304E+000	-2.00025E+000	3.34794E-004	11	..........a	-327.68
	202	203	-1.74176E+000	-2.00196E-001	-2.08954E+000	-2.00025E+000	3.28178E-004	11	..........a	-327.68
	203	204	-1.74096E+000	-2.00196E-001	-2.09136E+000	-2.00025E+000	3.27244E-004	11	..........a	-327.68
	204	205	-1.74096E+000	-2.00196E-001	-2.09326E+000	-2.00025E+000	3.28528E-004	11	..........a	-327.68
	205	206	-1.74536E+000	-2.00196E-001	-2.09415E+000	-2.00025E+000	3.30778E-004	11	..........a	-327.68
	206	207	-1.74496E+000	-2.00196E-001	-2.09718E+000	-2.00025E+000	3.28528E-004	11	..........a	-327.68
	207	208	-1.74416E+000	-2.00196E-001	-2.09219E+000	-2.00025E+000	3.25811E-004	11	..........a	-327.68
	208	209	-1.74136E+000	-2.00196E-001	-2.09593E+000	-2.00025E+000	3.32961E-004	11	..........a	-327.68
	209	210	-1.74376E+000	-2.00196E-001	-2.09746E+000	-2.00025E+000	3.32711E-004	11	..........a	-327.68
	210	211	-1.74416E+000	-2.00196E-001	-2.09776E+000	-2.00025E+000	3.28144E-004	11	..........a	-327.68
	211	212	-1.74576E+000	-2.00196E-001	-2.09803E+000	-2.00025E+000	3.31661E-004	11	..........a	-327.68
	212	213	-1.74216E+000	-2.00196E-001	-2.09887E+000	-2.00025E+000	3.32111E-004	11	..........a	-327.68
	213	214	-1.73856E+000	-2.00198E-001	-2.10062E+000	-2.00025E+000	4.80294E-004	11	..........a	-327.68
	214	215	-1.74296E+000	-2.00198E-001	-2.09870E+000	-2.00025E+000	4.84228E-004	11	..........a	-327.68
	215	216	-1.74256E+000	-2.00198E-001	-2.09247E+000	-2.00025E+000	4.75661E-004	11	..........a	-327.68
	216	217	-1.74296E+000	-2.00198E-001	-2.09418E+000	-2.00025E+000	4.80294E-004	11	..........a	-327.68
	217	218	-1.74336E+000	-2.00198E-001	-2.09202E+000	-2.00025E+000	4.67361E-004	11	..........a	-327.68
	218	219	-1.74536E+000	-2.00198E-001	-2.09333E+000	-2.00025E+000	4.64444E-004	11	..........a	-327.68
	219	220	-1.74296E+000	-2.00198E-001	-2.09864E+000	-2.00025E+000	4.63828E-004	11	..........a	-327.68
	220	221	-1.74416E+000	-2.00198E-001	-2.08869E+000	-2.00025E+000	4.69111E-004	11	..........a	-327.68
	221	222	-1.74616E+000	-2.00198E-001	-2.08869E+000	-2.00025E+000	4.75161E-004	11	..........a	-327.68
	222	223	-1.74376E+000	-2.00199E-001	-2.09200E+000	-2.00025E+000	4.70844E-004	11	..........a	-327.68
	223	224	-1.74696E+000	-2.00199E-001	-2.09128E+000	-2.00025E+000	4.69128E-004	11	..........a	-327.68
	224	225	-1.74536E+000	-2.00198E-001	-2.09183E+000	-2.00025E+000	4.78378E-004	11	..........a	-327.68
	225	226	-1.74576E+000	-2.00199E-001	-2.09670E+000	-2.00025E+000	4.81178E-004	11	..........a	-327.68
	226	227	-1.74376E+000	-2.00199E-001	-2.09882E+000	-2.00025E+000	4.75894E-004	11	..........a	-327.68
	227	228	-1.74536E+000	-2.00198E-001	-2.10156E+000	-2.00025E+000	4.80494E-004	11	..........a	-327.68
	228	229	-1.74456E+000	-2.00198E-001	-2.10197E+000	-2.00025E+000	4.83561E-004	11	..........a	-327.68
	229	230	-1.74536E+000	-2.00198E-001	-2.09657E+000	-2.00025E+000	4.86444E-004	11	..........a	-327.68
	230	231	-1.74536E+000	-2.00198E-001	-2.09718E+000	-2.00025E+000	4.81994E-004	11	..........a	-327.68
	231	232	-1.74576E+000	-2.00198E-001	-2.10063E+000	-2.00025E+000	4.90978E-004	11	..........a	-327.68
	232	233	-1.74456E+000	-2.00198E-001	-2.10458E+000	-2.00025E+000	4.85678E-004	11	..........a	-327.68
	233	234	-1.74376E+000	-2.00198E-001	-2.10688E+000	-2.00025E+000	4.83378E-004	11	..........a	-327.68
	234	235	-1.74416E+000	-2.00198E-001	-2.10999E+000	-2.00025E+000	4.76078E-004	11	..........a	-327.68
	235	236	-1.74576E+000	-2.00198E-001	-2.10850E+000	-2.00025E+000	4.77294E-004	11	..........a	-327.68
	236	237	-1.74376E+000	-2.00199E-001	-2.11515E+000	-2.00025E+000	4.70878E-004	11	..........a	-327.68
	237	238	-1.74576E+000	-2.00198E-001	-2.11069E+000	-2.00025E+000	4.71228E-004	11	..........a	-327.68
	238	239	-1.74536E+000	-2.00198E-001	-2.10623E+000	-2.00025E+000	4.74128E-004	11	..........a	-327.68
	239	240	-1.74256E+000	-2.00193E-001	-2.11073E+000	-2.00025E+000	3.58378E-004	11	..........a	-327.68
	240	241	-1.74536E+000	-2.00194E-001	-2.11054E+000	-2.00025E+000	3.55644E-004	11	..........a	-327.68
	241	242	-1.74416E+000	-2.00193E-001	-2.11238E+000	-2.00025E+000	3.57361E-004	11	..........a	-327.68
	242	243	-1.74536E+000	-2.00194E-001	-2.11523E+000	-2.00025E+000	3.52561E-004	11	..........a	-327.68
	243	244	-1.74696E+000	-2.00194E-001	-2.11362E+000	-2.00025E+000	3.51228E-004	11	..........a	-327.68
	244	245	-1.74616E+000	-2.00193E-001	-2.11663E+000	-2.00025E+000	3.51478E-004	11	..........a	-327.68
	245	246	-1.74656E+000	-2.00193E-001	-2.11737E+000	-2.00025E+000	3.52978E-004	11	..........a	-327.68
	246	247	-1.74776E+000	-2.00193E-001	-2.11441E+000	-2.00025E+000	3.53794E-004	11	..........a	-327.68
	247	248	-1.74736E+000	-2.00192E-001	-2.11763E+000	-2.00025E+000	3.54211E-004	11	..........a	-327.68
	248	249	-1.74776E+000	-2.00194E-001	-2.11719E+000	-2.00025E+000	3.55261E-004	11	..........a	-327.68
	249	250	-1.74736E+000	-2.00193E-001	-2.12170E+000	-2.00025E+000	3.55544E-004	11	..........a	-327.68
	250	251	-1.74736E+000	-2.00194E-001	-2.12126E+000	-2.00025E+000	3.58311E-004	11	..........a	-327.68
	251	252	-1.74736E+000	-2.00194E-001	-2.12390E+000	-2.00025E+000	3.54328E-004	11	..........a	-327.68
	252	253	-1.74656E+000	-2.00193E-001	-2.12734E+000	-2.00025E+000	3.50644E-004	11	..........a	-327.68
	253	254	-1.74896E+000	-2.00193E-001	-2.12861E+000	-2.00025E+000	3.51911E-004	11	..........a	-327.68
	254	255	-1.74696E+000	-2.00194E-001	-2.12487E+000	-2.00025E+000	3.54711E-004	11	..........a	-327.68
	255	256	-1.74616E+000	-2.00194E-001	-2.12485E+000	-2.00025E+000	3.51444E-004	11	..........a	-327.68
	256	257	-1.74416E+000	-2.00193E-001	-2.12779E+000	-2.00025E+000	3.53594E-004	11	..........a	-327.68
	257	258	-1.74536E+000	-2.00194E-001	-2.12592E+000	-2.00025E+000	3.56561E-004	11	..........a	-327.68
	258	259	-1.74376E+000	-2.00194E-001	-2.11182E+000	-2.00025E+000	3.55594E-004	11	..........a	-327.68
	259	260	-1.74736E+000	-2.00193E-001	-2.09955E+000	-2.00025E+000	3.53728E-004	11	..........a	-327.68
	260	261	-1.74736E+000	-2.00192E-001	-2.10331E+000	-2.00025E+000	3.49761E-004	11	..........a	-327.68
	261	262	-1.74536E+000	-2.00193E-001	-2.10517E+000	-2.00025E+000	3.52161E-004	11	..........a	-327.68
	262	263	-1.74696E+000	-2.00194E-001	-2.10598E+000	-2.00025E+000	3.53411E-004	11	..........a	-327.68
	263	264	-1.74616E+000	-2.00194E-001	-2.10518E+000	-2.00025E+000	3.51894E-004	11	..........a	-327.68
	264	265	-1.74656E+000	-2.00192E-001	-2.10792E+000	-2.00025E+000	3.48061E-004	11	..........a	-327.68
	265	266	-1.74696E+000	-2.00193E-001	-2.10792E+000	-2.00025E+000	3.52478E-004	11	..........a	-327.68
	266	267	-1.74736E+000	-2.00192E-001	-2.11125E+000	-2.00025E+000	3.52611E-004	11	..........a	-327.68
	267	268	-1.74696E+000	-2.00192E-001	-2.11510E+000	-2.00025E+000	3.50694E-004	11	..........a	-327.68
	268	269	-1.74616E+000	-2.00192E-001	-2.11698E+000	-2.00025E+000	3.57094E-004	11	..........a	-327.68
	269	270	-1.74336E+000	-2.00194E-001	-2.12434E+000	-2.00025E+000	3.53594E-004	11	..........a	-327.68
	270	271	-1.74816E+000	-2.00193E-001	-2.12133E+000	-2.00025E+000	3.54478E-004	11	..........a	-327.68
	271	272	-1.74776E+000	-2.00192E-001	-2.12386E+000	-2.00025E+000	3.57411E-004	11	..........a	-327.68
	272	273	-1.74736E+000	-2.00193E-001	-2.12313E+000	-2.00025E+000	3.57211E-004	11	..........a	-327.68
	273	274	-1.74656E+000	-2.00193E-001	-2.12740E+000	-2.00025E+000	3.52144E-004	11	..........a	-327.68
	274	275	-1.74656E+000	-2.00194E-001	-2.12771E+000	-2.00025E+000	3.54461E-004	11	..........a	-327.68
	275	276	-1.74736E+000	-2.00194E-001	-2.13374E+000	-2.00025E+000	3.50728E-004	11	..........a	-327.68
	276	277	-1.74736E+000	-2.00194E-001	-2.13631E+000	-2.00025E+000	3.52028E-004	11	..........a	-327.68
	277	278	-1.74616E+000	-2.00193E-001	-2.13592E+000	-2.00025E+000	3.55561E-004	11	..........a	-327.68
	278	279	-1.74736E+000	-2.00193E-001	-2.13653E+000	-2.00025E+000	3.52828E-004	11	..........a	-327.68
	279	280	-1.74496E+000	-2.00194E-001	-2.13759E+000	-2.00025E+000	3.51244E-004	11	..........a	-327.68
	280	281	-1.74496E+000	-2.00194E-001	-2.11617E+000	-2.00025E+000	3.50211E-004	11	..........a	-327.68
	281	282	-1.74616E+000	-2.00193E-001	-2.11970E+000	-2.00025E+000	3.57194E-004	11	..........a	-327.68
	282	283	-1.74736E+000	-2.00194E-001	-2.11988E+000	-2.00025E+000	3.52044E-004	11	..........a	-327.68
	283	284	-1.74736E+000	-2.00193E-001	-2.12507E+000	-2.00025E+000	3.55611E-004	11	..........a	-327.68
	284	285	-1.74656E+000	-2.00194E-001	-2.12748E+000	-2.00025E+000	3.49311E-004	11	..........a	-327.68
	285	286	-1.74696E+000	-2.00194E-001	-2.13014E+000	-2.00025E+000	3.54878E-004	11	..........a	-327.68
	286	287	-1.74616E+000	-2.00193E-001	-2.12817E+000	-2.00025E+000	3.51911E-004	11	..........a	-327.68
	287	288	-1.74736E+000	-2.00193E-001	-2.13015E+000	-2.00025E+000	3.54511E-004	11	..........a	-327.68
	288	289	-1.74736E+000	-2.00194E-001	-2.12763E+000	-2.00025E+000	3.54328E-004	11	..........a	-327.68
	289	290	-1.74736E+000	-2.00194E-001	-2.13093E+000	-2.00025E+000	3.53028E-004	11	..........a	-327.68
	290	291	-1.74976E+000	-2.00194E-001	-2.12942E+000	-2.00025E+000	3.54411E-004	11	..........a	-327.68
	291	292	-1.74656E+000	-2.00194E-001	-2.13633E+000	-2.00025E+000	3.57628E-004	11	..........a	-327.68
	292	293	-1.74736E+000	-2.00194E-001	-2.13606E+000	-2.00025E+000	3.56444E-004	11	..........a	-327.68
	293	294	-1.74816E+000	-2.00194E-001	-2.13789E+000	-2.00025E+000	3.54761E-004	11	..........a	-327.68
	294	295	-1.74576E+000	-2.00194E-001	-2.14042E+000	-2.00025E+000	3.51044E-004	11	..........a	-327.68
	295	296	-1.74656E+000	-2.00193E-001	-2.11166E+000	-2.00025E+000	3.56978E-004	11	..........a	-327.68
	296	297	-1.74616E+000	-2.00193E-001	-2.11354E+000	-2.00025E+000	3.56361E-004	11	..........a	-327.68
	297	298	-1.74536E+000	-2.00193E-001	-2.11465E+000	-2.00025E+000	3.52761E-004	11	..........a	-327.68
	298	299	-1.74856E+000	-2.00193E-001	-2.11367E+000	-2.00025E+000	3.51311E-004	11	..........a	-327.68
	299	300	-1.74496E+000	-2.00194E-001	-2.11853E+000	-2.00025E+000	3.56261E-004	11	..........a	-327.68
	300	301	-1.74656E+000	-2.00194E-001	-2.11982E+000	-2.00025E+000	3.53861E-004	11	..........a	-327.68
	301	302	-1.74816E+000	-2.00194E-001	-2.11929E+000	-2.00025E+000	3.54611E-004	11	..........a	-327.68
	302	303	-1.74656E+000	-2.00193E-001	-2.12531E+000	-2.00025E+000	3.54261E-004	11	..........a	-327.68
	303	304	-1.74736E+000	-2.00193E-001	-2.12656E+000	-2.00025E+000	3.54778E-004	11	..........a	-327.68
	304	305	-1.74816E+000	-2.00193E-001	-2.12896E+000	-2.00025E+000	3.58461E-004	11	..........a	-327.68
	305	306	-1.74816E+000	-2.00193E-001	-2.12919E+000	-2.00025E+000	3.55561E-004	11	..........a	-327.68
	306	307	-1.74656E+000	-2.00193E-001	-2.13443E+000	-2.00025E+000	3.56328E-004	11	..........a	-327.68
	307	308	-1.74656E+000	-2.00193E-001	-2.13279E+000	-2.00025E+000	3.50628E-004	11	..........a	-327.68
	308	309	-1.74696E+000	-2.00193E-001	-2.13485E+000	-2.00025E+000	3.48544E-004	11	..........a	-327.68
	309	310	-1.74656E+000	-2.00193E-001	-2.13685E+000	-2.00025E+000	3.56061E-004	11	..........a	-327.68
	310	311	-1.74736E+000	-2.00193E-001	-2.14192E+000	-2.00025E+000	3.50928E-004	11	..........a	-327.68
	311	312	-1.74656E+000	-2.00194E-001	-2.14238E+000	-2.00025E+000	3.52611E-004	11	..........a	-327.68
	312	313	-1.74736E+000	-2.00193E-001	-2.14663E+000	-2.00025E+000	3.53728E-004	11	..........a	-327.68
	313	314	-1.74656E+000	-2.00194E-001	-2.14658E+000	-2.00025E+000	3.52778E-004	11	..........a	-327.68
	314	315	-1.74656E+000	-2.00194E-001	-2.14967E+000	-2.00025E+000	3.53494E-004	11	..........a	-327.68
	315	316	-1.74816E+000	-2.00193E-001	-2.14805E+000	-2.00025E+000	3.54628E-004	11	..........a	-327.68
	316	317	-1.74776E+000	-2.00192E-001	-2.15397E+000	-2.00025E+000	3.55594E-004	11	..........a	-327.68
	317	318	-1.74816E+000	-2.00193E-001	-2.15225E+000	-2.00025E+000	3.55444E-004	11	..........a	-327.68
	318	319	-1.74336E+000	-2.00194E-001	-2.15637E+000	-2.00025E+000	3.50361E-004	11	..........a	-327.68
	319	320	-1.74696E+000	-2.00193E-001	-2.15225E+000	-2.00025E+000	3.50994E-004	11	..........a	-327.68
	320	321	-1.74656E+000	-2.00193E-001	-2.15438E+000	-2.00025E+000	3.54478E-004	11	..........a	-327.68
	321	322	-1.74616E+000	-2.00196E-001	-2.15416E+000	-2.00025E+000	4.30894E-004	11	..........a	-327.68
	322	323	-1.74656E+000	-2.00196E-001	-2.15640E+000	-2.00025E+000	4.37278E-004	11	..........a	-327.68
	323	324	-1.74536E+000	-2.00196E-001	-2.15738E+000	-2.00025E+000	4.38194E-004	11	..........a	-327.68
	324	325	-1.74736E+000	-2.00195E-001	-2.16268E+000	-2.00025E+000	4.40161E-004	11	..........a	-327.68
	325	326	-1.74656E+000	-2.00195E-001	-2.16489E+000	-2.00025E+000	4.29361E-004	11	..........a	-327.68
	326	327	-1.74416E+000	-2.00196E-001	-2.12101E+000	-2.00025E+000	4.34228E-004	11	..........a	-327.68
	327	328	-1.74376E+000	-2.00196E-001	-2.12270E+000	-2.00025E+000	4.25261E-004	11	..........a	-327.68
	328	329	-1.74536E+000	-2.00196E-001	-2.12550E+000	-2.00025E+000	4.19761E-004	11	..........a	-327.68
	329	330	-1.74376E+000	-2.00196E-001	-2.12939E+000	-2.00025E+000	4.29611E-004	11	..........a	-327.68
	330	331	-1.74456E+000	-2.00196E-001	-2.13194E+000	-2.00025E+000	4.16561E-004	11	..........a	-327.68
	331	332	-1.74536E+000	-2.00196E-001	-2.13015E+000	-2.00025E+000	4.20178E-004	11	..........a	-327.68
	332	333	-1.74656E+000	-2.00196E-001	-2.13313E+000	-2.00025E+000	4.29594E-004	11	..........a	-327.68
	333	334	-1.74656E+000	-2.00196E-001	-2.13547E+000	-2.00025E+000	4.12778E-004	11	..........a	-327.68
	334	335	-1.74656E+000	-2.00196E-001	-2.13613E+000	-2.00025E+000	4.11361E-004	11	..........a	-327.68
	335	336	-1.74816E+000	-2.00198E-001	-2.13686E+000	-2.00025E+000	4.05761E-004	11	..........a	-327.68
	336	337	-1.74496E+000	-2.00196E-001	-2.13632E+000	-2.00025E+000	4.15178E-004	11	..........a	-327.68
	337	338	-1.74736E+000	-2.00197E-001	-2.13769E+000	-2.00025E+000	4.29194E-004	11	..........a	-327.68
	338	339	-1.74576E+000	-2.00196E-001	-2.13910E+000	-2.00025E+000	4.19211E-004	11	..........a	-327.68
	339	340	-1.74656E+000	-2.00196E-001	-2.14176E+000	-2.00025E+000	4.14778E-004	11	..........a	-327.68
	340	341	-1.74416E+000	-2.00196E-001	-2.14421E+000	-2.00025E+000	4.21978E-004	11	..........a	-327.68
	341	342	-1.74336E+000	-2.00197E-001	-2.15199E+000	-2.00025E+000	4.16761E-004	11	..........a	-327.68
	342	343	-1.74576E+000	-2.00196E-001	-2.15249E+000	-2.00025E+000	4.10344E-004	11	..........a	-327.68
	343	344	-1.74456E+000	-2.00197E-001	-2.16020E+000	-2.00025E+000	4.17344E-004	11	..........a	-327.68
	344	345	-1.74736E+000	-2.00196E-001	-2.16139E+000	-2.00025E+000	4.22328E-004	11	..........a	-327.68
	345	346	-1.74656E+000	-2.00196E-001	-2.16893E+000	-2.00025E+000	4.24011E-004	11	..........a	-327.68
	346	347	-1.74616E+000	-2.00196E-001	-2.17156E+000	-2.00025E+000	4.35261E-004	11	..........a	-327.68
	347	348	-1.74496E+000	-2.00196E-001	-2.17883E+000	-2.00025E+000	2.28711E-004	11	..........a	-327.68
	348	349	-1.74656E+000	-2.00196E-001	-2.17941E+000	-2.00025E+000	2.48844E-004	11	..........a	-327.68
	349	350	-1.74376E+000	-2.00196E-001	-2.18352E+000	-2.00025E+000	2.32128E-004	11	..........a	-327.68
	350	351	-1.74576E+000	-2.00196E-001	-2.18200E+000	-2.00025E+000	2.23561E-004	11	..........a	-327.68
	351	352	-1.74296E+000	-2.00196E-001	-2.18640E+000	-2.00025E+000	2.25211E-004	11	..........a	-327.68
	352	353	-1.74616E+000	-2.00196E-001	-2.18925E+000	-2.00025E+000	2.03461E-004	11	..........a	-327.68
	353	354	-1.74616E+000	-2.00196E-001	-2.18973E+000	-2.00025E+000	2.12894E-004	11	..........a	-327.68
	354	355	-1.74616E+000	-2.00196E-001	-2.19752E+000	-2.00025E+000	2.08144E-004	11	..........a	-327.68
	355	356	-1.74696E+000	-2.00196E-001	-2.19838E+000	-2.00025E+000	2.26428E-004	11	..........a	-327.68
	356	357	-1.74816E+000	-2.00196E-001	-2.20452E+000	-2.00025E+000	2.39961E-004	11	..........a	-327.68
	357	358	-1.74816E+000	-2.00197E-001	-2.20608E+000	-2.00025E+000	2.53394E-004	11	..........a	-327.68
	358	359	-1.74656E+000	-2.00196E-001	-2.21098E+000	-2.00025E+000	2.26011E-004	11	..........a	-327.68
	359	360	-1.74696E+000	-2.00196E-001	-2.21083E+000	-2.00025E+000	2.03144E-004	11	..........a	-327.68
	360	361	-1.74616E+000	-2.00196E-001	-2.21916E+000	-2.00025E+000	1.94194E-004	11	..........a	-327.68
	361	362	-1.74496E+000	-2.00196E-001	-2.22187E+000	-2.00025E+000	2.03811E-004	11	..........a	-327.68
	362	363	-1.74576E+000	-2.00196E-001	-2.22150E+000	-2.00025E+000	2.11078E-004	11	..........a	-327.68
	363	364	-1.74816E+000	-2.00197E-001	-2.22053E+000	-2.00025E+000	2.07128E-004	11	..........a	-327.68
	364	365	-1.74496E+000	-2.00197E-001	-2.22466E+000	-2.00025E+000	2.16728E-004	11	..........a	-327.68
	365	366	-1.74776E+000	-2.00196E-001	-2.22840E+000	-2.00025E+000	2.12694E-004	11	..........a	-327.68
	366	367	-1.74696E+000	-2.00196E-001	-2.23022E+000	-2.00025E+000	2.08778E-004	11	..........a	-327.68
	367	368	-1.74736E+000	-2.00197E-001	-2.23533E+000	-2.00025E+000	2.06928E-004	11	..........a	-327.68
	368	369	-1.74616E+000	-2.00197E-001	-2.23740E+000	-2.00025E+000	2.07261E-004	11	..........a	-327.68
	369	370	-1.74736E+000	-2.00197E-001	-2.24073E+000	-2.00025E+000	2.01644E-004	11	..........a	-327.68
	370	371	-1.74696E+000	-2.00196E-001	-2.24240E+000	-2.00025E+000	2.24361E-004	11	..........a	-327.68
	371	372	-1.74816E+000	-2.00196E-001	-2.16114E+000	-2.00025E+000	2.28811E-004	11	..........a	-327.68
	372	373	-1.74856E+000	-2.00196E-001	-2.16571E+000	-2.00025E+000	2.12861E-004	11	..........a	-327.68
	373	374	-1.74816E+000	-2.00196E-001	-2.16829E+000	-2.00025E+000	3.30978E-004	11	..........a	-327.68
	374	375	-1.74656E+000	-2.00196E-001	-2.17431E+000	-2.00025E+000	3.24778E-004	11	..........a	-327.68
	375	376	-1.74736E+000	-2.00196E-001	-2.17476E+000	-2.00025E+000	3.22278E-004	11	..........a	-327.68
	376	377	-1.74696E+000	-2.00196E-001	-2.17655E+000	-2.00025E+000	3.23694E-004	11	..........a	-327.68
	377	378	-1.74736E+000	-2.00196E-001	-2.17606E+000	-2.00025E+000	3.32228E-004	11	..........a	-327.68
	378	379	-1.74616E+000	-2.00196E-001	-2.17171E+000	-2.00025E+000	3.25928E-004	11	..........a	-327.68
	379	380	-1.74576E+000	-2.00196E-001	-2.17399E+000	-2.00025E+000	3.34344E-004	11	..........a	-327.68
	380	381	-1.74536E+000	-2.00196E-001	-2.17933E+000	-2.00025E+000	3.32928E-004	11	..........a	-327.68
	381	382	-1.74376E+000	-2.00196E-001	-2.18078E+000	-2.00025E+000	3.37361E-004	11	..........a	-327.68
	382	383	-1.74616E+000	-2.00196E-001	-2.18056E+000	-2.00025E+000	3.36978E-004	11	..........a	-327.68
	383	384	-1.74496E+000	-2.00197E-001	-2.18340E+000	-2.00025E+000	3.33411E-004	11	..........a	-327.68
	384	385	-1.74616E+000	-2.00196E-001	-2.18286E+000	-2.00025E+000	3.28994E-004	11	..........a	-327.68
	385	386	-1.74616E+000	-2.00196E-001	-2.18454E+000	-2.00025E+000	3.29678E-004	11	..........a	-327.68
	386	387	-1.74496E+000	-2.00196E-001	-2.18617E+000	-2.00025E+000	3.27494E-004	11	..........a	-327.68
	387	388	-1.74536E+000	-2.00196E-001	-2.18898E+000	-2.00025E+000	3.33644E-004	11	..........a	-327.68
	388	389	-1.74296E+000	-2.00196E-001	-2.19117E+000	-2.00025E+000	3.28211E-004	11	..........a	-327.68
	389	390	-1.74536E+000	-2.00196E-001	-2.19682E+000	-2.00025E+000	3.37144E-004	11	..........a	-327.68
	390	391	-1.74536E+000	-2.00196E-001	-2.19693E+000	-2.00025E+000	3.34661E-004	11	..........a	-327.68
	391	392	-1.74576E+000	-2.00196E-001	-2.20228E+000	-2.00025E+000	3.32978E-004	11	..........a	-327.68
	392	393	-1.74456E+000	-2.00196E-001	-2.20498E+000	-2.00025E+000	3.33028E-004	11	..........a	-327.68
	393	394	-1.74456E+000	-2.00196E-001	-2.21317E+000	-2.00025E+000	3.33628E-004	11	..........a	-327.68
	394	395	-1.74576E+000	-2.00196E-001	-2.21091E+000	-2.00025E+000	3.36044E-004	11	..........a	-327.68
	395	396	-1.74536E+000	-2.00197E-001	-2.21508E+000	-2.00025E+000	3.32478E-004	11	..........a	-327.68
	396	397	-1.74456E+000	-2.00197E-001	-2.22154E+000	-2.00025E+000	3.33978E-004	11	..........a	-327.68
	397	398	-1.74576E+000	-2.00197E-001	-2.22226E+000	-2.00025E+000	3.33111E-004	11	..........a	-327.68
	398	399	-1.74616E+000	-2.00197E-001	-2.22690E+000	-2.00025E+000	3.30828E-004	11	..........a	-327.68
	399	400	-1.74536E+000	-2.00196E-001	-2.23052E+000	-2.00025E+000	3.13728E-004	11	..........a	-327.68
	400	401	-1.74696E+000	-2.00196E-001	-2.23499E+000	-2.00025E+000	2.98828E-004	11	..........a	-327.68
	401	402	-1.74456E+000	-2.00196E-001	-2.23900E+000	-2.00025E+000	3.01278E-004	11	..........a	-327.68
	402	403	-1.74736E+000	-2.00196E-001	-2.24215E+000	-2.00025E+000	3.00611E-004	11	..........a	-327.68
	403	404	-1.74576E+000	-2.00196E-001	-2.24473E+000	-2.00025E+000	3.07994E-004	11	..........a	-327.68
	404	405	-1.74616E+000	-2.00196E-001	-2.24908E+000	-2.00025E+000	3.02378E-004	11	..........a	-327.68
	405	406	-1.74416E+000	-2.00196E-001	-2.25693E+000	-2.00025E+000	3.03594E-004	11	..........a	-327.68
	406	407	-1.74296E+000	-2.00196E-001	-2.25971E+000	-2.00025E+000	3.01228E-004	11	..........a	-327.68
	407	408	-1.74416E+000	-2.00196E-001	-2.25857E+000	-2.00025E+000	3.04911E-004	11	..........a	-327.68
	408	409	-1.74496E+000	-2.00195E-001	-2.26199E+000	-2.00025E+000	3.03528E-004	11	..........a	-327.68
	409	410	-1.74456E+000	-2.00196E-001	-2.26509E+000	-2.00025E+000	3.02044E-004	11	..........a	-327.68
	410	411	-1.74576E+000	-2.00196E-001	-2.26558E+000	-2.00025E+000	3.00461E-004	11	..........a	-327.68
	411	412	-1.74456E+000	-2.00195E-001	-2.26984E+000	-2.00025E+000	3.04978E-004	11	..........a	-327.68
	412	413	-1.74296E+000	-2.00196E-001	-2.27137E+000	-2.00025E+000	3.12361E-004	11	..........a	-327.68
	413	414	-1.74536E+000	-2.00196E-001	-2.27043E+000	-2.00025E+000	3.15894E-004	11	..........a	-327.68
	414	415	-1.74456E+000	-2.00196E-001	-2.13736E+000	-2.00025E+000	3.10028E-004	11	..........a	-327.68
	415	416	-1.74376E+000	-2.00196E-001	-2.14534E+000	-2.00025E+000	3.12128E-004	11	..........a	-327.68
	416	417	-1.74456E+000	-2.00196E-001	-2.14273E+000	-2.00025E+000	3.09961E-004	11	..........a	-327.68
	417	418	-1.74376E+000	-2.00196E-001	-2.14871E+000	-2.00025E+000	3.09378E-004	11	..........a	-327.68
	418	419	-1.74536E+000	-2.00196E-001	-2.14569E+000	-2.00025E+000	3.14994E-004	11	..........a	-327.68
	419	420	-1.74456E+000	-2.00196E-001	-2.15192E+000	-2.00025E+000	3.20311E-004	11	..........a	-327.68
	420	421	-1.74376E+000	-2.00196E-001	-2.15439E+000	-2.00025E+000	3.19228E-004	11	..........a	-327.68
	421	422	-1.74456E+000	-2.00196E-001	-2.15624E+000	-2.00025E+000	3.19761E-004	11	..........a	-327.68
	422	423	-1.74816E+000	-2.00196E-001	-2.15455E+000	-2.00025E+000	3.10328E-004	11	..........a	-327.68
	423	424	-1.74416E+000	-2.00195E-001	-2.16148E+000	-2.00025E+000	2.99411E-004	11	..........a	-327.68
	424	425	-1.74416E+000	-2.00195E-001	-2.16780E+000	-2.00025E+000	2.99011E-004	11	..........a	-327.68
	425	426	-1.74096E+000	-2.00195E-001	-2.17340E+000	-2.00025E+000	2.94978E-004	11	..........a	-327.68
	426	427	-1.74016E+000	-2.00195E-001	-2.18117E+000	-2.00025E+000	2.94678E-004	11	..........a	-327.68
	427	428	-1.74416E+000	-2.00195E-001	-2.17966E+000	-2.00025E+000	2.92278E-004	11	..........a	-327.68
	428	429	-1.74256E+000	-2.00195E-001	-2.18851E+000	-2.00025E+000	2.91978E-004	11	..........a	-327.68
	429	430	-1.74336E+000	-2.00195E-001	-2.19062E+000	-2.00025E+000	2.96428E-004	11	..........a	-327.68
	430	431	-1.74496E+000	-2.00195E-001	-2.19345E+000	-2.00025E+000	2.94628E-004	11	..........a	-327.68
	431	432	-1.74096E+000	-2.00195E-001	-2.19777E+000	-2.00025E+000	2.94911E-004	11	..........a	-327.68
	432	433	-1.74016E+000	-2.00196E-001	-2.20630E+000	-2.00025E+000	2.98278E-004	11	..........a	-327.68
	433	434	-1.74096E+000	-2.00196E-001	-2.21220E+000	-2.00025E+000	3.00661E-004	11	..........a	-327.68
	434	435	-1.74016E+000	-2.00195E-001	-2.21787E+000	-2.00025E+000	3.01944E-004	11	..........a	-327.68
	435	436	-1.74176E+000	-2.00195E-001	-2.21909E+000	-2.00025E+000	2.86161E-004	11	..........a	-327.68
	436	437	-1.74256E+000	-2.00195E-001	-2.22335E+000	-2.00025E+000	3.01528E-004	11	..........a	-327.68
	437	438	-1.73856E+000	-2.00195E-001	-2.23143E+000	-2.00025E+000	2.89994E-004	11	..........a	-327.68
	438	439	-1.73936E+000	-2.00195E-001	-2.23366E+000	-2.00025E+000	2.97228E-004	11	..........a	-327.68
	439	440	-1.74016E+000	-2.00195E-001	-2.23844E+000	-2.00025E+000	3.01578E-004	11	..........a	-327.68
	440	441	-1.73856E+000	-2.00195E-001	-2.24195E+000	-2.00025E+000	3.05811E-004	11	..........a	-327.68
	441	442	-1.74096E+000	-2.00195E-001	-2.24262E+000	-2.00025E+000	3.00744E-004	11	..........a	-327.68
	442	443	-1.74256E+000	-2.00195E-001	-2.24482E+000	-2.00025E+000	2.89394E-004	11	..........a	-327.68
	443	444	-1.74096E+000	-2.00195E-001	-2.25143E+000	-2.00025E+000	2.87961E-004	11	..........a	-327.68
	444	445	-1.74096E+000	-2.00195E-001	-2.25390E+000	-2.00025E+000	2.89811E-004	11	..........a	-327.68
	445	446	-1.74416E+000	-2.00195E-001	-2.25439E+000	-2.00025E+000	2.89461E-004	11	..........a	-327.68
	446	447	-1.74256E+000	-2.00196E-001	-2.25992E+000	-2.00025E+000	2.88994E-004	11	..........a	-327.68
	447	448	-1.74256E+000	-2.00195E-001	-2.26229E+000	-2.00025E+000	2.89878E-004	11	..........a	-327.68
	448	449	-1.74416E+000	-2.00195E-001	-2.27143E+000	-2.00025E+000	2.90528E-004	11	..........a	-327.68
	449	450	-1.74176E+000	-2.00195E-001	-2.27409E+000	-2.00025E+000	2.95094E-004	11	..........a	-327.68
	450	451	-1.74256E+000	-2.00195E-001	-2.27935E+000	-2.00025E+000	2.90744E-004	11	..........a	-327.68
	451	452	-1.74256E+000	-2.00195E-001	-2.27924E+000	-2.00025E+000	2.88211E-004	11	..........a	-327.68
	452	453	-1.74256E+000	-2.00196E-001	-2.28094E+000	-2.00025E+000	2.95478E-004	11	..........a	-327.68
	453	454	-1.74416E+000	-2.00195E-001	-2.28400E+000	-2.00025E+000	2.93044E-004	11	..........a	-327.68
	454	455	-1.74096E+000	-2.00195E-001	-2.29140E+000	-2.00025E+000	2.95644E-004	11	..........a	-327.68
	455	456	-1.73856E+000	-2.00195E-001	-2.29459E+000	-2.00025E+000	2.98011E-004	11	..........a	-327.68
	456	457	-1.74336E+000	-2.00195E-001	-2.29155E+000	-2.00025E+000	2.93411E-004	11	..........a	-327.68
	457	458	-1.74536E+000	-2.00195E-001	-2.29111E+000	-2.00025E+000	3.01394E-004	11	..........a	-327.68
	458	459	-1.74096E+000	-2.00195E-001	-2.29485E+000	-2.00025E+000	3.02444E-004	11	..........a	-327.68
	459	460	-1.74256E+000	-2.00196E-001	-2.29400E+000	-2.00025E+000	3.00461E-004	11	..........a	-327.68
	460	461	-1.74096E+000	-2.00195E-001	-2.29195E+000	-2.00025E+000	3.03794E-004	11	..........a	-327.68
	461	462	-1.74096E+000	-2.00196E-001	-2.15550E+000	-2.00025E+000	2.92994E-004	11	..........a	-327.68
	462	463	-1.73776E+000	-2.00196E-001	-2.15835E+000	-2.00025E+000	2.90594E-004	11	..........a	-327.68
	463	464	-1.73736E+000	-2.00196E-001	-2.16492E+000	-2.00025E+000	2.95594E-004	11	..........a	-327.68
	464	465	-1.74016E+000	-2.00198E-001	-2.16298E+000	-2.00025E+000	3.32478E-004	11	..........a	-327.68
	465	466	-1.73936E+000	-2.00197E-001	-2.16780E+000	-2.00025E+000	3.33644E-004	11	..........a	-327.68
	466	467	-1.74016E+000	-2.00197E-001	-2.16855E+000	-2.00025E+000	3.38594E-004	11	..........a	-327.68
	467	468	-1.74096E+000	-2.00197E-001	-2.17062E+000	-2.00025E+000	3.30311E-004	11	..........a	-327.68
	468	469	-1.74176E+000	-2.00197E-001	-2.17018E+000	-2.00025E+000	3.34778E-004	11	..........a	-327.68
	469	470	-1.73936E+000	-2.00197E-001	-2.17653E+000	-2.00025E+000	3.34744E-004	11	..........a	-327.68
	470	471	-1.74176E+000	-2.00197E-001	-2.17529E+000	-2.00025E+000	3.39644E-004	11	..........a	-327.68
	471	472	-1.74016E+000	-2.00197E-001	-2.17912E+000	-2.00025E+000	3.40278E-004	11	..........a	-327.68
	472	473	-1.73976E+000	-2.00197E-001	-2.18102E+000	-2.00025E+000	3.35744E-004	11	..........a	-327.68
	473	474	-1.74096E+000	-2.00197E-001	-2.18168E+000	-2.00025E+000	3.44278E-004	11	..........a	-327.68
	474	475	-1.74096E+000	-2.00197E-001	-2.18267E+000	-2.00025E+000	3.39694E-004	11	..........a	-327.68
	475	476	-1.74016E+000	-2.00197E-001	-2.18246E+000	-2.00025E+000	3.37678E-004	11	..........a	-327.68
	476	477	-1.74136E+000	-2.00196E-001	-2.18595E+000	-2.00025E+000	3.26794E-004	11	..........a	-327.68
	477	478	-1.74176E+000	-2.00197E-001	-2.18628E+000	-2.00025E+000	3.32911E-004	11	..........a	-327.68
	478	479	-1.73856E+000	-2.00197E-001	-2.19058E+000	-2.00025E+000	3.36178E-004	11	..........a	-327.68
	479	480	-1.74016E+000	-2.00197E-001	-2.19190E+000	-2.00025E+000	3.36011E-004	11	..........a	-327.68
	480	481	-1.73936E+000	-2.00196E-001	-2.19703E+000	-2.00025E+000	3.26494E-004	11	..........a	-327.68
	481	482	-1.73576E+000	-2.00197E-001	-2.19844E+000	-2.00025E+000	3.33561E-004	11	..........a	-327.68
	482	483	-1.73816E+000	-2.00197E-001	-2.19624E+000	-2.00025E+000	3.36578E-004	11	..........a	-327.68
	483	484	-1.73896E+000	-2.00196E-001	-2.20100E+000	-2.00025E+000	3.34911E-004	11	..........a	-327.68
	484	485	-1.73856E+000	-2.00197E-001	-2.20467E+000	-2.00025E+000	3.34144E-004	11	..........a	-327.68
	485	486	-1.73736E+000	-2.00197E-001	-2.21275E+000	-2.00025E+000	3.33378E-004	11	..........a	-327.68
	486	487	-1.73616E+000	-2.00197E-001	-2.21122E+000	-2.00025E+000	3.34528E-004	11	..........a	-327.68
	487	488	-1.73776E+000	-2.00197E-001	-2.21526E+000	-2.00025E+000	3.26744E-004	11	..........a	-327.68
	488	489	-1.73776E+000	-2.00197E-001	-2.21463E+000	-2.00025E+000	3.28578E-004	11	..........a	-327.68
	489	490	-1.73976E+000	-2.00197E-001	-2.21915E+000	-2.00025E+000	3.28211E-004	11	..........a	-327.68
	490	491	-1.73576E+000	-2.00220E-001	-2.22276E+000	-2.00025E+000	9.71511E-004	11	..........a	-327.68
	491	492	-1.73896E+000	-2.00221E-001	-2.21982E+000	-2.00025E+000	9.87011E-004	11	..........a	-327.68
	492	493	-1.73736E+000	-2.00220E-001	-2.21916E+000	-2.00025E+000	9.81961E-004	11	..........a	-327.68
	493	494	-1.73736E+000	-2.00219E-001	-2.22225E+000	-2.00025E+000	9.68711E-004	11	..........a	-327.68
	494	495	-1.73696E+000	-2.00219E-001	-2.22271E+000	-2.00025E+000	9.62761E-004	11	..........a	-327.68
	495	496	-1.73496E+000	-2.00220E-001	-2.22735E+000	-2.00025E+000	9.58628E-004	11	..........a	-327.68
	496	497	-1.73576E+000	-2.00220E-001	-2.23270E+000	-2.00025E+000	9.76244E-004	11	..........a	-327.68
	497	498	-1.73736E+000	-2.00220E-001	-2.23369E+000	-2.00025E+000	9.76611E-004	11	..........a	-327.68
	498	499	-1.73656E+000	-2.00220E-001	-2.25959E+000	-2.00025E+000	9.80961E-004	11	..........a	-327.68
	499	500	-1.73736E+000	-2.00219E-001	-2.26125E+000	-2.00025E+000	9.67078E-004	11	..........a	-327.68
	500	501	-1.73896E+000	-2.00219E-001	-2.26348E+000	-2.00025E+000	9.70828E-004	11	..........a	-327.68
	501	502	-1.73256E+000	-2.00218E-001	-2.27707E+000	-2.00025E+000	9.57411E-004	11	..........a	-327.68
	502	503	-1.73096E+000	-2.00219E-001	-2.09236E+000	-2.00025E+000	9.50411E-004	11	..........a	-327.68
	503	504	-1.73416E+000	-2.00219E-001	-2.09246E+000	-2.00025E+000	9.49678E-004	11	..........a	-327.68
	504	505	-1.73456E+000	-2.00220E-001	-2.09710E+000	-2.00025E+000	9.65544E-004	11	..........a	-327.68
	505	506	-1.73336E+000	-2.00219E-001	-2.09952E+000	-2.00025E+000	9.63944E-004	11	..........a	-327.68
	506	507	-1.73576E+000	-2.00219E-001	-2.10355E+000	-2.00025E+000	9.61961E-004	11	..........a	-327.68
	507	508	-1.73336E+000	-2.00218E-001	-2.11164E+000	-2.00025E+000	9.53494E-004	11	..........a	-327.68
	508	509	-1.73576E+000	-2.00218E-001	-2.11743E+000	-2.00025E+000	9.55928E-004	11	..........a	-327.68
	509	510	-1.73576E+000	-2.00219E-001	-2.12312E+000	-2.00025E+000	9.69694E-004	11	..........a	-327.68
	510	511	-1.73656E+000	-2.00219E-001	-2.12948E+000	-2.00025E+000	9.76178E-004	11	..........a	-327.68
	511	512	-1.73656E+000	-2.00220E-001	-2.13456E+000	-2.00025E+000	9.66378E-004	11	..........a	-327.68
	512	513	-1.73496E+000	-2.00220E-001	-2.13859E+000	-2.00025E+000	9.59878E-004	11	..........a	-327.68
	513	514	-1.73496E+000	-2.00219E-001	-2.14569E+000	-2.00025E+000	9.60928E-004	11	..........a	-327.68
	514	515	-1.73496E+000	-2.00219E-001	-2.14684E+000	-2.00025E+000	9.65461E-004	11	..........a	-327.68
	515	516	-1.73656E+000	-2.00219E-001	-2.14969E+000	-2.00025E+000	9.57911E-004	11	..........a	-327.68
	516	517	-1.73896E+000	-2.00218E-001	-2.14828E+000	-2.00025E+000	9.50611E-004	11	..........a	-327.68
	517	518	-1.73656E+000	-2.00218E-001	-2.15749E+000	-2.00025E+000	9.50911E-004	11	..........a	-327.68
	518	519	-1.73736E+000	-2.00219E-001	-2.16207E+000	-2.00025E+000	9.58928E-004	11	..........a	-327.68
	519	520	-1.73896E+000	-2.00219E-001	-2.16544E+000	-2.00025E+000	9.62894E-004	11	..........a	-327.68
	520	521	-1.73656E+000	-2.00218E-001	-2.17106E+000	-2.00025E+000	9.54461E-004	11	..........a	-327.68
	521	522	-1.73336E+000	-2.00218E-001	-2.17786E+000	-2.00025E+000	9.52644E-004	11	..........a	-327.68
	522	523	-1.73496E+000	-2.00217E-001	-2.18054E+000	-2.00025E+000	9.49561E-004	11	..........a	-327.68
	523	524	-1.73376E+000	-2.00218E-001	-2.18751E+000	-2.00025E+000	9.43661E-004	11	..........a	-327.68
	524	525	-1.73416E+000	-2.00218E-001	-2.19139E+000	-2.00025E+000	9.50678E-004	11	..........a	-327.68
	525	526	-1.73496E+000	-2.00217E-001	-2.19278E+000	-2.00025E+000	9.49044E-004	11	..........a	-327.68
	526	527	-1.73616E+000	-2.00218E-001	-2.19513E+000	-2.00025E+000	9.43844E-004	11	..........a	-327.68
	527	528	-1.73536E+000	-2.00217E-001	-2.20109E+000	-2.00025E+000	9.47628E-004	11	..........a	-327.68
	528	529	-1.73336E+000	-2.00217E-001	-2.21007E+000	-2.00025E+000	9.48161E-004	11	..........a	-327.68
	529	530	-1.73496E+000	-2.00217E-001	-2.20991E+000	-2.00025E+000	9.48028E-004	11	..........a	-327.68
	530	531	-1.73576E+000	-2.00219E-001	-2.21384E+000	-2.00025E+000	9.58644E-004	11	..........a	-327.68
	531	532	-1.73736E+000	-2.00218E-001	-2.21226E+000	-2.00025E+000	9.54244E-004	11	..........a	-327.68
	532	533	-1.73416E+000	-2.00218E-001	-2.21837E+000	-2.00025E+000	9.49628E-004	11	..........a	-327.68
	533	534	-1.73216E+000	-2.00218E-001	-2.22331E+000	-2.00025E+000	9.58861E-004	11	..........a	-327.68
	534	535	-1.73336E+000	-2.00217E-001	-2.22218E+000	-2.00025E+000	9.45061E-004	11	..........a	-327.68
	535	536	-1.73736E+000	-2.00216E-001	-2.22084E+000	-2.00025E+000	9.27361E-004	11	..........a	-327.68
	536	537	-1.73616E+000	-2.00217E-001	-2.22472E+000	-2.00025E+000	9.40344E-004	11	..........a	-327.68
	537	538	-1.73496E+000	-2.00216E-001	-2.23080E+000	-2.00025E+000	9.34228E-004	11	..........a	-327.68
	538	539	-1.73736E+000	-2.00216E-001	-2.22616E+000	-2.00025E+000	9.30594E-004	11	..........a	-327.68
	539	540	-1.73496E+000	-2.00216E-001	-2.23719E+000	-2.00025E+000	9.31961E-004	11	..........a	-327.68
	540	541	-1.73736E+000	-2.00217E-001	-2.23684E+000	-2.00025E+000	9.30878E-004	11	..........a	-327.68
	541	542	-1.73616E+000	-2.00217E-001	-2.24107E+000	-2.00025E+000	9.26644E-004	11	..........a	-327.68
	542	543	-1.73616E+000	-2.00216E-001	-2.24372E+000	-2.00025E+000	9.25478E-004	11	..........a	-327.68
	543	544	-1.73816E+000	-2.00217E-001	-2.24560E+000	-2.00025E+000	9.55328E-004	11	..........a	-327.68
	544	545	-1.73616E+000	-2.00218E-001	-2.25699E+000	-2.00025E+000	9.46194E-004	11	..........a	-327.68
	545	546	-1.73616E+000	-2.00218E-001	-2.25689E+000	-2.00025E+000	9.58761E-004	11	..........a	-327.68
	546	547	-1.73816E+000	-2.00218E-001	-2.25843E+000	-2.00025E+000	9.51111E-004	11	..........a	-327.68
	547	548	-1.73656E+000	-2.00219E-001	-2.25963E+000	-2.00025E+000	9.61078E-004	11	..........a	-327.68
	548	549	-1.73256E+000	-2.00218E-001	-2.26747E+000	-2.00025E+000	9.42311E-004	11	..........a	-327.68
	549	550	-1.73416E+000	-2.00218E-001	-2.26430E+000	-2.00025E+000	9.43794E-004	11	..........a	-327.68
	550	551	-1.73736E+000	-2.00218E-001	-2.26564E+000	-2.00025E+000	9.38628E-004	11	..........a	-327.68
	551	552	-1.73576E+000	-2.00216E-001	-2.26808E+000	-2.00025E+000	9.35244E-004	11	..........a	-327.68
	552	553	-1.73416E+000	-2.00217E-001	-2.27419E+000	-2.00025E+000	9.42894E-004	11	..........a	-327.68
	553	554	-1.73736E+000	-2.00217E-001	-2.27250E+000	-2.00025E+000	9.46061E-004	11	..........a	-327.68
	554	555	-1.73496E+000	-2.00218E-001	-2.27795E+000	-2.00025E+000	9.46028E-004	11	..........a	-327.68
	555	556	-1.73736E+000	-2.00218E-001	-2.27547E+000	-2.00025E+000	9.44311E-004	11	..........a	-327.68
	556	557	-1.73616E+000	-2.00218E-001	-2.27872E+000	-2.00025E+000	9.43511E-004	11	..........a	-327.68
	557	558	-1.73656E+000	-2.00218E-001	-2.27940E+000	-2.00025E+000	9.44878E-004	11	..........a	-327.68
	558	559	-1.73256E+000	-2.00217E-001	-2.09412E+000	-2.00025E+000	9.37861E-004	11	..........a	-327.68
	559	560	-1.73136E+000	-2.00192E-001	-2.09914E+000	-2.00025E+000	2.15944E-004	11	..........a	-327.68
	560	561	-1.73176E+000	-2.00192E-001	-2.10173E+000	-2.00025E+000	2.14344E-004	11	..........a	-327.68
	561	562	-1.73096E+000	-2.00192E-001	-2.10771E+000	-2.00025E+000	2.17178E-004	11	..........a	-327.68
	562	563	-1.73136E+000	-2.00193E-001	-2.10707E+000	-2.00025E+000	2.17794E-004	11	..........a	-327.68
	563	564	-1.73176E+000	-2.00192E-001	-2.11357E+000	-2.00025E+000	2.17294E-004	11	..........a	-327.68
	564	565	-1.73176E+000	-2.00192E-001	-2.11710E+000	-2.00025E+000	2.17411E-004	11	..........a	-327.68
	565	566	-1.73176E+000	-2.00192E-001	-2.12127E+000	-2.00025E+000	2.22044E-004	11	..........a	-327.68
	566	567	-1.73016E+000	-2.00192E-001	-2.13056E+000	-2.00025E+000	2.21644E-004	11	..........a	-327.68
	567	568	-1.73176E+000	-2.00192E-001	-2.13051E+000	-2.00025E+000	2.15611E-004	11	..........a	-327.68
	568	569	-1.73256E+000	-2.00193E-001	-2.13129E+000	-2.00025E+000	2.24394E-004	11	..........a	-327.68
	569	570	-1.73056E+000	-2.00192E-001	-2.13376E+000	-2.00025E+000	2.28694E-004	11	..........a	-327.68
	570	571	-1.73336E+000	-2.00192E-001	-2.12938E+000	-2.00025E+000	2.27711E-004	11	..........a	-327.68
	571	572	-1.73016E+000	-2.00192E-001	-2.13200E+000	-2.00025E+000	2.21994E-004	11	..........a	-327.68
	572	573	-1.73176E+000	-2.00192E-001	-2.13448E+000	-2.00025E+000	2.23478E-004	11	..........a	-327.68
	573	574	-1.72936E+000	-2.00192E-001	-2.14093E+000	-2.00025E+000	2.22094E-004	11	..........a	-327.68
	574	575	-1.72776E+000	-2.00192E-001	-2.15097E+000	-2.00025E+000	2.25378E-004	11	..........a	-327.68
	575	576	-1.72976E+000	-2.00192E-001	-2.14933E+000	-2.00025E+000	2.16711E-004	11	..........a	-327.68
	576	577	-1.73176E+000	-2.00192E-001	-2.15140E+000	-2.00025E+000	2.10778E-004	11	..........a	-327.68
	577	578	-1.73096E+000	-2.00192E-001	-2.15179E+000	-2.00025E+000	2.15194E-004	11	..........a	-327.68
	578	579	-1.73136E+000	-2.00192E-001	-2.15872E+000	-2.00025E+000	2.22094E-004	11	..........a	-327.68
	579	580	-1.73176E+000	-2.00192E-001	-2.16005E+000	-2.00025E+000	2.15078E-004	11	..........a	-327.68
	580	581	-1.73216E+000	-2.00192E-001	-2.16254E+000	-2.00025E+000	2.19528E-004	11	..........a	-327.68
	581	582	-1.73176E+000	-2.00192E-001	-2.16909E+000	-2.00025E+000	2.13928E-004	11	..........a	-327.68
	582	583	-1.73016E+000	-2.00192E-001	-2.17345E+000	-2.00025E+000	2.16461E-004	11	..........a	-327.68
	583	584	-1.73016E+000	-2.00192E-001	-2.17643E+000	-2.00025E+000	2.11828E-004	11	..........a	-327.68
	584	585	-1.72936E+000	-2.00192E-001	-2.17725E+000	-2.00025E+000	2.19811E-004	11	..........a	-327.68
	585	586	-1.72776E+000	-2.00197E-001	-2.18148E+000	-2.00025E+000	3.15494E-004	11	..........a	-327.68
	586	587	-1.73016E+000	-2.00197E-001	-2.18031E+000	-2.00025E+000	3.13661E-004	11	..........a	-327.68
	587	588	-1.73096E+000	-2.00197E-001	-2.18196E+000	-2.00025E+000	3.18678E-004	11	..........a	-327.68
	588	589	-1.73096E+000	-2.00197E-001	-2.18547E+000	-2.00025E+000	3.11228E-004	11	..........a	-327.68
	589	590	-1.73096E+000	-2.00197E-001	-2.18989E+000	-2.00025E+000	3.11878E-004	11	..........a	-327.68
	590	591	-1.73096E+000	-2.00197E-001	-2.19323E+000	-2.00025E+000	3.04428E-004	11	..........a	-327.68
	591	592	-1.73176E+000	-2.00197E-001	-2.19562E+000	-2.00025E+000	3.06311E-004	11	..........a	-327.68
	592	593	-1.73256E+000	-2.00197E-001	-2.20271E+000	-2.00025E+000	3.04011E-004	11	..........a	-327.68
	593	594	-1.73016E+000	-2.00197E-001	-2.20558E+000	-2.00025E+000	3.08628E-004	11	..........a	-327.68
	594	595	-1.72736E+000	-2.00197E-001	-2.22463E+000	-2.00025E+000	3.02644E-004	11	..........a	-327.68
	595	596	-1.73056E+000	-2.00197E-001	-2.22105E+000	-2.00025E+000	3.10078E-004	11	..........a	-327.68
	596	597	-1.73096E+000	-2.00197E-001	-2.22410E+000	-2.00025E+000	2.98461E-004	11	..........a	-327.68
	597	598	-1.73096E+000	-2.00197E-001	-2.22419E+000	-2.00025E+000	3.10811E-004	11	..........a	-327.68
	598	599	-1.72936E+000	-2.00197E-001	-2.22888E+000	-2.00025E+000	3.14028E-004	11	..........a	-327.68
	599	600	-1.72976E+000	-2.00197E-001	-2.22800E+000	-2.00025E+000	3.12628E-004	11	..........a	-327.68
	600	601	-1.72776E+000	-2.00197E-001	-2.23262E+000	-2.00025E+000	3.10278E-004	11	..........a	-327.68
	601	602	-1.73016E+000	-2.00197E-001	-2.23031E+000	-2.00025E+000	3.21428E-004	11	..........a	-327.68
	602	603	-1.72816E+000	-2.00197E-001	-2.23566E+000	-2.00025E+000	3.12861E-004	11	..........a	-327.68
	603	604	-1.72576E+000	-2.00197E-001	-2.06914E+000	-2.00025E+000	3.14128E-004	11	..........a	-327.68
	604	605	-1.72976E+000	-2.00197E-001	-2.07260E+000	-2.00025E+000	3.24561E-004	11	..........a	-327.68
	605	606	-1.72736E+000	-2.00198E-001	-2.08530E+000	-2.00025E+000	3.18444E-004	11	..........a	-327.68
	606	607	-1.72896E+000	-2.00198E-001	-2.09460E+000	-2.00025E+000	3.12561E-004	11	..........a	-327.68
	607	608	-1.73016E+000	-2.00198E-001	-2.10603E+000	-2.00025E+000	3.15011E-004	11	..........a	-327.68
	608	609	-1.73096E+000	-2.00197E-001	-2.11463E+000	-2.00025E+000	3.12361E-004	11	..........a	-327.68
	609	610	-1.73056E+000	-2.00197E-001	-2.12984E+000	-2.00025E+000	3.11494E-004	11	..........a	-327.68
	610	611	-1.73176E+000	-2.00197E-001	-2.13797E+000	-2.00025E+000	3.15044E-004	11	..........a	-327.68
	611	612	-1.73136E+000	-2.00197E-001	-2.14505E+000	-2.00025E+000	3.14311E-004	11	..........a	-327.68
	612	613	-1.73016E+000	-2.00197E-001	-2.15325E+000	-2.00025E+000	3.13311E-004	11	..........a	-327.68
	613	614	-1.72976E+000	-2.00197E-001	-2.16372E+000	-2.00025E+000	3.19411E-004	11	..........a	-327.68
	614	615	-1.73176E+000	-2.00198E-001	-2.16799E+000	-2.00025E+000	3.22611E-004	11	..........a	-327.68
	615	616	-1.73296E+000	-2.00197E-001	-2.17752E+000	-2.00025E+000	3.11244E-004	11	..........a	-327.68
	616	617	-1.73216E+000	-2.00197E-001	-2.18548E+000	-2.00025E+000	2.99911E-004	11	..........a	-327.68
	617	618	-1.73376E+000	-2.00197E-001	-2.19062E+000	-2.00025E+000	3.10144E-004	11	..........a	-327.68
	618	619	-1.73296E+000	-2.00197E-001	-2.19889E+000	-2.00025E+000	3.08444E-004	11	..........a	-327.68
	619	620	-1.73216E+000	-2.00197E-001	-2.20642E+000	-2.00025E+000	3.04144E-004	11	..........a	-327.68
	620	621	-1.73176E+000	-2.00197E-001	-2.20990E+000	-2.00025E+000	3.07778E-004	11	..........a	-327.68
	621	622	-1.73336E+000	-2.00197E-001	-2.21962E+000	-2.00025E+000	3.08361E-004	11	..........a	-327.68
	622	623	-1.73496E+000	-2.00197E-001	-2.22056E+000	-2.00025E+000	3.19111E-004	11	..........a	-327.68
	623	624	-1.73416E+000	-2.00197E-001	-2.22888E+000	-2.00025E+000	3.14911E-004	11	..........a	-327.68
	624	625	-1.73536E+000	-2.00197E-001	-2.23049E+000	-2.00025E+000	3.12744E-004	11	..........a	-327.68
	625	626	-1.73456E+000	-2.00197E-001	-2.23845E+000	-2.00025E+000	3.10911E-004	11	..........a	-327.68
	626	627	-1.73416E+000	-2.00197E-001	-2.23189E+000	-2.00025E+000	3.14194E-004	11	..........a	-327.68
	627	628	-1.73456E+000	-2.00197E-001	-2.23796E+000	-2.00025E+000	3.01328E-004	11	..........a	-327.68
	628	629	-1.73216E+000	-2.00197E-001	-2.25580E+000	-2.00025E+000	3.03794E-004	11	..........a	-327.68
	629	630	-1.73176E+000	-2.00197E-001	-2.25799E+000	-2.00025E+000	2.98844E-004	11	..........a	-327.68
	630	631	-1.73176E+000	-2.00197E-001	-2.25831E+000	-2.00025E+000	3.04511E-004	11	..........a	-327.68
	631	632	-1.73336E+000	-2.00197E-001	-2.26075E+000	-2.00025E+000	3.02311E-004	11	..........a	-327.68
	632	633	-1.73176E+000	-2.00197E-001	-2.26186E+000	-2.00025E+000	3.00094E-004	11	..........a	-327.68
	633	634	-1.73296E+000	-2.00198E-001	-2.26451E+000	-2.00025E+000	3.01494E-004	11	..........a	-327.68
	634	635	-1.73176E+000	-2.00197E-001	-2.26469E+000	-2.00025E+000	3.04228E-004	11	..........a	-327.68
	635	636	-1.73256E+000	-2.00197E-001	-2.26775E+000	-2.00025E+000	3.02711E-004	11	..........a	-327.68
	636	637	-1.73216E+000	-2.00197E-001	-2.26842E+000	-2.00025E+000	3.13994E-004	11	..........a	-327.68
	637	638	-1.73296E+000	-2.00197E-001	-2.27062E+000	-2.00025E+000	3.09161E-004	11	..........a	-327.68
	638	639	-1.73296E+000	-2.00197E-001	-2.28284E+000	-2.00025E+000	3.03994E-004	11	..........a	-327.68
	639	640	-1.72816E+000	-2.00198E-001	-2.11753E+000	-2.00025E+000	3.03078E-004	11	..........a	-327.68
	640	641	-1.72736E+000	-2.00197E-001	-2.11903E+000	-2.00025E+000	3.08928E-004	11	..........a	-327.68
	641	642	-1.72976E+000	-2.00197E-001	-2.12353E+000	-2.00025E+000	3.03078E-004	11	..........a	-327.68
	642	643	-1.72976E+000	-2.00197E-001	-2.12801E+000	-2.00025E+000	3.08544E-004	11	..........a	-327.68
	643	644	-1.73176E+000	-2.00197E-001	-2.13717E+000	-2.00025E+000	3.05794E-004	11	..........a	-327.68
	644	645	-1.73176E+000	-2.00197E-001	-2.14628E+000	-2.00025E+000	3.09644E-004	11	..........a	-327.68
	645	646	-1.73056E+000	-2.00197E-001	-2.16093E+000	-2.00025E+000	3.10394E-004	11	..........a	-327.68
	646	647	-1.73296E+000	-2.00198E-001	-2.16928E+000	-2.00025E+000	3.08761E-004	11	..........a	-327.68
	647	648	-1.73376E+000	-2.00197E-001	-2.17762E+000	-2.00025E+000	3.12344E-004	11	..........a	-327.68
	648	649	-1.73256E+000	-2.00197E-001	-2.18840E+000	-2.00025E+000	3.12528E-004	11	..........a	-327.68
	649	650	-1.73296E+000	-2.00198E-001	-2.19479E+000	-2.00025E+000	3.06844E-004	11	..........a	-327.68
	650	651	-1.73096E+000	-2.00197E-001	-2.20609E+000	-2.00025E+000	3.11178E-004	11	..........a	-327.68
	651	652	-1.73256E+000	-2.00197E-001	-2.20763E+000	-2.00025E+000	3.07911E-004	11	..........a	-327.68
	652	653	-1.73376E+000	-2.00197E-001	-2.21359E+000	-2.00025E+000	3.06211E-004	11	..........a	-327.68
	653	654	-1.73376E+000	-2.00197E-001	-2.21910E+000	-2.00025E+000	3.06394E-004	11	..........a	-327.68
	654	655	-1.73256E+000	-2.00196E-001	-2.22832E+000	-2.00025E+000	3.05494E-004	11	..........a	-327.68
	655	656	-1.73376E+000	-2.00196E-001	-2.23165E+000	-2.00025E+000	3.10528E-004	11	..........a	-327.68
	656	657	-1.73376E+000	-2.00196E-001	-2.23743E+000	-2.00025E+000	3.18528E-004	11	..........a	-327.68
	657	658	-1.73216E+000	-2.00196E-001	-2.23950E+000	-2.00025E+000	3.04744E-004	11	..........a	-327.68
	658	659	-1.73456E+000	-2.00196E-001	-2.24614E+000	-2.00025E+000	3.01411E-004	11	..........a	-327.68
	659	660	-1.73256E+000	-2.00196E-001	-2.25858E+000	-2.00025E+000	3.13378E-004	11	..........a	-327.68
	660	661	-1.73336E+000	-2.00196E-001	-2.26178E+000	-2.00025E+000	3.06478E-004	11	..........a	-327.68
	661	662	-1.73256E+000	-2.00196E-001	-2.26768E+000	-2.00025E+000	3.00844E-004	11	..........a	-327.68
	662	663	-1.73336E+000	-2.00196E-001	-2.27288E+000	-2.00025E+000	2.97344E-004	11	..........a	-327.68
	663	664	-1.73456E+000	-2.00196E-001	-2.27823E+000	-2.00025E+000	2.93361E-004	11	..........a	-327.68
	664	665	-1.73536E+000	-2.00196E-001	-2.28328E+000	-2.00025E+000	3.04644E-004	11	..........a	-327.68
	665	666	-1.73456E+000	-2.00196E-001	-2.28987E+000	-2.00025E+000	3.01178E-004	11	..........a	-327.68
	666	667	-1.73456E+000	-2.00196E-001	-2.29042E+000	-2.00025E+000	3.08628E-004	11	..........a	-327.68
	667	668	-1.73496E+000	-2.00196E-001	-2.29707E+000	-2.00025E+000	3.04911E-004	11	..........a	-327.68
	668	669	-1.73376E+000	-2.00196E-001	-2.31055E+000	-2.00025E+000	3.01978E-004	11	..........a	-327.68
	669	670	-1.73216E+000	-2.00196E-001	-2.31871E+000	-2.00025E+000	2.99094E-004	11	..........a	-327.68
	670	671	-1.73416E+000	-2.00196E-001	-2.31962E+000	-2.00025E+000	3.08661E-004	11	..........a	-327.68
	671	672	-1.73456E+000	-2.00197E-001	-2.32192E+000	-2.00025E+000	2.97811E-004	11	..........a	-327.68
	672	673	-1.73336E+000	-2.00196E-001	-2.32736E+000	-2.00025E+000	3.04061E-004	11	..........a	-327.68
	673	674	-1.73296E+000	-2.00197E-001	-2.33029E+000	-2.00025E+000	3.04544E-004	11	..........a	-327.68
	674	675	-1.73336E+000	-2.00197E-001	-2.33371E+000	-2.00025E+000	3.00111E-004	11	..........a	-327.68
	675	676	-1.73296E+000	-2.00196E-001	-2.34026E+000	-2.00025E+000	3.01461E-004	11	..........a	-327.68
	676	677	-1.73416E+000	-2.00197E-001	-2.34577E+000	-2.00025E+000	2.97661E-004	11	..........a	-327.68
	677	678	-1.73616E+000	-2.00196E-001	-2.34687E+000	-2.00025E+000	2.96561E-004	11	..........a	-327.68
	678	679	-1.73376E+000	-2.00196E-001	-2.35605E+000	-2.00025E+000	3.04828E-004	11	..........a	-327.68
	679	680	-1.73536E+000	-2.00197E-001	-2.35828E+000	-2.00025E+000	3.09744E-004	11	..........a	-327.68
	680	681	-1.73416E+000	-2.00196E-001	-2.36623E+000	-2.00025E+000	2.37528E-004	11	..........a	-327.68
	681	682	-1.73376E+000	-2.00196E-001	-2.36796E+000	-2.00025E+000	2.37061E-004	11	..........a	-327.68
	682	683	-1.73216E+000	-2.00195E-001	-2.37281E+000	-2.00025E+000	2.42311E-004	11	..........a	-327.68
	683	684	-1.73256E+000	-2.00196E-001	-2.38040E+000	-2.00025E+000	2.39411E-004	11	..........a	-327.68
	684	685	-1.73336E+000	-2.00195E-001	-2.38412E+000	-2.00025E+000	2.38294E-004	11	..........a	-327.68
	685	686	-1.73376E+000	-2.00195E-001	-2.38440E+000	-2.00025E+000	2.41894E-004	11	..........a	-327.68
	686	687	-1.73416E+000	-2.00195E-001	-2.38928E+000	-2.00025E+000	2.51361E-004	11	..........a	-327.68
	687	688	-1.73216E+000	-2.00195E-001	-2.39258E+000	-2.00025E+000	2.46878E-004	11	..........a	-327.68
	688	689	-1.73256E+000	-2.00196E-001	-2.39546E+000	-2.00025E+000	2.44761E-004	11	..........a	-327.68
	689	690	-1.73256E+000	-2.00196E-001	-2.39779E+000	-2.00025E+000	2.45444E-004	11	..........a	-327.68
	690	691	-1.73296E+000	-2.00196E-001	-2.39737E+000	-2.00025E+000	2.46594E-004	11	..........a	-327.68
	691	692	-1.73376E+000	-2.00196E-001	-2.39864E+000	-2.00025E+000	2.41194E-004	11	..........a	-327.68
	692	693	-1.72776E+000	-2.00196E-001	-2.17794E+000	-2.00025E+000	2.43278E-004	11	..........a	-327.68
	693	694	-1.73056E+000	-2.00196E-001	-2.18331E+000	-2.00025E+000	2.46494E-004	11	..........a	-327.68
	694	695	-1.73256E+000	-2.00195E-001	-2.18596E+000	-2.00025E+000	2.46311E-004	11	..........a	-327.68
	695	696	-1.72976E+000	-2.00196E-001	-2.19378E+000	-2.00025E+000	2.41128E-004	11	..........a	-327.68
	696	697	-1.73216E+000	-2.00196E-001	-2.19372E+000	-2.00025E+000	2.35228E-004	11	..........a	-327.68
	697	698	-1.72976E+000	-2.00195E-001	-2.20201E+000	-2.00025E+000	2.41328E-004	11	..........a	-327.68
	698	699	-1.73216E+000	-2.00196E-001	-2.20274E+000	-2.00025E+000	2.42678E-004	11	..........a	-327.68
	699	700	-1.73016E+000	-2.00196E-001	-2.21014E+000	-2.00025E+000	2.40094E-004	11	..........a	-327.68
	700	701	-1.73016E+000	-2.00195E-001	-2.21204E+000	-2.00025E+000	2.43011E-004	11	..........a	-327.68
	701	702	-1.73096E+000	-2.00196E-001	-2.21688E+000	-2.00025E+000	2.43444E-004	11	..........a	-327.68
	702	703	-1.73136E+000	-2.00196E-001	-2.21912E+000	-2.00025E+000	2.38011E-004	11	..........a	-327.68
	703	704	-1.72936E+000	-2.00195E-001	-2.22491E+000	-2.00025E+000	2.41061E-004	11	..........a	-327.68
	704	705	-1.73176E+000	-2.00196E-001	-2.22885E+000	-2.00025E+000	2.44511E-004	11	..........a	-327.68
	705	706	-1.73096E+000	-2.00195E-001	-2.23478E+000	-2.00025E+000	2.44578E-004	11	..........a	-327.68
	706	707	-1.72856E+000	-2.00196E-001	-2.24257E+000	-2.00025E+000	2.18161E-004	11	..........a	-327.68
	707	708	-1.73296E+000	-2.00197E-001	-2.24385E+000	-2.00025E+000	2.27628E-004	11	..........a	-327.68
	708	709	-1.72936E+000	-2.00196E-001	-2.25745E+000	-2.00025E+000	2.24444E-004	11	..........a	-327.68
	709	710	-1.73176E+000	-2.00196E-001	-2.25380E+000	-2.00025E+000	2.24161E-004	11	..........a	-327.68
	710	711	-1.73096E+000	-2.00196E-001	-2.26029E+000	-2.00025E+000	2.19978E-004	11	..........a	-327.68
	711	712	-1.72936E+000	-2.00196E-001	-2.27176E+000	-2.00025E+000	2.23011E-004	11	..........a	-327.68
	712	713	-1.73016E+000	-2.00196E-001	-2.27325E+000	-2.00025E+000	2.27328E-004	11	..........a	-327.68
	713	714	-1.73136E+000	-2.00197E-001	-2.27529E+000	-2.00025E+000	2.21344E-004	11	..........a	-327.68
	714	715	-1.72976E+000	-2.00197E-001	-2.28071E+000	-2.00025E+000	2.30428E-004	11	..........a	-327.68
	715	716	-1.73216E+000	-2.00196E-001	-2.28144E+000	-2.00025E+000	2.36611E-004	11	..........a	-327.68
	716	717	-1.73016E+000	-2.00197E-001	-2.28414E+000	-2.00025E+000	2.26928E-004	11	..........a	-327.68
	717	718	-1.73336E+000	-2.00196E-001	-2.28646E+000	-2.00025E+000	2.24744E-004	11	..........a	-327.68
	718	719	-1.73176E+000	-2.00197E-001	-2.28957E+000	-2.00025E+000	2.22461E-004	11	..........a	-327.68
	719	720	-1.73176E+000	-2.00196E-001	-2.29529E+000	-2.00025E+000	2.28011E-004	11	..........a	-327.68
	720	721	-1.73136E+000	-2.00197E-001	-2.30386E+000	-2.00025E+000	2.26178E-004	11	..........a	-327.68
	721	722	-1.72616E+000	-2.00197E-001	-2.31179E+000	-2.00025E+000	2.33394E-004	11	..........a	-327.68
	722	723	-1.73136E+000	-2.00196E-001	-2.31036E+000	-2.00025E+000	2.20778E-004	11	..........a	-327.68
	723	724	-1.73016E+000	-2.00197E-001	-2.31363E+000	-2.00025E+000	2.22728E-004	11	..........a	-327.68
	724	725	-1.73096E+000	-2.00196E-001	-2.31920E+000	-2.00025E+000	2.40594E-004	11	..........a	-327.68
	725	726	-1.72896E+000	-2.00196E-001	-2.33117E+000	-2.00025E+000	2.36078E-004	11	..........a	-327.68
	726	727	-1.72616E+000	-2.00197E-001	-2.13226E+000	-2.00025E+000	2.31378E-004	11	..........a	-327.68
	727	728	-1.72536E+000	-2.00196E-001	-2.13661E+000	-2.00025E+000	2.32511E-004	11	..........a	-327.68
	728	729	-1.72776E+000	-2.00197E-001	-2.13971E+000	-2.00025E+000	2.30594E-004	11	..........a	-327.68
	729	730	-1.72856E+000	-2.00196E-001	-2.14346E+000	-2.00025E+000	2.38044E-004	11	..........a	-327.68
	730	731	-1.72816E+000	-2.00197E-001	-2.14784E+000	-2.00025E+000	2.38261E-004	11	..........a	-327.68
	731	732	-1.72776E+000	-2.00197E-001	-2.15195E+000	-2.00025E+000	2.21211E-004	11	..........a	-327.68
	732	733	-1.72816E+000	-2.00196E-001	-2.15643E+000	-2.00025E+000	2.77311E-004	11	..........a	-327.68
	733	734	-1.72736E+000	-2.00196E-001	-2.16571E+000	-2.00025E+000	2.85928E-004	11	..........a	-327.68
	734	735	-1.72816E+000	-2.00196E-001	-2.17016E+000	-2.00025E+000	2.82894E-004	11	..........a	-327.68
	735	736	-1.72816E+000	-2.00196E-001	-2.17907E+000	-2.00025E+000	2.90861E-004	11	..........a	-327.68
	736	737	-1.72616E+000	-2.00196E-001	-2.18475E+000	-2.00025E+000	2.81194E-004	11	..........a	-327.68
	737	738	-1.72816E+000	-2.00196E-001	-2.18881E+000	-2.00025E+000	2.90478E-004	11	..........a	-327.68
	738	739	-1.72776E+000	-2.00196E-001	-2.19284E+000	-2.00025E+000	2.84994E-004	11	..........a	-327.68
	739	740	-1.72816E+000	-2.00196E-001	-2.19994E+000	-2.00025E+000	2.84261E-004	11	..........a	-327.68
	740	741	-1.72736E+000	-2.00196E-001	-2.20096E+000	-2.00025E+000	2.82178E-004	11	..........a	-327.68
	741	742	-1.72736E+000	-2.00196E-001	-2.20468E+000	-2.00025E+000	2.84894E-004	11	..........a	-327.68
	742	743	-1.72736E+000	-2.00196E-001	-2.21209E+000	-2.00025E+000	2.85461E-004	11	..........a	-327.68
	743	744	-1.72736E+000	-2.00196E-001	-2.21616E+000	-2.00025E+000	2.88928E-004	11	..........a	-327.68
	744	745	-1.72616E+000	-2.00196E-001	-2.21992E+000	-2.00025E+000	2.80978E-004	11	..........a	-327.68
	745	746	-1.72656E+000	-2.00196E-001	-2.21719E+000	-2.00025E+000	2.85344E-004	11	..........a	-327.68
	746	747	-1.72776E+000	-2.00196E-001	-2.22206E+000	-2.00025E+000	2.83761E-004	11	..........a	-327.68
	747	748	-1.72496E+000	-2.00196E-001	-2.23198E+000	-2.00025E+000	2.76611E-004	11	..........a	-327.68
	748	749	-1.72736E+000	-2.00196E-001	-2.22776E+000	-2.00025E+000	2.81861E-004	11	..........a	-327.68
	749	750	-1.72456E+000	-2.00196E-001	-2.23608E+000	-2.00025E+000	2.80361E-004	11	..........a	-327.68
	750	751	-1.72776E+000	-2.00196E-001	-2.24461E+000	-2.00025E+000	2.78094E-004	11	..........a	-327.68
	751	752	-1.72656E+000	-2.00196E-001	-2.25083E+000	-2.00025E+000	2.83828E-004	11	..........a	-327.68
	752	753	-1.72456E+000	-2.00196E-001	-2.25644E+000	-2.00025E+000	2.83611E-004	11	..........a	-327.68
	753	754	-1.72616E+000	-2.00196E-001	-2.26067E+000	-2.00025E+000	2.85361E-004	11	..........a	-327.68
	754	755	-1.72696E+000	-2.00197E-001	-2.26426E+000	-2.00025E+000	2.86461E-004	11	..........a	-327.68
	755	756	-1.72816E+000	-2.00196E-001	-2.27545E+000	-2.00025E+000	2.82261E-004	11	..........a	-327.68
	756	757	-1.72976E+000	-2.00196E-001	-2.27727E+000	-2.00025E+000	2.78444E-004	11	..........a	-327.68
	757	758	-1.72536E+000	-2.00196E-001	-2.29388E+000	-2.00025E+000	2.80161E-004	11	..........a	-327.68
	758	759	-1.72656E+000	-2.00196E-001	-2.29547E+000	-2.00025E+000	2.76194E-004	11	..........a	-327.68
	759	760	-1.72576E+000	-2.00196E-001	-2.30001E+000	-2.00025E+000	2.84878E-004	11	..........a	-327.68
	760	761	-1.72536E+000	-2.00196E-001	-2.30459E+000	-2.00025E+000	2.83811E-004	11	..........a	-327.68
	761	762	-1.72656E+000	-2.00196E-001	-2.30456E+000	-2.00025E+000	2.83144E-004	11	..........a	-327.68
	762	763	-1.72576E+000	-2.00195E-001	-2.30957E+000	-2.00025E+000	2.79244E-004	11	..........a	-327.68
	763	764	-1.72616E+000	-2.00195E-001	-2.31279E+000	-2.00025E+000	2.76828E-004	11	..........a	-327.68
	764	765	-1.72616E+000	-2.00196E-001	-2.32418E+000	-2.00025E+000	2.88478E-004	11	..........a	-327.68
	765	766	-1.72736E+000	-2.00195E-001	-2.32965E+000	-2.00025E+000	2.80594E-004	11	..........a	-327.68
	766	767	-1.72536E+000	-2.00196E-001	-2.33690E+000	-2.00025E+000	2.79144E-004	11	..........a	-327.68
	767	768	-1.72696E+000	-2.00195E-001	-2.33595E+000	-2.00025E+000	2.81044E-004	11	..........a	-327.68
	768	769	-1.72776E+000	-2.00196E-001	-2.33775E+000	-2.00025E+000	2.82611E-004	11	..........a	-327.68
	769	770	-1.72616E+000	-2.00195E-001	-2.34060E+000	-2.00025E+000	2.80544E-004	11	..........a	-327.68
	770	771	-1.72776E+000	-2.00195E-001	-2.34283E+000	-2.00025E+000	2.85378E-004	11	..........a	-327.68
	771	772	-1.72696E+000	-2.00195E-001	-2.33662E+000	-2.00025E+000	2.99378E-004	11	..........a	-327.68
	772	773	-1.72136E+000	-2.00195E-001	-2.15670E+000	-2.00025E+000	2.91878E-004	11	..........a	-327.68
	773	774	-1.72336E+000	-2.00196E-001	-2.15989E+000	-2.00025E+000	3.02478E-004	11	..........a	-327.68
	774	775	-1.72496E+000	-2.00196E-001	-2.16255E+000	-2.00025E+000	2.95328E-004	11	..........a	-327.68
	775	776	-1.72816E+000	-2.00196E-001	-2.16837E+000	-2.00025E+000	3.00094E-004	11	..........a	-327.68
	776	777	-1.72696E+000	-2.00196E-001	-2.16791E+000	-2.00025E+000	2.95678E-004	11	..........a	-327.68
	777	778	-1.72816E+000	-2.00196E-001	-2.17567E+000	-2.00025E+000	2.98461E-004	11	..........a	-327.68
	778	779	-1.72536E+000	-2.00196E-001	-2.18506E+000	-2.00025E+000	2.92944E-004	11	..........a	-327.68
	779	780	-1.72776E+000	-2.00195E-001	-2.18686E+000	-2.00025E+000	3.04494E-004	11	..........a	-327.68
	780	781	-1.72416E+000	-2.00196E-001	-2.19393E+000	-2.00025E+000	3.06528E-004	11	..........a	-327.68
	781	782	-1.72696E+000	-2.00195E-001	-2.19760E+000	-2.00025E+000	3.02111E-004	11	..........a	-327.68
	782	783	-1.72536E+000	-2.00196E-001	-2.20388E+000	-2.00025E+000	3.02394E-004	11	..........a	-327.68
	783	784	-1.72376E+000	-2.00195E-001	-2.21149E+000	-2.00025E+000	3.00661E-004	11	..........a	-327.68
	784	785	-1.72536E+000	-2.00196E-001	-2.22056E+000	-2.00025E+000	2.97128E-004	11	..........a	-327.68
	785	786	-1.72536E+000	-2.00196E-001	-2.22478E+000	-2.00025E+000	2.97461E-004	11	..........a	-327.68
	786	787	-1.72696E+000	-2.00195E-001	-2.23025E+000	-2.00025E+000	2.95978E-004	11	..........a	-327.68
	787	788	-1.72616E+000	-2.00195E-001	-2.23617E+000	-2.00025E+000	2.98161E-004	11	..........a	-327.68
	788	789	-1.72496E+000	-2.00196E-001	-2.24955E+000	-2.00025E+000	3.00261E-004	11	..........a	-327.68
	789	790	-1.72456E+000	-2.00195E-001	-2.25409E+000	-2.00025E+000	2.98994E-004	11	..........a	-327.68
	790	791	-1.72816E+000	-2.00196E-001	-2.25547E+000	-2.00025E+000	2.99844E-004	11	..........a	-327.68
	791	792	-1.72656E+000	-2.00195E-001	-2.26023E+000	-2.00025E+000	3.02844E-004	11	..........a	-327.68
	792	793	-1.72416E+000	-2.00196E-001	-2.27044E+000	-2.00025E+000	3.04094E-004	11	..........a	-327.68
	793	794	-1.73056E+000	-2.00196E-001	-2.26937E+000	-2.00025E+000	3.05611E-004	11	..........a	-327.68
	794	795	-1.72816E+000	-2.00196E-001	-2.27629E+000	-2.00025E+000	3.01661E-004	11	..........a	-327.68
	795	796	-1.72536E+000	-2.00196E-001	-2.28902E+000	-2.00025E+000	3.02261E-004	11	..........a	-327.68
	796	797	-1.72656E+000	-2.00196E-001	-2.29488E+000	-2.00025E+000	2.99044E-004	11	..........a	-327.68
	797	798	-1.72656E+000	-2.00196E-001	-2.29735E+000	-2.00025E+000	2.98344E-004	11	..........a	-327.68
	798	799	-1.72736E+000	-2.00196E-001	-2.30131E+000	-2.00025E+000	3.04061E-004	11	..........a	-327.68
	799	800	-1.72376E+000	-2.00196E-001	-2.31110E+000	-2.00025E+000	2.98744E-004	11	..........a	-327.68
	800	801	-1.72776E+000	-2.00196E-001	-2.30772E+000	-2.00025E+000	2.96878E-004	11	..........a	-327.68
	801	802	-1.72856E+000	-2.00196E-001	-2.31108E+000	-2.00025E+000	2.93728E-004	11	..........a	-327.68
	802	803	-1.72656E+000	-2.00196E-001	-2.31824E+000	-2.00025E+000	2.92211E-004	11	..........a	-327.68
	803	804	-1.72736E+000	-2.00196E-001	-2.32165E+000	-2.00025E+000	2.95378E-004	11	..........a	-327.68
	804	805	-1.72896E+000	-2.00196E-001	-2.32674E+000	-2.00025E+000	2.92428E-004	11	..........a	-327.68
	805	806	-1.72656E+000	-2.00195E-001	-2.33276E+000	-2.00025E+000	2.97478E-004	11	..........a	-327.68
	806	807	-1.72576E+000	-2.00195E-001	-2.33282E+000	-2.00025E+000	2.92728E-004	11	..........a	-327.68
	807	808	-1.72536E+000	-2.00196E-001	-2.33576E+000	-2.00025E+000	3.01894E-004	11	..........a	-327.68
	808	809	-1.72616E+000	-2.00196E-001	-2.33924E+000	-2.00025E+000	3.03144E-004	11	..........a	-327.68
	809	810	-1.72456E+000	-2.00196E-001	-2.33966E+000	-2.00025E+000	2.96494E-004	11	..........a	-327.68
	810	811	-1.71896E+000	-2.00196E-001	-2.12645E+000	-2.00025E+000	4.38961E-004	11	..........a	-327.68
	811	812	-1.72376E+000	-2.00196E-001	-2.12515E+000	-2.00025E+000	4.40144E-004	11	..........a	-327.68
	812	813	-1.72296E+000	-2.00196E-001	-2.13602E+000	-2.00025E+000	4.45411E-004	11	..........a	-327.68
	813	814	-1.72376E+000	-2.00195E-001	-2.13750E+000	-2.00025E+000	4.33544E-004	11	..........a	-327.68
	814	815	-1.72456E+000	-2.00196E-001	-2.14443E+000	-2.00025E+000	4.32078E-004	11	..........a	-327.68
	815	816	-1.72296E+000	-2.00195E-001	-2.15445E+000	-2.00025E+000	4.32978E-004	11	..........a	-327.68
	816	817	-1.72296E+000	-2.00196E-001	-2.16573E+000	-2.00025E+000	4.33494E-004	11	..........a	-327.68
	817	818	-1.72616E+000	-2.00196E-001	-2.17053E+000	-2.00025E+000	4.37011E-004	11	..........a	-327.68
	818	819	-1.72376E+000	-2.00196E-001	-2.17956E+000	-2.00025E+000	4.40628E-004	11	..........a	-327.68
	819	820	-1.72536E+000	-2.00195E-001	-2.18760E+000	-2.00025E+000	4.24844E-004	11	..........a	-327.68
	820	821	-1.72456E+000	-2.00195E-001	-2.19327E+000	-2.00025E+000	4.37228E-004	11	..........a	-327.68
	821	822	-1.72616E+000	-2.00195E-001	-2.19803E+000	-2.00025E+000	4.29611E-004	11	..........a	-327.68
	822	823	-1.72376E+000	-2.00195E-001	-2.20280E+000	-2.00025E+000	4.33111E-004	11	..........a	-327.68
	823	824	-1.72536E+000	-2.00195E-001	-2.20653E+000	-2.00025E+000	4.37111E-004	11	..........a	-327.68
	824	825	-1.72616E+000	-2.00196E-001	-2.20872E+000	-2.00025E+000	4.26178E-004	11	..........a	-327.68
	825	826	-1.72416E+000	-2.00195E-001	-2.21680E+000	-2.00025E+000	4.30028E-004	11	..........a	-327.68
	826	827	-1.72536E+000	-2.00196E-001	-2.22157E+000	-2.00025E+000	4.37344E-004	11	..........a	-327.68
	827	828	-1.72296E+000	-2.00196E-001	-2.22515E+000	-2.00025E+000	4.43961E-004	11	..........a	-327.68
	828	829	-1.72576E+000	-2.00195E-001	-2.22434E+000	-2.00025E+000	4.29928E-004	11	..........a	-327.68
	829	830	-1.72656E+000	-2.00196E-001	-2.22811E+000	-2.00025E+000	4.45494E-004	11	..........a	-327.68
	830	831	-1.72736E+000	-2.00195E-001	-2.23121E+000	-2.00025E+000	4.39678E-004	11	..........a	-327.68
	831	832	-1.72536E+000	-2.00195E-001	-2.23366E+000	-2.00025E+000	4.25328E-004	11	..........a	-327.68
	832	833	-1.72616E+000	-2.00196E-001	-2.23811E+000	-2.00025E+000	4.29044E-004	11	..........a	-327.68
	833	834	-1.72376E+000	-2.00195E-001	-2.24692E+000	-2.00025E+000	4.29478E-004	11	..........a	-327.68
	834	835	-1.72456E+000	-2.00196E-001	-2.25131E+000	-2.00025E+000	4.39728E-004	11	..........a	-327.68
	835	836	-1.72456E+000	-2.00196E-001	-2.25230E+000	-2.00025E+000	4.41011E-004	11	..........a	-327.68
	836	837	-1.72296E+000	-2.00196E-001	-2.26022E+000	-2.00025E+000	3.17978E-004	11	..........a	-327.68
	837	838	-1.72376E+000	-2.00196E-001	-2.26158E+000	-2.00025E+000	3.27428E-004	11	..........a	-327.68
	838	839	-1.72536E+000	-2.00195E-001	-2.26560E+000	-2.00025E+000	3.21511E-004	11	..........a	-327.68
	839	840	-1.72536E+000	-2.00196E-001	-2.26800E+000	-2.00025E+000	3.21978E-004	11	..........a	-327.68
	840	841	-1.72616E+000	-2.00196E-001	-2.27044E+000	-2.00025E+000	3.29011E-004	11	..........a	-327.68
	841	842	-1.72536E+000	-2.00196E-001	-2.27434E+000	-2.00025E+000	3.20911E-004	11	..........a	-327.68
	842	843	-1.72496E+000	-2.00196E-001	-2.27659E+000	-2.00025E+000	3.27961E-004	11	..........a	-327.68
	843	844	-1.72536E+000	-2.00196E-001	-2.28077E+000	-2.00025E+000	3.26928E-004	11	..........a	-327.68
	844	845	-1.72576E+000	-2.00196E-001	-2.28214E+000	-2.00025E+000	3.33628E-004	11	..........a	-327.68
	845	846	-1.72016E+000	-2.00196E-001	-2.11149E+000	-2.00025E+000	3.30828E-004	11	..........a	-327.68
	846	847	-1.72176E+000	-2.00196E-001	-2.11268E+000	-2.00025E+000	3.29128E-004	11	..........a	-327.68
	847	848	-1.72216E+000	-2.00196E-001	-2.11867E+000	-2.00025E+000	3.30728E-004	11	..........a	-327.68
	848	849	-1.72216E+000	-2.00196E-001	-2.12192E+000	-2.00025E+000	3.27161E-004	11	..........a	-327.68
	849	850	-1.72096E+000	-2.00196E-001	-2.13060E+000	-2.00025E+000	3.36628E-004	11	..........a	-327.68
	850	851	-1.72176E+000	-2.00196E-001	-2.13573E+000	-2.00025E+000	3.35044E-004	11	..........a	-327.68
	851	852	-1.71976E+000	-2.00196E-001	-2.15065E+000	-2.00025E+000	3.28961E-004	11	..........a	-327.68
	852	853	-1.72256E+000	-2.00196E-001	-2.15650E+000	-2.00025E+000	3.34228E-004	11	..........a	-327.68
	853	854	-1.72416E+000	-2.00196E-001	-2.16272E+000	-2.00025E+000	3.36944E-004	11	..........a	-327.68
	854	855	-1.72256E+000	-2.00197E-001	-2.16730E+000	-2.00025E+000	3.37178E-004	11	..........a	-327.68
	855	856	-1.72456E+000	-2.00196E-001	-2.17072E+000	-2.00025E+000	3.33944E-004	11	..........a	-327.68
	856	857	-1.72376E+000	-2.00196E-001	-2.17740E+000	-2.00025E+000	3.30361E-004	11	..........a	-327.68
	857	858	-1.72456E+000	-2.00196E-001	-2.18840E+000	-2.00025E+000	3.27378E-004	11	..........a	-327.68
	858	859	-1.72296E+000	-2.00196E-001	-2.19445E+000	-2.00025E+000	3.23811E-004	11	..........a	-327.68
	859	860	-1.72496E+000	-2.00196E-001	-2.19764E+000	-2.00025E+000	3.29911E-004	11	..........a	-327.68
	860	861	-1.72456E+000	-2.00196E-001	-2.20464E+000	-2.00025E+000	3.19644E-004	11	..........a	-327.68
	861	862	-1.72616E+000	-2.00196E-001	-2.21002E+000	-2.00025E+000	3.23878E-004	11	..........a	-327.68
	862	863	-1.72376E+000	-2.00197E-001	-2.22206E+000	-2.00025E+000	4.60961E-004	11	..........a	-327.68
	863	864	-1.72296E+000	-2.00197E-001	-2.22367E+000	-2.00025E+000	4.69344E-004	11	..........a	-327.68
	864	865	-1.72536E+000	-2.00198E-001	-2.22843E+000	-2.00025E+000	4.63128E-004	11	..........a	-327.68
	865	866	-1.72536E+000	-2.00198E-001	-2.23138E+000	-2.00025E+000	4.65228E-004	11	..........a	-327.68
	866	867	-1.72536E+000	-2.00198E-001	-2.23970E+000	-2.00025E+000	4.73861E-004	11	..........a	-327.68
	867	868	-1.72536E+000	-2.00198E-001	-2.24051E+000	-2.00025E+000	4.68911E-004	11	..........a	-327.68
	868	869	-1.72536E+000	-2.00198E-001	-2.25116E+000	-2.00025E+000	4.56328E-004	11	..........a	-327.68
	869	870	-1.72376E+000	-2.00198E-001	-2.25295E+000	-2.00025E+000	4.66378E-004	11	..........a	-327.68
	870	871	-1.72616E+000	-2.00198E-001	-2.25209E+000	-2.00025E+000	4.65178E-004	11	..........a	-327.68
	871	872	-1.72456E+000	-2.00198E-001	-2.25604E+000	-2.00025E+000	4.69961E-004	11	..........a	-327.68
	872	873	-1.72616E+000	-2.00198E-001	-2.25838E+000	-2.00025E+000	4.67028E-004	11	..........a	-327.68
	873	874	-1.72576E+000	-2.00199E-001	-2.27094E+000	-2.00025E+000	4.73944E-004	11	..........a	-327.68
	874	875	-1.72216E+000	-2.00198E-001	-2.27584E+000	-2.00025E+000	4.74844E-004	11	..........a	-327.68
	875	876	-1.72216E+000	-2.00198E-001	-2.28350E+000	-2.00025E+000	4.76411E-004	11	..........a	-327.68
	876	877	-1.72376E+000	-2.00198E-001	-2.28769E+000	-2.00025E+000	4.67394E-004	11	..........a	-327.68
	877	878	-1.72296E+000	-2.00198E-001	-2.30085E+000	-2.00025E+000	4.66811E-004	11	..........a	-327.68
	878	879	-1.72376E+000	-2.00197E-001	-2.30629E+000	-2.00025E+000	4.75144E-004	11	..........a	-327.68
	879	880	-1.72376E+000	-2.00198E-001	-2.31557E+000	-2.00025E+000	4.72478E-004	11	..........a	-327.68
	880	881	-1.72376E+000	-2.00197E-001	-2.32443E+000	-2.00025E+000	4.73294E-004	11	..........a	-327.68
	881	882	-1.72616E+000	-2.00197E-001	-2.32895E+000	-2.00025E+000	4.74378E-004	11	..........a	-327.68
	882	883	-1.72456E+000	-2.00198E-001	-2.34319E+000	-2.00025E+000	4.69244E-004	11	..........a	-327.68
	883	884	-1.72456E+000	-2.00197E-001	-2.34837E+000	-2.00025E+000	4.69778E-004	11	..........a	-327.68
	884	885	-1.72456E+000	-2.00197E-001	-2.35508E+000	-2.00025E+000	4.79528E-004	11	..........a	-327.68
	885	886	-1.72616E+000	-2.00197E-001	-2.35728E+000	-2.00025E+000	4.75878E-004	11	..........a	-327.68
	886	887	-1.72536E+000	-2.00198E-001	-2.36224E+000	-2.00025E+000	4.78578E-004	11	..........a	-327.68
	887	888	-1.72376E+000	-2.00197E-001	-2.36609E+000	-2.00025E+000	4.69978E-004	11	..........a	-327.68
	888	889	-1.72536E+000	-2.00193E-001	-2.37190E+000	-2.00025E+000	3.56044E-004	11	..........a	-327.68
	889	890	-1.72096E+000	-2.00193E-001	-2.13724E+000	-2.00025E+000	3.57094E-004	11	..........a	-327.68
	890	891	-1.72056E+000	-2.00193E-001	-2.14447E+000	-2.00025E+000	3.54544E-004	11	..........a	-327.68
	891	892	-1.72376E+000	-2.00193E-001	-2.14510E+000	-2.00025E+000	3.56861E-004	11	..........a	-327.68
	892	893	-1.72376E+000	-2.00193E-001	-2.15203E+000	-2.00025E+000	3.57894E-004	11	..........a	-327.68
	893	894	-1.72456E+000	-2.00194E-001	-2.15607E+000	-2.00025E+000	3.53444E-004	11	..........a	-327.68
	894	895	-1.72696E+000	-2.00193E-001	-2.16220E+000	-2.00025E+000	3.51394E-004	11	..........a	-327.68
	895	896	-1.72376E+000	-2.00193E-001	-2.17486E+000	-2.00025E+000	3.50428E-004	11	..........a	-327.68
	896	897	-1.72456E+000	-2.00193E-001	-2.17995E+000	-2.00025E+000	3.56078E-004	11	..........a	-327.68
	897	898	-1.72536E+000	-2.00194E-001	-2.19101E+000	-2.00025E+000	3.56661E-004	11	..........a	-327.68
	898	899	-1.72536E+000	-2.00194E-001	-2.19537E+000	-2.00025E+000	3.56078E-004	11	..........a	-327.68
	899	900	-1.72496E+000	-2.00194E-001	-2.20765E+000	-2.00025E+000	3.56294E-004	11	..........a	-327.68
	900	901	-1.72296E+000	-2.00193E-001	-2.21675E+000	-2.00025E+000	3.52428E-004	11	..........a	-327.68
	901	902	-1.72456E+000	-2.00193E-001	-2.22027E+000	-2.00025E+000	3.48894E-004	11	..........a	-327.68
	902	903	-1.72456E+000	-2.00194E-001	-2.22567E+000	-2.00025E+000	3.52378E-004	11	..........a	-327.68
	903	904	-1.72456E+000	-2.00194E-001	-2.22878E+000	-2.00025E+000	3.51428E-004	11	..........a	-327.68
	904	905	-1.72456E+000	-2.00194E-001	-2.23491E+000	-2.00025E+000	3.57061E-004	11	..........a	-327.68
	905	906	-1.72376E+000	-2.00194E-001	-2.23835E+000	-2.00025E+000	3.56611E-004	11	..........a	-327.68
	906	907	-1.72456E+000	-2.00194E-001	-2.24472E+000	-2.00025E+000	3.59811E-004	11	..........a	-327.68
	907	908	-1.72456E+000	-2.00193E-001	-2.24825E+000	-2.00025E+000	3.55228E-004	11	..........a	-327.68
	908	909	-1.72536E+000	-2.00193E-001	-2.25523E+000	-2.00025E+000	3.52011E-004	11	..........a	-327.68
	909	910	-1.72456E+000	-2.00194E-001	-2.26153E+000	-2.00025E+000	3.54844E-004	11	..........a	-327.68
	910	911	-1.72536E+000	-2.00193E-001	-2.27135E+000	-2.00025E+000	3.56594E-004	11	..........a	-327.68
	911	912	-1.72416E+000	-2.00193E-001	-2.27553E+000	-2.00025E+000	3.56828E-004	11	..........a	-327.68
	912	913	-1.72456E+000	-2.00194E-001	-2.28233E+000	-2.00025E+000	3.57194E-004	11	..........a	-327.68
	913	914	-1.72496E+000	-2.00194E-001	-2.28364E+000	-2.00025E+000	3.55078E-004	11	..........a	-327.68
	914	915	-1.72376E+000	-2.00197E-001	-2.29928E+000	-2.00025E+000	4.04611E-004	11	..........a	-327.68
	915	916	-1.72456E+000	-2.00197E-001	-2.30594E+000	-2.00025E+000	4.01578E-004	11	..........a	-327.68
	916	917	-1.72336E+000	-2.00197E-001	-2.31298E+000	-2.00025E+000	3.97761E-004	11	..........a	-327.68
	917	918	-1.72616E+000	-2.00198E-001	-2.31595E+000	-2.00025E+000	3.84861E-004	11	..........a	-327.68
	918	919	-1.72736E+000	-2.00198E-001	-2.31688E+000	-2.00025E+000	4.00678E-004	11	..........a	-327.68
	919	920	-1.72736E+000	-2.00198E-001	-2.32482E+000	-2.00025E+000	3.91694E-004	11	..........a	-327.68
	920	921	-1.72616E+000	-2.00198E-001	-2.33066E+000	-2.00025E+000	3.94711E-004	11	..........a	-327.68
	921	922	-1.72576E+000	-2.00197E-001	-2.33607E+000	-2.00025E+000	3.97694E-004	11	..........a	-327.68
	922	923	-1.72536E+000	-2.00197E-001	-2.34017E+000	-2.00025E+000	4.13578E-004	11	..........a	-327.68
	923	924	-1.72616E+000	-2.00197E-001	-2.34243E+000	-2.00025E+000	3.97761E-004	11	..........a	-327.68
	924	925	-1.72576E+000	-2.00197E-001	-2.34859E+000	-2.00025E+000	3.92361E-004	11	..........a	-327.68
	925	926	-1.72736E+000	-2.00196E-001	-2.35084E+000	-2.00025E+000	2.55761E-004	11	..........a	-327.68
	926	927	-1.72616E+000	-2.00196E-001	-2.35952E+000	-2.00025E+000	2.51178E-004	11	..........a	-327.68
	927	928	-1.72656E+000	-2.00196E-001	-2.35608E+000	-2.00025E+000	2.54178E-004	11	..........a	-327.68
	928	929	-1.72176E+000	-2.00196E-001	-2.17449E+000	-2.00025E+000	2.39778E-004	11	..........a	-327.68
	929	930	-1.72256E+000	-2.00196E-001	-2.17978E+000	-2.00025E+000	2.42094E-004	11	..........a	-327.68
	930	931	-1.72456E+000	-2.00196E-001	-2.18484E+000	-2.00025E+000	2.54044E-004	11	..........a	-327.68
	931	932	-1.72456E+000	-2.00196E-001	-2.18815E+000	-2.00025E+000	2.31644E-004	11	..........a	-327.68
	932	933	-1.72416E+000	-2.00196E-001	-2.19126E+000	-2.00025E+000	2.46544E-004	11	..........a	-327.68
	933	934	-1.72336E+000	-2.00197E-001	-2.19626E+000	-2.00025E+000	2.60411E-004	11	..........a	-327.68
	934	935	-1.72296E+000	-2.00196E-001	-2.19580E+000	-2.00025E+000	2.40428E-004	11	..........a	-327.68
	935	936	-1.72176E+000	-2.00197E-001	-2.20161E+000	-2.00025E+000	2.28644E-004	11	..........a	-327.68
	936	937	-1.72136E+000	-2.00196E-001	-2.20778E+000	-2.00025E+000	2.39428E-004	11	..........a	-327.68
	937	938	-1.72456E+000	-2.00196E-001	-2.20877E+000	-2.00025E+000	2.28411E-004	11	..........a	-327.68
	938	939	-1.72376E+000	-2.00196E-001	-2.21134E+000	-2.00025E+000	2.59444E-004	11	..........a	-327.68
	939	940	-1.72456E+000	-2.00196E-001	-2.21670E+000	-2.00025E+000	2.70411E-004	11	..........a	-327.68
	940	941	-1.72216E+000	-2.00196E-001	-2.22180E+000	-2.00025E+000	2.60611E-004	11	..........a	-327.68
	941	942	-1.72376E+000	-2.00196E-001	-2.22562E+000	-2.00025E+000	2.72494E-004	11	..........a	-327.68
	942	943	-1.72456E+000	-2.00196E-001	-2.22838E+000	-2.00025E+000	2.66511E-004	11	..........a	-327.68
	943	944	-1.72136E+000	-2.00196E-001	-2.24266E+000	-2.00025E+000	2.65211E-004	11	..........a	-327.68
	944	945	-1.72216E+000	-2.00196E-001	-2.24640E+000	-2.00025E+000	2.78494E-004	11	..........a	-327.68
	945	946	-1.72456E+000	-2.00197E-001	-2.24957E+000	-2.00025E+000	2.76028E-004	11	..........a	-327.68
	946	947	-1.72296E+000	-2.00196E-001	-2.25362E+000	-2.00025E+000	2.77094E-004	11	..........a	-327.68
	947	948	-1.72216E+000	-2.00196E-001	-2.25962E+000	-2.00025E+000	2.84011E-004	11	..........a	-327.68
	948	949	-1.72096E+000	-2.00197E-001	-2.26624E+000	-2.00025E+000	2.87761E-004	11	..........a	-327.68
	949	950	-1.72296E+000	-2.00196E-001	-2.26549E+000	-2.00025E+000	2.79394E-004	11	..........a	-327.68
	950	951	-1.72456E+000	-2.00196E-001	-2.27133E+000	-2.00025E+000	2.67461E-004	11	..........a	-327.68
	951	952	-1.72456E+000	-2.00196E-001	-2.27326E+000	-2.00025E+000	2.71028E-004	11	..........a	-327.68
	952	953	-1.72376E+000	-2.00196E-001	-2.27907E+000	-2.00025E+000	2.75478E-004	11	..........a	-327.68
	953	954	-1.72296E+000	-2.00196E-001	-2.28304E+000	-2.00025E+000	2.76378E-004	11	..........a	-327.68
	954	955	-1.72336E+000	-2.00196E-001	-2.29285E+000	-2.00025E+000	2.70278E-004	11	..........a	-327.68
	955	956	-1.72056E+000	-2.00196E-001	-2.30059E+000	-2.00025E+000	2.61861E-004	11	..........a	-327.68
	956	957	-1.72376E+000	-2.00195E-001	-2.30195E+000	-2.00025E+000	2.72861E-004	11	..........a	-327.68
	957	958	-1.72016E+000	-2.00196E-001	-2.31127E+000	-2.00025E+000	2.49344E-004	11	..........a	-327.68
	958	959	-1.72296E+000	-2.00196E-001	-2.31089E+000	-2.00025E+000	2.42661E-004	11	..........a	-327.68
	959	960	-1.72176E+000	-2.00195E-001	-2.32026E+000	-2.00025E+000	2.53611E-004	11	..........a	-327.68
	960	961	-1.72296E+000	-2.00196E-001	-2.31872E+000	-2.00025E+000	2.61761E-004	11	..........a	-327.68
	961	962	-1.72256E+000	-2.00196E-001	-2.32534E+000	-2.00025E+000	2.69711E-004	11	..........a	-327.68
	962	963	-1.71816E+000	-2.00197E-001	-2.20542E+000	-2.00025E+000	2.76328E-004	11	..........a	-327.68
	963	964	-1.71896E+000	-2.00196E-001	-2.13879E+000	-2.00025E+000	2.73211E-004	11	..........a	-327.68
	964	965	-1.71896E+000	-2.00196E-001	-2.14293E+000	-2.00025E+000	2.59878E-004	11	..........a	-327.68
	965	966	-1.72096E+000	-2.00196E-001	-2.14579E+000	-2.00025E+000	2.41278E-004	11	..........a	-327.68
	966	967	-1.72056E+000	-2.00196E-001	-2.15360E+000	-2.00025E+000	3.42144E-004	11	..........a	-327.68
	967	968	-1.72016E+000	-2.00196E-001	-2.15916E+000	-2.00025E+000	3.41128E-004	11	..........a	-327.68
	968	969	-1.72096E+000	-2.00196E-001	-2.16649E+000	-2.00025E+000	3.40494E-004	11	..........a	-327.68
	969	970	-1.72176E+000	-2.00196E-001	-2.17007E+000	-2.00025E+000	3.37361E-004	11	..........a	-327.68
	970	971	-1.72136E+000	-2.00196E-001	-2.17902E+000	-2.00025E+000	3.41278E-004	11	..........a	-327.68
	971	972	-1.72056E+000	-2.00196E-001	-2.18296E+000	-2.00025E+000	3.41128E-004	11	..........a	-327.68
	972	973	-1.72336E+000	-2.00195E-001	-2.19002E+000	-2.00025E+000	3.40211E-004	11	..........a	-327.68
	973	974	-1.71976E+000	-2.00196E-001	-2.20552E+000	-2.00025E+000	3.39661E-004	11	..........a	-327.68
	974	975	-1.72056E+000	-2.00195E-001	-2.20665E+000	-2.00025E+000	3.37628E-004	11	..........a	-327.68
	975	976	-1.72336E+000	-2.00195E-001	-2.20884E+000	-2.00025E+000	3.39261E-004	11	..........a	-327.68
	976	977	-1.72376E+000	-2.00196E-001	-2.21010E+000	-2.00025E+000	3.29528E-004	11	..........a	-327.68
	977	978	-1.72176E+000	-2.00196E-001	-2.21849E+000	-2.00025E+000	3.35344E-004	11	..........a	-327.68
	978	979	-1.72136E+000	-2.00196E-001	-2.22268E+000	-2.00025E+000	3.44278E-004	11	..........a	-327.68
	979	980	-1.72016E+000	-2.00196E-001	-2.23327E+000	-2.00025E+000	3.35828E-004	11	..........a	-327.68
	980	981	-1.71896E+000	-2.00196E-001	-2.23803E+000	-2.00025E+000	3.38344E-004	11	..........a	-327.68
	981	982	-1.71936E+000	-2.00196E-001	-2.24274E+000	-2.00025E+000	3.40044E-004	11	..........a	-327.68
	982	983	-1.71896E+000	-2.00196E-001	-2.24449E+000	-2.00025E+000	3.37861E-004	11	..........a	-327.68
	983	984	-1.72056E+000	-2.00196E-001	-2.24848E+000	-2.00025E+000	3.35311E-004	11	..........a	-327.68
	984	985	-1.72136E+000	-2.00196E-001	-2.24869E+000	-2.00025E+000	3.39294E-004	11	..........a	-327.68
	985	986	-1.71936E+000	-2.00196E-001	-2.25835E+000	-2.00025E+000	3.36294E-004	11	..........a	-327.68
	986	987	-1.72096E+000	-2.00196E-001	-2.25766E+000	-2.00025E+000	3.35994E-004	11	..........a	-327.68
	987	988	-1.72056E+000	-2.00196E-001	-2.25978E+000	-2.00025E+000	3.35478E-004	11	..........a	-327.68
	988	989	-1.72216E+000	-2.00196E-001	-2.26568E+000	-2.00025E+000	3.36128E-004	11	..........a	-327.68
	989	990	-1.72096E+000	-2.00196E-001	-2.26817E+000	-2.00025E+000	3.33678E-004	11	..........a	-327.68
	990	991	-1.72056E+000	-2.00197E-001	-2.28648E+000	-2.00025E+000	3.39978E-004	11	..........a	-327.68
	991	992	-1.72256E+000	-2.00196E-001	-2.28993E+000	-2.00025E+000	3.34461E-004	11	..........a	-327.68
	992	993	-1.72216E+000	-2.00196E-001	-2.30193E+000	-2.00025E+000	3.11861E-004	11	..........a	-327.68
	993	994	-1.72136E+000	-2.00196E-001	-2.31070E+000	-2.00025E+000	3.11078E-004	11	..........a	-327.68
	994	995	-1.72136E+000	-2.00196E-001	-2.32204E+000	-2.00025E+000	3.18194E-004	11	..........a	-327.68
	995	996	-1.72016E+000	-2.00196E-001	-2.32613E+000	-2.00025E+000	3.13428E-004	11	..........a	-327.68
	996	997	-1.72136E+000	-2.00196E-001	-2.33388E+000	-2.00025E+000	3.15994E-004	11	..........a	-327.68
	997	998	-1.72176E+000	-2.00196E-001	-2.33949E+000	-2.00025E+000	3.09994E-004	11	..........a	-327.68
	998	999	-1.72296E+000	-2.00196E-001	-2.34197E+000	-2.00025E+000	3.13661E-004	11	..........a	-327.68
	999	1000	-1.72176E+000	-2.00196E-001	-2.35146E+000	-2.00025E+000	3.18878E-004	11	..........a	-327.68
	1000	1001	-1.72296E+000	-2.00196E-001	-2.35103E+000	-2.00025E+000	3.18878E-004	11	..........a	-327.68
	1001	1002	-1.72216E+000	-2.00195E-001	-2.35927E+000	-2.00025E+000	3.12478E-004	11	..........a	-327.68
	1002	1003	-1.72376E+000	-2.00196E-001	-2.35870E+000	-2.00025E+000	3.18228E-004	11	..........a	-327.68
	1003	1004	-1.72376E+000	-2.00196E-001	-2.36327E+000	-2.00025E+000	3.19444E-004	11	..........a	-327.68
	1004	1005	-1.71896E+000	-2.00196E-001	-2.15545E+000	-2.00025E+000	3.15778E-004	11	..........a	-327.68
	1005	1006	-1.72096E+000	-2.00196E-001	-2.16286E+000	-2.00025E+000	3.04994E-004	11	..........a	-327.68
	1006	1007	-1.71976E+000	-2.00196E-001	-2.17015E+000	-2.00025E+000	3.10094E-004	11	..........a	-327.68
	1007	1008	-1.71936E+000	-2.00195E-001	-2.16541E+000	-2.00025E+000	3.14378E-004	11	..........a	-327.68
	1008	1009	-1.72176E+000	-2.00195E-001	-2.16927E+000	-2.00025E+000	3.12228E-004	11	..........a	-327.68
	1009	1010	-1.72056E+000	-2.00196E-001	-2.17581E+000	-2.00025E+000	3.11711E-004	11	..........a	-327.68
	1010	1011	-1.72136E+000	-2.00195E-001	-2.18950E+000	-2.00025E+000	3.12778E-004	11	..........a	-327.68
	1011	1012	-1.72176E+000	-2.00195E-001	-2.18399E+000	-2.00025E+000	3.15561E-004	11	..........a	-327.68
	1012	1013	-1.72136E+000	-2.00195E-001	-2.19166E+000	-2.00025E+000	3.23711E-004	11	..........a	-327.68
	1013	1014	-1.72176E+000	-2.00196E-001	-2.19414E+000	-2.00025E+000	3.18578E-004	11	..........a	-327.68
	1014	1015	-1.72176E+000	-2.00196E-001	-2.20029E+000	-2.00025E+000	3.19111E-004	11	..........a	-327.68
	1015	1016	-1.72216E+000	-2.00196E-001	-2.20766E+000	-2.00025E+000	3.16578E-004	11	..........a	-327.68
	1016	1017	-1.72136E+000	-2.00195E-001	-2.21285E+000	-2.00025E+000	3.11928E-004	11	..........a	-327.68
	1017	1018	-1.72216E+000	-2.00195E-001	-2.21770E+000	-2.00025E+000	3.13761E-004	11	..........a	-327.68
	1018	1019	-1.72096E+000	-2.00196E-001	-2.22454E+000	-2.00025E+000	3.15761E-004	11	..........a	-327.68
	1019	1020	-1.72136E+000	-2.00196E-001	-2.23277E+000	-2.00025E+000	3.18144E-004	11	..........a	-327.68
	1020	1021	-1.71856E+000	-2.00196E-001	-2.24029E+000	-2.00025E+000	3.27378E-004	11	..........a	-327.68
	1021	1022	-1.71936E+000	-2.00196E-001	-2.25481E+000	-2.00025E+000	3.17611E-004	11	..........a	-327.68
	1022	1023	-1.72176E+000	-2.00196E-001	-2.25116E+000	-2.00025E+000	3.29678E-004	11	..........a	-327.68
	1023	1024	-1.72216E+000	-2.00196E-001	-2.25547E+000	-2.00025E+000	3.23061E-004	11	..........a	-327.68
	1024	1025	-1.72136E+000	-2.00196E-001	-2.25979E+000	-2.00025E+000	3.21044E-004	11	..........a	-327.68
	1025	1026	-1.72296E+000	-2.00196E-001	-2.26287E+000	-2.00025E+000	3.19644E-004	11	..........a	-327.68
	1026	1027	-1.72096E+000	-2.00196E-001	-2.26848E+000	-2.00025E+000	3.19228E-004	11	..........a	-327.68
	1027	1028	-1.72136E+000	-2.00196E-001	-2.27249E+000	-2.00025E+000	3.25978E-004	11	..........a	-327.68
	1028	1029	-1.72176E+000	-2.00196E-001	-2.27512E+000	-2.00025E+000	3.17461E-004	11	..........a	-327.68
	1029	1030	-1.71976E+000	-2.00196E-001	-2.29292E+000	-2.00025E+000	3.21778E-004	11	..........a	-327.68
	1030	1031	-1.72056E+000	-2.00196E-001	-2.29265E+000	-2.00025E+000	3.21261E-004	11	..........a	-327.68
	1031	1032	-1.72056E+000	-2.00196E-001	-2.29277E+000	-2.00025E+000	3.21244E-004	11	..........a	-327.68
	1032	1033	-1.72216E+000	-2.00196E-001	-2.29315E+000	-2.00025E+000	3.21461E-004	11	..........a	-327.68
	1033	1034	-1.71896E+000	-2.00196E-001	-2.29952E+000	-2.00025E+000	3.13728E-004	11	..........a	-327.68
	1034	1035	-1.72216E+000	-2.00196E-001	-2.30628E+000	-2.00025E+000	3.20161E-004	11	..........a	-327.68
	1035	1036	-1.71976E+000	-2.00196E-001	-2.31659E+000	-2.00025E+000	3.21944E-004	11	..........a	-327.68
	1036	1037	-1.72056E+000	-2.00196E-001	-2.32789E+000	-2.00025E+000	3.21228E-004	11	..........a	-327.68
	1037	1038	-1.72176E+000	-2.00196E-001	-2.33379E+000	-2.00025E+000	3.21744E-004	11	..........a	-327.68
	1038	1039	-1.72056E+000	-2.00196E-001	-2.34325E+000	-2.00025E+000	3.15428E-004	11	..........a	-327.68
	1039	1040	-1.72056E+000	-2.00196E-001	-2.35054E+000	-2.00025E+000	3.14744E-004	11	..........a	-327.68
	1040	1041	-1.72176E+000	-2.00196E-001	-2.35489E+000	-2.00025E+000	3.21828E-004	11	..........a	-327.68
	1041	1042	-1.72136E+000	-2.00196E-001	-2.35877E+000	-2.00025E+000	3.21194E-004	11	..........a	-327.68
	1042	1043	-1.72336E+000	-2.00196E-001	-2.36177E+000	-2.00025E+000	3.20028E-004	11	..........a	-327.68
	1043	1044	-1.72576E+000	-2.00196E-001	-2.36322E+000	-2.00025E+000	3.13061E-004	11	..........a	-327.68
	1044	1045	-1.71616E+000	-2.00195E-001	-2.35945E+000	-2.00025E+000	2.99111E-004	11	..........a	-327.68
	1045	1046	-1.71736E+000	-2.00196E-001	-2.15351E+000	-2.00025E+000	2.99461E-004	11	..........a	-327.68
	1046	1047	-1.71656E+000	-2.00196E-001	-2.16286E+000	-2.00025E+000	2.97278E-004	11	..........a	-327.68
	1047	1048	-1.71736E+000	-2.00196E-001	-2.16582E+000	-2.00025E+000	3.02828E-004	11	..........a	-327.68
	1048	1049	-1.71896E+000	-2.00195E-001	-2.17196E+000	-2.00025E+000	2.97011E-004	11	..........a	-327.68
	1049	1050	-1.71976E+000	-2.00196E-001	-2.17482E+000	-2.00025E+000	2.99511E-004	11	..........a	-327.68
	1050	1051	-1.71736E+000	-2.00195E-001	-2.18410E+000	-2.00025E+000	3.10794E-004	11	..........a	-327.68
	1051	1052	-1.71976E+000	-2.00195E-001	-2.18700E+000	-2.00025E+000	3.05078E-004	11	..........a	-327.68
	1052	1053	-1.71896E+000	-2.00195E-001	-2.19411E+000	-2.00025E+000	3.01594E-004	11	..........a	-327.68
	1053	1054	-1.71816E+000	-2.00195E-001	-2.20056E+000	-2.00025E+000	3.06678E-004	11	..........a	-327.68
	1054	1055	-1.71576E+000	-2.00195E-001	-2.21141E+000	-2.00025E+000	3.02228E-004	11	..........a	-327.68
	1055	1056	-1.71976E+000	-2.00198E-001	-2.20926E+000	-2.00025E+000	3.49611E-004	11	..........a	-327.68
	1056	1057	-1.72056E+000	-2.00197E-001	-2.21969E+000	-2.00025E+000	3.39194E-004	11	..........a	-327.68
	1057	1058	-1.71936E+000	-2.00198E-001	-2.22556E+000	-2.00025E+000	3.39628E-004	11	..........a	-327.68
	1058	1059	-1.72176E+000	-2.00197E-001	-2.23199E+000	-2.00025E+000	3.44328E-004	11	..........a	-327.68
	1059	1060	-1.72056E+000	-2.00198E-001	-2.24063E+000	-2.00025E+000	3.48994E-004	11	..........a	-327.68
	1060	1061	-1.71896E+000	-2.00198E-001	-2.24928E+000	-2.00025E+000	3.45561E-004	11	..........a	-327.68
	1061	1062	-1.72016E+000	-2.00198E-001	-2.25147E+000	-2.00025E+000	3.50311E-004	11	..........a	-327.68
	1062	1063	-1.72176E+000	-2.00198E-001	-2.25635E+000	-2.00025E+000	3.45128E-004	11	..........a	-327.68
	1063	1064	-1.72256E+000	-2.00197E-001	-2.26090E+000	-2.00025E+000	3.41778E-004	11	..........a	-327.68
	1064	1065	-1.72336E+000	-2.00197E-001	-2.26424E+000	-2.00025E+000	3.43311E-004	11	..........a	-327.68
	1065	1066	-1.72456E+000	-2.00198E-001	-2.26739E+000	-2.00025E+000	3.50561E-004	11	..........a	-327.68
	1066	1067	-1.72176E+000	-2.00213E-001	-2.27998E+000	-2.00025E+000	8.62044E-004	11	..........a	-327.68
	1067	1068	-1.72296E+000	-2.00213E-001	-2.28129E+000	-2.00025E+000	8.57044E-004	11	..........a	-327.68
	1068	1069	-1.71736E+000	-2.00213E-001	-2.29646E+000	-2.00025E+000	8.58294E-004	11	..........a	-327.68
	1069	1070	-1.71896E+000	-2.00213E-001	-2.29992E+000	-2.00025E+000	8.66478E-004	11	..........a	-327.68
	1070	1071	-1.71736E+000	-2.00213E-001	-2.30203E+000	-2.00025E+000	8.57644E-004	11	..........a	-327.68
	1071	1072	-1.71816E+000	-2.00215E-001	-2.30649E+000	-2.00025E+000	8.88378E-004	11	..........a	-327.68
	1072	1073	-1.71976E+000	-2.00215E-001	-2.30865E+000	-2.00025E+000	8.85994E-004	11	..........a	-327.68
	1073	1074	-1.71736E+000	-2.00215E-001	-2.31817E+000	-2.00025E+000	8.85894E-004	11	..........a	-327.68
	1074	1075	-1.71896E+000	-2.00215E-001	-2.31799E+000	-2.00025E+000	8.76594E-004	11	..........a	-327.68
	1075	1076	-1.71936E+000	-2.00214E-001	-2.32260E+000	-2.00025E+000	8.59228E-004	11	..........a	-327.68
	1076	1077	-1.72056E+000	-2.00215E-001	-2.32532E+000	-2.00025E+000	8.75761E-004	11	..........a	-327.68
	1077	1078	-1.72056E+000	-2.00215E-001	-2.33233E+000	-2.00025E+000	8.71811E-004	11	..........a	-327.68
	1078	1079	-1.72216E+000	-2.00216E-001	-2.33354E+000	-2.00025E+000	8.98894E-004	11	..........a	-327.68
	1079	1080	-1.71976E+000	-2.00192E-001	-2.34310E+000	-2.00025E+000	2.19228E-004	11	..........a	-327.68
	1080	1081	-1.72176E+000	-2.00193E-001	-2.34498E+000	-2.00025E+000	2.18461E-004	11	..........a	-327.68
	1081	1082	-1.71816E+000	-2.00193E-001	-2.35981E+000	-2.00025E+000	2.21744E-004	11	..........a	-327.68
	1082	1083	-1.72056E+000	-2.00192E-001	-2.35856E+000	-2.00025E+000	2.15611E-004	11	..........a	-327.68
	1083	1084	-1.72056E+000	-2.00193E-001	-2.35934E+000	-2.00025E+000	2.07711E-004	11	..........a	-327.68
	1084	1085	-1.72096E+000	-2.00193E-001	-2.35988E+000	-2.00025E+000	2.18978E-004	11	..........a	-327.68
	1085	1086	-1.72016E+000	-2.00193E-001	-2.36512E+000	-2.00025E+000	2.11994E-004	11	..........a	-327.68
	1086	1087	-1.71736E+000	-2.00193E-001	-2.13532E+000	-2.00025E+000	2.21028E-004	11	..........a	-327.68
	1087	1088	-1.71816E+000	-2.00193E-001	-2.14194E+000	-2.00025E+000	2.13594E-004	11	..........a	-327.68
	1088	1089	-1.71896E+000	-2.00193E-001	-2.14466E+000	-2.00025E+000	2.16544E-004	11	..........a	-327.68
	1089	1090	-1.71736E+000	-2.00192E-001	-2.15393E+000	-2.00025E+000	2.18694E-004	11	..........a	-327.68
	1090	1091	-1.71976E+000	-2.00193E-001	-2.15441E+000	-2.00025E+000	2.25111E-004	11	..........a	-327.68
	1091	1092	-1.71896E+000	-2.00192E-001	-2.16029E+000	-2.00025E+000	2.09011E-004	11	..........a	-327.68
	1092	1093	-1.71816E+000	-2.00192E-001	-2.16496E+000	-2.00025E+000	2.14961E-004	11	..........a	-327.68
	1093	1094	-1.71896E+000	-2.00192E-001	-2.17279E+000	-2.00025E+000	2.16578E-004	11	..........a	-327.68
	1094	1095	-1.71896E+000	-2.00192E-001	-2.17892E+000	-2.00025E+000	2.14594E-004	11	..........a	-327.68
	1095	1096	-1.71976E+000	-2.00193E-001	-2.18144E+000	-2.00025E+000	2.10994E-004	11	..........a	-327.68
	1096	1097	-1.71576E+000	-2.00193E-001	-2.19426E+000	-2.00025E+000	2.16894E-004	11	..........a	-327.68
	1097	1098	-1.71896E+000	-2.00193E-001	-2.19880E+000	-2.00025E+000	2.19394E-004	11	..........a	-327.68
	1098	1099	-1.71936E+000	-2.00193E-001	-2.20271E+000	-2.00025E+000	2.18011E-004	11	..........a	-327.68
	1099	1100	-1.71736E+000	-2.00193E-001	-2.21112E+000	-2.00025E+000	2.15194E-004	11	..........a	-327.68
	1100	1101	-1.71976E+000	-2.00193E-001	-2.21499E+000	-2.00025E+000	2.14728E-004	11	..........a	-327.68
	1101	1102	-1.71896E+000	-2.00193E-001	-2.22076E+000	-2.00025E+000	2.11694E-004	11	..........a	-327.68
	1102	1103	-1.71976E+000	-2.00193E-001	-2.22737E+000	-2.00025E+000	2.13628E-004	11	..........a	-327.68
	1103	1104	-1.71856E+000	-2.00193E-001	-2.23199E+000	-2.00025E+000	2.16678E-004	11	..........a	-327.68
	1104	1105	-1.71976E+000	-2.00193E-001	-2.23690E+000	-2.00025E+000	2.15528E-004	11	..........a	-327.68
	1105	1106	-1.72096E+000	-2.00198E-001	-2.23887E+000	-2.00025E+000	3.20744E-004	11	..........a	-327.68
	1106	1107	-1.71896E+000	-2.00198E-001	-2.25260E+000	-2.00025E+000	3.19528E-004	11	..........a	-327.68
	1107	1108	-1.71656E+000	-2.00198E-001	-2.25636E+000	-2.00025E+000	3.11911E-004	11	..........a	-327.68
	1108	1109	-1.71936E+000	-2.00198E-001	-2.25939E+000	-2.00025E+000	3.20044E-004	11	..........a	-327.68
	1109	1110	-1.71976E+000	-2.00198E-001	-2.26331E+000	-2.00025E+000	3.26844E-004	11	..........a	-327.68
	1110	1111	-1.72016E+000	-2.00198E-001	-2.26838E+000	-2.00025E+000	3.21294E-004	11	..........a	-327.68
	1111	1112	-1.71896E+000	-2.00198E-001	-2.27594E+000	-2.00025E+000	3.09878E-004	11	..........a	-327.68
	1112	1113	-1.71896E+000	-2.00198E-001	-2.29232E+000	-2.00025E+000	3.12944E-004	11	..........a	-327.68
	1113	1114	-1.71896E+000	-2.00198E-001	-2.29541E+000	-2.00025E+000	3.19694E-004	11	..........a	-327.68
	1114	1115	-1.72056E+000	-2.00198E-001	-2.29757E+000	-2.00025E+000	3.15211E-004	11	..........a	-327.68
	1115	1116	-1.72056E+000	-2.00198E-001	-2.30219E+000	-2.00025E+000	3.20828E-004	11	..........a	-327.68
	1116	1117	-1.71976E+000	-2.00198E-001	-2.30151E+000	-2.00025E+000	3.12961E-004	11	..........a	-327.68
	1117	1118	-1.71936E+000	-2.00198E-001	-2.30674E+000	-2.00025E+000	3.18044E-004	11	..........a	-327.68
	1118	1119	-1.71856E+000	-2.00198E-001	-2.30905E+000	-2.00025E+000	3.21811E-004	11	..........a	-327.68
	1119	1120	-1.71736E+000	-2.00198E-001	-2.32437E+000	-2.00025E+000	3.23194E-004	11	..........a	-327.68
	1120	1121	-1.71816E+000	-2.00198E-001	-2.32389E+000	-2.00025E+000	3.10961E-004	11	..........a	-327.68
	1121	1122	-1.71656E+000	-2.00198E-001	-2.32760E+000	-2.00025E+000	3.13094E-004	11	..........a	-327.68
	1122	1123	-1.71576E+000	-2.00198E-001	-2.32887E+000	-2.00025E+000	3.15311E-004	11	..........a	-327.68
	1123	1124	-1.71776E+000	-2.00198E-001	-2.33343E+000	-2.00025E+000	3.22878E-004	11	..........a	-327.68
	1124	1125	-1.71656E+000	-2.00199E-001	-2.14577E+000	-2.00025E+000	3.18428E-004	11	..........a	-327.68
	1125	1126	-1.71416E+000	-2.00198E-001	-2.14811E+000	-2.00025E+000	3.13094E-004	11	..........a	-327.68
	1126	1127	-1.71416E+000	-2.00198E-001	-2.15562E+000	-2.00025E+000	3.11928E-004	11	..........a	-327.68
	1127	1128	-1.71496E+000	-2.00198E-001	-2.16717E+000	-2.00025E+000	3.15328E-004	11	..........a	-327.68
	1128	1129	-1.71656E+000	-2.00198E-001	-2.17107E+000	-2.00025E+000	3.16694E-004	11	..........a	-327.68
	1129	1130	-1.71856E+000	-2.00198E-001	-2.17749E+000	-2.00025E+000	3.12544E-004	11	..........a	-327.68
	1130	1131	-1.71496E+000	-2.00198E-001	-2.18715E+000	-2.00025E+000	3.13761E-004	11	..........a	-327.68
	1131	1132	-1.71416E+000	-2.00197E-001	-2.19548E+000	-2.00025E+000	3.33878E-004	11	..........a	-327.68
	1132	1133	-1.71736E+000	-2.00197E-001	-2.19578E+000	-2.00025E+000	3.20661E-004	11	..........a	-327.68
	1133	1134	-1.71496E+000	-2.00197E-001	-2.20371E+000	-2.00025E+000	3.21461E-004	11	..........a	-327.68
	1134	1135	-1.71696E+000	-2.00197E-001	-2.20850E+000	-2.00025E+000	3.12578E-004	11	..........a	-327.68
	1135	1136	-1.71696E+000	-2.00196E-001	-2.21122E+000	-2.00025E+000	3.20128E-004	11	..........a	-327.68
	1136	1137	-1.71696E+000	-2.00196E-001	-2.21384E+000	-2.00025E+000	3.11894E-004	11	..........a	-327.68
	1137	1138	-1.71576E+000	-2.00197E-001	-2.21340E+000	-2.00025E+000	3.35011E-004	11	..........a	-327.68
	1138	1139	-1.71416E+000	-2.00196E-001	-2.22088E+000	-2.00025E+000	3.25544E-004	11	..........a	-327.68
	1139	1140	-1.71576E+000	-2.00197E-001	-2.22352E+000	-2.00025E+000	3.26594E-004	11	..........a	-327.68
	1140	1141	-1.71816E+000	-2.00197E-001	-2.22149E+000	-2.00025E+000	3.30778E-004	11	..........a	-327.68
	1141	1142	-1.71736E+000	-2.00197E-001	-2.23135E+000	-2.00025E+000	3.35011E-004	11	..........a	-327.68
	1142	1143	-1.71776E+000	-2.00197E-001	-2.23378E+000	-2.00025E+000	3.30861E-004	11	..........a	-327.68
	1143	1144	-1.71896E+000	-2.00197E-001	-2.23853E+000	-2.00025E+000	3.30744E-004	11	..........a	-327.68
	1144	1145	-1.71736E+000	-2.00197E-001	-2.24561E+000	-2.00025E+000	3.28394E-004	11	..........a	-327.68
	1145	1146	-1.71816E+000	-2.00197E-001	-2.26101E+000	-2.00025E+000	3.37861E-004	11	..........a	-327.68
	1146	1147	-1.71336E+000	-2.00198E-001	-2.26568E+000	-2.00025E+000	3.30094E-004	11	..........a	-327.68
	1147	1148	-1.71976E+000	-2.00197E-001	-2.26537E+000	-2.00025E+000	3.25211E-004	11	..........a	-327.68
	1148	1149	-1.71656E+000	-2.00197E-001	-2.27245E+000	-2.00025E+000	3.26928E-004	11	..........a	-327.68
	1149	1150	-1.71656E+000	-2.00197E-001	-2.27873E+000	-2.00025E+000	3.37128E-004	11	..........a	-327.68
	1150	1151	-1.71696E+000	-2.00197E-001	-2.28114E+000	-2.00025E+000	3.37428E-004	11	..........a	-327.68
	1151	1152	-1.71896E+000	-2.00197E-001	-2.28546E+000	-2.00025E+000	3.39628E-004	11	..........a	-327.68
	1152	1153	-1.71896E+000	-2.00197E-001	-2.28606E+000	-2.00025E+000	3.33844E-004	11	..........a	-327.68
	1153	1154	-1.71736E+000	-2.00197E-001	-2.29235E+000	-2.00025E+000	3.31411E-004	11	..........a	-327.68
	1154	1155	-1.71816E+000	-2.00197E-001	-2.29407E+000	-2.00025E+000	3.22211E-004	11	..........a	-327.68
	1155	1156	-1.71816E+000	-2.00197E-001	-2.29916E+000	-2.00025E+000	3.24394E-004	11	..........a	-327.68
	1156	1157	-1.71416E+000	-2.00199E-001	-2.14253E+000	-2.00025E+000	3.22611E-004	11	..........a	-327.68
	1157	1158	-1.71536E+000	-2.00196E-001	-2.11322E+000	-2.00025E+000	2.65144E-004	11	..........a	-327.68
	1158	1159	-1.71456E+000	-2.00196E-001	-2.11871E+000	-2.00025E+000	2.51511E-004	11	..........a	-327.68
	1159	1160	-1.71816E+000	-2.00197E-001	-2.12044E+000	-2.00025E+000	2.55378E-004	11	..........a	-327.68
	1160	1161	-1.71776E+000	-2.00196E-001	-2.12670E+000	-2.00025E+000	2.61378E-004	11	..........a	-327.68
	1161	1162	-1.71736E+000	-2.00196E-001	-2.13175E+000	-2.00025E+000	2.61011E-004	11	..........a	-327.68
	1162	1163	-1.71656E+000	-2.00196E-001	-2.13914E+000	-2.00025E+000	2.58778E-004	11	..........a	-327.68
	1163	1164	-1.71776E+000	-2.00196E-001	-2.14381E+000	-2.00025E+000	2.62761E-004	11	..........a	-327.68
	1164	1165	-1.71816E+000	-2.00196E-001	-2.14997E+000	-2.00025E+000	2.56828E-004	11	..........a	-327.68
	1165	1166	-1.71736E+000	-2.00196E-001	-2.15784E+000	-2.00025E+000	2.68178E-004	11	..........a	-327.68
	1166	1167	-1.71576E+000	-2.00196E-001	-2.16657E+000	-2.00025E+000	2.60711E-004	11	..........a	-327.68
	1167	1168	-1.71816E+000	-2.00197E-001	-2.16748E+000	-2.00025E+000	2.62761E-004	11	..........a	-327.68
	1168	1169	-1.71576E+000	-2.00196E-001	-2.17454E+000	-2.00025E+000	2.78678E-004	11	..........a	-327.68
	1169	1170	-1.71696E+000	-2.00196E-001	-2.17522E+000	-2.00025E+000	2.62811E-004	11	..........a	-327.68
	1170	1171	-1.71696E+000	-2.00196E-001	-2.18157E+000	-2.00025E+000	2.57211E-004	11	..........a	-327.68
	1171	1172	-1.71656E+000	-2.00196E-001	-2.18622E+000	-2.00025E+000	2.52861E-004	11	..........a	-327.68
	1172	1173	-1.71576E+000	-2.00196E-001	-2.19312E+000	-2.00025E+000	2.59694E-004	11	..........a	-327.68
	1173	1174	-1.71816E+000	-2.00196E-001	-2.19593E+000	-2.00025E+000	2.55594E-004	11	..........a	-327.68
	1174	1175	-1.71336E+000	-2.00196E-001	-2.20715E+000	-2.00025E+000	2.65061E-004	11	..........a	-327.68
	1175	1176	-1.71896E+000	-2.00196E-001	-2.20788E+000	-2.00025E+000	2.59644E-004	11	..........a	-327.68
	1176	1177	-1.71816E+000	-2.00196E-001	-2.21563E+000	-2.00025E+000	2.59944E-004	11	..........a	-327.68
	1177	1178	-1.71816E+000	-2.00196E-001	-2.22358E+000	-2.00025E+000	2.58661E-004	11	..........a	-327.68
	1178	1179	-1.71656E+000	-2.00196E-001	-2.23684E+000	-2.00025E+000	2.69061E-004	11	..........a	-327.68
	1179	1180	-1.71496E+000	-2.00196E-001	-2.24427E+000	-2.00025E+000	2.59494E-004	11	..........a	-327.68
	1180	1181	-1.71576E+000	-2.00196E-001	-2.24731E+000	-2.00025E+000	2.55561E-004	11	..........a	-327.68
	1181	1182	-1.71696E+000	-2.00195E-001	-2.25121E+000	-2.00025E+000	2.71344E-004	11	..........a	-327.68
	1182	1183	-1.71616E+000	-2.00196E-001	-2.25371E+000	-2.00025E+000	2.73578E-004	11	..........a	-327.68
	1183	1184	-1.71976E+000	-2.00196E-001	-2.25785E+000	-2.00025E+000	2.60844E-004	11	..........a	-327.68
	1184	1185	-1.71856E+000	-2.00196E-001	-2.26336E+000	-2.00025E+000	2.72211E-004	11	..........a	-327.68
	1185	1186	-1.71856E+000	-2.00195E-001	-2.26826E+000	-2.00025E+000	2.69278E-004	11	..........a	-327.68
	1186	1187	-1.71816E+000	-2.00195E-001	-2.27529E+000	-2.00025E+000	2.64894E-004	11	..........a	-327.68
	1187	1188	-1.71576E+000	-2.00196E-001	-2.28353E+000	-2.00025E+000	2.69394E-004	11	..........a	-327.68
	1188	1189	-1.71816E+000	-2.00196E-001	-2.28475E+000	-2.00025E+000	2.61561E-004	11	..........a	-327.68
	1189	1190	-1.71776E+000	-2.00196E-001	-2.28897E+000	-2.00025E+000	2.59594E-004	11	..........a	-327.68
	1190	1191	-1.71816E+000	-2.00196E-001	-2.29300E+000	-2.00025E+000	2.55061E-004	11	..........a	-327.68
	1191	1192	-1.71656E+000	-2.00196E-001	-2.29663E+000	-2.00025E+000	2.54911E-004	11	..........a	-327.68
	1192	1193	-1.71736E+000	-2.00196E-001	-2.29897E+000	-2.00025E+000	2.61994E-004	11	..........a	-327.68
	1193	1194	-1.71616E+000	-2.00196E-001	-2.31212E+000	-2.00025E+000	2.54328E-004	11	..........a	-327.68
	1194	1195	-1.71456E+000	-2.00196E-001	-2.31244E+000	-2.00025E+000	2.59394E-004	11	..........a	-327.68
	1195	1196	-1.71536E+000	-2.00196E-001	-2.31324E+000	-2.00025E+000	2.59461E-004	11	..........a	-327.68
	1196	1197	-1.71536E+000	-2.00197E-001	-2.31708E+000	-2.00025E+000	1.94161E-004	11	..........a	-327.68
	1197	1198	-1.71496E+000	-2.00196E-001	-2.31725E+000	-2.00025E+000	1.93061E-004	11	..........a	-327.68
	1198	1199	-1.71496E+000	-2.00196E-001	-2.31857E+000	-2.00025E+000	2.02494E-004	11	..........a	-327.68
	1199	1200	-1.71496E+000	-2.00197E-001	-2.31945E+000	-2.00025E+000	1.98744E-004	11	..........a	-327.68
	1200	1201	-1.71176E+000	-2.00196E-001	-2.10639E+000	-2.00025E+000	2.00861E-004	11	..........a	-327.68
	1201	1202	-1.71336E+000	-2.00196E-001	-2.11169E+000	-2.00025E+000	1.97644E-004	11	..........a	-327.68
	1202	1203	-1.71416E+000	-2.00196E-001	-2.11675E+000	-2.00025E+000	2.00528E-004	11	..........a	-327.68
	1203	1204	-1.71496E+000	-2.00196E-001	-2.11827E+000	-2.00025E+000	1.96861E-004	11	..........a	-327.68
	1204	1205	-1.71576E+000	-2.00196E-001	-2.12437E+000	-2.00025E+000	1.99461E-004	11	..........a	-327.68
	1205	1206	-1.71496E+000	-2.00197E-001	-2.13044E+000	-2.00025E+000	2.16911E-004	11	..........a	-327.68
	1206	1207	-1.71416E+000	-2.00197E-001	-2.13884E+000	-2.00025E+000	2.02528E-004	11	..........a	-327.68
	1207	1208	-1.71456E+000	-2.00196E-001	-2.14831E+000	-2.00025E+000	1.92944E-004	11	..........a	-327.68
	1208	1209	-1.71336E+000	-2.00196E-001	-2.16270E+000	-2.00025E+000	2.01728E-004	11	..........a	-327.68
	1209	1210	-1.71136E+000	-2.00196E-001	-2.17062E+000	-2.00025E+000	2.96244E-004	11	..........a	-327.68
	1210	1211	-1.71416E+000	-2.00196E-001	-2.17248E+000	-2.00025E+000	3.00594E-004	11	..........a	-327.68
	1211	1212	-1.71256E+000	-2.00196E-001	-2.18675E+000	-2.00025E+000	2.95661E-004	11	..........a	-327.68
	1212	1213	-1.71536E+000	-2.00196E-001	-2.19331E+000	-2.00025E+000	2.95928E-004	11	..........a	-327.68
	1213	1214	-1.71576E+000	-2.00196E-001	-2.20008E+000	-2.00025E+000	2.93344E-004	11	..........a	-327.68
	1214	1215	-1.71576E+000	-2.00196E-001	-2.20622E+000	-2.00025E+000	2.91328E-004	11	..........a	-327.68
	1215	1216	-1.71656E+000	-2.00196E-001	-2.21777E+000	-2.00025E+000	2.92428E-004	11	..........a	-327.68
	1216	1217	-1.71896E+000	-2.00196E-001	-2.22001E+000	-2.00025E+000	2.86994E-004	11	..........a	-327.68
	1217	1218	-1.71816E+000	-2.00196E-001	-2.23203E+000	-2.00025E+000	2.93028E-004	11	..........a	-327.68
	1218	1219	-1.71616E+000	-2.00196E-001	-2.24055E+000	-2.00025E+000	2.88978E-004	11	..........a	-327.68
	1219	1220	-1.71736E+000	-2.00196E-001	-2.24733E+000	-2.00025E+000	2.85761E-004	11	..........a	-327.68
	1220	1221	-1.71816E+000	-2.00196E-001	-2.24616E+000	-2.00025E+000	2.93094E-004	11	..........a	-327.68
	1221	1222	-1.71696E+000	-2.00196E-001	-2.25240E+000	-2.00025E+000	3.02194E-004	11	..........a	-327.68
	1222	1223	-1.71816E+000	-2.00196E-001	-2.25887E+000	-2.00025E+000	2.87261E-004	11	..........a	-327.68
	1223	1224	-1.71616E+000	-2.00196E-001	-2.26109E+000	-2.00025E+000	2.92244E-004	11	..........a	-327.68
	1224	1225	-1.71336E+000	-2.00196E-001	-2.27020E+000	-2.00025E+000	2.95378E-004	11	..........a	-327.68
	1225	1226	-1.71576E+000	-2.00197E-001	-2.27631E+000	-2.00025E+000	2.81511E-004	11	..........a	-327.68
	1226	1227	-1.71416E+000	-2.00196E-001	-2.28446E+000	-2.00025E+000	2.88311E-004	11	..........a	-327.68
	1227	1228	-1.71816E+000	-2.00196E-001	-2.28341E+000	-2.00025E+000	2.88894E-004	11	..........a	-327.68
	1228	1229	-1.71736E+000	-2.00196E-001	-2.28934E+000	-2.00025E+000	2.86144E-004	11	..........a	-327.68
	1229	1230	-1.71656E+000	-2.00196E-001	-2.29480E+000	-2.00025E+000	2.84278E-004	11	..........a	-327.68
	1230	1231	-1.71736E+000	-2.00196E-001	-2.29833E+000	-2.00025E+000	2.84828E-004	11	..........a	-327.68
	1231	1232	-1.71736E+000	-2.00196E-001	-2.30106E+000	-2.00025E+000	2.78761E-004	11	..........a	-327.68
	1232	1233	-1.71896E+000	-2.00196E-001	-2.30915E+000	-2.00025E+000	2.86094E-004	11	..........a	-327.68
	1233	1234	-1.71696E+000	-2.00196E-001	-2.31485E+000	-2.00025E+000	2.81194E-004	11	..........a	-327.68
	1234	1235	-1.71816E+000	-2.00196E-001	-2.31843E+000	-2.00025E+000	2.87011E-004	11	..........a	-327.68
	1235	1236	-1.71376E+000	-2.00196E-001	-2.32952E+000	-2.00025E+000	3.05061E-004	11	..........a	-327.68
	1236	1237	-1.71856E+000	-2.00196E-001	-2.32699E+000	-2.00025E+000	3.08411E-004	11	..........a	-327.68
	1237	1238	-1.71296E+000	-2.00196E-001	-2.34123E+000	-2.00025E+000	3.07294E-004	11	..........a	-327.68
	1238	1239	-1.71616E+000	-2.00196E-001	-2.33870E+000	-2.00025E+000	3.04311E-004	11	..........a	-327.68
	1239	1240	-1.71496E+000	-2.00196E-001	-2.34152E+000	-2.00025E+000	3.10811E-004	11	..........a	-327.68
	1240	1241	-1.71696E+000	-2.00197E-001	-2.33841E+000	-2.00025E+000	3.19011E-004	11	..........a	-327.68
	1241	1242	-1.71416E+000	-2.00196E-001	-2.15696E+000	-2.00025E+000	3.11478E-004	11	..........a	-327.68
	1242	1243	-1.71616E+000	-2.00196E-001	-2.16160E+000	-2.00025E+000	3.05794E-004	11	..........a	-327.68
	1243	1244	-1.71496E+000	-2.00197E-001	-2.17263E+000	-2.00025E+000	3.12144E-004	11	..........a	-327.68
	1244	1245	-1.71616E+000	-2.00196E-001	-2.18383E+000	-2.00025E+000	3.06711E-004	11	..........a	-327.68
	1245	1246	-1.71736E+000	-2.00196E-001	-2.19062E+000	-2.00025E+000	3.09294E-004	11	..........a	-327.68
	1246	1247	-1.71376E+000	-2.00196E-001	-2.19273E+000	-2.00025E+000	3.11694E-004	11	..........a	-327.68
	1247	1248	-1.71136E+000	-2.00196E-001	-2.20317E+000	-2.00025E+000	3.12294E-004	11	..........a	-327.68
	1248	1249	-1.71296E+000	-2.00196E-001	-2.21088E+000	-2.00025E+000	3.16344E-004	11	..........a	-327.68
	1249	1250	-1.71176E+000	-2.00196E-001	-2.21632E+000	-2.00025E+000	3.09161E-004	11	..........a	-327.68
	1250	1251	-1.71256E+000	-2.00196E-001	-2.22213E+000	-2.00025E+000	3.09011E-004	11	..........a	-327.68
	1251	1252	-1.71296E+000	-2.00196E-001	-2.22180E+000	-2.00025E+000	3.12094E-004	11	..........a	-327.68
	1252	1253	-1.71296E+000	-2.00196E-001	-2.22801E+000	-2.00025E+000	3.03844E-004	11	..........a	-327.68
	1253	1254	-1.71696E+000	-2.00196E-001	-2.22899E+000	-2.00025E+000	3.13528E-004	11	..........a	-327.68
	1254	1255	-1.71736E+000	-2.00196E-001	-2.23264E+000	-2.00025E+000	3.05044E-004	11	..........a	-327.68
	1255	1256	-1.71296E+000	-2.00196E-001	-2.25013E+000	-2.00025E+000	3.09194E-004	11	..........a	-327.68
	1256	1257	-1.71336E+000	-2.00196E-001	-2.25162E+000	-2.00025E+000	3.14261E-004	11	..........a	-327.68
	1257	1258	-1.71456E+000	-2.00196E-001	-2.25651E+000	-2.00025E+000	3.18344E-004	11	..........a	-327.68
	1258	1259	-1.71536E+000	-2.00196E-001	-2.25974E+000	-2.00025E+000	3.08761E-004	11	..........a	-327.68
	1259	1260	-1.71496E+000	-2.00196E-001	-2.26402E+000	-2.00025E+000	3.06278E-004	11	..........a	-327.68
	1260	1261	-1.71656E+000	-2.00196E-001	-2.26426E+000	-2.00025E+000	3.06444E-004	11	..........a	-327.68
	1261	1262	-1.71696E+000	-2.00196E-001	-2.27287E+000	-2.00025E+000	3.08178E-004	11	..........a	-327.68
	1262	1263	-1.71216E+000	-2.00196E-001	-2.27985E+000	-2.00025E+000	3.14994E-004	11	..........a	-327.68
	1263	1264	-1.71776E+000	-2.00196E-001	-2.28096E+000	-2.00025E+000	3.13461E-004	11	..........a	-327.68
	1264	1265	-1.71456E+000	-2.00196E-001	-2.29171E+000	-2.00025E+000	3.12344E-004	11	..........a	-327.68
	1265	1266	-1.71016E+000	-2.00196E-001	-2.30125E+000	-2.00025E+000	3.12594E-004	11	..........a	-327.68
	1266	1267	-1.71376E+000	-2.00196E-001	-2.31180E+000	-2.00025E+000	3.05628E-004	11	..........a	-327.68
	1267	1268	-1.71576E+000	-2.00196E-001	-2.31060E+000	-2.00025E+000	3.14178E-004	11	..........a	-327.68
	1268	1269	-1.71856E+000	-2.00196E-001	-2.31055E+000	-2.00025E+000	3.06244E-004	11	..........a	-327.68
	1269	1270	-1.71456E+000	-2.00196E-001	-2.31827E+000	-2.00025E+000	3.04661E-004	11	..........a	-327.68
	1270	1271	-1.71376E+000	-2.00196E-001	-2.32295E+000	-2.00025E+000	3.08878E-004	11	..........a	-327.68
	1271	1272	-1.71576E+000	-2.00196E-001	-2.32348E+000	-2.00025E+000	3.03344E-004	11	..........a	-327.68
	1272	1273	-1.71016E+000	-2.00198E-001	-2.25920E+000	-2.00025E+000	3.03344E-004	11	..........a	-327.68
	1273	1274	-1.71056E+000	-2.00196E-001	-2.11210E+000	-2.00025E+000	3.02728E-004	11	..........a	-327.68
	1274	1275	-1.71256E+000	-2.00196E-001	-2.11764E+000	-2.00025E+000	2.97511E-004	11	..........a	-327.68
	1275	1276	-1.71096E+000	-2.00196E-001	-2.12256E+000	-2.00025E+000	2.99611E-004	11	..........a	-327.68
	1276	1277	-1.71496E+000	-2.00196E-001	-2.12750E+000	-2.00025E+000	3.00261E-004	11	..........a	-327.68
	1277	1278	-1.71616E+000	-2.00196E-001	-2.13487E+000	-2.00025E+000	3.00211E-004	11	..........a	-327.68
	1278	1279	-1.70976E+000	-2.00196E-001	-2.14965E+000	-2.00025E+000	3.02478E-004	11	..........a	-327.68
	1279	1280	-1.71576E+000	-2.00196E-001	-2.15332E+000	-2.00025E+000	2.99911E-004	11	..........a	-327.68
	1280	1281	-1.70936E+000	-2.00196E-001	-2.16660E+000	-2.00025E+000	3.05028E-004	11	..........a	-327.68
	1281	1282	-1.71016E+000	-2.00196E-001	-2.17117E+000	-2.00025E+000	3.10311E-004	11	..........a	-327.68
	1282	1283	-1.71656E+000	-2.00196E-001	-2.17032E+000	-2.00025E+000	3.07928E-004	11	..........a	-327.68
	1283	1284	-1.71496E+000	-2.00197E-001	-2.18162E+000	-2.00025E+000	3.10861E-004	11	..........a	-327.68
	1284	1285	-1.71696E+000	-2.00197E-001	-2.18625E+000	-2.00025E+000	3.10294E-004	11	..........a	-327.68
	1285	1286	-1.71856E+000	-2.00196E-001	-2.19668E+000	-2.00025E+000	3.08061E-004	11	..........a	-327.68
	1286	1287	-1.71736E+000	-2.00196E-001	-2.20365E+000	-2.00025E+000	3.04994E-004	11	..........a	-327.68
	1287	1288	-1.71496E+000	-2.00197E-001	-2.21380E+000	-2.00025E+000	3.08261E-004	11	..........a	-327.68
	1288	1289	-1.71896E+000	-2.00196E-001	-2.21991E+000	-2.00025E+000	3.06044E-004	11	..........a	-327.68
	1289	1290	-1.72176E+000	-2.00196E-001	-2.22449E+000	-2.00025E+000	3.00778E-004	11	..........a	-327.68
	1290	1291	-1.71856E+000	-2.00196E-001	-2.23379E+000	-2.00025E+000	3.05994E-004	11	..........a	-327.68
	1291	1292	-1.71496E+000	-2.00196E-001	-2.24164E+000	-2.00025E+000	2.97861E-004	11	..........a	-327.68
	1292	1293	-1.71256E+000	-2.00196E-001	-2.24873E+000	-2.00025E+000	3.05044E-004	11	..........a	-327.68
	1293	1294	-1.71496E+000	-2.00197E-001	-2.25201E+000	-2.00025E+000	3.04711E-004	11	..........a	-327.68
	1294	1295	-1.71416E+000	-2.00197E-001	-2.25741E+000	-2.00025E+000	3.14644E-004	11	..........a	-327.68
	1295	1296	-1.71656E+000	-2.00196E-001	-2.25668E+000	-2.00025E+000	3.12411E-004	11	..........a	-327.68
	1296	1297	-1.71976E+000	-2.00197E-001	-2.25956E+000	-2.00025E+000	3.04828E-004	11	..........a	-327.68
	1297	1298	-1.71936E+000	-2.00196E-001	-2.26313E+000	-2.00025E+000	3.12778E-004	11	..........a	-327.68
	1298	1299	-1.71336E+000	-2.00197E-001	-2.27708E+000	-2.00025E+000	3.02044E-004	11	..........a	-327.68
	1299	1300	-1.71656E+000	-2.00196E-001	-2.27723E+000	-2.00025E+000	3.07228E-004	11	..........a	-327.68
	1300	1301	-1.71496E+000	-2.00196E-001	-2.28531E+000	-2.00025E+000	3.05144E-004	11	..........a	-327.68
	1301	1302	-1.71816E+000	-2.00196E-001	-2.28810E+000	-2.00025E+000	3.05861E-004	11	..........a	-327.68
	1302	1303	-1.72136E+000	-2.00197E-001	-2.29081E+000	-2.00025E+000	3.05628E-004	11	..........a	-327.68
	1303	1304	-1.71736E+000	-2.00197E-001	-2.30057E+000	-2.00025E+000	2.99328E-004	11	..........a	-327.68
	1304	1305	-1.71536E+000	-2.00197E-001	-2.31679E+000	-2.00025E+000	3.09594E-004	11	..........a	-327.68
	1305	1306	-1.71536E+000	-2.00197E-001	-2.32014E+000	-2.00025E+000	3.15728E-004	11	..........a	-327.68
	1306	1307	-1.71616E+000	-2.00197E-001	-2.31973E+000	-2.00025E+000	3.06894E-004	11	..........a	-327.68
	1307	1308	-1.71416E+000	-2.00196E-001	-2.32481E+000	-2.00025E+000	3.10878E-004	11	..........a	-327.68
	1308	1309	-1.71656E+000	-2.00197E-001	-2.32776E+000	-2.00025E+000	3.10294E-004	11	..........a	-327.68
	1309	1310	-1.71456E+000	-2.00197E-001	-2.33384E+000	-2.00025E+000	3.14211E-004	11	..........a	-327.68
	1310	1311	-1.71576E+000	-2.00197E-001	-2.33045E+000	-2.00025E+000	3.09394E-004	11	..........a	-327.68
	1311	1312	-1.71376E+000	-2.00198E-001	-2.14955E+000	-2.00025E+000	3.19394E-004	11	..........a	-327.68
	1312	1313	-1.71296E+000	-2.00197E-001	-2.12534E+000	-2.00025E+000	3.16611E-004	11	..........a	-327.68
	1313	1314	-1.71336E+000	-2.00197E-001	-2.13214E+000	-2.00025E+000	3.09311E-004	11	..........a	-327.68
	1314	1315	-1.71416E+000	-2.00197E-001	-2.13566E+000	-2.00025E+000	3.08878E-004	11	..........a	-327.68
	1315	1316	-1.71496E+000	-2.00197E-001	-2.14118E+000	-2.00025E+000	3.11728E-004	11	..........a	-327.68
	1316	1317	-1.71576E+000	-2.00196E-001	-2.14894E+000	-2.00025E+000	3.21144E-004	11	..........a	-327.68
	1317	1318	-1.71496E+000	-2.00196E-001	-2.15562E+000	-2.00025E+000	3.08261E-004	11	..........a	-327.68
	1318	1319	-1.71536E+000	-2.00197E-001	-2.16521E+000	-2.00025E+000	3.10761E-004	11	..........a	-327.68
	1319	1320	-1.71256E+000	-2.00197E-001	-2.18161E+000	-2.00025E+000	3.18228E-004	11	..........a	-327.68
	1320	1321	-1.71536E+000	-2.00197E-001	-2.18440E+000	-2.00025E+000	3.15211E-004	11	..........a	-327.68
	1321	1322	-1.71616E+000	-2.00196E-001	-2.19053E+000	-2.00025E+000	3.09444E-004	11	..........a	-327.68
	1322	1323	-1.71696E+000	-2.00196E-001	-2.19678E+000	-2.00025E+000	3.12694E-004	11	..........a	-327.68
	1323	1324	-1.71536E+000	-2.00196E-001	-2.20270E+000	-2.00025E+000	3.05561E-004	11	..........a	-327.68
	1324	1325	-1.71736E+000	-2.00197E-001	-2.20793E+000	-2.00025E+000	3.08461E-004	11	..........a	-327.68
	1325	1326	-1.71496E+000	-2.00196E-001	-2.21598E+000	-2.00025E+000	3.06378E-004	11	..........a	-327.68
	1326	1327	-1.71736E+000	-2.00197E-001	-2.21778E+000	-2.00025E+000	3.08544E-004	11	..........a	-327.68
	1327	1328	-1.71736E+000	-2.00197E-001	-2.22580E+000	-2.00025E+000	3.06228E-004	11	..........a	-327.68
	1328	1329	-1.71736E+000	-2.00197E-001	-2.22999E+000	-2.00025E+000	3.02628E-004	11	..........a	-327.68
	1329	1330	-1.71376E+000	-2.00197E-001	-2.24427E+000	-2.00025E+000	3.00228E-004	11	..........a	-327.68
	1330	1331	-1.71376E+000	-2.00196E-001	-2.25548E+000	-2.00025E+000	3.74228E-004	11	..........a	-327.68
	1331	1332	-1.71496E+000	-2.00195E-001	-2.25998E+000	-2.00025E+000	3.69444E-004	11	..........a	-327.68
	1332	1333	-1.71816E+000	-2.00196E-001	-2.25486E+000	-2.00025E+000	3.87394E-004	11	..........a	-327.68
	1333	1334	-1.71496E+000	-2.00196E-001	-2.26506E+000	-2.00025E+000	3.86628E-004	11	..........a	-327.68
	1334	1335	-1.71656E+000	-2.00196E-001	-2.27259E+000	-2.00025E+000	3.83994E-004	11	..........a	-327.68
	1335	1336	-1.71456E+000	-2.00196E-001	-2.27844E+000	-2.00025E+000	3.84944E-004	11	..........a	-327.68
	1336	1337	-1.71576E+000	-2.00196E-001	-2.28140E+000	-2.00025E+000	3.91478E-004	11	..........a	-327.68
	1337	1338	-1.71576E+000	-2.00195E-001	-2.28766E+000	-2.00025E+000	3.91961E-004	11	..........a	-327.68
	1338	1339	-1.71496E+000	-2.00196E-001	-2.29247E+000	-2.00025E+000	3.77878E-004	11	..........a	-327.68
	1339	1340	-1.71496E+000	-2.00196E-001	-2.29885E+000	-2.00025E+000	3.88894E-004	11	..........a	-327.68
	1340	1341	-1.71576E+000	-2.00196E-001	-2.30295E+000	-2.00025E+000	3.82478E-004	11	..........a	-327.68
	1341	1342	-1.71496E+000	-2.00196E-001	-2.30873E+000	-2.00025E+000	3.90744E-004	11	..........a	-327.68
	1342	1343	-1.71536E+000	-2.00196E-001	-2.31423E+000	-2.00025E+000	3.89961E-004	11	..........a	-327.68
	1343	1344	-1.71496E+000	-2.00196E-001	-2.31669E+000	-2.00025E+000	3.76028E-004	11	..........a	-327.68
	1344	1345	-1.71616E+000	-2.00196E-001	-2.31879E+000	-2.00025E+000	3.92594E-004	11	..........a	-327.68
	1345	1346	-1.71336E+000	-2.00196E-001	-2.32500E+000	-2.00025E+000	3.87561E-004	11	..........a	-327.68
	1346	1347	-1.71736E+000	-2.00196E-001	-2.32668E+000	-2.00025E+000	3.98928E-004	11	..........a	-327.68
	1347	1348	-1.71496E+000	-2.00196E-001	-2.32898E+000	-2.00025E+000	3.89944E-004	11	..........a	-327.68
	1348	1349	-1.71416E+000	-2.00196E-001	-2.33392E+000	-2.00025E+000	3.89278E-004	11	..........a	-327.68
	1349	1350	-1.71416E+000	-2.00195E-001	-2.11973E+000	-2.00025E+000	3.90128E-004	11	..........a	-327.68
	1350	1351	-1.71376E+000	-2.00196E-001	-2.13081E+000	-2.00025E+000	3.87894E-004	11	..........a	-327.68
	1351	1352	-1.71416E+000	-2.00195E-001	-2.13696E+000	-2.00025E+000	3.82711E-004	11	..........a	-327.68
	1352	1353	-1.71496E+000	-2.00196E-001	-2.14088E+000	-2.00025E+000	3.90861E-004	11	..........a	-327.68
	1353	1354	-1.71296E+000	-2.00195E-001	-2.14782E+000	-2.00025E+000	3.95244E-004	11	..........a	-327.68
	1354	1355	-1.71376E+000	-2.00196E-001	-2.15293E+000	-2.00025E+000	3.87861E-004	11	..........a	-327.68
	1355	1356	-1.71496E+000	-2.00195E-001	-2.15845E+000	-2.00025E+000	3.91461E-004	11	..........a	-327.68
	1356	1357	-1.71256E+000	-2.00195E-001	-2.16705E+000	-2.00025E+000	3.85794E-004	11	..........a	-327.68
	1357	1358	-1.71336E+000	-2.00195E-001	-2.17345E+000	-2.00025E+000	3.78461E-004	11	..........a	-327.68
	1358	1359	-1.71416E+000	-2.00195E-001	-2.17625E+000	-2.00025E+000	3.90978E-004	11	..........a	-327.68
	1359	1360	-1.71496E+000	-2.00195E-001	-2.18168E+000	-2.00025E+000	3.91761E-004	11	..........a	-327.68
	1360	1361	-1.71336E+000	-2.00195E-001	-2.18935E+000	-2.00025E+000	3.93861E-004	11	..........a	-327.68
	1361	1362	-1.71416E+000	-2.00196E-001	-2.19466E+000	-2.00025E+000	3.83561E-004	11	..........a	-327.68
	1362	1363	-1.71496E+000	-2.00196E-001	-2.19825E+000	-2.00025E+000	3.94361E-004	11	..........a	-327.68
	1363	1364	-1.71416E+000	-2.00196E-001	-2.20813E+000	-2.00025E+000	3.88994E-004	11	..........a	-327.68
	1364	1365	-1.71456E+000	-2.00195E-001	-2.22584E+000	-2.00025E+000	3.84478E-004	11	..........a	-327.68
	1365	1366	-1.71496E+000	-2.00195E-001	-2.22874E+000	-2.00025E+000	3.83661E-004	11	..........a	-327.68
	1366	1367	-1.71416E+000	-2.00196E-001	-2.23396E+000	-2.00025E+000	3.92161E-004	11	..........a	-327.68
	1367	1368	-1.71456E+000	-2.00194E-001	-2.23747E+000	-2.00025E+000	3.73761E-004	11	..........a	-327.68
	1368	1369	-1.71496E+000	-2.00195E-001	-2.24274E+000	-2.00025E+000	3.77461E-004	11	..........a	-327.68
	1369	1370	-1.71496E+000	-2.00195E-001	-2.24579E+000	-2.00025E+000	3.83661E-004	11	..........a	-327.68
	1370	1371	-1.71536E+000	-2.00195E-001	-2.25030E+000	-2.00025E+000	3.89828E-004	11	..........a	-327.68
	1371	1372	-1.71536E+000	-2.00196E-001	-2.25602E+000	-2.00025E+000	3.97361E-004	11	..........a	-327.68
	1372	1373	-1.71856E+000	-2.00196E-001	-2.26083E+000	-2.00025E+000	3.86244E-004	11	..........a	-327.68
	1373	1374	-1.71336E+000	-2.00195E-001	-2.27500E+000	-2.00025E+000	3.98994E-004	11	..........a	-327.68
	1374	1375	-1.71376E+000	-2.00195E-001	-2.27455E+000	-2.00025E+000	3.82678E-004	11	..........a	-327.68
	1375	1376	-1.71176E+000	-2.00195E-001	-2.28797E+000	-2.00025E+000	3.87411E-004	11	..........a	-327.68
	1376	1377	-1.71456E+000	-2.00195E-001	-2.28422E+000	-2.00025E+000	3.81694E-004	11	..........a	-327.68
	1377	1378	-1.71416E+000	-2.00195E-001	-2.28835E+000	-2.00025E+000	3.81361E-004	11	..........a	-327.68
	1378	1379	-1.71416E+000	-2.00195E-001	-2.29163E+000	-2.00025E+000	3.91878E-004	11	..........a	-327.68
	1379	1380	-1.71416E+000	-2.00195E-001	-2.29557E+000	-2.00025E+000	3.86978E-004	11	..........a	-327.68
	1380	1381	-1.71336E+000	-2.00196E-001	-2.30289E+000	-2.00025E+000	3.98278E-004	11	..........a	-327.68
	1381	1382	-1.71336E+000	-2.00195E-001	-2.31003E+000	-2.00025E+000	3.91494E-004	11	..........a	-327.68
	1382	1383	-1.71256E+000	-2.00196E-001	-2.31760E+000	-2.00025E+000	3.93944E-004	11	..........a	-327.68
	1383	1384	-1.71256E+000	-2.00195E-001	-2.32044E+000	-2.00025E+000	3.95694E-004	11	..........a	-327.68
	1384	1385	-1.71336E+000	-2.00196E-001	-2.32294E+000	-2.00025E+000	4.00894E-004	11	..........a	-327.68
	1385	1386	-1.71416E+000	-2.00195E-001	-2.32551E+000	-2.00025E+000	3.79028E-004	11	..........a	-327.68
	1386	1387	-1.71336E+000	-2.00195E-001	-2.32926E+000	-2.00025E+000	3.80411E-004	11	..........a	-327.68
	1387	1388	-1.71176E+000	-2.00196E-001	-2.33372E+000	-2.00025E+000	3.83911E-004	11	..........a	-327.68
	1388	1389	-1.71096E+000	-2.00196E-001	-2.33458E+000	-2.00025E+000	3.99911E-004	11	..........a	-327.68
	1389	1390	-1.71256E+000	-2.00196E-001	-2.33482E+000	-2.00025E+000	4.00544E-004	11	..........a	-327.68
	1390	1391	-1.71016E+000	-2.00196E-001	-2.12840E+000	-2.00025E+000	4.06078E-004	11	..........a	-327.68
	1391	1392	-1.71256E+000	-2.00196E-001	-2.13581E+000	-2.00025E+000	3.99928E-004	11	..........a	-327.68
	1392	1393	-1.71176E+000	-2.00196E-001	-2.14568E+000	-2.00025E+000	3.90228E-004	11	..........a	-327.68
	1393	1394	-1.71416E+000	-2.00195E-001	-2.14958E+000	-2.00025E+000	3.90944E-004	11	..........a	-327.68
	1394	1395	-1.71296E+000	-2.00196E-001	-2.15998E+000	-2.00025E+000	3.81444E-004	11	..........a	-327.68
	1395	1396	-1.71256E+000	-2.00195E-001	-2.16866E+000	-2.00025E+000	3.89678E-004	11	..........a	-327.68
	1396	1397	-1.71416E+000	-2.00196E-001	-2.17362E+000	-2.00025E+000	3.86761E-004	11	..........a	-327.68
	1397	1398	-1.71336E+000	-2.00196E-001	-2.18194E+000	-2.00025E+000	3.82478E-004	11	..........a	-327.68
	1398	1399	-1.71336E+000	-2.00196E-001	-2.18935E+000	-2.00025E+000	3.92228E-004	11	..........a	-327.68
	1399	1400	-1.71416E+000	-2.00195E-001	-2.19353E+000	-2.00025E+000	3.84411E-004	11	..........a	-327.68
	1400	1401	-1.71376E+000	-2.00195E-001	-2.20228E+000	-2.00025E+000	3.83278E-004	11	..........a	-327.68
	1401	1402	-1.71416E+000	-2.00195E-001	-2.20720E+000	-2.00025E+000	3.95278E-004	11	..........a	-327.68
	1402	1403	-1.71256E+000	-2.00195E-001	-2.21639E+000	-2.00025E+000	3.67144E-004	11	..........a	-327.68
	1403	1404	-1.71336E+000	-2.00196E-001	-2.21944E+000	-2.00025E+000	3.77128E-004	11	..........a	-327.68
	1404	1405	-1.71336E+000	-2.00195E-001	-2.22366E+000	-2.00025E+000	3.87294E-004	11	..........a	-327.68
	1405	1406	-1.71336E+000	-2.00195E-001	-2.22856E+000	-2.00025E+000	3.77694E-004	11	..........a	-327.68
	1406	1407	-1.71256E+000	-2.00195E-001	-2.24019E+000	-2.00025E+000	3.84544E-004	11	..........a	-327.68
	1407	1408	-1.71376E+000	-2.00195E-001	-2.24769E+000	-2.00025E+000	3.81378E-004	11	..........a	-327.68
	1408	1409	-1.71336E+000	-2.00195E-001	-2.25392E+000	-2.00025E+000	3.90494E-004	11	..........a	-327.68
	1409	1410	-1.71416E+000	-2.00195E-001	-2.25934E+000	-2.00025E+000	3.90894E-004	11	..........a	-327.68
	1410	1411	-1.71536E+000	-2.00196E-001	-2.26247E+000	-2.00025E+000	3.77328E-004	11	..........a	-327.68
	1411	1412	-1.71576E+000	-2.00196E-001	-2.27001E+000	-2.00025E+000	4.02878E-004	11	..........a	-327.68
	1412	1413	-1.71496E+000	-2.00196E-001	-2.27378E+000	-2.00025E+000	3.87544E-004	11	..........a	-327.68
	1413	1414	-1.71296E+000	-2.00196E-001	-2.28917E+000	-2.00025E+000	3.83278E-004	11	..........a	-327.68
	1414	1415	-1.71176E+000	-2.00196E-001	-2.29004E+000	-2.00025E+000	3.80378E-004	11	..........a	-327.68
	1415	1416	-1.71176E+000	-2.00196E-001	-2.29151E+000	-2.00025E+000	3.90744E-004	11	..........a	-327.68
	1416	1417	-1.71016E+000	-2.00196E-001	-2.29517E+000	-2.00025E+000	3.88228E-004	11	..........a	-327.68
	1417	1418	-1.71496E+000	-2.00196E-001	-2.29514E+000	-2.00025E+000	3.89444E-004	11	..........a	-327.68
	1418	1419	-1.71096E+000	-2.00196E-001	-2.30604E+000	-2.00025E+000	3.89278E-004	11	..........a	-327.68
	1419	1420	-1.71296E+000	-2.00196E-001	-2.30717E+000	-2.00025E+000	3.82694E-004	11	..........a	-327.68
	1420	1421	-1.71416E+000	-2.00196E-001	-2.30951E+000	-2.00025E+000	3.86494E-004	11	..........a	-327.68
	1421	1422	-1.71376E+000	-2.00196E-001	-2.31668E+000	-2.00025E+000	3.84544E-004	11	..........a	-327.68
	1422	1423	-1.71576E+000	-2.00196E-001	-2.31892E+000	-2.00025E+000	3.86761E-004	11	..........a	-327.68
	1423	1424	-1.71256E+000	-2.00195E-001	-2.32598E+000	-2.00025E+000	3.72794E-004	11	..........a	-327.68
	1424	1425	-1.71456E+000	-2.00196E-001	-2.33007E+000	-2.00025E+000	3.87928E-004	11	..........a	-327.68
	1425	1426	-1.71496E+000	-2.00195E-001	-2.33395E+000	-2.00025E+000	3.83194E-004	11	..........a	-327.68
	1426	1427	-1.71416E+000	-2.00195E-001	-2.34011E+000	-2.00025E+000	3.71861E-004	11	..........a	-327.68
	1427	1428	-1.71376E+000	-2.00195E-001	-2.34011E+000	-2.00025E+000	3.87094E-004	11	..........a	-327.68
	1428	1429	-1.71016E+000	-2.00197E-001	-2.26455E+000	-2.00025E+000	3.96161E-004	11	..........a	-327.68
	1429	1430	-1.71096E+000	-2.00196E-001	-2.12483E+000	-2.00025E+000	3.98011E-004	11	..........a	-327.68
	1430	1431	-1.71256E+000	-2.00196E-001	-2.13635E+000	-2.00025E+000	3.94161E-004	11	..........a	-327.68
	1431	1432	-1.71016E+000	-2.00196E-001	-2.14708E+000	-2.00025E+000	3.86728E-004	11	..........a	-327.68
	1432	1433	-1.71336E+000	-2.00195E-001	-2.15470E+000	-2.00025E+000	3.84811E-004	11	..........a	-327.68
	1433	1434	-1.71176E+000	-2.00196E-001	-2.16284E+000	-2.00025E+000	3.92828E-004	11	..........a	-327.68
	1434	1435	-1.71376E+000	-2.00196E-001	-2.16710E+000	-2.00025E+000	3.85861E-004	11	..........a	-327.68
	1435	1436	-1.71496E+000	-2.00196E-001	-2.17188E+000	-2.00025E+000	3.92394E-004	11	..........a	-327.68
	1436	1437	-1.71376E+000	-2.00195E-001	-2.17867E+000	-2.00025E+000	3.84628E-004	11	..........a	-327.68
	1437	1438	-1.71376E+000	-2.00195E-001	-2.18002E+000	-2.00025E+000	3.80428E-004	11	..........a	-327.68
	1438	1439	-1.71496E+000	-2.00195E-001	-2.18461E+000	-2.00025E+000	3.76411E-004	11	..........a	-327.68
	1439	1440	-1.71416E+000	-2.00196E-001	-2.19698E+000	-2.00025E+000	3.92561E-004	11	..........a	-327.68
	1440	1441	-1.71296E+000	-2.00196E-001	-2.20267E+000	-2.00025E+000	3.77178E-004	11	..........a	-327.68
	1441	1442	-1.71536E+000	-2.00196E-001	-2.20649E+000	-2.00025E+000	3.85744E-004	11	..........a	-327.68
	1442	1443	-1.71536E+000	-2.00195E-001	-2.21393E+000	-2.00025E+000	3.93444E-004	11	..........a	-327.68
	1443	1444	-1.71376E+000	-2.00195E-001	-2.22245E+000	-2.00025E+000	3.91528E-004	11	..........a	-327.68
	1444	1445	-1.71496E+000	-2.00195E-001	-2.22685E+000	-2.00025E+000	3.86644E-004	11	..........a	-327.68
	1445	1446	-1.71536E+000	-2.00195E-001	-2.23467E+000	-2.00025E+000	4.00111E-004	11	..........a	-327.68
	1446	1447	-1.71176E+000	-2.00195E-001	-2.24407E+000	-2.00025E+000	3.85878E-004	11	..........a	-327.68
	1447	1448	-1.71816E+000	-2.00196E-001	-2.23681E+000	-2.00025E+000	3.89828E-004	11	..........a	-327.68
	1448	1449	-1.71176E+000	-2.00196E-001	-2.26289E+000	-2.00025E+000	3.94428E-004	11	..........a	-327.68
	1449	1450	-1.71416E+000	-2.00196E-001	-2.26166E+000	-2.00025E+000	4.03178E-004	11	..........a	-327.68
	1450	1451	-1.71336E+000	-2.00196E-001	-2.26724E+000	-2.00025E+000	3.93578E-004	11	..........a	-327.68
	1451	1452	-1.71496E+000	-2.00195E-001	-2.26962E+000	-2.00025E+000	3.80411E-004	11	..........a	-327.68
	1452	1453	-1.71416E+000	-2.00196E-001	-2.27227E+000	-2.00025E+000	3.85244E-004	11	..........a	-327.68
	1453	1454	-1.71496E+000	-2.00196E-001	-2.27403E+000	-2.00025E+000	3.85661E-004	11	..........a	-327.68
	1454	1455	-1.71456E+000	-2.00196E-001	-2.28084E+000	-2.00025E+000	3.93278E-004	11	..........a	-327.68
	1455	1456	-1.71416E+000	-2.00196E-001	-2.28350E+000	-2.00025E+000	3.94278E-004	11	..........a	-327.68
	1456	1457	-1.71336E+000	-2.00196E-001	-2.29753E+000	-2.00025E+000	3.86478E-004	11	..........a	-327.68
	1457	1458	-1.71496E+000	-2.00196E-001	-2.29848E+000	-2.00025E+000	3.82761E-004	11	..........a	-327.68
	1458	1459	-1.71496E+000	-2.00196E-001	-2.30367E+000	-2.00025E+000	3.94644E-004	11	..........a	-327.68
	1459	1460	-1.71576E+000	-2.00196E-001	-2.30351E+000	-2.00025E+000	3.99928E-004	11	..........a	-327.68
	1460	1461	-1.71536E+000	-2.00196E-001	-2.30605E+000	-2.00025E+000	3.84578E-004	11	..........a	-327.68
	1461	1462	-1.71496E+000	-2.00196E-001	-2.30856E+000	-2.00025E+000	3.96211E-004	11	..........a	-327.68
	1462	1463	-1.71416E+000	-2.00196E-001	-2.31764E+000	-2.00025E+000	3.91194E-004	11	..........a	-327.68
	1463	1464	-1.71416E+000	-2.00196E-001	-2.32095E+000	-2.00025E+000	3.94361E-004	11	..........a	-327.68
	1464	1465	-1.71416E+000	-2.00196E-001	-2.32360E+000	-2.00025E+000	3.88378E-004	11	..........a	-327.68
	1465	1466	-1.71416E+000	-2.00196E-001	-2.32515E+000	-2.00025E+000	3.78111E-004	11	..........a	-327.68
	1466	1467	-1.71256E+000	-2.00197E-001	-2.24529E+000	-2.00025E+000	3.79678E-004	11	..........a	-327.68
	1467	1468	-1.71176E+000	-2.00196E-001	-2.11537E+000	-2.00025E+000	3.93544E-004	11	..........a	-327.68
	1468	1469	-1.71296E+000	-2.00196E-001	-2.12120E+000	-2.00025E+000	3.98761E-004	11	..........a	-327.68
	1469	1470	-1.71496E+000	-2.00196E-001	-2.12755E+000	-2.00025E+000	3.93478E-004	11	..........a	-327.68
	1470	1471	-1.71296E+000	-2.00196E-001	-2.13524E+000	-2.00025E+000	3.83611E-004	11	..........a	-327.68
	1471	1472	-1.71416E+000	-2.00195E-001	-2.14574E+000	-2.00025E+000	3.79078E-004	11	..........a	-327.68
	1472	1473	-1.71336E+000	-2.00196E-001	-2.15183E+000	-2.00025E+000	3.97044E-004	11	..........a	-327.68
	1473	1474	-1.71336E+000	-2.00196E-001	-2.16049E+000	-2.00025E+000	3.91311E-004	11	..........a	-327.68
	1474	1475	-1.71136E+000	-2.00196E-001	-2.16760E+000	-2.00025E+000	3.90844E-004	11	..........a	-327.68
	1475	1476	-1.71256E+000	-2.00195E-001	-2.17873E+000	-2.00025E+000	3.79828E-004	11	..........a	-327.68
	1476	1477	-1.71376E+000	-2.00196E-001	-2.18838E+000	-2.00025E+000	4.02311E-004	11	..........a	-327.68
	1477	1478	-1.71416E+000	-2.00196E-001	-2.19753E+000	-2.00025E+000	3.86361E-004	11	..........a	-327.68
	1478	1479	-1.71736E+000	-2.00196E-001	-2.20627E+000	-2.00025E+000	3.89278E-004	11	..........a	-327.68
	1479	1480	-1.71416E+000	-2.00196E-001	-2.22012E+000	-2.00025E+000	3.93544E-004	11	..........a	-327.68
	1480	1481	-1.71496E+000	-2.00196E-001	-2.22550E+000	-2.00025E+000	3.79478E-004	11	..........a	-327.68
	1481	1482	-1.71496E+000	-2.00195E-001	-2.22921E+000	-2.00025E+000	3.93011E-004	11	..........a	-327.68
	1482	1483	-1.71376E+000	-2.00196E-001	-2.23732E+000	-2.00025E+000	3.98761E-004	11	..........a	-327.68
	1483	1484	-1.71496E+000	-2.00195E-001	-2.23604E+000	-2.00025E+000	3.91861E-004	11	..........a	-327.68
	1484	1485	-1.71456E+000	-2.00196E-001	-2.25040E+000	-2.00025E+000	3.98794E-004	11	..........a	-327.68
	1485	1486	-1.71416E+000	-2.00196E-001	-2.25520E+000	-2.00025E+000	3.33244E-004	11	..........a	-327.68
	1486	1487	-1.71376E+000	-2.00196E-001	-2.25987E+000	-2.00025E+000	3.39561E-004	11	..........a	-327.68
	1487	1488	-1.71456E+000	-2.00196E-001	-2.26387E+000	-2.00025E+000	3.32194E-004	11	..........a	-327.68
	1488	1489	-1.71376E+000	-2.00196E-001	-2.26903E+000	-2.00025E+000	3.39794E-004	11	..........a	-327.68
	1489	1490	-1.71336E+000	-2.00196E-001	-2.28641E+000	-2.00025E+000	3.39861E-004	11	..........a	-327.68
	1490	1491	-1.71496E+000	-2.00196E-001	-2.28799E+000	-2.00025E+000	3.31811E-004	11	..........a	-327.68
	1491	1492	-1.71456E+000	-2.00196E-001	-2.29208E+000	-2.00025E+000	3.32244E-004	11	..........a	-327.68
	1492	1493	-1.71416E+000	-2.00196E-001	-2.29222E+000	-2.00025E+000	3.30928E-004	11	..........a	-327.68
	1493	1494	-1.71536E+000	-2.00196E-001	-2.29574E+000	-2.00025E+000	3.25461E-004	11	..........a	-327.68
	1494	1495	-1.71376E+000	-2.00196E-001	-2.29860E+000	-2.00025E+000	3.32411E-004	11	..........a	-327.68
	1495	1496	-1.71496E+000	-2.00196E-001	-2.30302E+000	-2.00025E+000	3.28878E-004	11	..........a	-327.68
	1496	1497	-1.71536E+000	-2.00197E-001	-2.30874E+000	-2.00025E+000	3.27144E-004	11	..........a	-327.68
	1497	1498	-1.71256E+000	-2.00196E-001	-2.32092E+000	-2.00025E+000	3.25661E-004	11	..........a	-327.68
	1498	1499	-1.71576E+000	-2.00196E-001	-2.31962E+000	-2.00025E+000	3.28261E-004	11	..........a	-327.68
	1499	1500	-1.71176E+000	-2.00196E-001	-2.32905E+000	-2.00025E+000	3.29528E-004	11	..........a	-327.68
	1500	1501	-1.71376E+000	-2.00196E-001	-2.32841E+000	-2.00025E+000	3.25861E-004	11	..........a	-327.68
	1501	1502	-1.71576E+000	-2.00196E-001	-2.33388E+000	-2.00025E+000	3.27044E-004	11	..........a	-327.68
	1502	1503	-1.71376E+000	-2.00196E-001	-2.33929E+000	-2.00025E+000	3.25794E-004	11	..........a	-327.68
	1503	1504	-1.71256E+000	-2.00196E-001	-2.13490E+000	-2.00025E+000	3.28994E-004	11	..........a	-327.68
	1504	1505	-1.71456E+000	-2.00196E-001	-2.14103E+000	-2.00025E+000	3.30961E-004	11	..........a	-327.68
	1505	1506	-1.71256E+000	-2.00196E-001	-2.14710E+000	-2.00025E+000	3.27078E-004	11	..........a	-327.68
	1506	1507	-1.71376E+000	-2.00196E-001	-2.15410E+000	-2.00025E+000	3.28411E-004	11	..........a	-327.68
	1507	1508	-1.71176E+000	-2.00197E-001	-2.16463E+000	-2.00025E+000	3.34011E-004	11	..........a	-327.68
	1508	1509	-1.71376E+000	-2.00197E-001	-2.17349E+000	-2.00025E+000	3.32428E-004	11	..........a	-327.68
	1509	1510	-1.71416E+000	-2.00196E-001	-2.17990E+000	-2.00025E+000	3.28228E-004	11	..........a	-327.68
	1510	1511	-1.71456E+000	-2.00196E-001	-2.18459E+000	-2.00025E+000	3.30428E-004	11	..........a	-327.68
	1511	1512	-1.71336E+000	-2.00196E-001	-2.19122E+000	-2.00025E+000	3.25844E-004	11	..........a	-327.68
	1512	1513	-1.71376E+000	-2.00196E-001	-2.19975E+000	-2.00025E+000	3.31178E-004	11	..........a	-327.68
	1513	1514	-1.71216E+000	-2.00196E-001	-2.21048E+000	-2.00025E+000	3.31544E-004	11	..........a	-327.68
	1514	1515	-1.71456E+000	-2.00196E-001	-2.21330E+000	-2.00025E+000	3.35428E-004	11	..........a	-327.68
	1515	1516	-1.71296E+000	-2.00196E-001	-2.22007E+000	-2.00025E+000	3.32494E-004	11	..........a	-327.68
	1516	1517	-1.71456E+000	-2.00197E-001	-2.22103E+000	-2.00025E+000	3.39544E-004	11	..........a	-327.68
	1517	1518	-1.71336E+000	-2.00196E-001	-2.23051E+000	-2.00025E+000	3.32294E-004	11	..........a	-327.68
	1518	1519	-1.71416E+000	-2.00196E-001	-2.23534E+000	-2.00025E+000	3.38128E-004	11	..........a	-327.68
	1519	1520	-1.71456E+000	-2.00196E-001	-2.24450E+000	-2.00025E+000	3.40461E-004	11	..........a	-327.68
	1520	1521	-1.71376E+000	-2.00197E-001	-2.25053E+000	-2.00025E+000	3.31344E-004	11	..........a	-327.68
	1521	1522	-1.71336E+000	-2.00196E-001	-2.25578E+000	-2.00025E+000	3.35194E-004	11	..........a	-327.68
	1522	1523	-1.71376E+000	-2.00197E-001	-2.26163E+000	-2.00025E+000	3.36778E-004	11	..........a	-327.68
	1523	1524	-1.71456E+000	-2.00196E-001	-2.27733E+000	-2.00025E+000	3.34044E-004	11	..........a	-327.68
	1524	1525	-1.71256E+000	-2.00197E-001	-2.28346E+000	-2.00025E+000	3.39361E-004	11	..........a	-327.68
	1525	1526	-1.71456E+000	-2.00197E-001	-2.28420E+000	-2.00025E+000	3.37744E-004	11	..........a	-327.68
	1526	1527	-1.71456E+000	-2.00196E-001	-2.29109E+000	-2.00025E+000	3.32094E-004	11	..........a	-327.68
	1527	1528	-1.71376E+000	-2.00196E-001	-2.29596E+000	-2.00025E+000	3.31128E-004	11	..........a	-327.68
	1528	1529	-1.71456E+000	-2.00197E-001	-2.30036E+000	-2.00025E+000	3.33461E-004	11	..........a	-327.68
	1529	1530	-1.71456E+000	-2.00196E-001	-2.28901E+000	-2.00025E+000	3.45344E-004	11	..........a	-327.68
	1530	1531	-1.71096E+000	-2.00196E-001	-2.29849E+000	-2.00025E+000	3.38044E-004	11	..........a	-327.68
	1531	1532	-1.71336E+000	-2.00197E-001	-2.29713E+000	-2.00025E+000	3.41428E-004	11	..........a	-327.68
	1532	1533	-1.71536E+000	-2.00197E-001	-2.29745E+000	-2.00025E+000	3.39444E-004	11	..........a	-327.68
	1533	1534	-1.71576E+000	-2.00196E-001	-2.30718E+000	-2.00025E+000	3.45811E-004	11	..........a	-327.68
	1534	1535	-1.71256E+000	-2.00197E-001	-2.30274E+000	-2.00025E+000	3.40244E-004	11	..........a	-327.68
	1535	1536	-1.71376E+000	-2.00196E-001	-2.30689E+000	-2.00025E+000	3.44311E-004	11	..........a	-327.68
	1536	1537	-1.71416E+000	-2.00196E-001	-2.30935E+000	-2.00025E+000	3.42078E-004	11	..........a	-327.68
	1537	1538	-1.71336E+000	-2.00196E-001	-2.09363E+000	-2.00025E+000	3.38894E-004	11	..........a	-327.68
	1538	1539	-1.71256E+000	-2.00196E-001	-2.10329E+000	-2.00025E+000	3.37028E-004	11	..........a	-327.68
	1539	1540	-1.71536E+000	-2.00196E-001	-2.10868E+000	-2.00025E+000	3.29878E-004	11	..........a	-327.68
	1540	1541	-1.71376E+000	-2.00196E-001	-2.12324E+000	-2.00025E+000	3.23211E-004	11	..........a	-327.68
	1541	1542	-1.71136E+000	-2.00197E-001	-2.13589E+000	-2.00025E+000	3.31911E-004	11	..........a	-327.68
	1542	1543	-1.71296E+000	-2.00197E-001	-2.14537E+000	-2.00025E+000	3.32044E-004	11	..........a	-327.68
	1543	1544	-1.71096E+000	-2.00197E-001	-2.15512E+000	-2.00025E+000	3.33711E-004	11	..........a	-327.68
	1544	1545	-1.71456E+000	-2.00197E-001	-2.16352E+000	-2.00025E+000	3.31544E-004	11	..........a	-327.68
	1545	1546	-1.71216E+000	-2.00197E-001	-2.17366E+000	-2.00025E+000	3.29511E-004	11	..........a	-327.68
	1546	1547	-1.71576E+000	-2.00196E-001	-2.17730E+000	-2.00025E+000	3.35978E-004	11	..........a	-327.68
	1547	1548	-1.71456E+000	-2.00196E-001	-2.18530E+000	-2.00025E+000	3.34578E-004	11	..........a	-327.68
	1548	1549	-1.71496E+000	-2.00196E-001	-2.19085E+000	-2.00025E+000	3.34378E-004	11	..........a	-327.68
	1549	1550	-1.71456E+000	-2.00196E-001	-2.20122E+000	-2.00025E+000	3.31378E-004	11	..........a	-327.68
	1550	1551	-1.71336E+000	-2.00196E-001	-2.20938E+000	-2.00025E+000	3.25044E-004	11	..........a	-327.68
	1551	1552	-1.71416E+000	-2.00196E-001	-2.20194E+000	-2.00025E+000	3.24544E-004	11	..........a	-327.68
	1552	1553	-1.71576E+000	-2.00196E-001	-2.20209E+000	-2.00025E+000	3.29911E-004	11	..........a	-327.68
	1553	1554	-1.71336E+000	-2.00197E-001	-2.21103E+000	-2.00025E+000	3.31944E-004	11	..........a	-327.68
	1554	1555	-1.71136E+000	-2.00197E-001	-2.21920E+000	-2.00025E+000	4.59528E-004	11	..........a	-327.68
	1555	1556	-1.71456E+000	-2.00197E-001	-2.21869E+000	-2.00025E+000	4.62011E-004	11	..........a	-327.68
	1556	1557	-1.71056E+000	-2.00197E-001	-2.22559E+000	-2.00025E+000	4.66828E-004	11	..........a	-327.68
	1557	1558	-1.71336E+000	-2.00197E-001	-2.22565E+000	-2.00025E+000	4.59444E-004	11	..........a	-327.68
	1558	1559	-1.71256E+000	-2.00197E-001	-2.22993E+000	-2.00025E+000	4.61728E-004	11	..........a	-327.68
	1559	1560	-1.71256E+000	-2.00197E-001	-2.23528E+000	-2.00025E+000	4.58411E-004	11	..........a	-327.68
	1560	1561	-1.71296E+000	-2.00197E-001	-2.24350E+000	-2.00025E+000	4.59311E-004	11	..........a	-327.68
	1561	1562	-1.71256E+000	-2.00198E-001	-2.24656E+000	-2.00025E+000	4.53778E-004	11	..........a	-327.68
	1562	1563	-1.71296E+000	-2.00198E-001	-2.24810E+000	-2.00025E+000	4.59394E-004	11	..........a	-327.68
	1563	1564	-1.71256E+000	-2.00198E-001	-2.25119E+000	-2.00025E+000	4.69328E-004	11	..........a	-327.68
	1564	1565	-1.71376E+000	-2.00197E-001	-2.25432E+000	-2.00025E+000	4.69111E-004	11	..........a	-327.68
	1565	1566	-1.71336E+000	-2.00197E-001	-2.26000E+000	-2.00025E+000	4.73211E-004	11	..........a	-327.68
	1566	1567	-1.71256E+000	-2.00197E-001	-2.26382E+000	-2.00025E+000	4.63828E-004	11	..........a	-327.68
	1567	1568	-1.71256E+000	-2.00197E-001	-2.26838E+000	-2.00025E+000	4.60894E-004	11	..........a	-327.68
	1568	1569	-1.71616E+000	-2.00197E-001	-2.27064E+000	-2.00025E+000	4.61944E-004	11	..........a	-327.68
	1569	1570	-1.71496E+000	-2.00197E-001	-2.27747E+000	-2.00025E+000	4.59978E-004	11	..........a	-327.68
	1570	1571	-1.71456E+000	-2.00198E-001	-2.28306E+000	-2.00025E+000	4.58861E-004	11	..........a	-327.68
	1571	1572	-1.71256E+000	-2.00197E-001	-2.29042E+000	-2.00025E+000	4.66611E-004	11	..........a	-327.68
	1572	1573	-1.71096E+000	-2.00197E-001	-2.10188E+000	-2.00025E+000	4.60944E-004	11	..........a	-327.68
	1573	1574	-1.71336E+000	-2.00197E-001	-2.10610E+000	-2.00025E+000	4.65244E-004	11	..........a	-327.68
	1574	1575	-1.71296E+000	-2.00197E-001	-2.11128E+000	-2.00025E+000	4.68394E-004	11	..........a	-327.68
	1575	1576	-1.71216E+000	-2.00198E-001	-2.11783E+000	-2.00025E+000	4.63611E-004	11	..........a	-327.68
	1576	1577	-1.71176E+000	-2.00197E-001	-2.12152E+000	-2.00025E+000	4.55278E-004	11	..........a	-327.68
	1577	1578	-1.71096E+000	-2.00198E-001	-2.12927E+000	-2.00025E+000	4.60028E-004	11	..........a	-327.68
	1578	1579	-1.71296E+000	-2.00197E-001	-2.13503E+000	-2.00025E+000	4.76278E-004	11	..........a	-327.68
	1579	1580	-1.71216E+000	-2.00198E-001	-2.14191E+000	-2.00025E+000	4.70878E-004	11	..........a	-327.68
	1580	1581	-1.71456E+000	-2.00194E-001	-2.14580E+000	-2.00025E+000	3.48628E-004	11	..........a	-327.68
	1581	1582	-1.71176E+000	-2.00196E-001	-2.15476E+000	-2.00025E+000	3.49694E-004	11	..........a	-327.68
	1582	1583	-1.71496E+000	-2.00195E-001	-2.15889E+000	-2.00025E+000	3.55694E-004	11	..........a	-327.68
	1583	1584	-1.71496E+000	-2.00195E-001	-2.16632E+000	-2.00025E+000	3.54328E-004	11	..........a	-327.68
	1584	1585	-1.71416E+000	-2.00196E-001	-2.17013E+000	-2.00025E+000	3.54028E-004	11	..........a	-327.68
	1585	1586	-1.71296E+000	-2.00196E-001	-2.17705E+000	-2.00025E+000	3.48461E-004	11	..........a	-327.68
	1586	1587	-1.71176E+000	-2.00195E-001	-2.18500E+000	-2.00025E+000	3.48028E-004	11	..........a	-327.68
	1587	1588	-1.71416E+000	-2.00195E-001	-2.18777E+000	-2.00025E+000	3.56178E-004	11	..........a	-327.68
	1588	1589	-1.71296E+000	-2.00195E-001	-2.19523E+000	-2.00025E+000	3.50644E-004	11	..........a	-327.68
	1589	1590	-1.71376E+000	-2.00195E-001	-2.20179E+000	-2.00025E+000	3.48311E-004	11	..........a	-327.68
	1590	1591	-1.71376E+000	-2.00196E-001	-2.21035E+000	-2.00025E+000	3.51061E-004	11	..........a	-327.68
	1591	1592	-1.71376E+000	-2.00195E-001	-2.21865E+000	-2.00025E+000	3.54494E-004	11	..........a	-327.68
	1592	1593	-1.71296E+000	-2.00195E-001	-2.23572E+000	-2.00025E+000	3.50844E-004	11	..........a	-327.68
	1593	1594	-1.71336E+000	-2.00195E-001	-2.24237E+000	-2.00025E+000	3.51561E-004	11	..........a	-327.68
	1594	1595	-1.71536E+000	-2.00195E-001	-2.24316E+000	-2.00025E+000	3.54278E-004	11	..........a	-327.68
	1595	1596	-1.71256E+000	-2.00195E-001	-2.25601E+000	-2.00025E+000	3.52561E-004	11	..........a	-327.68
	1596	1597	-1.71256E+000	-2.00195E-001	-2.26007E+000	-2.00025E+000	3.56844E-004	11	..........a	-327.68
	1597	1598	-1.71416E+000	-2.00195E-001	-2.26179E+000	-2.00025E+000	3.52911E-004	11	..........a	-327.68
	1598	1599	-1.71456E+000	-2.00195E-001	-2.26366E+000	-2.00025E+000	3.58911E-004	11	..........a	-327.68
	1599	1600	-1.71456E+000	-2.00195E-001	-2.26865E+000	-2.00025E+000	3.55661E-004	11	..........a	-327.68
	1600	1601	-1.71456E+000	-2.00195E-001	-2.27190E+000	-2.00025E+000	3.60011E-004	11	..........a	-327.68
	1601	1602	-1.71296E+000	-2.00196E-001	-2.27524E+000	-2.00025E+000	3.53678E-004	11	..........a	-327.68
	1602	1603	-1.71456E+000	-2.00195E-001	-2.27685E+000	-2.00025E+000	3.45828E-004	11	..........a	-327.68
	1603	1604	-1.71176E+000	-2.00195E-001	-2.11547E+000	-2.00025E+000	3.53678E-004	11	..........a	-327.68
	1604	1605	-1.71096E+000	-2.00194E-001	-2.12239E+000	-2.00025E+000	3.49128E-004	11	..........a	-327.68
	1605	1606	-1.71256E+000	-2.00194E-001	-2.12614E+000	-2.00025E+000	3.51861E-004	11	..........a	-327.68
	1606	1607	-1.71216E+000	-2.00200E-001	-2.13281E+000	-2.00025E+000	3.55028E-004	11	..........a	-327.68
	1607	1608	-1.71176E+000	-2.00199E-001	-2.13977E+000	-2.00025E+000	3.53544E-004	11	..........a	-327.68
	1608	1609	-1.71016E+000	-2.00199E-001	-2.15013E+000	-2.00025E+000	3.48078E-004	11	..........a	-327.68
	1609	1610	-1.71296E+000	-2.00200E-001	-2.15680E+000	-2.00025E+000	3.40044E-004	11	..........a	-327.68
	1610	1611	-1.71296E+000	-2.00200E-001	-2.16654E+000	-2.00025E+000	3.46478E-004	11	..........a	-327.68
	1611	1612	-1.71376E+000	-2.00200E-001	-2.17454E+000	-2.00025E+000	3.49494E-004	11	..........a	-327.68
	1612	1613	-1.71296E+000	-2.00200E-001	-2.18211E+000	-2.00025E+000	3.51511E-004	11	..........a	-327.68
	1613	1614	-1.71176E+000	-2.00199E-001	-2.19490E+000	-2.00025E+000	3.54111E-004	11	..........a	-327.68
	1614	1615	-1.71256E+000	-2.00199E-001	-2.19491E+000	-2.00025E+000	3.63578E-004	11	..........a	-327.68
	1615	1616	-1.71296E+000	-2.00199E-001	-2.20199E+000	-2.00025E+000	3.58478E-004	11	..........a	-327.68
	1616	1617	-1.71296E+000	-2.00200E-001	-2.20447E+000	-2.00025E+000	3.61478E-004	11	..........a	-327.68
	1617	1618	-1.71296E+000	-2.00200E-001	-2.21407E+000	-2.00025E+000	3.57261E-004	11	..........a	-327.68
	1618	1619	-1.71336E+000	-2.00199E-001	-2.22014E+000	-2.00025E+000	3.66161E-004	11	..........a	-327.68
	1619	1620	-1.71376E+000	-2.00199E-001	-2.22527E+000	-2.00025E+000	3.71128E-004	11	..........a	-327.68
	1620	1621	-1.71416E+000	-2.00199E-001	-2.22957E+000	-2.00025E+000	3.62961E-004	11	..........a	-327.68
	1621	1622	-1.71216E+000	-2.00199E-001	-2.23635E+000	-2.00025E+000	3.67094E-004	11	..........a	-327.68
	1622	1623	-1.71376E+000	-2.00199E-001	-2.24076E+000	-2.00025E+000	3.53661E-004	11	..........a	-327.68
	1623	1624	-1.71296E+000	-2.00200E-001	-2.24869E+000	-2.00025E+000	3.45361E-004	11	..........a	-327.68
	1624	1625	-1.71536E+000	-2.00200E-001	-2.25112E+000	-2.00025E+000	3.48561E-004	11	..........a	-327.68
	1625	1626	-1.71656E+000	-2.00199E-001	-2.25375E+000	-2.00025E+000	3.46594E-004	11	..........a	-327.68
	1626	1627	-1.71296E+000	-2.00200E-001	-2.26712E+000	-2.00025E+000	3.56094E-004	11	..........a	-327.68
	1627	1628	-1.71176E+000	-2.00200E-001	-2.27172E+000	-2.00025E+000	3.52728E-004	11	..........a	-327.68
	1628	1629	-1.71256E+000	-2.00199E-001	-2.27157E+000	-2.00025E+000	3.55861E-004	11	..........a	-327.68
	1629	1630	-1.71376E+000	-2.00199E-001	-2.27268E+000	-2.00025E+000	3.54044E-004	11	..........a	-327.68
	1630	1631	-1.71376E+000	-2.00199E-001	-2.27788E+000	-2.00025E+000	3.44728E-004	11	..........a	-327.68
	1631	1632	-1.71296E+000	-2.00200E-001	-2.28274E+000	-2.00025E+000	3.49711E-004	11	..........a	-327.68
	1632	1633	-1.71256E+000	-2.00199E-001	-2.28710E+000	-2.00025E+000	3.61778E-004	11	..........a	-327.68
	1633	1634	-1.71296E+000	-2.00199E-001	-2.28788E+000	-2.00025E+000	3.62461E-004	11	..........a	-327.68
	1634	1635	-1.71016E+000	-2.00199E-001	-2.29340E+000	-2.00025E+000	3.67011E-004	11	..........a	-327.68
	1635	1636	-1.71376E+000	-2.00199E-001	-2.29066E+000	-2.00025E+000	3.74028E-004	11	..........a	-327.68
	1636	1637	-1.71256E+000	-2.00199E-001	-2.29334E+000	-2.00025E+000	3.57578E-004	11	..........a	-327.68
	1637	1638	-1.71096E+000	-2.00199E-001	-2.29288E+000	-2.00025E+000	3.59094E-004	11	..........a	-327.68
	1638	1639	-1.71176E+000	-2.00199E-001	-2.30017E+000	-2.00025E+000	3.64878E-004	11	..........a	-327.68
	1639	1640	-1.71096E+000	-2.00199E-001	-2.30119E+000	-2.00025E+000	3.66361E-004	11	..........a	-327.68
	1640	1641	-1.71336E+000	-2.00199E-001	-2.30183E+000	-2.00025E+000	3.63178E-004	11	..........a	-327.68
	1641	1642	-1.71336E+000	-2.00199E-001	-2.29689E+000	-2.00025E+000	3.55294E-004	11	..........a	-327.68
	1642	1643	-1.71256E+000	-2.00199E-001	-2.11887E+000	-2.00025E+000	3.42894E-004	11	..........a	-327.68
	1643	1644	-1.71256E+000	-2.00199E-001	-2.12756E+000	-2.00025E+000	3.65711E-004	11	..........a	-327.68
	1644	1645	-1.71256E+000	-2.00200E-001	-2.13431E+000	-2.00025E+000	3.49644E-004	11	..........a	-327.68
	1645	1646	-1.71376E+000	-2.00200E-001	-2.14229E+000	-2.00025E+000	3.47611E-004	11	..........a	-327.68
	1646	1647	-1.71176E+000	-2.00200E-001	-2.14848E+000	-2.00025E+000	3.40661E-004	11	..........a	-327.68
	1647	1648	-1.71096E+000	-2.00200E-001	-2.16096E+000	-2.00025E+000	3.37178E-004	11	..........a	-327.68
	1648	1649	-1.71336E+000	-2.00199E-001	-2.16689E+000	-2.00025E+000	3.60694E-004	11	..........a	-327.68
	1649	1650	-1.71216E+000	-2.00199E-001	-2.17109E+000	-2.00025E+000	3.59161E-004	11	..........a	-327.68
	1650	1651	-1.71176E+000	-2.00200E-001	-2.17697E+000	-2.00025E+000	3.60644E-004	11	..........a	-327.68
	1651	1652	-1.71296E+000	-2.00200E-001	-2.18053E+000	-2.00025E+000	3.46661E-004	11	..........a	-327.68
	1652	1653	-1.71256E+000	-2.00200E-001	-2.18549E+000	-2.00025E+000	3.44094E-004	11	..........a	-327.68
	1653	1654	-1.71336E+000	-2.00200E-001	-2.18811E+000	-2.00025E+000	3.47561E-004	11	..........a	-327.68
	1654	1655	-1.71336E+000	-2.00200E-001	-2.18747E+000	-2.00025E+000	3.41328E-004	11	..........a	-327.68
	1655	1656	-1.71376E+000	-2.00199E-001	-2.19065E+000	-2.00025E+000	3.53561E-004	11	..........a	-327.68
	1656	1657	-1.71336E+000	-2.00200E-001	-2.20090E+000	-2.00025E+000	3.46278E-004	11	..........a	-327.68
	1657	1658	-1.71256E+000	-2.00199E-001	-2.20825E+000	-2.00025E+000	3.58311E-004	11	..........a	-327.68
	1658	1659	-1.71456E+000	-2.00200E-001	-2.21305E+000	-2.00025E+000	3.44644E-004	11	..........a	-327.68
	1659	1660	-1.71616E+000	-2.00200E-001	-2.21755E+000	-2.00025E+000	3.31861E-004	11	..........a	-327.68
	1660	1661	-1.71456E+000	-2.00200E-001	-2.22656E+000	-2.00025E+000	3.28878E-004	11	..........a	-327.68
	1661	1662	-1.71216E+000	-2.00200E-001	-2.23986E+000	-2.00025E+000	3.45911E-004	11	..........a	-327.68
	1662	1663	-1.71416E+000	-2.00199E-001	-2.24174E+000	-2.00025E+000	3.35478E-004	11	..........a	-327.68
	1663	1664	-1.71336E+000	-2.00199E-001	-2.24544E+000	-2.00025E+000	3.32878E-004	11	..........a	-327.68
	1664	1665	-1.71336E+000	-2.00199E-001	-2.24905E+000	-2.00025E+000	3.35261E-004	11	..........a	-327.68
	1665	1666	-1.71536E+000	-2.00199E-001	-2.25298E+000	-2.00025E+000	3.37111E-004	11	..........a	-327.68
	1666	1667	-1.71376E+000	-2.00200E-001	-2.25711E+000	-2.00025E+000	3.39978E-004	11	..........a	-327.68
	1667	1668	-1.71376E+000	-2.00200E-001	-2.26959E+000	-2.00025E+000	3.37644E-004	11	..........a	-327.68
	1668	1669	-1.71216E+000	-2.00200E-001	-2.27481E+000	-2.00025E+000	3.46661E-004	11	..........a	-327.68
	1669	1670	-1.71376E+000	-2.00200E-001	-2.27555E+000	-2.00025E+000	3.20461E-004	11	..........a	-327.68
	1670	1671	-1.71416E+000	-2.00200E-001	-2.27847E+000	-2.00025E+000	3.31494E-004	11	..........a	-327.68
	1671	1672	-1.71216E+000	-2.00200E-001	-2.28298E+000	-2.00025E+000	3.32028E-004	11	..........a	-327.68
	1672	1673	-1.71576E+000	-2.00200E-001	-2.28074E+000	-2.00025E+000	3.31811E-004	11	..........a	-327.68
	1673	1674	-1.71336E+000	-2.00200E-001	-2.29231E+000	-2.00025E+000	3.40511E-004	11	..........a	-327.68
	1674	1675	-1.71296E+000	-2.00200E-001	-2.29334E+000	-2.00025E+000	3.41161E-004	11	..........a	-327.68
	1675	1676	-1.71496E+000	-2.00200E-001	-2.29607E+000	-2.00025E+000	3.52361E-004	11	..........a	-327.68
	1676	1677	-1.71576E+000	-2.00200E-001	-2.30066E+000	-2.00025E+000	3.54694E-004	11	..........a	-327.68
	1677	1678	-1.71296E+000	-2.00200E-001	-2.30339E+000	-2.00025E+000	3.51461E-004	11	..........a	-327.68
	1678	1679	-1.71416E+000	-2.00200E-001	-2.30427E+000	-2.00025E+000	3.54261E-004	11	..........a	-327.68
	1679	1680	-1.71376E+000	-2.00200E-001	-2.31086E+000	-2.00025E+000	3.53211E-004	11	..........a	-327.68
	1680	1681	-1.71536E+000	-2.00200E-001	-2.31215E+000	-2.00025E+000	3.33944E-004	11	..........a	-327.68
	1681	1682	-1.71016E+000	-2.00201E-001	-2.09382E+000	-2.00025E+000	3.34378E-004	11	..........a	-327.68
	1682	1683	-1.71176E+000	-2.00200E-001	-2.10193E+000	-2.00025E+000	3.33728E-004	11	..........a	-327.68
	1683	1684	-1.71176E+000	-2.00200E-001	-2.11279E+000	-2.00025E+000	3.44428E-004	11	..........a	-327.68
	1684	1685	-1.71096E+000	-2.00200E-001	-2.12035E+000	-2.00025E+000	3.37528E-004	11	..........a	-327.68
	1685	1686	-1.71256E+000	-2.00200E-001	-2.12163E+000	-2.00025E+000	3.41861E-004	11	..........a	-327.68
	1686	1687	-1.71256E+000	-2.00200E-001	-2.13131E+000	-2.00025E+000	3.43944E-004	11	..........a	-327.68
	1687	1688	-1.71216E+000	-2.00201E-001	-2.14081E+000	-2.00025E+000	3.31394E-004	11	..........a	-327.68
	1688	1689	-1.71256E+000	-2.00200E-001	-2.14616E+000	-2.00025E+000	3.42311E-004	11	..........a	-327.68
	1689	1690	-1.71576E+000	-2.00200E-001	-2.15028E+000	-2.00025E+000	3.45711E-004	11	..........a	-327.68
	1690	1691	-1.71456E+000	-2.00201E-001	-2.15899E+000	-2.00025E+000	3.46694E-004	11	..........a	-327.68
	1691	1692	-1.71536E+000	-2.00200E-001	-2.16550E+000	-2.00025E+000	3.40578E-004	11	..........a	-327.68
	1692	1693	-1.71336E+000	-2.00200E-001	-2.17454E+000	-2.00025E+000	3.37228E-004	11	..........a	-327.68
	1693	1694	-1.71456E+000	-2.00200E-001	-2.17807E+000	-2.00025E+000	3.43844E-004	11	..........a	-327.68
	1694	1695	-1.71336E+000	-2.00200E-001	-2.18492E+000	-2.00025E+000	3.39561E-004	11	..........a	-327.68
	1695	1696	-1.71216E+000	-2.00200E-001	-2.19520E+000	-2.00025E+000	3.35594E-004	11	..........a	-327.68
	1696	1697	-1.71256E+000	-2.00200E-001	-2.20400E+000	-2.00025E+000	3.45761E-004	11	..........a	-327.68
	1697	1698	-1.71376E+000	-2.00200E-001	-2.20796E+000	-2.00025E+000	3.58878E-004	11	..........a	-327.68
	1698	1699	-1.71216E+000	-2.00199E-001	-2.21411E+000	-2.00025E+000	3.43911E-004	11	..........a	-327.68
	1699	1700	-1.71416E+000	-2.00200E-001	-2.21584E+000	-2.00025E+000	3.39161E-004	11	..........a	-327.68
	1700	1701	-1.71296E+000	-2.00200E-001	-2.22587E+000	-2.00025E+000	3.33228E-004	11	..........a	-327.68
	1701	1702	-1.71296E+000	-2.00200E-001	-2.22888E+000	-2.00025E+000	3.33661E-004	11	..........a	-327.68
	1702	1703	-1.71376E+000	-2.00200E-001	-2.23272E+000	-2.00025E+000	3.22611E-004	11	..........a	-327.68
	1703	1704	-1.71176E+000	-2.00200E-001	-2.24693E+000	-2.00025E+000	3.26278E-004	11	..........a	-327.68
	1704	1705	-1.71136E+000	-2.00200E-001	-2.25097E+000	-2.00025E+000	3.26594E-004	11	..........a	-327.68
	1705	1706	-1.71256E+000	-2.00200E-001	-2.25214E+000	-2.00025E+000	3.38494E-004	11	..........a	-327.68
	1706	1707	-1.71376E+000	-2.00199E-001	-2.25415E+000	-2.00025E+000	3.41878E-004	11	..........a	-327.68
	1707	1708	-1.71136E+000	-2.00200E-001	-2.26167E+000	-2.00025E+000	3.39078E-004	11	..........a	-327.68
	1708	1709	-1.71256E+000	-2.00200E-001	-2.26445E+000	-2.00025E+000	3.29094E-004	11	..........a	-327.68
	1709	1710	-1.71296E+000	-2.00200E-001	-2.26920E+000	-2.00025E+000	3.44994E-004	11	..........a	-327.68
	1710	1711	-1.71296E+000	-2.00200E-001	-2.27353E+000	-2.00025E+000	3.46028E-004	11	..........a	-327.68
	1711	1712	-1.71096E+000	-2.00200E-001	-2.28785E+000	-2.00025E+000	3.38328E-004	11	..........a	-327.68
	1712	1713	-1.71336E+000	-2.00200E-001	-2.28730E+000	-2.00025E+000	3.51528E-004	11	..........a	-327.68
	1713	1714	-1.71176E+000	-2.00199E-001	-2.29250E+000	-2.00025E+000	3.35594E-004	11	..........a	-327.68
	1714	1715	-1.71216E+000	-2.00199E-001	-2.29837E+000	-2.00025E+000	3.24628E-004	11	..........a	-327.68
	1715	1716	-1.71216E+000	-2.00199E-001	-2.30032E+000	-2.00025E+000	3.44644E-004	11	..........a	-327.68
	1716	1717	-1.71296E+000	-2.00200E-001	-2.30516E+000	-2.00025E+000	3.37978E-004	11	..........a	-327.68
	1717	1718	-1.71376E+000	-2.00200E-001	-2.30457E+000	-2.00025E+000	3.31678E-004	11	..........a	-327.68
	1718	1719	-1.71256E+000	-2.00197E-001	-2.30615E+000	-2.00025E+000	3.08811E-004	11	..........a	-327.68
	1719	1720	-1.71336E+000	-2.00196E-001	-2.31125E+000	-2.00025E+000	3.03061E-004	11	..........a	-327.68
	1720	1721	-1.70896E+000	-2.00196E-001	-2.11910E+000	-2.00025E+000	3.01944E-004	11	..........a	-327.68
	1721	1722	-1.70936E+000	-2.00196E-001	-2.12905E+000	-2.00025E+000	2.98028E-004	11	..........a	-327.68
	1722	1723	-1.71256E+000	-2.00196E-001	-2.13378E+000	-2.00025E+000	2.99644E-004	11	..........a	-327.68
	1723	1724	-1.71016E+000	-2.00196E-001	-2.14382E+000	-2.00025E+000	3.04228E-004	11	..........a	-327.68
	1724	1725	-1.71256E+000	-2.00196E-001	-2.14706E+000	-2.00025E+000	2.98928E-004	11	..........a	-327.68
	1725	1726	-1.71256E+000	-2.00197E-001	-2.15245E+000	-2.00025E+000	2.98728E-004	11	..........a	-327.68
	1726	1727	-1.71016E+000	-2.00196E-001	-2.16322E+000	-2.00025E+000	2.89528E-004	11	..........a	-327.68
	1727	1728	-1.71176E+000	-2.00197E-001	-2.16709E+000	-2.00025E+000	2.94544E-004	11	..........a	-327.68
	1728	1729	-1.71176E+000	-2.00196E-001	-2.17236E+000	-2.00025E+000	2.89211E-004	11	..........a	-327.68
	1729	1730	-1.71336E+000	-2.00196E-001	-2.17519E+000	-2.00025E+000	2.84644E-004	11	..........a	-327.68
	1730	1731	-1.71256E+000	-2.00196E-001	-2.18216E+000	-2.00025E+000	2.92494E-004	11	..........a	-327.68
	1731	1732	-1.71296E+000	-2.00197E-001	-2.18982E+000	-2.00025E+000	2.89028E-004	11	..........a	-327.68
	1732	1733	-1.71336E+000	-2.00197E-001	-2.19689E+000	-2.00025E+000	2.92144E-004	11	..........a	-327.68
	1733	1734	-1.71336E+000	-2.00197E-001	-2.20266E+000	-2.00025E+000	2.98628E-004	11	..........a	-327.68
	1734	1735	-1.71256E+000	-2.00197E-001	-2.21474E+000	-2.00025E+000	2.92828E-004	11	..........a	-327.68
	1735	1736	-1.71256E+000	-2.00197E-001	-2.22191E+000	-2.00025E+000	3.07011E-004	11	..........a	-327.68
	1736	1737	-1.71256E+000	-2.00196E-001	-2.22988E+000	-2.00025E+000	3.09678E-004	11	..........a	-327.68
	1737	1738	-1.71216E+000	-2.00197E-001	-2.23309E+000	-2.00025E+000	3.20344E-004	11	..........a	-327.68
	1738	1739	-1.71096E+000	-2.00197E-001	-2.23536E+000	-2.00025E+000	3.09711E-004	11	..........a	-327.68
	1739	1740	-1.71176E+000	-2.00197E-001	-2.23973E+000	-2.00025E+000	3.04578E-004	11	..........a	-327.68
	1740	1741	-1.71416E+000	-2.00197E-001	-2.24272E+000	-2.00025E+000	3.08611E-004	11	..........a	-327.68
	1741	1742	-1.71336E+000	-2.00197E-001	-2.24884E+000	-2.00025E+000	3.09944E-004	11	..........a	-327.68
	1742	1743	-1.71336E+000	-2.00197E-001	-2.25376E+000	-2.00025E+000	3.04744E-004	11	..........a	-327.68
	1743	1744	-1.71256E+000	-2.00197E-001	-2.26382E+000	-2.00025E+000	3.01861E-004	11	..........a	-327.68
	1744	1745	-1.71256E+000	-2.00198E-001	-2.26793E+000	-2.00025E+000	3.04244E-004	11	..........a	-327.68
	1745	1746	-1.71376E+000	-2.00197E-001	-2.27055E+000	-2.00025E+000	3.04461E-004	11	..........a	-327.68
	1746	1747	-1.71096E+000	-2.00197E-001	-2.28802E+000	-2.00025E+000	2.98161E-004	11	..........a	-327.68
	1747	1748	-1.71296E+000	-2.00197E-001	-2.28960E+000	-2.00025E+000	3.00961E-004	11	..........a	-327.68
	1748	1749	-1.70976E+000	-2.00197E-001	-2.29342E+000	-2.00025E+000	2.85978E-004	11	..........a	-327.68
	1749	1750	-1.71256E+000	-2.00197E-001	-2.28973E+000	-2.00025E+000	2.97278E-004	11	..........a	-327.68
	1750	1751	-1.71176E+000	-2.00197E-001	-2.29701E+000	-2.00025E+000	3.02144E-004	11	..........a	-327.68
	1751	1752	-1.71296E+000	-2.00197E-001	-2.30140E+000	-2.00025E+000	2.98544E-004	11	..........a	-327.68
	1752	1753	-1.71416E+000	-2.00197E-001	-2.30557E+000	-2.00025E+000	3.02961E-004	11	..........a	-327.68
	1753	1754	-1.71256E+000	-2.00197E-001	-2.31515E+000	-2.00025E+000	3.06244E-004	11	..........a	-327.68
	1754	1755	-1.71416E+000	-2.00196E-001	-2.31407E+000	-2.00025E+000	2.89711E-004	11	..........a	-327.68
	1755	1756	-1.71496E+000	-2.00197E-001	-2.31666E+000	-2.00025E+000	2.78028E-004	11	..........a	-327.68
	1756	1757	-1.71416E+000	-2.00196E-001	-2.30930E+000	-2.00025E+000	2.77661E-004	11	..........a	-327.68
	1757	1758	-1.71416E+000	-2.00197E-001	-2.30938E+000	-2.00025E+000	2.90594E-004	11	..........a	-327.68
	1758	1759	-1.70776E+000	-2.00196E-001	-2.08407E+000	-2.00025E+000	3.00544E-004	11	..........a	-327.68
	1759	1760	-1.71176E+000	-2.00196E-001	-2.08492E+000	-2.00025E+000	2.95578E-004	11	..........a	-327.68
	1760	1761	-1.71096E+000	-2.00196E-001	-2.09300E+000	-2.00025E+000	2.97328E-004	11	..........a	-327.68
	1761	1762	-1.71096E+000	-2.00196E-001	-2.09663E+000	-2.00025E+000	2.87378E-004	11	..........a	-327.68
	1762	1763	-1.71136E+000	-2.00196E-001	-2.10217E+000	-2.00025E+000	2.71278E-004	11	..........a	-327.68
	1763	1764	-1.71176E+000	-2.00196E-001	-2.10671E+000	-2.00025E+000	2.73494E-004	11	..........a	-327.68
	1764	1765	-1.71056E+000	-2.00196E-001	-2.11333E+000	-2.00025E+000	2.66994E-004	11	..........a	-327.68
	1765	1766	-1.71096E+000	-2.00197E-001	-2.11870E+000	-2.00025E+000	2.89994E-004	11	..........a	-327.68
	1766	1767	-1.71256E+000	-2.00196E-001	-2.12134E+000	-2.00025E+000	2.89828E-004	11	..........a	-327.68
	1767	1768	-1.71176E+000	-2.00196E-001	-2.13044E+000	-2.00025E+000	2.91644E-004	11	..........a	-327.68
	1768	1769	-1.71336E+000	-2.00197E-001	-2.13688E+000	-2.00025E+000	2.85028E-004	11	..........a	-327.68
	1769	1770	-1.71256E+000	-2.00197E-001	-2.15162E+000	-2.00025E+000	2.91394E-004	11	..........a	-327.68
	1770	1771	-1.71096E+000	-2.00196E-001	-2.15955E+000	-2.00025E+000	2.81794E-004	11	..........a	-327.68
	1771	1772	-1.71256E+000	-2.00196E-001	-2.16823E+000	-2.00025E+000	2.89644E-004	11	..........a	-327.68
	1772	1773	-1.71256E+000	-2.00196E-001	-2.17496E+000	-2.00025E+000	2.90711E-004	11	..........a	-327.68
	1773	1774	-1.71176E+000	-2.00197E-001	-2.19007E+000	-2.00025E+000	2.93211E-004	11	..........a	-327.68
	1774	1775	-1.71216E+000	-2.00197E-001	-2.19441E+000	-2.00025E+000	2.95644E-004	11	..........a	-327.68
	1775	1776	-1.71176E+000	-2.00197E-001	-2.19958E+000	-2.00025E+000	2.95378E-004	11	..........a	-327.68
	1776	1777	-1.71016E+000	-2.00196E-001	-2.20630E+000	-2.00025E+000	2.93594E-004	11	..........a	-327.68
	1777	1778	-1.71296E+000	-2.00196E-001	-2.21032E+000	-2.00025E+000	2.85544E-004	11	..........a	-327.68
	1778	1779	-1.71096E+000	-2.00196E-001	-2.21713E+000	-2.00025E+000	2.85394E-004	11	..........a	-327.68
	1779	1780	-1.71416E+000	-2.00196E-001	-2.22071E+000	-2.00025E+000	2.99361E-004	11	..........a	-327.68
	1780	1781	-1.71296E+000	-2.00196E-001	-2.22809E+000	-2.00025E+000	2.97628E-004	11	..........a	-327.68
	1781	1782	-1.71296E+000	-2.00197E-001	-2.23358E+000	-2.00025E+000	3.01678E-004	11	..........a	-327.68
	1782	1783	-1.71456E+000	-2.00197E-001	-2.23711E+000	-2.00025E+000	2.82261E-004	11	..........a	-327.68
	1783	1784	-1.71456E+000	-2.00196E-001	-2.24224E+000	-2.00025E+000	2.90794E-004	11	..........a	-327.68
	1784	1785	-1.71296E+000	-2.00196E-001	-2.24612E+000	-2.00025E+000	2.90461E-004	11	..........a	-327.68
	1785	1786	-1.71536E+000	-2.00196E-001	-2.24609E+000	-2.00025E+000	2.93311E-004	11	..........a	-327.68
	1786	1787	-1.71576E+000	-2.00196E-001	-2.25337E+000	-2.00025E+000	2.94011E-004	11	..........a	-327.68
	1787	1788	-1.71536E+000	-2.00196E-001	-2.25883E+000	-2.00025E+000	2.93428E-004	11	..........a	-327.68
	1788	1789	-1.71496E+000	-2.00196E-001	-2.26230E+000	-2.00025E+000	3.04811E-004	11	..........a	-327.68
	1789	1790	-1.71176E+000	-2.00196E-001	-2.27123E+000	-2.00025E+000	2.99128E-004	11	..........a	-327.68
	1790	1791	-1.71496E+000	-2.00196E-001	-2.27017E+000	-2.00025E+000	3.03561E-004	11	..........a	-327.68
	1791	1792	-1.71416E+000	-2.00196E-001	-2.27264E+000	-2.00025E+000	2.97494E-004	11	..........a	-327.68
	1792	1793	-1.71376E+000	-2.00196E-001	-2.27839E+000	-2.00025E+000	2.94161E-004	11	..........a	-327.68
	1793	1794	-1.71376E+000	-2.00196E-001	-2.27617E+000	-2.00025E+000	2.96194E-004	11	..........a	-327.68
	1794	1795	-1.70936E+000	-2.00197E-001	-2.09095E+000	-2.00025E+000	2.94328E-004	11	..........a	-327.68
	1795	1796	-1.71096E+000	-2.00197E-001	-2.09320E+000	-2.00025E+000	3.09194E-004	11	..........a	-327.68
	1796	1797	-1.71016E+000	-2.00196E-001	-2.10221E+000	-2.00025E+000	3.05478E-004	11	..........a	-327.68
	1797	1798	-1.71336E+000	-2.00196E-001	-2.10204E+000	-2.00025E+000	2.97994E-004	11	..........a	-327.68
	1798	1799	-1.71096E+000	-2.00196E-001	-2.10842E+000	-2.00025E+000	3.04678E-004	11	..........a	-327.68
	1799	1800	-1.71176E+000	-2.00196E-001	-2.11291E+000	-2.00025E+000	3.00228E-004	11	..........a	-327.68
	1800	1801	-1.71176E+000	-2.00195E-001	-2.12251E+000	-2.00025E+000	3.24344E-004	11	..........a	-327.68
	1801	1802	-1.71216E+000	-2.00196E-001	-2.13137E+000	-2.00025E+000	3.26411E-004	11	..........a	-327.68
	1802	1803	-1.71016E+000	-2.00196E-001	-2.13825E+000	-2.00025E+000	3.28328E-004	11	..........a	-327.68
	1803	1804	-1.71256E+000	-2.00196E-001	-2.14339E+000	-2.00025E+000	3.36044E-004	11	..........a	-327.68
	1804	1805	-1.71176E+000	-2.00195E-001	-2.14886E+000	-2.00025E+000	3.32478E-004	11	..........a	-327.68
	1805	1806	-1.71296E+000	-2.00196E-001	-2.16405E+000	-2.00025E+000	3.30344E-004	11	..........a	-327.68
	1806	1807	-1.71176E+000	-2.00196E-001	-2.17382E+000	-2.00025E+000	3.36844E-004	11	..........a	-327.68
	1807	1808	-1.71256E+000	-2.00196E-001	-2.18171E+000	-2.00025E+000	3.34361E-004	11	..........a	-327.68
	1808	1809	-1.71376E+000	-2.00197E-001	-2.18581E+000	-2.00025E+000	3.35328E-004	11	..........a	-327.68
	1809	1810	-1.71376E+000	-2.00197E-001	-2.18913E+000	-2.00025E+000	3.33944E-004	11	..........a	-327.68
	1810	1811	-1.71496E+000	-2.00196E-001	-2.19282E+000	-2.00025E+000	3.32294E-004	11	..........a	-327.68
	1811	1812	-1.71416E+000	-2.00196E-001	-2.20057E+000	-2.00025E+000	3.37361E-004	11	..........a	-327.68
	1812	1813	-1.71256E+000	-2.00197E-001	-2.20645E+000	-2.00025E+000	3.32628E-004	11	..........a	-327.68
	1813	1814	-1.71496E+000	-2.00196E-001	-2.21111E+000	-2.00025E+000	3.10661E-004	11	..........a	-327.68
	1814	1815	-1.71296E+000	-2.00196E-001	-2.22273E+000	-2.00025E+000	3.09328E-004	11	..........a	-327.68
	1815	1816	-1.71336E+000	-2.00196E-001	-2.22765E+000	-2.00025E+000	3.08361E-004	11	..........a	-327.68
	1816	1817	-1.71416E+000	-2.00196E-001	-2.23095E+000	-2.00025E+000	3.14511E-004	11	..........a	-327.68
	1817	1818	-1.71376E+000	-2.00196E-001	-2.22600E+000	-2.00025E+000	3.04978E-004	11	..........a	-327.68
	1818	1819	-1.71136E+000	-2.00196E-001	-2.23033E+000	-2.00025E+000	3.03878E-004	11	..........a	-327.68
	1819	1820	-1.71336E+000	-2.00196E-001	-2.23101E+000	-2.00025E+000	3.09444E-004	11	..........a	-327.68
	1820	1821	-1.71416E+000	-2.00196E-001	-2.23462E+000	-2.00025E+000	3.04961E-004	11	..........a	-327.68
	1821	1822	-1.71336E+000	-2.00196E-001	-2.24056E+000	-2.00025E+000	3.03444E-004	11	..........a	-327.68
	1822	1823	-1.71256E+000	-2.00196E-001	-2.25232E+000	-2.00025E+000	3.10878E-004	11	..........a	-327.68
	1823	1824	-1.71376E+000	-2.00196E-001	-2.25233E+000	-2.00025E+000	2.96544E-004	11	..........a	-327.68
	1824	1825	-1.71336E+000	-2.00196E-001	-2.25730E+000	-2.00025E+000	3.03994E-004	11	..........a	-327.68
	1825	1826	-1.71416E+000	-2.00196E-001	-2.25779E+000	-2.00025E+000	2.97328E-004	11	..........a	-327.68
	1826	1827	-1.71496E+000	-2.00196E-001	-2.26011E+000	-2.00025E+000	2.95911E-004	11	..........a	-327.68
	1827	1828	-1.71456E+000	-2.00196E-001	-2.26269E+000	-2.00025E+000	3.04444E-004	11	..........a	-327.68
	1828	1829	-1.71336E+000	-2.00196E-001	-2.27566E+000	-2.00025E+000	3.03111E-004	11	..........a	-327.68
	1829	1830	-1.71136E+000	-2.00196E-001	-2.27683E+000	-2.00025E+000	2.99128E-004	11	..........a	-327.68
	1830	1831	-1.71176E+000	-2.00196E-001	-2.27775E+000	-2.00025E+000	2.90894E-004	11	..........a	-327.68
	1831	1832	-1.71456E+000	-2.00196E-001	-2.28007E+000	-2.00025E+000	2.91311E-004	11	..........a	-327.68
	1832	1833	-1.71376E+000	-2.00196E-001	-2.28531E+000	-2.00025E+000	3.01978E-004	11	..........a	-327.68
	1833	1834	-1.71016E+000	-2.00196E-001	-2.06702E+000	-2.00025E+000	3.01111E-004	11	..........a	-327.68
	1834	1835	-1.71016E+000	-2.00196E-001	-2.07361E+000	-2.00025E+000	2.95311E-004	11	..........a	-327.68
	1835	1836	-1.71016E+000	-2.00196E-001	-2.08253E+000	-2.00025E+000	3.02294E-004	11	..........a	-327.68
	1836	1837	-1.70856E+000	-2.00196E-001	-2.09099E+000	-2.00025E+000	2.95411E-004	11	..........a	-327.68
	1837	1838	-1.71176E+000	-2.00196E-001	-2.09877E+000	-2.00025E+000	2.95911E-004	11	..........a	-327.68
	1838	1839	-1.71256E+000	-2.00196E-001	-2.10906E+000	-2.00025E+000	2.95661E-004	11	..........a	-327.68
	1839	1840	-1.71176E+000	-2.00196E-001	-2.12111E+000	-2.00025E+000	3.03494E-004	11	..........a	-327.68
	1840	1841	-1.71296E+000	-2.00195E-001	-2.12842E+000	-2.00025E+000	2.98711E-004	11	..........a	-327.68
	1841	1842	-1.71296E+000	-2.00196E-001	-2.13768E+000	-2.00025E+000	3.10961E-004	11	..........a	-327.68
	1842	1843	-1.71336E+000	-2.00196E-001	-2.14489E+000	-2.00025E+000	3.01078E-004	11	..........a	-327.68
	1843	1844	-1.71176E+000	-2.00196E-001	-2.15640E+000	-2.00025E+000	2.93794E-004	11	..........a	-327.68
	1844	1845	-1.71296E+000	-2.00196E-001	-2.15485E+000	-2.00025E+000	2.96128E-004	11	..........a	-327.68
	1845	1846	-1.71216E+000	-2.00196E-001	-2.16073E+000	-2.00025E+000	3.00394E-004	11	..........a	-327.68
	1846	1847	-1.71456E+000	-2.00196E-001	-2.16177E+000	-2.00025E+000	2.95461E-004	11	..........a	-327.68
	1847	1848	-1.71416E+000	-2.00195E-001	-2.16408E+000	-2.00025E+000	2.97911E-004	11	..........a	-327.68
	1848	1849	-1.71416E+000	-2.00196E-001	-2.16773E+000	-2.00025E+000	2.98828E-004	11	..........a	-327.68
	1849	1850	-1.71216E+000	-2.00196E-001	-2.17229E+000	-2.00025E+000	3.02811E-004	11	..........a	-327.68
	1850	1851	-1.71296E+000	-2.00196E-001	-2.17811E+000	-2.00025E+000	3.07961E-004	11	..........a	-327.68
	1851	1852	-1.71176E+000	-2.00195E-001	-2.19486E+000	-2.00025E+000	3.08578E-004	11	..........a	-327.68
	1852	1853	-1.71416E+000	-2.00196E-001	-2.19537E+000	-2.00025E+000	3.09311E-004	11	..........a	-327.68
	1853	1854	-1.71416E+000	-2.00196E-001	-2.19872E+000	-2.00025E+000	3.05544E-004	11	..........a	-327.68
	1854	1855	-1.71336E+000	-2.00196E-001	-2.19996E+000	-2.00025E+000	3.00778E-004	11	..........a	-327.68
	1855	1856	-1.71136E+000	-2.00196E-001	-2.20551E+000	-2.00025E+000	3.04711E-004	11	..........a	-327.68
	1856	1857	-1.71016E+000	-2.00196E-001	-2.21348E+000	-2.00025E+000	3.01044E-004	11	..........a	-327.68
	1857	1858	-1.71216E+000	-2.00195E-001	-2.21391E+000	-2.00025E+000	2.99544E-004	11	..........a	-327.68
	1858	1859	-1.71216E+000	-2.00196E-001	-2.22165E+000	-2.00025E+000	3.01244E-004	11	..........a	-327.68
	1859	1860	-1.71176E+000	-2.00196E-001	-2.22444E+000	-2.00025E+000	3.07111E-004	11	..........a	-327.68
	1860	1861	-1.71176E+000	-2.00196E-001	-2.22944E+000	-2.00025E+000	3.09728E-004	11	..........a	-327.68
	1861	1862	-1.71336E+000	-2.00196E-001	-2.23141E+000	-2.00025E+000	3.06261E-004	11	..........a	-327.68
	1862	1863	-1.71176E+000	-2.00196E-001	-2.23464E+000	-2.00025E+000	3.01861E-004	11	..........a	-327.68
	1863	1864	-1.71256E+000	-2.00196E-001	-2.23883E+000	-2.00025E+000	3.03894E-004	11	..........a	-327.68
	1864	1865	-1.71176E+000	-2.00196E-001	-2.23784E+000	-2.00025E+000	3.03178E-004	11	..........a	-327.68
	1865	1866	-1.71256E+000	-2.00196E-001	-2.24010E+000	-2.00025E+000	3.01794E-004	11	..........a	-327.68
	1866	1867	-1.71256E+000	-2.00196E-001	-2.24229E+000	-2.00025E+000	3.06744E-004	11	..........a	-327.68
	1867	1868	-1.71256E+000	-2.00196E-001	-2.24762E+000	-2.00025E+000	3.10894E-004	11	..........a	-327.68
	1868	1869	-1.71256E+000	-2.00196E-001	-2.24907E+000	-2.00025E+000	3.08044E-004	11	..........a	-327.68
	1869	1870	-1.71176E+000	-2.00196E-001	-2.25424E+000	-2.00025E+000	3.04844E-004	11	..........a	-327.68
	1870	1871	-1.70856E+000	-2.00196E-001	-2.06033E+000	-2.00025E+000	3.08644E-004	11	..........a	-327.68
	1871	1872	-1.70616E+000	-2.00196E-001	-2.07009E+000	-2.00025E+000	3.08378E-004	11	..........a	-327.68
	1872	1873	-1.70856E+000	-2.00196E-001	-2.07562E+000	-2.00025E+000	3.09978E-004	11	..........a	-327.68
	1873	1874	-1.71016E+000	-2.00196E-001	-2.08212E+000	-2.00025E+000	3.09178E-004	11	..........a	-327.68
	1874	1875	-1.71176E+000	-2.00196E-001	-2.08808E+000	-2.00025E+000	3.06811E-004	11	..........a	-327.68
	1875	1876	-1.71096E+000	-2.00196E-001	-2.09635E+000	-2.00025E+000	3.06894E-004	11	..........a	-327.68
	1876	1877	-1.71256E+000	-2.00196E-001	-2.10215E+000	-2.00025E+000	3.09428E-004	11	..........a	-327.68
	1877	1878	-1.71016E+000	-2.00196E-001	-2.11046E+000	-2.00025E+000	3.03861E-004	11	..........a	-327.68
	1878	1879	-1.71096E+000	-2.00196E-001	-2.11598E+000	-2.00025E+000	3.05744E-004	11	..........a	-327.68
	1879	1880	-1.71176E+000	-2.00196E-001	-2.12219E+000	-2.00025E+000	3.06794E-004	11	..........a	-327.68
	1880	1881	-1.71256E+000	-2.00196E-001	-2.12831E+000	-2.00025E+000	3.12444E-004	11	..........a	-327.68
	1881	1882	-1.71016E+000	-2.00196E-001	-2.13692E+000	-2.00025E+000	3.14394E-004	11	..........a	-327.68
	1882	1883	-1.70856E+000	-2.00196E-001	-2.14581E+000	-2.00025E+000	3.13294E-004	11	..........a	-327.68
	1883	1884	-1.71096E+000	-2.00197E-001	-2.14682E+000	-2.00025E+000	3.14578E-004	11	..........a	-327.68
	1884	1885	-1.70856E+000	-2.00196E-001	-2.15478E+000	-2.00025E+000	3.18528E-004	11	..........a	-327.68
	1885	1886	-1.71176E+000	-2.00196E-001	-2.15666E+000	-2.00025E+000	3.12811E-004	11	..........a	-327.68
	1886	1887	-1.71336E+000	-2.00197E-001	-2.16027E+000	-2.00025E+000	3.17528E-004	11	..........a	-327.68
	1887	1888	-1.71016E+000	-2.00196E-001	-2.17033E+000	-2.00025E+000	3.17544E-004	11	..........a	-327.68
	1888	1889	-1.71216E+000	-2.00196E-001	-2.17450E+000	-2.00025E+000	3.09278E-004	11	..........a	-327.68
	1889	1890	-1.71096E+000	-2.00196E-001	-2.18146E+000	-2.00025E+000	3.17828E-004	11	..........a	-327.68
	1890	1891	-1.71256E+000	-2.00196E-001	-2.18550E+000	-2.00025E+000	3.19744E-004	11	..........a	-327.68
	1891	1892	-1.71376E+000	-2.00196E-001	-2.18989E+000	-2.00025E+000	3.14494E-004	11	..........a	-327.68
	1892	1893	-1.71336E+000	-2.00196E-001	-2.19554E+000	-2.00025E+000	3.13194E-004	11	..........a	-327.68
	1893	1894	-1.71376E+000	-2.00196E-001	-2.20223E+000	-2.00025E+000	3.23394E-004	11	..........a	-327.68
	1894	1895	-1.71096E+000	-2.00196E-001	-2.23362E+000	-2.00025E+000	3.16561E-004	11	..........a	-327.68
	1895	1896	-1.71256E+000	-2.00196E-001	-2.23312E+000	-2.00025E+000	3.06628E-004	11	..........a	-327.68
	1896	1897	-1.71176E+000	-2.00196E-001	-2.23574E+000	-2.00025E+000	3.11228E-004	11	..........a	-327.68
	1897	1898	-1.71136E+000	-2.00196E-001	-2.24063E+000	-2.00025E+000	3.14561E-004	11	..........a	-327.68
	1898	1899	-1.71136E+000	-2.00196E-001	-2.24489E+000	-2.00025E+000	3.08594E-004	11	..........a	-327.68
	1899	1900	-1.71336E+000	-2.00196E-001	-2.24571E+000	-2.00025E+000	3.19044E-004	11	..........a	-327.68
	1900	1901	-1.71256E+000	-2.00196E-001	-2.24877E+000	-2.00025E+000	3.12994E-004	11	..........a	-327.68
	1901	1902	-1.71096E+000	-2.00196E-001	-2.25001E+000	-2.00025E+000	3.07861E-004	11	..........a	-327.68
	1902	1903	-1.71016E+000	-2.00196E-001	-2.25739E+000	-2.00025E+000	3.05778E-004	11	..........a	-327.68
	1903	1904	-1.71096E+000	-2.00196E-001	-2.25942E+000	-2.00025E+000	3.07011E-004	11	..........a	-327.68
	1904	1905	-1.71016E+000	-2.00196E-001	-2.26951E+000	-2.00025E+000	3.20611E-004	11	..........a	-327.68
	1905	1906	-1.70936E+000	-2.00196E-001	-2.27453E+000	-2.00025E+000	3.08611E-004	11	..........a	-327.68
	1906	1907	-1.71096E+000	-2.00195E-001	-2.27530E+000	-2.00025E+000	3.04144E-004	11	..........a	-327.68
	1907	1908	-1.71416E+000	-2.00196E-001	-2.26586E+000	-2.00025E+000	2.97128E-004	11	..........a	-327.68
	1908	1909	-1.70736E+000	-2.00195E-001	-2.27522E+000	-2.00025E+000	2.90528E-004	11	..........a	-327.68
	1909	1910	-1.70736E+000	-2.00195E-001	-2.06035E+000	-2.00025E+000	2.88128E-004	11	..........a	-327.68
	1910	1911	-1.70616E+000	-2.00195E-001	-2.06652E+000	-2.00025E+000	2.89461E-004	11	..........a	-327.68
	1911	1912	-1.70816E+000	-2.00194E-001	-2.07662E+000	-2.00025E+000	2.81094E-004	11	..........a	-327.68
	1912	1913	-1.70896E+000	-2.00195E-001	-2.08362E+000	-2.00025E+000	2.86228E-004	11	..........a	-327.68
	1913	1914	-1.71016E+000	-2.00194E-001	-2.08919E+000	-2.00025E+000	2.92878E-004	11	..........a	-327.68
	1914	1915	-1.70896E+000	-2.00195E-001	-2.09552E+000	-2.00025E+000	2.87128E-004	11	..........a	-327.68
	1915	1916	-1.71096E+000	-2.00194E-001	-2.09935E+000	-2.00025E+000	2.85944E-004	11	..........a	-327.68
	1916	1917	-1.71096E+000	-2.00195E-001	-2.11449E+000	-2.00025E+000	2.97744E-004	11	..........a	-327.68
	1917	1918	-1.70936E+000	-2.00195E-001	-2.12238E+000	-2.00025E+000	2.85078E-004	11	..........a	-327.68
	1918	1919	-1.71016E+000	-2.00195E-001	-2.12683E+000	-2.00025E+000	2.87261E-004	11	..........a	-327.68
	1919	1920	-1.71056E+000	-2.00195E-001	-2.13099E+000	-2.00025E+000	2.86594E-004	11	..........a	-327.68
	1920	1921	-1.71176E+000	-2.00195E-001	-2.13387E+000	-2.00025E+000	2.90294E-004	11	..........a	-327.68
	1921	1922	-1.71336E+000	-2.00195E-001	-2.13673E+000	-2.00025E+000	2.87311E-004	11	..........a	-327.68
	1922	1923	-1.71176E+000	-2.00195E-001	-2.14464E+000	-2.00025E+000	2.80644E-004	11	..........a	-327.68
	1923	1924	-1.70936E+000	-2.00195E-001	-2.15269E+000	-2.00025E+000	2.90011E-004	11	..........a	-327.68
	1924	1925	-1.71016E+000	-2.00195E-001	-2.15805E+000	-2.00025E+000	2.94061E-004	11	..........a	-327.68
	1925	1926	-1.70936E+000	-2.00196E-001	-2.16436E+000	-2.00025E+000	2.84811E-004	11	..........a	-327.68
	1926	1927	-1.71176E+000	-2.00195E-001	-2.17194E+000	-2.00025E+000	2.81961E-004	11	..........a	-327.68
	1927	1928	-1.71056E+000	-2.00195E-001	-2.17928E+000	-2.00025E+000	2.86911E-004	11	..........a	-327.68
	1928	1929	-1.71256E+000	-2.00195E-001	-2.18315E+000	-2.00025E+000	2.93811E-004	11	..........a	-327.68
	1929	1930	-1.71216E+000	-2.00195E-001	-2.19012E+000	-2.00025E+000	2.88794E-004	11	..........a	-327.68
	1930	1931	-1.71256E+000	-2.00195E-001	-2.19706E+000	-2.00025E+000	2.90228E-004	11	..........a	-327.68
	1931	1932	-1.71256E+000	-2.00195E-001	-2.20273E+000	-2.00025E+000	2.91044E-004	11	..........a	-327.68
	1932	1933	-1.71176E+000	-2.00195E-001	-2.20983E+000	-2.00025E+000	2.88678E-004	11	..........a	-327.68
	1933	1934	-1.71416E+000	-2.00195E-001	-2.21571E+000	-2.00025E+000	2.92211E-004	11	..........a	-327.68
	1934	1935	-1.71256E+000	-2.00195E-001	-2.22098E+000	-2.00025E+000	2.95728E-004	11	..........a	-327.68
	1935	1936	-1.71256E+000	-2.00195E-001	-2.22393E+000	-2.00025E+000	2.89611E-004	11	..........a	-327.68
	1936	1937	-1.71016E+000	-2.00195E-001	-2.22977E+000	-2.00025E+000	2.90144E-004	11	..........a	-327.68
	1937	1938	-1.71256E+000	-2.00195E-001	-2.22999E+000	-2.00025E+000	2.86478E-004	11	..........a	-327.68
	1938	1939	-1.71176E+000	-2.00195E-001	-2.23507E+000	-2.00025E+000	2.85528E-004	11	..........a	-327.68
	1939	1940	-1.70936E+000	-2.00195E-001	-2.24743E+000	-2.00025E+000	2.85628E-004	11	..........a	-327.68
	1940	1941	-1.70976E+000	-2.00195E-001	-2.24996E+000	-2.00025E+000	2.95028E-004	11	..........a	-327.68
	1941	1942	-1.71016E+000	-2.00195E-001	-2.25442E+000	-2.00025E+000	2.91244E-004	11	..........a	-327.68
	1942	1943	-1.70936E+000	-2.00195E-001	-2.25878E+000	-2.00025E+000	2.94778E-004	11	..........a	-327.68
	1943	1944	-1.71096E+000	-2.00195E-001	-2.26005E+000	-2.00025E+000	2.91211E-004	11	..........a	-327.68
	1944	1945	-1.71016E+000	-2.00195E-001	-2.26257E+000	-2.00025E+000	2.97644E-004	11	..........a	-327.68
	1945	1946	-1.70776E+000	-2.00195E-001	-2.26877E+000	-2.00025E+000	2.92128E-004	11	..........a	-327.68
	1946	1947	-1.70856E+000	-2.00195E-001	-2.26505E+000	-2.00025E+000	2.92478E-004	11	..........a	-327.68
	1947	1948	-1.71096E+000	-2.00197E-001	-2.26338E+000	-2.00025E+000	3.38311E-004	11	..........a	-327.68
	1948	1949	-1.70896E+000	-2.00199E-001	-2.16666E+000	-2.00025E+000	3.45728E-004	11	..........a	-327.68
	1949	1950	-1.70536E+000	-2.00197E-001	-2.07896E+000	-2.00025E+000	3.42944E-004	11	..........a	-327.68
	1950	1951	-1.71016E+000	-2.00197E-001	-2.08235E+000	-2.00025E+000	3.37228E-004	11	..........a	-327.68
	1951	1952	-1.71176E+000	-2.00197E-001	-2.08668E+000	-2.00025E+000	3.42411E-004	11	..........a	-327.68
	1952	1953	-1.71336E+000	-2.00197E-001	-2.09176E+000	-2.00025E+000	3.36078E-004	11	..........a	-327.68
	1953	1954	-1.71256E+000	-2.00197E-001	-2.09771E+000	-2.00025E+000	3.44311E-004	11	..........a	-327.68
	1954	1955	-1.71176E+000	-2.00198E-001	-2.10682E+000	-2.00025E+000	3.44094E-004	11	..........a	-327.68
	1955	1956	-1.71176E+000	-2.00197E-001	-2.11188E+000	-2.00025E+000	3.39044E-004	11	..........a	-327.68
	1956	1957	-1.71016E+000	-2.00197E-001	-2.12315E+000	-2.00025E+000	3.46194E-004	11	..........a	-327.68
	1957	1958	-1.70736E+000	-2.00197E-001	-2.12828E+000	-2.00025E+000	3.41044E-004	11	..........a	-327.68
	1958	1959	-1.71016E+000	-2.00197E-001	-2.13054E+000	-2.00025E+000	3.41294E-004	11	..........a	-327.68
	1959	1960	-1.71336E+000	-2.00198E-001	-2.13351E+000	-2.00025E+000	3.36844E-004	11	..........a	-327.68
	1960	1961	-1.70696E+000	-2.00209E-001	-2.14903E+000	-2.00025E+000	7.60261E-004	11	..........a	-327.68
	1961	1962	-1.70936E+000	-2.00209E-001	-2.15029E+000	-2.00025E+000	7.56128E-004	11	..........a	-327.68
	1962	1963	-1.71016E+000	-2.00208E-001	-2.15219E+000	-2.00025E+000	7.47044E-004	11	..........a	-327.68
	1963	1964	-1.71016E+000	-2.00208E-001	-2.15814E+000	-2.00025E+000	7.60178E-004	11	..........a	-327.68
	1964	1965	-1.71016E+000	-2.00208E-001	-2.16373E+000	-2.00025E+000	7.50144E-004	11	..........a	-327.68
	1965	1966	-1.71176E+000	-2.00208E-001	-2.16956E+000	-2.00025E+000	7.56811E-004	11	..........a	-327.68
	1966	1967	-1.71096E+000	-2.00208E-001	-2.18086E+000	-2.00025E+000	7.43561E-004	11	..........a	-327.68
	1967	1968	-1.71096E+000	-2.00208E-001	-2.18876E+000	-2.00025E+000	7.45094E-004	11	..........a	-327.68
	1968	1969	-1.71176E+000	-2.00207E-001	-2.19694E+000	-2.00025E+000	7.41344E-004	11	..........a	-327.68
	1969	1970	-1.71256E+000	-2.00208E-001	-2.20087E+000	-2.00025E+000	7.47694E-004	11	..........a	-327.68
	1970	1971	-1.70936E+000	-2.00208E-001	-2.21022E+000	-2.00025E+000	7.33178E-004	11	..........a	-327.68
	1971	1972	-1.70856E+000	-2.00208E-001	-2.21417E+000	-2.00025E+000	7.34511E-004	11	..........a	-327.68
	1972	1973	-1.70936E+000	-2.00208E-001	-2.21799E+000	-2.00025E+000	7.43811E-004	11	..........a	-327.68
	1973	1974	-1.71016E+000	-2.00207E-001	-2.22249E+000	-2.00025E+000	7.32111E-004	11	..........a	-327.68
	1974	1975	-1.71096E+000	-2.00208E-001	-2.22309E+000	-2.00025E+000	7.39994E-004	11	..........a	-327.68
	1975	1976	-1.70856E+000	-2.00207E-001	-2.22811E+000	-2.00025E+000	7.26494E-004	11	..........a	-327.68
	1976	1977	-1.71176E+000	-2.00207E-001	-2.22775E+000	-2.00025E+000	7.22944E-004	11	..........a	-327.68
	1977	1978	-1.70856E+000	-2.00207E-001	-2.23178E+000	-2.00025E+000	7.20944E-004	11	..........a	-327.68
	1978	1979	-1.71096E+000	-2.00208E-001	-2.23178E+000	-2.00025E+000	7.48528E-004	11	..........a	-327.68
	1979	1980	-1.71096E+000	-2.00209E-001	-2.24051E+000	-2.00025E+000	7.63744E-004	11	..........a	-327.68
	1980	1981	-1.71176E+000	-2.00208E-001	-2.24217E+000	-2.00025E+000	7.57311E-004	11	..........a	-327.68
	1981	1982	-1.70696E+000	-2.00208E-001	-2.08021E+000	-2.00025E+000	7.41494E-004	11	..........a	-327.68
	1982	1983	-1.70776E+000	-2.00207E-001	-2.06538E+000	-2.00025E+000	7.40728E-004	11	..........a	-327.68
	1983	1984	-1.70616E+000	-2.00207E-001	-2.07547E+000	-2.00025E+000	7.31711E-004	11	..........a	-327.68
	1984	1985	-1.70776E+000	-2.00207E-001	-2.08126E+000	-2.00025E+000	7.32194E-004	11	..........a	-327.68
	1985	1986	-1.71016E+000	-2.00207E-001	-2.08554E+000	-2.00025E+000	7.32811E-004	11	..........a	-327.68
	1986	1987	-1.71016E+000	-2.00192E-001	-2.08948E+000	-2.00025E+000	2.00344E-004	11	..........a	-327.68
	1987	1988	-1.70856E+000	-2.00192E-001	-2.10331E+000	-2.00025E+000	1.91111E-004	11	..........a	-327.68
	1988	1989	-1.70776E+000	-2.00192E-001	-2.11005E+000	-2.00025E+000	1.92528E-004	11	..........a	-327.68
	1989	1990	-1.70696E+000	-2.00192E-001	-2.11687E+000	-2.00025E+000	1.91428E-004	11	..........a	-327.68
	1990	1991	-1.71016E+000	-2.00192E-001	-2.11862E+000	-2.00025E+000	1.94828E-004	11	..........a	-327.68
	1991	1992	-1.70936E+000	-2.00191E-001	-2.12205E+000	-2.00025E+000	1.94528E-004	11	..........a	-327.68
	1992	1993	-1.71016E+000	-2.00192E-001	-2.12393E+000	-2.00025E+000	1.98228E-004	11	..........a	-327.68
	1993	1994	-1.71016E+000	-2.00192E-001	-2.12997E+000	-2.00025E+000	1.98361E-004	11	..........a	-327.68
	1994	1995	-1.71096E+000	-2.00191E-001	-2.13654E+000	-2.00025E+000	1.98728E-004	11	..........a	-327.68
	1995	1996	-1.70856E+000	-2.00192E-001	-2.15307E+000	-2.00025E+000	1.97111E-004	11	..........a	-327.68
	1996	1997	-1.71096E+000	-2.00192E-001	-2.15486E+000	-2.00025E+000	1.88594E-004	11	..........a	-327.68
	1997	1998	-1.71176E+000	-2.00191E-001	-2.15725E+000	-2.00025E+000	1.89478E-004	11	..........a	-327.68
	1998	1999	-1.71096E+000	-2.00192E-001	-2.16327E+000	-2.00025E+000	1.85878E-004	11	..........a	-327.68
	1999	2000	-1.71176E+000	-2.00192E-001	-2.16798E+000	-2.00025E+000	1.98628E-004	11	..........a	-327.68
	2000	2001	-1.71096E+000	-2.00192E-001	-2.17279E+000	-2.00025E+000	1.93978E-004	11	..........a	-327.68
	2001	2002	-1.70776E+000	-2.00192E-001	-2.17661E+000	-2.00025E+000	1.91761E-004	11	..........a	-327.68
	2002	2003	-1.70896E+000	-2.00192E-001	-2.18366E+000	-2.00025E+000	2.01311E-004	11	..........a	-327.68
	2003	2004	-1.70936E+000	-2.00192E-001	-2.19250E+000	-2.00025E+000	2.03278E-004	11	..........a	-327.68
	2004	2005	-1.71136E+000	-2.00192E-001	-2.19824E+000	-2.00025E+000	2.00044E-004	11	..........a	-327.68
	2005	2006	-1.71016E+000	-2.00192E-001	-2.20575E+000	-2.00025E+000	1.88261E-004	11	..........a	-327.68
	2006	2007	-1.71096E+000	-2.00192E-001	-2.21008E+000	-2.00025E+000	1.94094E-004	11	..........a	-327.68
	2007	2008	-1.71016E+000	-2.00192E-001	-2.21545E+000	-2.00025E+000	1.98544E-004	11	..........a	-327.68
	2008	2009	-1.71176E+000	-2.00192E-001	-2.22125E+000	-2.00025E+000	1.90194E-004	11	..........a	-327.68
	2009	2010	-1.71376E+000	-2.00192E-001	-2.22618E+000	-2.00025E+000	2.01978E-004	11	..........a	-327.68
	2010	2011	-1.71176E+000	-2.00192E-001	-2.23368E+000	-2.00025E+000	2.06994E-004	11	..........a	-327.68
	2011	2012	-1.71456E+000	-2.00192E-001	-2.23462E+000	-2.00025E+000	2.03061E-004	11	..........a	-327.68
	2012	2013	-1.70936E+000	-2.00198E-001	-2.24679E+000	-2.00025E+000	3.08661E-004	11	..........a	-327.68
	2013	2014	-1.70936E+000	-2.00198E-001	-2.25612E+000	-2.00025E+000	3.06378E-004	11	..........a	-327.68
	2014	2015	-1.70616E+000	-2.00198E-001	-2.26054E+000	-2.00025E+000	3.02644E-004	11	..........a	-327.68
	2015	2016	-1.70936E+000	-2.00198E-001	-2.26365E+000	-2.00025E+000	3.09194E-004	11	..........a	-327.68
	2016	2017	-1.71016E+000	-2.00198E-001	-2.26418E+000	-2.00025E+000	3.06061E-004	11	..........a	-327.68
	2017	2018	-1.71096E+000	-2.00198E-001	-2.26689E+000	-2.00025E+000	3.07011E-004	11	..........a	-327.68
	2018	2019	-1.70936E+000	-2.00198E-001	-2.26898E+000	-2.00025E+000	3.07878E-004	11	..........a	-327.68
	2019	2020	-1.70936E+000	-2.00198E-001	-2.27145E+000	-2.00025E+000	3.03711E-004	11	..........a	-327.68
	2020	2021	-1.71176E+000	-2.00198E-001	-2.27058E+000	-2.00025E+000	3.00778E-004	11	..........a	-327.68
	2021	2022	-1.70936E+000	-2.00198E-001	-2.27708E+000	-2.00025E+000	3.01678E-004	11	..........a	-327.68
	2022	2023	-1.70856E+000	-2.00198E-001	-2.21507E+000	-2.00025E+000	3.00061E-004	11	..........a	-327.68
	2023	2024	-1.70776E+000	-2.00197E-001	-2.10740E+000	-2.00025E+000	3.06094E-004	11	..........a	-327.68
	2024	2025	-1.71016E+000	-2.00197E-001	-2.11354E+000	-2.00025E+000	3.05828E-004	11	..........a	-327.68
	2025	2026	-1.71016E+000	-2.00198E-001	-2.12101E+000	-2.00025E+000	3.13528E-004	11	..........a	-327.68
	2026	2027	-1.71016E+000	-2.00198E-001	-2.12706E+000	-2.00025E+000	3.11394E-004	11	..........a	-327.68
	2027	2028	-1.70616E+000	-2.00197E-001	-2.13369E+000	-2.00025E+000	3.07128E-004	11	..........a	-327.68
	2028	2029	-1.71096E+000	-2.00197E-001	-2.13685E+000	-2.00025E+000	3.09511E-004	11	..........a	-327.68
	2029	2030	-1.70576E+000	-2.00198E-001	-2.14899E+000	-2.00025E+000	3.07394E-004	11	..........a	-327.68
	2030	2031	-1.71096E+000	-2.00197E-001	-2.15115E+000	-2.00025E+000	3.05494E-004	11	..........a	-327.68
	2031	2032	-1.71256E+000	-2.00198E-001	-2.15516E+000	-2.00025E+000	3.19411E-004	11	..........a	-327.68
	2032	2033	-1.71096E+000	-2.00198E-001	-2.16144E+000	-2.00025E+000	3.12228E-004	11	..........a	-327.68
	2033	2034	-1.71096E+000	-2.00198E-001	-2.16910E+000	-2.00025E+000	3.09078E-004	11	..........a	-327.68
	2034	2035	-1.70696E+000	-2.00198E-001	-2.17891E+000	-2.00025E+000	3.07828E-004	11	..........a	-327.68
	2035	2036	-1.70696E+000	-2.00198E-001	-2.18589E+000	-2.00025E+000	3.11294E-004	11	..........a	-327.68
	2036	2037	-1.70776E+000	-2.00198E-001	-2.18943E+000	-2.00025E+000	3.11361E-004	11	..........a	-327.68
	2037	2038	-1.70856E+000	-2.00198E-001	-2.19154E+000	-2.00025E+000	3.13428E-004	11	..........a	-327.68
	2038	2039	-1.70696E+000	-2.00198E-001	-2.19771E+000	-2.00025E+000	3.15328E-004	11	..........a	-327.68
	2039	2040	-1.71016E+000	-2.00197E-001	-2.20017E+000	-2.00025E+000	3.12728E-004	11	..........a	-327.68
	2040	2041	-1.70776E+000	-2.00198E-001	-2.21243E+000	-2.00025E+000	3.13661E-004	11	..........a	-327.68
	2041	2042	-1.71016E+000	-2.00198E-001	-2.21483E+000	-2.00025E+000	3.11628E-004	11	..........a	-327.68
	2042	2043	-1.70936E+000	-2.00198E-001	-2.21961E+000	-2.00025E+000	3.13444E-004	11	..........a	-327.68
	2043	2044	-1.71016E+000	-2.00197E-001	-2.22484E+000	-2.00025E+000	3.12444E-004	11	..........a	-327.68
	2044	2045	-1.71016E+000	-2.00198E-001	-2.23069E+000	-2.00025E+000	3.12394E-004	11	..........a	-327.68
	2045	2046	-1.71016E+000	-2.00198E-001	-2.23471E+000	-2.00025E+000	3.05228E-004	11	..........a	-327.68
	2046	2047	-1.71096E+000	-2.00198E-001	-2.23534E+000	-2.00025E+000	3.12311E-004	11	..........a	-327.68
	2047	2048	-1.71096E+000	-2.00198E-001	-2.23976E+000	-2.00025E+000	3.17111E-004	11	..........a	-327.68
	2048	2049	-1.71256E+000	-2.00198E-001	-2.24521E+000	-2.00025E+000	3.04461E-004	11	..........a	-327.68
	2049	2050	-1.70936E+000	-2.00198E-001	-2.26121E+000	-2.00025E+000	3.16061E-004	11	..........a	-327.68
	2050	2051	-1.70696E+000	-2.00198E-001	-2.06773E+000	-2.00025E+000	3.13078E-004	11	..........a	-327.68
	2051	2052	-1.70696E+000	-2.00196E-001	-2.07635E+000	-2.00025E+000	3.15794E-004	11	..........a	-327.68
	2052	2053	-1.70776E+000	-2.00196E-001	-2.08043E+000	-2.00025E+000	3.11344E-004	11	..........a	-327.68
	2053	2054	-1.70536E+000	-2.00196E-001	-2.08878E+000	-2.00025E+000	3.15394E-004	11	..........a	-327.68
	2054	2055	-1.70976E+000	-2.00196E-001	-2.09048E+000	-2.00025E+000	3.17778E-004	11	..........a	-327.68
	2055	2056	-1.70936E+000	-2.00196E-001	-2.09663E+000	-2.00025E+000	3.07511E-004	11	..........a	-327.68
	2056	2057	-1.71016E+000	-2.00196E-001	-2.10027E+000	-2.00025E+000	3.10244E-004	11	..........a	-327.68
	2057	2058	-1.71016E+000	-2.00196E-001	-2.11061E+000	-2.00025E+000	3.18428E-004	11	..........a	-327.68
	2058	2059	-1.71136E+000	-2.00196E-001	-2.11828E+000	-2.00025E+000	3.15344E-004	11	..........a	-327.68
	2059	2060	-1.71256E+000	-2.00196E-001	-2.12467E+000	-2.00025E+000	3.12744E-004	11	..........a	-327.68
	2060	2061	-1.71016E+000	-2.00196E-001	-2.13653E+000	-2.00025E+000	3.18744E-004	11	..........a	-327.68
	2061	2062	-1.71016E+000	-2.00196E-001	-2.14609E+000	-2.00025E+000	3.06578E-004	11	..........a	-327.68
	2062	2063	-1.71136E+000	-2.00196E-001	-2.14746E+000	-2.00025E+000	3.11094E-004	11	..........a	-327.68
	2063	2064	-1.71016E+000	-2.00196E-001	-2.15003E+000	-2.00025E+000	3.16794E-004	11	..........a	-327.68
	2064	2065	-1.71096E+000	-2.00196E-001	-2.15630E+000	-2.00025E+000	3.20778E-004	11	..........a	-327.68
	2065	2066	-1.71016E+000	-2.00197E-001	-2.17429E+000	-2.00025E+000	3.09878E-004	11	..........a	-327.68
	2066	2067	-1.70616E+000	-2.00196E-001	-2.18708E+000	-2.00025E+000	3.08411E-004	11	..........a	-327.68
	2067	2068	-1.71016E+000	-2.00196E-001	-2.18892E+000	-2.00025E+000	3.07011E-004	11	..........a	-327.68
	2068	2069	-1.71256E+000	-2.00196E-001	-2.19107E+000	-2.00025E+000	3.04978E-004	11	..........a	-327.68
	2069	2070	-1.71336E+000	-2.00196E-001	-2.19598E+000	-2.00025E+000	3.19094E-004	11	..........a	-327.68
	2070	2071	-1.71176E+000	-2.00197E-001	-2.20230E+000	-2.00025E+000	3.15111E-004	11	..........a	-327.68
	2071	2072	-1.71216E+000	-2.00196E-001	-2.20619E+000	-2.00025E+000	3.13678E-004	11	..........a	-327.68
	2072	2073	-1.71176E+000	-2.00197E-001	-2.21138E+000	-2.00025E+000	3.14161E-004	11	..........a	-327.68
	2073	2074	-1.71216E+000	-2.00196E-001	-2.21790E+000	-2.00025E+000	3.15628E-004	11	..........a	-327.68
	2074	2075	-1.71216E+000	-2.00197E-001	-2.22182E+000	-2.00025E+000	3.05944E-004	11	..........a	-327.68
	2075	2076	-1.71216E+000	-2.00196E-001	-2.23421E+000	-2.00025E+000	3.11294E-004	11	..........a	-327.68
	2076	2077	-1.71176E+000	-2.00197E-001	-2.24025E+000	-2.00025E+000	3.18494E-004	11	..........a	-327.68
	2077	2078	-1.71336E+000	-2.00196E-001	-2.24452E+000	-2.00025E+000	2.61944E-004	11	..........a	-327.68
	2078	2079	-1.71176E+000	-2.00196E-001	-2.25309E+000	-2.00025E+000	2.52161E-004	11	..........a	-327.68
	2079	2080	-1.70856E+000	-2.00196E-001	-2.25683E+000	-2.00025E+000	2.58278E-004	11	..........a	-327.68
	2080	2081	-1.71176E+000	-2.00196E-001	-2.25798E+000	-2.00025E+000	2.56244E-004	11	..........a	-327.68
	2081	2082	-1.71056E+000	-2.00196E-001	-2.26444E+000	-2.00025E+000	2.59511E-004	11	..........a	-327.68
	2082	2083	-1.70936E+000	-2.00196E-001	-2.28118E+000	-2.00025E+000	2.47361E-004	11	..........a	-327.68
	2083	2084	-1.71016E+000	-2.00196E-001	-2.28069E+000	-2.00025E+000	2.55744E-004	11	..........a	-327.68
	2084	2085	-1.71016E+000	-2.00195E-001	-2.28240E+000	-2.00025E+000	2.49628E-004	11	..........a	-327.68
	2085	2086	-1.71176E+000	-2.00196E-001	-2.28304E+000	-2.00025E+000	2.51878E-004	11	..........a	-327.68
	2086	2087	-1.70936E+000	-2.00196E-001	-2.28889E+000	-2.00025E+000	2.57711E-004	11	..........a	-327.68
	2087	2088	-1.71096E+000	-2.00196E-001	-2.28430E+000	-2.00025E+000	2.52761E-004	11	..........a	-327.68
	2088	2089	-1.71016E+000	-2.00196E-001	-2.28303E+000	-2.00025E+000	2.47278E-004	11	..........a	-327.68
	2089	2090	-1.71016E+000	-2.00196E-001	-2.16787E+000	-2.00025E+000	2.50778E-004	11	..........a	-327.68
	2090	2091	-1.70776E+000	-2.00196E-001	-2.12888E+000	-2.00025E+000	1.55511E-004	11	..........a	-327.68
	2091	2092	-1.70696E+000	-2.00196E-001	-2.13680E+000	-2.00025E+000	1.51311E-004	11	..........a	-327.68
	2092	2093	-1.70696E+000	-2.00196E-001	-2.14741E+000	-2.00025E+000	1.45894E-004	11	..........a	-327.68
	2093	2094	-1.71016E+000	-2.00197E-001	-2.15300E+000	-2.00025E+000	1.53511E-004	11	..........a	-327.68
	2094	2095	-1.70936E+000	-2.00196E-001	-2.16439E+000	-2.00025E+000	1.48211E-004	11	..........a	-327.68
	2095	2096	-1.70936E+000	-2.00196E-001	-2.17508E+000	-2.00025E+000	1.54811E-004	11	..........a	-327.68
	2096	2097	-1.71096E+000	-2.00196E-001	-2.18178E+000	-2.00025E+000	1.55061E-004	11	..........a	-327.68
	2097	2098	-1.71256E+000	-2.00196E-001	-2.18294E+000	-2.00025E+000	1.52244E-004	11	..........a	-327.68
	2098	2099	-1.71216E+000	-2.00196E-001	-2.19267E+000	-2.00025E+000	1.63444E-004	11	..........a	-327.68
	2099	2100	-1.71296E+000	-2.00196E-001	-2.19724E+000	-2.00025E+000	1.55078E-004	11	..........a	-327.68
	2100	2101	-1.71016E+000	-2.00196E-001	-2.21278E+000	-2.00025E+000	1.50211E-004	11	..........a	-327.68
	2101	2102	-1.71176E+000	-2.00196E-001	-2.22085E+000	-2.00025E+000	1.48761E-004	11	..........a	-327.68
	2102	2103	-1.71256E+000	-2.00196E-001	-2.22338E+000	-2.00025E+000	1.52644E-004	11	..........a	-327.68
	2103	2104	-1.71096E+000	-2.00196E-001	-2.22919E+000	-2.00025E+000	1.55944E-004	11	..........a	-327.68
	2104	2105	-1.71256E+000	-2.00196E-001	-2.23375E+000	-2.00025E+000	1.57211E-004	11	..........a	-327.68
	2105	2106	-1.71176E+000	-2.00196E-001	-2.23752E+000	-2.00025E+000	1.57428E-004	11	..........a	-327.68
	2106	2107	-1.71176E+000	-2.00197E-001	-2.23875E+000	-2.00025E+000	1.54678E-004	11	..........a	-327.68
	2107	2108	-1.71096E+000	-2.00196E-001	-2.24395E+000	-2.00025E+000	1.61628E-004	11	..........a	-327.68
	2108	2109	-1.71176E+000	-2.00196E-001	-2.24971E+000	-2.00025E+000	1.59294E-004	11	..........a	-327.68
	2109	2110	-1.71176E+000	-2.00196E-001	-2.25342E+000	-2.00025E+000	1.60644E-004	11	..........a	-327.68
	2110	2111	-1.71016E+000	-2.00196E-001	-2.25978E+000	-2.00025E+000	1.51561E-004	11	..........a	-327.68
	2111	2112	-1.71096E+000	-2.00196E-001	-2.26502E+000	-2.00025E+000	1.55194E-004	11	..........a	-327.68
	2112	2113	-1.70856E+000	-2.00196E-001	-2.28040E+000	-2.00025E+000	1.50228E-004	11	..........a	-327.68
	2113	2114	-1.70936E+000	-2.00196E-001	-2.28316E+000	-2.00025E+000	1.56828E-004	11	..........a	-327.68
	2114	2115	-1.70856E+000	-2.00196E-001	-2.28648E+000	-2.00025E+000	1.65928E-004	11	..........a	-327.68
	2115	2116	-1.71016E+000	-2.00196E-001	-2.28739E+000	-2.00025E+000	1.60811E-004	11	..........a	-327.68
	2116	2117	-1.71176E+000	-2.00196E-001	-2.28913E+000	-2.00025E+000	2.92428E-004	11	..........a	-327.68
	2117	2118	-1.71176E+000	-2.00196E-001	-2.29172E+000	-2.00025E+000	2.91561E-004	11	..........a	-327.68
	2118	2119	-1.70536E+000	-2.00197E-001	-2.10012E+000	-2.00025E+000	2.84128E-004	11	..........a	-327.68
	2119	2120	-1.70776E+000	-2.00196E-001	-2.10416E+000	-2.00025E+000	2.74911E-004	11	..........a	-327.68
	2120	2121	-1.70856E+000	-2.00196E-001	-2.11126E+000	-2.00025E+000	2.88528E-004	11	..........a	-327.68
	2121	2122	-1.70976E+000	-2.00196E-001	-2.11774E+000	-2.00025E+000	2.87394E-004	11	..........a	-327.68
	2122	2123	-1.70936E+000	-2.00196E-001	-2.12997E+000	-2.00025E+000	2.88661E-004	11	..........a	-327.68
	2123	2124	-1.71016E+000	-2.00196E-001	-2.13820E+000	-2.00025E+000	2.85161E-004	11	..........a	-327.68
	2124	2125	-1.71016E+000	-2.00196E-001	-2.14764E+000	-2.00025E+000	2.83878E-004	11	..........a	-327.68
	2125	2126	-1.71176E+000	-2.00196E-001	-2.15522E+000	-2.00025E+000	2.85994E-004	11	..........a	-327.68
	2126	2127	-1.71096E+000	-2.00196E-001	-2.16457E+000	-2.00025E+000	2.88278E-004	11	..........a	-327.68
	2127	2128	-1.71096E+000	-2.00197E-001	-2.17389E+000	-2.00025E+000	2.81344E-004	11	..........a	-327.68
	2128	2129	-1.71016E+000	-2.00196E-001	-2.17073E+000	-2.00025E+000	2.84911E-004	11	..........a	-327.68
	2129	2130	-1.71176E+000	-2.00196E-001	-2.17663E+000	-2.00025E+000	2.81644E-004	11	..........a	-327.68
	2130	2131	-1.71176E+000	-2.00196E-001	-2.18229E+000	-2.00025E+000	2.80078E-004	11	..........a	-327.68
	2131	2132	-1.70976E+000	-2.00196E-001	-2.19177E+000	-2.00025E+000	2.80694E-004	11	..........a	-327.68
	2132	2133	-1.71336E+000	-2.00196E-001	-2.19501E+000	-2.00025E+000	2.90511E-004	11	..........a	-327.68
	2133	2134	-1.71016E+000	-2.00196E-001	-2.20419E+000	-2.00025E+000	2.88728E-004	11	..........a	-327.68
	2134	2135	-1.71176E+000	-2.00196E-001	-2.21272E+000	-2.00025E+000	2.89344E-004	11	..........a	-327.68
	2135	2136	-1.71336E+000	-2.00196E-001	-2.21436E+000	-2.00025E+000	2.82011E-004	11	..........a	-327.68
	2136	2137	-1.71096E+000	-2.00196E-001	-2.22362E+000	-2.00025E+000	2.88861E-004	11	..........a	-327.68
	2137	2138	-1.71256E+000	-2.00196E-001	-2.22618E+000	-2.00025E+000	2.91578E-004	11	..........a	-327.68
	2138	2139	-1.71256E+000	-2.00196E-001	-2.23314E+000	-2.00025E+000	2.92378E-004	11	..........a	-327.68
	2139	2140	-1.71336E+000	-2.00196E-001	-2.23916E+000	-2.00025E+000	2.88944E-004	11	..........a	-327.68
	2140	2141	-1.71256E+000	-2.00196E-001	-2.24669E+000	-2.00025E+000	2.95828E-004	11	..........a	-327.68
	2141	2142	-1.71256E+000	-2.00196E-001	-2.25939E+000	-2.00025E+000	2.89044E-004	11	..........a	-327.68
	2142	2143	-1.71016E+000	-2.00196E-001	-2.26165E+000	-2.00025E+000	3.08044E-004	11	..........a	-327.68
	2143	2144	-1.71096E+000	-2.00196E-001	-2.25641E+000	-2.00025E+000	3.13728E-004	11	..........a	-327.68
	2144	2145	-1.70896E+000	-2.00196E-001	-2.26067E+000	-2.00025E+000	3.02944E-004	11	..........a	-327.68
	2145	2146	-1.71336E+000	-2.00196E-001	-2.25929E+000	-2.00025E+000	3.04744E-004	11	..........a	-327.68
	2146	2147	-1.71056E+000	-2.00196E-001	-2.26361E+000	-2.00025E+000	3.08044E-004	11	..........a	-327.68
	2147	2148	-1.71016E+000	-2.00196E-001	-2.26599E+000	-2.00025E+000	2.97578E-004	11	..........a	-327.68
	2148	2149	-1.70776E+000	-2.00196E-001	-2.27096E+000	-2.00025E+000	3.04261E-004	11	..........a	-327.68
	2149	2150	-1.71336E+000	-2.00196E-001	-2.27277E+000	-2.00025E+000	3.00378E-004	11	..........a	-327.68
	2150	2151	-1.70856E+000	-2.00196E-001	-2.28321E+000	-2.00025E+000	2.91578E-004	11	..........a	-327.68
	2151	2152	-1.70936E+000	-2.00196E-001	-2.28710E+000	-2.00025E+000	3.00628E-004	11	..........a	-327.68
	2152	2153	-1.71176E+000	-2.00196E-001	-2.28720E+000	-2.00025E+000	2.97894E-004	11	..........a	-327.68
	2153	2154	-1.71256E+000	-2.00196E-001	-2.27881E+000	-2.00025E+000	2.97811E-004	11	..........a	-327.68
	2154	2155	-1.71416E+000	-2.00196E-001	-2.27019E+000	-2.00025E+000	2.99628E-004	11	..........a	-327.68
	2155	2156	-1.71096E+000	-2.00196E-001	-2.26830E+000	-2.00025E+000	2.99561E-004	11	..........a	-327.68
	2156	2157	-1.70816E+000	-2.00196E-001	-2.09784E+000	-2.00025E+000	3.03361E-004	11	..........a	-327.68
	2157	2158	-1.70696E+000	-2.00196E-001	-2.10303E+000	-2.00025E+000	3.05811E-004	11	..........a	-327.68
	2158	2159	-1.71096E+000	-2.00196E-001	-2.10338E+000	-2.00025E+000	2.98744E-004	11	..........a	-327.68
	2159	2160	-1.70536E+000	-2.00196E-001	-2.11441E+000	-2.00025E+000	3.08944E-004	11	..........a	-327.68
	2160	2161	-1.71176E+000	-2.00196E-001	-2.11355E+000	-2.00025E+000	3.06011E-004	11	..........a	-327.68
	2161	2162	-1.70936E+000	-2.00196E-001	-2.12390E+000	-2.00025E+000	2.99328E-004	11	..........a	-327.68
	2162	2163	-1.70696E+000	-2.00195E-001	-2.13793E+000	-2.00025E+000	3.00361E-004	11	..........a	-327.68
	2163	2164	-1.71096E+000	-2.00196E-001	-2.14129E+000	-2.00025E+000	2.98061E-004	11	..........a	-327.68
	2164	2165	-1.70856E+000	-2.00196E-001	-2.15099E+000	-2.00025E+000	3.00011E-004	11	..........a	-327.68
	2165	2166	-1.71256E+000	-2.00196E-001	-2.14829E+000	-2.00025E+000	2.95994E-004	11	..........a	-327.68
	2166	2167	-1.70936E+000	-2.00196E-001	-2.15834E+000	-2.00025E+000	3.00594E-004	11	..........a	-327.68
	2167	2168	-1.71336E+000	-2.00196E-001	-2.16142E+000	-2.00025E+000	3.00194E-004	11	..........a	-327.68
	2168	2169	-1.70776E+000	-2.00196E-001	-2.17870E+000	-2.00025E+000	3.04261E-004	11	..........a	-327.68
	2169	2170	-1.70776E+000	-2.00196E-001	-2.18131E+000	-2.00025E+000	3.05344E-004	11	..........a	-327.68
	2170	2171	-1.70456E+000	-2.00196E-001	-2.19038E+000	-2.00025E+000	2.96128E-004	11	..........a	-327.68
	2171	2172	-1.71176E+000	-2.00196E-001	-2.19601E+000	-2.00025E+000	2.97711E-004	11	..........a	-327.68
	2172	2173	-1.70936E+000	-2.00196E-001	-2.20245E+000	-2.00025E+000	2.99744E-004	11	..........a	-327.68
	2173	2174	-1.71176E+000	-2.00196E-001	-2.20435E+000	-2.00025E+000	2.94411E-004	11	..........a	-327.68
	2174	2175	-1.70936E+000	-2.00196E-001	-2.21360E+000	-2.00025E+000	3.02944E-004	11	..........a	-327.68
	2175	2176	-1.70936E+000	-2.00196E-001	-2.22020E+000	-2.00025E+000	2.87628E-004	11	..........a	-327.68
	2176	2177	-1.71496E+000	-2.00196E-001	-2.22204E+000	-2.00025E+000	3.00228E-004	11	..........a	-327.68
	2177	2178	-1.70856E+000	-2.00197E-001	-2.23060E+000	-2.00025E+000	2.97111E-004	11	..........a	-327.68
	2178	2179	-1.71256E+000	-2.00196E-001	-2.23032E+000	-2.00025E+000	2.96461E-004	11	..........a	-327.68
	2179	2180	-1.70816E+000	-2.00196E-001	-2.24393E+000	-2.00025E+000	3.01411E-004	11	..........a	-327.68
	2180	2181	-1.70936E+000	-2.00196E-001	-2.24482E+000	-2.00025E+000	3.03611E-004	11	..........a	-327.68
	2181	2182	-1.71336E+000	-2.00196E-001	-2.24356E+000	-2.00025E+000	3.02211E-004	11	..........a	-327.68
	2182	2183	-1.71016E+000	-2.00196E-001	-2.24949E+000	-2.00025E+000	3.02578E-004	11	..........a	-327.68
	2183	2184	-1.71176E+000	-2.00196E-001	-2.25029E+000	-2.00025E+000	2.94011E-004	11	..........a	-327.68
	2184	2185	-1.71096E+000	-2.00196E-001	-2.25400E+000	-2.00025E+000	2.97028E-004	11	..........a	-327.68
	2185	2186	-1.71496E+000	-2.00196E-001	-2.25214E+000	-2.00025E+000	3.01344E-004	11	..........a	-327.68
	2186	2187	-1.71216E+000	-2.00196E-001	-2.25719E+000	-2.00025E+000	3.01178E-004	11	..........a	-327.68
	2187	2188	-1.70976E+000	-2.00196E-001	-2.26155E+000	-2.00025E+000	2.94728E-004	11	..........a	-327.68
	2188	2189	-1.70856E+000	-2.00196E-001	-2.26428E+000	-2.00025E+000	3.02328E-004	11	..........a	-327.68
	2189	2190	-1.71256E+000	-2.00196E-001	-2.26233E+000	-2.00025E+000	2.98494E-004	11	..........a	-327.68
	2190	2191	-1.70936E+000	-2.00196E-001	-2.05713E+000	-2.00025E+000	3.02944E-004	11	..........a	-327.68
	2191	2192	-1.70856E+000	-2.00196E-001	-2.06363E+000	-2.00025E+000	2.94594E-004	11	..........a	-327.68
	2192	2193	-1.71136E+000	-2.00196E-001	-2.06790E+000	-2.00025E+000	3.04611E-004	11	..........a	-327.68
	2193	2194	-1.71336E+000	-2.00196E-001	-2.07439E+000	-2.00025E+000	3.02978E-004	11	..........a	-327.68
	2194	2195	-1.70776E+000	-2.00197E-001	-2.08556E+000	-2.00025E+000	2.98694E-004	11	..........a	-327.68
	2195	2196	-1.71096E+000	-2.00196E-001	-2.08775E+000	-2.00025E+000	3.00528E-004	11	..........a	-327.68
	2196	2197	-1.71016E+000	-2.00196E-001	-2.09329E+000	-2.00025E+000	2.98294E-004	11	..........a	-327.68
	2197	2198	-1.71096E+000	-2.00196E-001	-2.10367E+000	-2.00025E+000	2.91178E-004	11	..........a	-327.68
	2198	2199	-1.70696E+000	-2.00196E-001	-2.10672E+000	-2.00025E+000	2.95878E-004	11	..........a	-327.68
	2199	2200	-1.70936E+000	-2.00196E-001	-2.10794E+000	-2.00025E+000	2.82278E-004	11	..........a	-327.68
	2200	2201	-1.70856E+000	-2.00196E-001	-2.11457E+000	-2.00025E+000	2.84844E-004	11	..........a	-327.68
	2201	2202	-1.71096E+000	-2.00196E-001	-2.11954E+000	-2.00025E+000	2.92094E-004	11	..........a	-327.68
	2202	2203	-1.70856E+000	-2.00196E-001	-2.13369E+000	-2.00025E+000	2.96761E-004	11	..........a	-327.68
	2203	2204	-1.71016E+000	-2.00196E-001	-2.13542E+000	-2.00025E+000	3.00394E-004	11	..........a	-327.68
	2204	2205	-1.70936E+000	-2.00197E-001	-2.13862E+000	-2.00025E+000	3.04494E-004	11	..........a	-327.68
	2205	2206	-1.71016E+000	-2.00196E-001	-2.14234E+000	-2.00025E+000	3.06511E-004	11	..........a	-327.68
	2206	2207	-1.71096E+000	-2.00197E-001	-2.14603E+000	-2.00025E+000	3.00061E-004	11	..........a	-327.68
	2207	2208	-1.71016E+000	-2.00196E-001	-2.15288E+000	-2.00025E+000	4.12561E-004	11	..........a	-327.68
	2208	2209	-1.71176E+000	-2.00196E-001	-2.15794E+000	-2.00025E+000	4.18511E-004	11	..........a	-327.68
	2209	2210	-1.70776E+000	-2.00196E-001	-2.16778E+000	-2.00025E+000	4.22311E-004	11	..........a	-327.68
	2210	2211	-1.70936E+000	-2.00196E-001	-2.17284E+000	-2.00025E+000	4.26744E-004	11	..........a	-327.68
	2211	2212	-1.71096E+000	-2.00196E-001	-2.17458E+000	-2.00025E+000	4.13644E-004	11	..........a	-327.68
	2212	2213	-1.70856E+000	-2.00196E-001	-2.18572E+000	-2.00025E+000	4.19461E-004	11	..........a	-327.68
	2213	2214	-1.70856E+000	-2.00195E-001	-2.18790E+000	-2.00025E+000	4.10544E-004	11	..........a	-327.68
	2214	2215	-1.70856E+000	-2.00195E-001	-2.19160E+000	-2.00025E+000	3.99978E-004	11	..........a	-327.68
	2215	2216	-1.71016E+000	-2.00195E-001	-2.19587E+000	-2.00025E+000	4.05111E-004	11	..........a	-327.68
	2216	2217	-1.71176E+000	-2.00195E-001	-2.20464E+000	-2.00025E+000	3.99694E-004	11	..........a	-327.68
	2217	2218	-1.71176E+000	-2.00195E-001	-2.21033E+000	-2.00025E+000	4.00828E-004	11	..........a	-327.68
	2218	2219	-1.70936E+000	-2.00196E-001	-2.21751E+000	-2.00025E+000	4.10528E-004	11	..........a	-327.68
	2219	2220	-1.70936E+000	-2.00195E-001	-2.23044E+000	-2.00025E+000	3.99444E-004	11	..........a	-327.68
	2220	2221	-1.71016E+000	-2.00196E-001	-2.23152E+000	-2.00025E+000	4.01428E-004	11	..........a	-327.68
	2221	2222	-1.70936E+000	-2.00195E-001	-2.23732E+000	-2.00025E+000	4.06044E-004	11	..........a	-327.68
	2222	2223	-1.70616E+000	-2.00195E-001	-2.23927E+000	-2.00025E+000	3.95961E-004	11	..........a	-327.68
	2223	2224	-1.71016E+000	-2.00196E-001	-2.23889E+000	-2.00025E+000	4.12694E-004	11	..........a	-327.68
	2224	2225	-1.70616E+000	-2.00196E-001	-2.24407E+000	-2.00025E+000	4.03628E-004	11	..........a	-327.68
	2225	2226	-1.70896E+000	-2.00195E-001	-2.24579E+000	-2.00025E+000	4.03094E-004	11	..........a	-327.68
	2226	2227	-1.70856E+000	-2.00195E-001	-2.24790E+000	-2.00025E+000	3.99044E-004	11	..........a	-327.68
	2227	2228	-1.70696E+000	-2.00195E-001	-2.25058E+000	-2.00025E+000	3.99561E-004	11	..........a	-327.68
	2228	2229	-1.70616E+000	-2.00197E-001	-2.07551E+000	-2.00025E+000	4.06328E-004	11	..........a	-327.68
	2229	2230	-1.70776E+000	-2.00195E-001	-2.05844E+000	-2.00025E+000	3.99744E-004	11	..........a	-327.68
	2230	2231	-1.70856E+000	-2.00196E-001	-2.06515E+000	-2.00025E+000	4.05511E-004	11	..........a	-327.68
	2231	2232	-1.70896E+000	-2.00196E-001	-2.07386E+000	-2.00025E+000	4.05311E-004	11	..........a	-327.68
	2232	2233	-1.70936E+000	-2.00196E-001	-2.08249E+000	-2.00025E+000	4.05711E-004	11	..........a	-327.68
	2233	2234	-1.70856E+000	-2.00195E-001	-2.08896E+000	-2.00025E+000	3.98828E-004	11	..........a	-327.68
	2234	2235	-1.70936E+000	-2.00195E-001	-2.09526E+000	-2.00025E+000	4.00528E-004	11	..........a	-327.68
	2235	2236	-1.71096E+000	-2.00196E-001	-2.09783E+000	-2.00025E+000	3.97611E-004	11	..........a	-327.68
	2236	2237	-1.71016E+000	-2.00195E-001	-2.10412E+000	-2.00025E+000	3.99561E-004	11	..........a	-327.68
	2237	2238	-1.70736E+000	-2.00196E-001	-2.11920E+000	-2.00025E+000	4.14911E-004	11	..........a	-327.68
	2238	2239	-1.70936E+000	-2.00196E-001	-2.11972E+000	-2.00025E+000	4.15528E-004	11	..........a	-327.68
	2239	2240	-1.71176E+000	-2.00196E-001	-2.12976E+000	-2.00025E+000	4.08161E-004	11	..........a	-327.68
	2240	2241	-1.70936E+000	-2.00196E-001	-2.13735E+000	-2.00025E+000	4.07911E-004	11	..........a	-327.68
	2241	2242	-1.71016E+000	-2.00196E-001	-2.14463E+000	-2.00025E+000	4.02111E-004	11	..........a	-327.68
	2242	2243	-1.71016E+000	-2.00196E-001	-2.15019E+000	-2.00025E+000	4.03544E-004	11	..........a	-327.68
	2243	2244	-1.70936E+000	-2.00195E-001	-2.15647E+000	-2.00025E+000	3.98011E-004	11	..........a	-327.68
	2244	2245	-1.70936E+000	-2.00196E-001	-2.16265E+000	-2.00025E+000	3.94461E-004	11	..........a	-327.68
	2245	2246	-1.71216E+000	-2.00196E-001	-2.16941E+000	-2.00025E+000	4.06444E-004	11	..........a	-327.68
	2246	2247	-1.71096E+000	-2.00196E-001	-2.17933E+000	-2.00025E+000	4.10078E-004	11	..........a	-327.68
	2247	2248	-1.71176E+000	-2.00196E-001	-2.18469E+000	-2.00025E+000	4.05944E-004	11	..........a	-327.68
	2248	2249	-1.71136E+000	-2.00197E-001	-2.19153E+000	-2.00025E+000	3.28928E-004	11	..........a	-327.68
	2249	2250	-1.71256E+000	-2.00197E-001	-2.20402E+000	-2.00025E+000	3.30078E-004	11	..........a	-327.68
	2250	2251	-1.70936E+000	-2.00197E-001	-2.21028E+000	-2.00025E+000	3.31428E-004	11	..........a	-327.68
	2251	2252	-1.71216E+000	-2.00197E-001	-2.21064E+000	-2.00025E+000	3.35661E-004	11	..........a	-327.68
	2252	2253	-1.70936E+000	-2.00197E-001	-2.21932E+000	-2.00025E+000	3.26894E-004	11	..........a	-327.68
	2253	2254	-1.71016E+000	-2.00197E-001	-2.22223E+000	-2.00025E+000	3.33578E-004	11	..........a	-327.68
	2254	2255	-1.70936E+000	-2.00197E-001	-2.22730E+000	-2.00025E+000	3.33261E-004	11	..........a	-327.68
	2255	2256	-1.71096E+000	-2.00197E-001	-2.22988E+000	-2.00025E+000	3.32744E-004	11	..........a	-327.68
	2256	2257	-1.71216E+000	-2.00197E-001	-2.23249E+000	-2.00025E+000	3.33294E-004	11	..........a	-327.68
	2257	2258	-1.71016E+000	-2.00197E-001	-2.24042E+000	-2.00025E+000	3.24528E-004	11	..........a	-327.68
	2258	2259	-1.70936E+000	-2.00197E-001	-2.25595E+000	-2.00025E+000	3.28561E-004	11	..........a	-327.68
	2259	2260	-1.70856E+000	-2.00197E-001	-2.25820E+000	-2.00025E+000	4.44878E-004	11	..........a	-327.68
	2260	2261	-1.70936E+000	-2.00197E-001	-2.26078E+000	-2.00025E+000	4.33928E-004	11	..........a	-327.68
	2261	2262	-1.71016E+000	-2.00197E-001	-2.26184E+000	-2.00025E+000	4.44694E-004	11	..........a	-327.68
	2262	2263	-1.71096E+000	-2.00198E-001	-2.25872E+000	-2.00025E+000	4.47061E-004	11	..........a	-327.68
	2263	2264	-1.71016E+000	-2.00197E-001	-2.26188E+000	-2.00025E+000	4.45878E-004	11	..........a	-327.68
	2264	2265	-1.71176E+000	-2.00197E-001	-2.26406E+000	-2.00025E+000	4.34928E-004	11	..........a	-327.68
	2265	2266	-1.71096E+000	-2.00197E-001	-2.26705E+000	-2.00025E+000	4.38961E-004	11	..........a	-327.68
	2266	2267	-1.70656E+000	-2.00197E-001	-2.24117E+000	-2.00025E+000	4.52144E-004	11	..........a	-327.68
	2267	2268	-1.70576E+000	-2.00197E-001	-2.07030E+000	-2.00025E+000	4.40778E-004	11	..........a	-327.68
	2268	2269	-1.70776E+000	-2.00197E-001	-2.07549E+000	-2.00025E+000	4.29011E-004	11	..........a	-327.68
	2269	2270	-1.70776E+000	-2.00198E-001	-2.08552E+000	-2.00025E+000	4.39594E-004	11	..........a	-327.68
	2270	2271	-1.70856E+000	-2.00197E-001	-2.09156E+000	-2.00025E+000	4.38211E-004	11	..........a	-327.68
	2271	2272	-1.70856E+000	-2.00197E-001	-2.09807E+000	-2.00025E+000	4.37744E-004	11	..........a	-327.68
	2272	2273	-1.71016E+000	-2.00197E-001	-2.10152E+000	-2.00025E+000	4.36478E-004	11	..........a	-327.68
	2273	2274	-1.70856E+000	-2.00196E-001	-2.11009E+000	-2.00025E+000	4.39011E-004	11	..........a	-327.68
	2274	2275	-1.71096E+000	-2.00197E-001	-2.11422E+000	-2.00025E+000	4.35211E-004	11	..........a	-327.68
	2275	2276	-1.70856E+000	-2.00197E-001	-2.12532E+000	-2.00025E+000	4.31978E-004	11	..........a	-327.68
	2276	2277	-1.71096E+000	-2.00197E-001	-2.13149E+000	-2.00025E+000	4.33494E-004	11	..........a	-327.68
	2277	2278	-1.71096E+000	-2.00197E-001	-2.13696E+000	-2.00025E+000	4.34878E-004	11	..........a	-327.68
	2278	2279	-1.71096E+000	-2.00197E-001	-2.14570E+000	-2.00025E+000	4.40594E-004	11	..........a	-327.68
	2279	2280	-1.70936E+000	-2.00197E-001	-2.15028E+000	-2.00025E+000	4.39411E-004	11	..........a	-327.68
	2280	2281	-1.71016E+000	-2.00197E-001	-2.15588E+000	-2.00025E+000	4.34961E-004	11	..........a	-327.68
	2281	2282	-1.71016E+000	-2.00197E-001	-2.16039E+000	-2.00025E+000	4.28794E-004	11	..........a	-327.68
	2282	2283	-1.70936E+000	-2.00197E-001	-2.16672E+000	-2.00025E+000	4.36444E-004	11	..........a	-327.68
	2283	2284	-1.71016E+000	-2.00197E-001	-2.16857E+000	-2.00025E+000	4.41978E-004	11	..........a	-327.68
	2284	2285	-1.70856E+000	-2.00197E-001	-2.18126E+000	-2.00025E+000	4.43678E-004	11	..........a	-327.68
	2285	2286	-1.70776E+000	-2.00197E-001	-2.18571E+000	-2.00025E+000	4.45478E-004	11	..........a	-327.68
	2286	2287	-1.71016E+000	-2.00197E-001	-2.18926E+000	-2.00025E+000	4.39444E-004	11	..........a	-327.68
	2287	2288	-1.71136E+000	-2.00197E-001	-2.18945E+000	-2.00025E+000	4.46094E-004	11	..........a	-327.68
	2288	2289	-1.71096E+000	-2.00196E-001	-2.19394E+000	-2.00025E+000	4.38344E-004	11	..........a	-327.68
	2289	2290	-1.71016E+000	-2.00197E-001	-2.20080E+000	-2.00025E+000	4.46311E-004	11	..........a	-327.68
	2290	2291	-1.70936E+000	-2.00197E-001	-2.20970E+000	-2.00025E+000	4.35844E-004	11	..........a	-327.68
	2291	2292	-1.70856E+000	-2.00196E-001	-2.21461E+000	-2.00025E+000	4.39528E-004	11	..........a	-327.68
	2292	2293	-1.71016E+000	-2.00196E-001	-2.21979E+000	-2.00025E+000	4.34794E-004	11	..........a	-327.68
	2293	2294	-1.70936E+000	-2.00196E-001	-2.22798E+000	-2.00025E+000	4.40844E-004	11	..........a	-327.68
	2294	2295	-1.71016E+000	-2.00196E-001	-2.23017E+000	-2.00025E+000	4.39078E-004	11	..........a	-327.68
	2295	2296	-1.71096E+000	-2.00196E-001	-2.23418E+000	-2.00025E+000	4.30094E-004	11	..........a	-327.68
	2296	2297	-1.71096E+000	-2.00197E-001	-2.24014E+000	-2.00025E+000	4.28728E-004	11	..........a	-327.68
	2297	2298	-1.71256E+000	-2.00197E-001	-2.24555E+000	-2.00025E+000	4.32294E-004	11	..........a	-327.68
	2298	2299	-1.71256E+000	-2.00196E-001	-2.24770E+000	-2.00025E+000	4.37028E-004	11	..........a	-327.68
	2299	2300	-1.70816E+000	-2.00196E-001	-2.08098E+000	-2.00025E+000	4.35678E-004	11	..........a	-327.68
	2300	2301	-1.70696E+000	-2.00196E-001	-2.09021E+000	-2.00025E+000	3.56194E-004	11	..........a	-327.68
	2301	2302	-1.70856E+000	-2.00195E-001	-2.09892E+000	-2.00025E+000	3.55294E-004	11	..........a	-327.68
	2302	2303	-1.71016E+000	-2.00195E-001	-2.09708E+000	-2.00025E+000	3.61111E-004	11	..........a	-327.68
	2303	2304	-1.71016E+000	-2.00195E-001	-2.10292E+000	-2.00025E+000	3.56094E-004	11	..........a	-327.68
	2304	2305	-1.70696E+000	-2.00195E-001	-2.11308E+000	-2.00025E+000	3.44961E-004	11	..........a	-327.68
	2305	2306	-1.71016E+000	-2.00196E-001	-2.12128E+000	-2.00025E+000	3.51694E-004	11	..........a	-327.68
	2306	2307	-1.71096E+000	-2.00196E-001	-2.13015E+000	-2.00025E+000	3.49744E-004	11	..........a	-327.68
	2307	2308	-1.71256E+000	-2.00196E-001	-2.13559E+000	-2.00025E+000	3.45044E-004	11	..........a	-327.68
	2308	2309	-1.71016E+000	-2.00196E-001	-2.14173E+000	-2.00025E+000	3.54644E-004	11	..........a	-327.68
	2309	2310	-1.71176E+000	-2.00196E-001	-2.14709E+000	-2.00025E+000	3.55878E-004	11	..........a	-327.68
	2310	2311	-1.71176E+000	-2.00196E-001	-2.15444E+000	-2.00025E+000	3.51978E-004	11	..........a	-327.68
	2311	2312	-1.71256E+000	-2.00196E-001	-2.16358E+000	-2.00025E+000	3.53211E-004	11	..........a	-327.68
	2312	2313	-1.71176E+000	-2.00196E-001	-2.17148E+000	-2.00025E+000	3.51961E-004	11	..........a	-327.68
	2313	2314	-1.71336E+000	-2.00195E-001	-2.17608E+000	-2.00025E+000	3.51644E-004	11	..........a	-327.68
	2314	2315	-1.71176E+000	-2.00196E-001	-2.18237E+000	-2.00025E+000	3.47461E-004	11	..........a	-327.68
	2315	2316	-1.71016E+000	-2.00196E-001	-2.19499E+000	-2.00025E+000	3.58461E-004	11	..........a	-327.68
	2316	2317	-1.71176E+000	-2.00196E-001	-2.19952E+000	-2.00025E+000	3.53494E-004	11	..........a	-327.68
	2317	2318	-1.71456E+000	-2.00197E-001	-2.20399E+000	-2.00025E+000	3.55511E-004	11	..........a	-327.68
	2318	2319	-1.71456E+000	-2.00196E-001	-2.20960E+000	-2.00025E+000	3.42994E-004	11	..........a	-327.68
	2319	2320	-1.71136E+000	-2.00197E-001	-2.21970E+000	-2.00025E+000	3.51844E-004	11	..........a	-327.68
	2320	2321	-1.71256E+000	-2.00196E-001	-2.22228E+000	-2.00025E+000	3.56928E-004	11	..........a	-327.68
	2321	2322	-1.71136E+000	-2.00196E-001	-2.22235E+000	-2.00025E+000	3.45744E-004	11	..........a	-327.68
	2322	2323	-1.71336E+000	-2.00197E-001	-2.22494E+000	-2.00025E+000	3.46844E-004	11	..........a	-327.68
	2323	2324	-1.71016E+000	-2.00196E-001	-2.23794E+000	-2.00025E+000	3.47844E-004	11	..........a	-327.68
	2324	2325	-1.71096E+000	-2.00196E-001	-2.23824E+000	-2.00025E+000	3.46178E-004	11	..........a	-327.68
	2325	2326	-1.71176E+000	-2.00196E-001	-2.23622E+000	-2.00025E+000	3.53744E-004	11	..........a	-327.68
	2326	2327	-1.71016E+000	-2.00196E-001	-2.24035E+000	-2.00025E+000	3.49528E-004	11	..........a	-327.68
	2327	2328	-1.71016E+000	-2.00197E-001	-2.24399E+000	-2.00025E+000	3.50444E-004	11	..........a	-327.68
	2328	2329	-1.71016E+000	-2.00196E-001	-2.24404E+000	-2.00025E+000	3.51878E-004	11	..........a	-327.68
	2329	2330	-1.70936E+000	-2.00196E-001	-2.24683E+000	-2.00025E+000	3.48644E-004	11	..........a	-327.68
	2330	2331	-1.71096E+000	-2.00197E-001	-2.24894E+000	-2.00025E+000	3.54861E-004	11	..........a	-327.68
	2331	2332	-1.71096E+000	-2.00197E-001	-2.25531E+000	-2.00025E+000	3.57978E-004	11	..........a	-327.68
	2332	2333	-1.71176E+000	-2.00196E-001	-2.25014E+000	-2.00025E+000	3.63228E-004	11	..........a	-327.68
	2333	2334	-1.71016E+000	-2.00196E-001	-2.25413E+000	-2.00025E+000	3.58178E-004	11	..........a	-327.68
	2334	2335	-1.70856E+000	-2.00196E-001	-2.24965E+000	-2.00025E+000	3.54194E-004	11	..........a	-327.68
	2335	2336	-1.70816E+000	-2.00196E-001	-2.06427E+000	-2.00025E+000	3.54078E-004	11	..........a	-327.68
	2336	2337	-1.70856E+000	-2.00196E-001	-2.06939E+000	-2.00025E+000	3.54311E-004	11	..........a	-327.68
	2337	2338	-1.70776E+000	-2.00196E-001	-2.07940E+000	-2.00025E+000	3.53878E-004	11	..........a	-327.68
	2338	2339	-1.71016E+000	-2.00196E-001	-2.08628E+000	-2.00025E+000	3.50428E-004	11	..........a	-327.68
	2339	2340	-1.70856E+000	-2.00197E-001	-2.09794E+000	-2.00025E+000	3.53161E-004	11	..........a	-327.68
	2340	2341	-1.70856E+000	-2.00197E-001	-2.10261E+000	-2.00025E+000	3.44928E-004	11	..........a	-327.68
	2341	2342	-1.70856E+000	-2.00197E-001	-2.11070E+000	-2.00025E+000	3.51478E-004	11	..........a	-327.68
	2342	2343	-1.70776E+000	-2.00196E-001	-2.11746E+000	-2.00025E+000	3.50178E-004	11	..........a	-327.68
	2343	2344	-1.70776E+000	-2.00197E-001	-2.12010E+000	-2.00025E+000	3.42928E-004	11	..........a	-327.68
	2344	2345	-1.70856E+000	-2.00196E-001	-2.12348E+000	-2.00025E+000	3.48044E-004	11	..........a	-327.68
	2345	2346	-1.70856E+000	-2.00197E-001	-2.12835E+000	-2.00025E+000	3.50011E-004	11	..........a	-327.68
	2346	2347	-1.70856E+000	-2.00196E-001	-2.13451E+000	-2.00025E+000	3.54578E-004	11	..........a	-327.68
	2347	2348	-1.71016E+000	-2.00196E-001	-2.13994E+000	-2.00025E+000	3.54011E-004	11	..........a	-327.68
	2348	2349	-1.70936E+000	-2.00196E-001	-2.14871E+000	-2.00025E+000	3.55828E-004	11	..........a	-327.68
	2349	2350	-1.71176E+000	-2.00196E-001	-2.15123E+000	-2.00025E+000	3.57994E-004	11	..........a	-327.68
	2350	2351	-1.71016E+000	-2.00196E-001	-2.16119E+000	-2.00025E+000	3.51678E-004	11	..........a	-327.68
	2351	2352	-1.70696E+000	-2.00196E-001	-2.17105E+000	-2.00025E+000	3.64594E-004	11	..........a	-327.68
	2352	2353	-1.70856E+000	-2.00197E-001	-2.17344E+000	-2.00025E+000	3.61011E-004	11	..........a	-327.68
	2353	2354	-1.71216E+000	-2.00196E-001	-2.17320E+000	-2.00025E+000	3.53144E-004	11	..........a	-327.68
	2354	2355	-1.70936E+000	-2.00201E-001	-2.18100E+000	-2.00025E+000	2.98978E-004	11	..........a	-327.68
	2355	2356	-1.70936E+000	-2.00201E-001	-2.18672E+000	-2.00025E+000	3.00428E-004	11	..........a	-327.68
	2356	2357	-1.71016E+000	-2.00201E-001	-2.19141E+000	-2.00025E+000	3.06078E-004	11	..........a	-327.68
	2357	2358	-1.71016E+000	-2.00201E-001	-2.18959E+000	-2.00025E+000	2.91444E-004	11	..........a	-327.68
	2358	2359	-1.70536E+000	-2.00201E-001	-2.19813E+000	-2.00025E+000	2.93678E-004	11	..........a	-327.68
	2359	2360	-1.71016E+000	-2.00201E-001	-2.19971E+000	-2.00025E+000	3.00028E-004	11	..........a	-327.68
	2360	2361	-1.70976E+000	-2.00201E-001	-2.20602E+000	-2.00025E+000	3.10511E-004	11	..........a	-327.68
	2361	2362	-1.70696E+000	-2.00201E-001	-2.22030E+000	-2.00025E+000	3.08294E-004	11	..........a	-327.68
	2362	2363	-1.70856E+000	-2.00201E-001	-2.21952E+000	-2.00025E+000	3.00644E-004	11	..........a	-327.68
	2363	2364	-1.70856E+000	-2.00201E-001	-2.22250E+000	-2.00025E+000	2.98561E-004	11	..........a	-327.68
	2364	2365	-1.70896E+000	-2.00201E-001	-2.22631E+000	-2.00025E+000	2.95978E-004	11	..........a	-327.68
	2365	2366	-1.70816E+000	-2.00201E-001	-2.23114E+000	-2.00025E+000	2.96344E-004	11	..........a	-327.68
	2366	2367	-1.71016E+000	-2.00201E-001	-2.23050E+000	-2.00025E+000	2.96944E-004	11	..........a	-327.68
	2367	2368	-1.71096E+000	-2.00201E-001	-2.23505E+000	-2.00025E+000	2.93061E-004	11	..........a	-327.68
	2368	2369	-1.70696E+000	-2.00201E-001	-2.24787E+000	-2.00025E+000	3.04211E-004	11	..........a	-327.68
	2369	2370	-1.70856E+000	-2.00201E-001	-2.25173E+000	-2.00025E+000	3.14294E-004	11	..........a	-327.68
	2370	2371	-1.71096E+000	-2.00201E-001	-2.25265E+000	-2.00025E+000	2.92878E-004	11	..........a	-327.68
	2371	2372	-1.70936E+000	-2.00201E-001	-2.25790E+000	-2.00025E+000	2.93944E-004	11	..........a	-327.68
	2372	2373	-1.71016E+000	-2.00201E-001	-2.26071E+000	-2.00025E+000	2.97444E-004	11	..........a	-327.68
	2373	2374	-1.70776E+000	-2.00202E-001	-2.12020E+000	-2.00025E+000	2.97744E-004	11	..........a	-327.68
	2374	2375	-1.70736E+000	-2.00201E-001	-2.07550E+000	-2.00025E+000	2.93428E-004	11	..........a	-327.68
	2375	2376	-1.70736E+000	-2.00201E-001	-2.08522E+000	-2.00025E+000	2.91994E-004	11	..........a	-327.68
	2376	2377	-1.70936E+000	-2.00201E-001	-2.09547E+000	-2.00025E+000	2.95028E-004	11	..........a	-327.68
	2377	2378	-1.70616E+000	-2.00201E-001	-2.10607E+000	-2.00025E+000	2.86428E-004	11	..........a	-327.68
	2378	2379	-1.71096E+000	-2.00201E-001	-2.10939E+000	-2.00025E+000	2.80844E-004	11	..........a	-327.68
	2379	2380	-1.70936E+000	-2.00201E-001	-2.11874E+000	-2.00025E+000	2.88261E-004	11	..........a	-327.68
	2380	2381	-1.71016E+000	-2.00201E-001	-2.12933E+000	-2.00025E+000	2.73694E-004	11	..........a	-327.68
	2381	2382	-1.71016E+000	-2.00201E-001	-2.13803E+000	-2.00025E+000	2.80128E-004	11	..........a	-327.68
	2382	2383	-1.71256E+000	-2.00201E-001	-2.14508E+000	-2.00025E+000	2.89544E-004	11	..........a	-327.68
	2383	2384	-1.71176E+000	-2.00201E-001	-2.15251E+000	-2.00025E+000	2.90761E-004	11	..........a	-327.68
	2384	2385	-1.71136E+000	-2.00201E-001	-2.16125E+000	-2.00025E+000	2.86344E-004	11	..........a	-327.68
	2385	2386	-1.71136E+000	-2.00201E-001	-2.16833E+000	-2.00025E+000	2.81578E-004	11	..........a	-327.68
	2386	2387	-1.70936E+000	-2.00201E-001	-2.18350E+000	-2.00025E+000	2.78928E-004	11	..........a	-327.68
	2387	2388	-1.71336E+000	-2.00202E-001	-2.18458E+000	-2.00025E+000	2.72761E-004	11	..........a	-327.68
	2388	2389	-1.71256E+000	-2.00201E-001	-2.18903E+000	-2.00025E+000	2.84244E-004	11	..........a	-327.68
	2389	2390	-1.71256E+000	-2.00201E-001	-2.19213E+000	-2.00025E+000	2.96744E-004	11	..........a	-327.68
	2390	2391	-1.71016E+000	-2.00201E-001	-2.19881E+000	-2.00025E+000	2.92844E-004	11	..........a	-327.68
	2391	2392	-1.71096E+000	-2.00201E-001	-2.20688E+000	-2.00025E+000	2.92244E-004	11	..........a	-327.68
	2392	2393	-1.71016E+000	-2.00201E-001	-2.21387E+000	-2.00025E+000	3.02144E-004	11	..........a	-327.68
	2393	2394	-1.71096E+000	-2.00201E-001	-2.21715E+000	-2.00025E+000	2.97828E-004	11	..........a	-327.68
	2394	2395	-1.71336E+000	-2.00201E-001	-2.21851E+000	-2.00025E+000	2.85394E-004	11	..........a	-327.68
	2395	2396	-1.70936E+000	-2.00201E-001	-2.22391E+000	-2.00025E+000	2.86961E-004	11	..........a	-327.68
	2396	2397	-1.71176E+000	-2.00201E-001	-2.22196E+000	-2.00025E+000	2.93094E-004	11	..........a	-327.68
	2397	2398	-1.70936E+000	-2.00201E-001	-2.22805E+000	-2.00025E+000	2.94361E-004	11	..........a	-327.68
	2398	2399	-1.71096E+000	-2.00201E-001	-2.23020E+000	-2.00025E+000	2.98944E-004	11	..........a	-327.68
	2399	2400	-1.71016E+000	-2.00201E-001	-2.23310E+000	-2.00025E+000	3.00178E-004	11	..........a	-327.68
	2400	2401	-1.70856E+000	-2.00201E-001	-2.23957E+000	-2.00025E+000	2.90244E-004	11	..........a	-327.68
	2401	2402	-1.70776E+000	-2.00201E-001	-2.24791E+000	-2.00025E+000	2.92928E-004	11	..........a	-327.68
	2402	2403	-1.71176E+000	-2.00202E-001	-2.24776E+000	-2.00025E+000	2.94511E-004	11	..........a	-327.68
	2403	2404	-1.71016E+000	-2.00201E-001	-2.24895E+000	-2.00025E+000	2.92561E-004	11	..........a	-327.68
	2404	2405	-1.71096E+000	-2.00201E-001	-2.25595E+000	-2.00025E+000	2.95494E-004	11	..........a	-327.68
	2405	2406	-1.70776E+000	-2.00201E-001	-2.26240E+000	-2.00025E+000	2.86628E-004	11	..........a	-327.68
	2406	2407	-1.71016E+000	-2.00202E-001	-2.26124E+000	-2.00025E+000	2.86161E-004	11	..........a	-327.68
	2407	2408	-1.71016E+000	-2.00201E-001	-2.26475E+000	-2.00025E+000	2.88878E-004	11	..........a	-327.68
	2408	2409	-1.70696E+000	-2.00203E-001	-2.09424E+000	-2.00025E+000	2.87278E-004	11	..........a	-327.68
	2409	2410	-1.70736E+000	-2.00202E-001	-2.05323E+000	-2.00025E+000	2.95811E-004	11	..........a	-327.68
	2410	2411	-1.70856E+000	-2.00197E-001	-2.05828E+000	-2.00025E+000	3.12194E-004	11	..........a	-327.68
	2411	2412	-1.70856E+000	-2.00197E-001	-2.06405E+000	-2.00025E+000	3.13828E-004	11	..........a	-327.68
	2412	2413	-1.70696E+000	-2.00197E-001	-2.07027E+000	-2.00025E+000	3.06078E-004	11	..........a	-327.68
	2413	2414	-1.70776E+000	-2.00197E-001	-2.06785E+000	-2.00025E+000	3.06294E-004	11	..........a	-327.68
	2414	2415	-1.71096E+000	-2.00197E-001	-2.07251E+000	-2.00025E+000	3.07628E-004	11	..........a	-327.68
	2415	2416	-1.71016E+000	-2.00197E-001	-2.07690E+000	-2.00025E+000	3.10344E-004	11	..........a	-327.68
	2416	2417	-1.70856E+000	-2.00197E-001	-2.08435E+000	-2.00025E+000	3.12594E-004	11	..........a	-327.68
	2417	2418	-1.70936E+000	-2.00196E-001	-2.08784E+000	-2.00025E+000	3.08444E-004	11	..........a	-327.68
	2418	2419	-1.70936E+000	-2.00196E-001	-2.09712E+000	-2.00025E+000	3.11361E-004	11	..........a	-327.68
	2419	2420	-1.70856E+000	-2.00196E-001	-2.10338E+000	-2.00025E+000	3.10061E-004	11	..........a	-327.68
	2420	2421	-1.70936E+000	-2.00197E-001	-2.10915E+000	-2.00025E+000	3.16861E-004	11	..........a	-327.68
	2421	2422	-1.70776E+000	-2.00196E-001	-2.11612E+000	-2.00025E+000	3.18678E-004	11	..........a	-327.68
	2422	2423	-1.70776E+000	-2.00196E-001	-2.12523E+000	-2.00025E+000	3.07361E-004	11	..........a	-327.68
	2423	2424	-1.70776E+000	-2.00197E-001	-2.13375E+000	-2.00025E+000	3.08328E-004	11	..........a	-327.68
	2424	2425	-1.70776E+000	-2.00196E-001	-2.13427E+000	-2.00025E+000	3.15661E-004	11	..........a	-327.68
	2425	2426	-1.70616E+000	-2.00196E-001	-2.13825E+000	-2.00025E+000	3.17778E-004	11	..........a	-327.68
	2426	2427	-1.70856E+000	-2.00197E-001	-2.13908E+000	-2.00025E+000	3.11594E-004	11	..........a	-327.68
	2427	2428	-1.70936E+000	-2.00197E-001	-2.14449E+000	-2.00025E+000	3.22628E-004	11	..........a	-327.68
	2428	2429	-1.70856E+000	-2.00197E-001	-2.14831E+000	-2.00025E+000	3.21578E-004	11	..........a	-327.68
	2429	2430	-1.70936E+000	-2.00197E-001	-2.15253E+000	-2.00025E+000	3.20678E-004	11	..........a	-327.68
	2430	2431	-1.71016E+000	-2.00197E-001	-2.15391E+000	-2.00025E+000	3.23561E-004	11	..........a	-327.68
	2431	2432	-1.71016E+000	-2.00196E-001	-2.16731E+000	-2.00025E+000	3.16178E-004	11	..........a	-327.68
	2432	2433	-1.70856E+000	-2.00197E-001	-2.18536E+000	-2.00025E+000	3.20744E-004	11	..........a	-327.68
	2433	2434	-1.70776E+000	-2.00197E-001	-2.17603E+000	-2.00025E+000	3.18411E-004	11	..........a	-327.68
	2434	2435	-1.70736E+000	-2.00197E-001	-2.17692E+000	-2.00025E+000	3.27644E-004	11	..........a	-327.68
	2435	2436	-1.70776E+000	-2.00196E-001	-2.18269E+000	-2.00025E+000	3.23944E-004	11	..........a	-327.68
	2436	2437	-1.71176E+000	-2.00196E-001	-2.18485E+000	-2.00025E+000	3.22661E-004	11	..........a	-327.68
	2437	2438	-1.70936E+000	-2.00197E-001	-2.19431E+000	-2.00025E+000	3.15828E-004	11	..........a	-327.68
	2438	2439	-1.70696E+000	-2.00197E-001	-2.20074E+000	-2.00025E+000	3.22194E-004	11	..........a	-327.68
	2439	2440	-1.71016E+000	-2.00197E-001	-2.20243E+000	-2.00025E+000	3.20411E-004	11	..........a	-327.68
	2440	2441	-1.70696E+000	-2.00197E-001	-2.20968E+000	-2.00025E+000	3.22378E-004	11	..........a	-327.68
	2441	2442	-1.71056E+000	-2.00196E-001	-2.20964E+000	-2.00025E+000	3.29744E-004	11	..........a	-327.68
	2442	2443	-1.71016E+000	-2.00197E-001	-2.21433E+000	-2.00025E+000	3.28761E-004	11	..........a	-327.68
	2443	2444	-1.71016E+000	-2.00197E-001	-2.22094E+000	-2.00025E+000	3.32444E-004	11	..........a	-327.68
	2444	2445	-1.71016E+000	-2.00197E-001	-2.22517E+000	-2.00025E+000	3.33661E-004	11	..........a	-327.68
	2445	2446	-1.70856E+000	-2.00197E-001	-2.23654E+000	-2.00025E+000	3.29578E-004	11	..........a	-327.68
	2446	2447	-1.70856E+000	-2.00197E-001	-2.24297E+000	-2.00025E+000	3.17744E-004	11	..........a	-327.68
	2447	2448	-1.71096E+000	-2.00196E-001	-2.24246E+000	-2.00025E+000	3.20994E-004	11	..........a	-327.68
	2448	2449	-1.70696E+000	-2.00197E-001	-2.04104E+000	-2.00025E+000	3.18744E-004	11	..........a	-327.68
	2449	2450	-1.70696E+000	-2.00197E-001	-2.04775E+000	-2.00025E+000	3.21178E-004	11	..........a	-327.68
	2450	2451	-1.70776E+000	-2.00197E-001	-2.06011E+000	-2.00025E+000	3.19361E-004	11	..........a	-327.68
	2451	2452	-1.70856E+000	-2.00197E-001	-2.06702E+000	-2.00025E+000	3.26878E-004	11	..........a	-327.68
	2452	2453	-1.70936E+000	-2.00197E-001	-2.07732E+000	-2.00025E+000	3.15194E-004	11	..........a	-327.68
	2453	2454	-1.71176E+000	-2.00197E-001	-2.08275E+000	-2.00025E+000	3.10878E-004	11	..........a	-327.68
	2454	2455	-1.71016E+000	-2.00196E-001	-2.08817E+000	-2.00025E+000	3.15761E-004	11	..........a	-327.68
	2455	2456	-1.70936E+000	-2.00197E-001	-2.10278E+000	-2.00025E+000	3.14078E-004	11	..........a	-327.68
	2456	2457	-1.71096E+000	-2.00197E-001	-2.10930E+000	-2.00025E+000	3.17261E-004	11	..........a	-327.68
	2457	2458	-1.70936E+000	-2.00197E-001	-2.11712E+000	-2.00025E+000	3.17978E-004	11	..........a	-327.68
	2458	2459	-1.71256E+000	-2.00197E-001	-2.11825E+000	-2.00025E+000	3.22194E-004	11	..........a	-327.68
	2459	2460	-1.71256E+000	-2.00197E-001	-2.11542E+000	-2.00025E+000	3.22344E-004	11	..........a	-327.68
	2460	2461	-1.71176E+000	-2.00197E-001	-2.12103E+000	-2.00025E+000	3.24561E-004	11	..........a	-327.68
	2461	2462	-1.71176E+000	-2.00197E-001	-2.12620E+000	-2.00025E+000	3.21728E-004	11	..........a	-327.68
	2462	2463	-1.71096E+000	-2.00197E-001	-2.13471E+000	-2.00025E+000	3.27461E-004	11	..........a	-327.68
	2463	2464	-1.71016E+000	-2.00197E-001	-2.14171E+000	-2.00025E+000	3.19294E-004	11	..........a	-327.68
	2464	2465	-1.71096E+000	-2.00197E-001	-2.14375E+000	-2.00025E+000	3.25944E-004	11	..........a	-327.68
	2465	2466	-1.71216E+000	-2.00197E-001	-2.15059E+000	-2.00025E+000	3.29328E-004	11	..........a	-327.68
	2466	2467	-1.71256E+000	-2.00197E-001	-2.15640E+000	-2.00025E+000	3.25844E-004	11	..........a	-327.68
	2467	2468	-1.71176E+000	-2.00197E-001	-2.16786E+000	-2.00025E+000	3.21228E-004	11	..........a	-327.68
	2468	2469	-1.71016E+000	-2.00197E-001	-2.17437E+000	-2.00025E+000	3.19911E-004	11	..........a	-327.68
	2469	2470	-1.71256E+000	-2.00197E-001	-2.17810E+000	-2.00025E+000	3.20678E-004	11	..........a	-327.68
	2470	2471	-1.71176E+000	-2.00197E-001	-2.18263E+000	-2.00025E+000	3.24678E-004	11	..........a	-327.68
	2471	2472	-1.71336E+000	-2.00196E-001	-2.18819E+000	-2.00025E+000	3.19128E-004	11	..........a	-327.68
	2472	2473	-1.71336E+000	-2.00197E-001	-2.19498E+000	-2.00025E+000	3.19011E-004	11	..........a	-327.68
	2473	2474	-1.71136E+000	-2.00197E-001	-2.20507E+000	-2.00025E+000	3.24411E-004	11	..........a	-327.68
	2474	2475	-1.71296E+000	-2.00197E-001	-2.20658E+000	-2.00025E+000	3.27978E-004	11	..........a	-327.68
	2475	2476	-1.71256E+000	-2.00197E-001	-2.21150E+000	-2.00025E+000	3.23394E-004	11	..........a	-327.68
	2476	2477	-1.71336E+000	-2.00197E-001	-2.21501E+000	-2.00025E+000	3.22211E-004	11	..........a	-327.68
	2477	2478	-1.71216E+000	-2.00197E-001	-2.21962E+000	-2.00025E+000	3.21961E-004	11	..........a	-327.68
	2478	2479	-1.71016E+000	-2.00196E-001	-2.22454E+000	-2.00025E+000	3.21928E-004	11	..........a	-327.68
	2479	2480	-1.71176E+000	-2.00197E-001	-2.22367E+000	-2.00025E+000	3.19861E-004	11	..........a	-327.68
	2480	2481	-1.71256E+000	-2.00197E-001	-2.23137E+000	-2.00025E+000	3.15078E-004	11	..........a	-327.68
	2481	2482	-1.71216E+000	-2.00197E-001	-2.23557E+000	-2.00025E+000	3.15844E-004	11	..........a	-327.68
	2482	2483	-1.70776E+000	-2.00197E-001	-2.05111E+000	-2.00025E+000	3.18594E-004	11	..........a	-327.68
	2483	2484	-1.70776E+000	-2.00197E-001	-2.05599E+000	-2.00025E+000	3.19028E-004	11	..........a	-327.68
	2484	2485	-1.70856E+000	-2.00197E-001	-2.06303E+000	-2.00025E+000	3.19261E-004	11	..........a	-327.68
	2485	2486	-1.71016E+000	-2.00197E-001	-2.06649E+000	-2.00025E+000	3.17411E-004	11	..........a	-327.68
	2486	2487	-1.71016E+000	-2.00197E-001	-2.07386E+000	-2.00025E+000	3.20911E-004	11	..........a	-327.68
	2487	2488	-1.71096E+000	-2.00197E-001	-2.07727E+000	-2.00025E+000	3.19994E-004	11	..........a	-327.68
	2488	2489	-1.71016E+000	-2.00197E-001	-2.08563E+000	-2.00025E+000	3.22261E-004	11	..........a	-327.68
	2489	2490	-1.71016E+000	-2.00197E-001	-2.09107E+000	-2.00025E+000	3.19178E-004	11	..........a	-327.68
	2490	2491	-1.71016E+000	-2.00197E-001	-2.10237E+000	-2.00025E+000	3.19928E-004	11	..........a	-327.68
	2491	2492	-1.71256E+000	-2.00197E-001	-2.10677E+000	-2.00025E+000	3.19778E-004	11	..........a	-327.68
	2492	2493	-1.71016E+000	-2.00196E-001	-2.12358E+000	-2.00025E+000	3.39761E-004	11	..........a	-327.68
	2493	2494	-1.71176E+000	-2.00196E-001	-2.12693E+000	-2.00025E+000	3.45594E-004	11	..........a	-327.68
	2494	2495	-1.71176E+000	-2.00196E-001	-2.13438E+000	-2.00025E+000	3.46344E-004	11	..........a	-327.68
	2495	2496	-1.71256E+000	-2.00196E-001	-2.13871E+000	-2.00025E+000	3.48344E-004	11	..........a	-327.68
	2496	2497	-1.70936E+000	-2.00196E-001	-2.14745E+000	-2.00025E+000	3.42828E-004	11	..........a	-327.68
	2497	2498	-1.71176E+000	-2.00196E-001	-2.14868E+000	-2.00025E+000	3.44978E-004	11	..........a	-327.68
	2498	2499	-1.71016E+000	-2.00197E-001	-2.15413E+000	-2.00025E+000	3.44178E-004	11	..........a	-327.68
	2499	2500	-1.71176E+000	-2.00197E-001	-2.16014E+000	-2.00025E+000	3.45544E-004	11	..........a	-327.68
	2500	2501	-1.71256E+000	-2.00197E-001	-2.16655E+000	-2.00025E+000	3.43011E-004	11	..........a	-327.68
	2501	2502	-1.71176E+000	-2.00197E-001	-2.16609E+000	-2.00025E+000	3.39361E-004	11	..........a	-327.68
	2502	2503	-1.71256E+000	-2.00197E-001	-2.16906E+000	-2.00025E+000	3.42811E-004	11	..........a	-327.68
	2503	2504	-1.71096E+000	-2.00197E-001	-2.18274E+000	-2.00025E+000	3.46978E-004	11	..........a	-327.68
	2504	2505	-1.71176E+000	-2.00197E-001	-2.19038E+000	-2.00025E+000	3.43094E-004	11	..........a	-327.68
	2505	2506	-1.71256E+000	-2.00197E-001	-2.19453E+000	-2.00025E+000	3.45661E-004	11	..........a	-327.68
	2506	2507	-1.71336E+000	-2.00197E-001	-2.19981E+000	-2.00025E+000	3.41778E-004	11	..........a	-327.68
	2507	2508	-1.71056E+000	-2.00197E-001	-2.20874E+000	-2.00025E+000	3.47744E-004	11	..........a	-327.68
	2508	2509	-1.71096E+000	-2.00197E-001	-2.21390E+000	-2.00025E+000	3.45228E-004	11	..........a	-327.68
	2509	2510	-1.71136E+000	-2.00197E-001	-2.21985E+000	-2.00025E+000	3.44394E-004	11	..........a	-327.68
	2510	2511	-1.71296E+000	-2.00197E-001	-2.22559E+000	-2.00025E+000	3.39878E-004	11	..........a	-327.68
	2511	2512	-1.71256E+000	-2.00197E-001	-2.23699E+000	-2.00025E+000	3.45444E-004	11	..........a	-327.68
	2512	2513	-1.71176E+000	-2.00197E-001	-2.23861E+000	-2.00025E+000	3.37911E-004	11	..........a	-327.68
	2513	2514	-1.71416E+000	-2.00197E-001	-2.23268E+000	-2.00025E+000	3.38461E-004	11	..........a	-327.68
	2514	2515	-1.71336E+000	-2.00197E-001	-2.23146E+000	-2.00025E+000	3.40644E-004	11	..........a	-327.68
	2515	2516	-1.71456E+000	-2.00197E-001	-2.23522E+000	-2.00025E+000	3.39428E-004	11	..........a	-327.68
	2516	2517	-1.71176E+000	-2.00197E-001	-2.24983E+000	-2.00025E+000	3.42994E-004	11	..........a	-327.68
	2517	2518	-1.71096E+000	-2.00197E-001	-2.25364E+000	-2.00025E+000	3.31644E-004	11	..........a	-327.68
	2518	2519	-1.71096E+000	-2.00196E-001	-2.26173E+000	-2.00025E+000	3.31711E-004	11	..........a	-327.68
	2519	2520	-1.71176E+000	-2.00197E-001	-2.25975E+000	-2.00025E+000	3.37044E-004	11	..........a	-327.68
	2520	2521	-1.71176E+000	-2.00196E-001	-2.26083E+000	-2.00025E+000	3.44244E-004	11	..........a	-327.68
	2521	2522	-1.71176E+000	-2.00197E-001	-2.25954E+000	-2.00025E+000	3.44811E-004	11	..........a	-327.68
	2522	2523	-1.70856E+000	-2.00197E-001	-2.26143E+000	-2.00025E+000	3.45878E-004	11	..........a	-327.68
	2523	2524	-1.70696E+000	-2.00197E-001	-2.21244E+000	-2.00025E+000	3.43578E-004	11	..........a	-327.68
	2524	2525	-1.70696E+000	-2.00196E-001	-2.06441E+000	-2.00025E+000	3.51728E-004	11	..........a	-327.68
	2525	2526	-1.71056E+000	-2.00197E-001	-2.06847E+000	-2.00025E+000	3.41428E-004	11	..........a	-327.68
	2526	2527	-1.71016E+000	-2.00197E-001	-2.07215E+000	-2.00025E+000	3.44211E-004	11	..........a	-327.68
	2527	2528	-1.71016E+000	-2.00197E-001	-2.08327E+000	-2.00025E+000	3.37611E-004	11	..........a	-327.68
	2528	2529	-1.71256E+000	-2.00197E-001	-2.09107E+000	-2.00025E+000	3.38578E-004	11	..........a	-327.68
	2529	2530	-1.71256E+000	-2.00197E-001	-2.09899E+000	-2.00025E+000	3.46511E-004	11	..........a	-327.68
	2530	2531	-1.71176E+000	-2.00197E-001	-2.10481E+000	-2.00025E+000	3.45044E-004	11	..........a	-327.68
	2531	2532	-1.71096E+000	-2.00197E-001	-2.11496E+000	-2.00025E+000	3.43994E-004	11	..........a	-327.68
	2532	2533	-1.71176E+000	-2.00197E-001	-2.12050E+000	-2.00025E+000	3.44461E-004	11	..........a	-327.68
	2533	2534	-1.70936E+000	-2.00197E-001	-2.12429E+000	-2.00025E+000	3.42844E-004	11	..........a	-327.68
	2534	2535	-1.70936E+000	-2.00197E-001	-2.13078E+000	-2.00025E+000	3.41211E-004	11	..........a	-327.68
	2535	2536	-1.71096E+000	-2.00197E-001	-2.13554E+000	-2.00025E+000	3.39128E-004	11	..........a	-327.68
	2536	2537	-1.71176E+000	-2.00197E-001	-2.14067E+000	-2.00025E+000	3.29628E-004	11	..........a	-327.68
	2537	2538	-1.71016E+000	-2.00197E-001	-2.14988E+000	-2.00025E+000	3.31761E-004	11	..........a	-327.68
	2538	2539	-1.71176E+000	-2.00197E-001	-2.15497E+000	-2.00025E+000	3.39761E-004	11	..........a	-327.68
	2539	2540	-1.71096E+000	-2.00197E-001	-2.16721E+000	-2.00025E+000	3.42844E-004	11	..........a	-327.68
	2540	2541	-1.71296E+000	-2.00197E-001	-2.17300E+000	-2.00025E+000	3.34394E-004	11	..........a	-327.68
	2541	2542	-1.71336E+000	-2.00197E-001	-2.18374E+000	-2.00025E+000	3.38378E-004	11	..........a	-327.68
	2542	2543	-1.71256E+000	-2.00197E-001	-2.19044E+000	-2.00025E+000	3.38828E-004	11	..........a	-327.68
	2543	2544	-1.71376E+000	-2.00197E-001	-2.19421E+000	-2.00025E+000	3.42594E-004	11	..........a	-327.68
	2544	2545	-1.71216E+000	-2.00197E-001	-2.20165E+000	-2.00025E+000	3.40061E-004	11	..........a	-327.68
	2545	2546	-1.71136E+000	-2.00196E-001	-2.20537E+000	-2.00025E+000	3.36594E-004	11	..........a	-327.68
	2546	2547	-1.71176E+000	-2.00196E-001	-2.21150E+000	-2.00025E+000	3.39011E-004	11	..........a	-327.68
	2547	2548	-1.71216E+000	-2.00197E-001	-2.21373E+000	-2.00025E+000	3.37478E-004	11	..........a	-327.68
	2548	2549	-1.71256E+000	-2.00196E-001	-2.21813E+000	-2.00025E+000	3.38294E-004	11	..........a	-327.68
	2549	2550	-1.71336E+000	-2.00197E-001	-2.22098E+000	-2.00025E+000	3.34944E-004	11	..........a	-327.68
	2550	2551	-1.70976E+000	-2.00197E-001	-2.22883E+000	-2.00025E+000	3.36411E-004	11	..........a	-327.68
	2551	2552	-1.71256E+000	-2.00196E-001	-2.22861E+000	-2.00025E+000	3.35578E-004	11	..........a	-327.68
	2552	2553	-1.71016E+000	-2.00197E-001	-2.23645E+000	-2.00025E+000	3.40078E-004	11	..........a	-327.68
	2553	2554	-1.71376E+000	-2.00197E-001	-2.23945E+000	-2.00025E+000	3.39978E-004	11	..........a	-327.68
	2554	2555	-1.71376E+000	-2.00197E-001	-2.24569E+000	-2.00025E+000	3.43011E-004	11	..........a	-327.68
	2555	2556	-1.70856E+000	-2.00198E-001	-2.11119E+000	-2.00025E+000	3.45161E-004	11	..........a	-327.68
	2556	2557	-1.71016E+000	-2.00197E-001	-2.07183E+000	-2.00025E+000	3.43461E-004	11	..........a	-327.68
	2557	2558	-1.71016E+000	-2.00197E-001	-2.07719E+000	-2.00025E+000	3.43228E-004	11	..........a	-327.68
	2558	2559	-1.71096E+000	-2.00197E-001	-2.08337E+000	-2.00025E+000	3.35328E-004	11	..........a	-327.68
	2559	2560	-1.71016E+000	-2.00197E-001	-2.09085E+000	-2.00025E+000	3.39444E-004	11	..........a	-327.68
	2560	2561	-1.71016E+000	-2.00197E-001	-2.10065E+000	-2.00025E+000	3.45328E-004	11	..........a	-327.68
	2561	2562	-1.71096E+000	-2.00197E-001	-2.11163E+000	-2.00025E+000	3.42911E-004	11	..........a	-327.68
	2562	2563	-1.71096E+000	-2.00197E-001	-2.12066E+000	-2.00025E+000	3.36211E-004	11	..........a	-327.68
	2563	2564	-1.71016E+000	-2.00197E-001	-2.12591E+000	-2.00025E+000	3.36361E-004	11	..........a	-327.68
	2564	2565	-1.71176E+000	-2.00197E-001	-2.13075E+000	-2.00025E+000	3.36644E-004	11	..........a	-327.68
	2565	2566	-1.71016E+000	-2.00197E-001	-2.14203E+000	-2.00025E+000	3.45144E-004	11	..........a	-327.68
	2566	2567	-1.71256E+000	-2.00197E-001	-2.14642E+000	-2.00025E+000	3.37228E-004	11	..........a	-327.68
	2567	2568	-1.71176E+000	-2.00196E-001	-2.15001E+000	-2.00025E+000	3.31011E-004	11	..........a	-327.68
	2568	2569	-1.71256E+000	-2.00197E-001	-2.15904E+000	-2.00025E+000	3.38361E-004	11	..........a	-327.68
	2569	2570	-1.71176E+000	-2.00197E-001	-2.16581E+000	-2.00025E+000	3.41094E-004	11	..........a	-327.68
	2570	2571	-1.71176E+000	-2.00197E-001	-2.17382E+000	-2.00025E+000	3.42261E-004	11	..........a	-327.68
	2571	2572	-1.71176E+000	-2.00197E-001	-2.17816E+000	-2.00025E+000	3.40994E-004	11	..........a	-327.68
	2572	2573	-1.71136E+000	-2.00196E-001	-2.18328E+000	-2.00025E+000	3.41678E-004	11	..........a	-327.68
	2573	2574	-1.71176E+000	-2.00197E-001	-2.18267E+000	-2.00025E+000	3.46544E-004	11	..........a	-327.68
	2574	2575	-1.71256E+000	-2.00197E-001	-2.18792E+000	-2.00025E+000	3.44728E-004	11	..........a	-327.68
	2575	2576	-1.71216E+000	-2.00197E-001	-2.19543E+000	-2.00025E+000	3.41844E-004	11	..........a	-327.68
	2576	2577	-1.71376E+000	-2.00197E-001	-2.20207E+000	-2.00025E+000	3.39361E-004	11	..........a	-327.68
	2577	2578	-1.71256E+000	-2.00197E-001	-2.20902E+000	-2.00025E+000	3.44044E-004	11	..........a	-327.68
	2578	2579	-1.71256E+000	-2.00197E-001	-2.21658E+000	-2.00025E+000	3.52044E-004	11	..........a	-327.68
	2579	2580	-1.71096E+000	-2.00197E-001	-2.22395E+000	-2.00025E+000	3.39694E-004	11	..........a	-327.68
	2580	2581	-1.71296E+000	-2.00197E-001	-2.22498E+000	-2.00025E+000	3.36728E-004	11	..........a	-327.68
	2581	2582	-1.71256E+000	-2.00197E-001	-2.23077E+000	-2.00025E+000	3.40911E-004	11	..........a	-327.68
	2582	2583	-1.70856E+000	-2.00197E-001	-2.23814E+000	-2.00025E+000	3.49094E-004	11	..........a	-327.68
	2583	2584	-1.71416E+000	-2.00197E-001	-2.23821E+000	-2.00025E+000	3.42694E-004	11	..........a	-327.68
	2584	2585	-1.71296E+000	-2.00197E-001	-2.24513E+000	-2.00025E+000	3.42078E-004	11	..........a	-327.68
	2585	2586	-1.70776E+000	-2.00197E-001	-2.06630E+000	-2.00025E+000	3.48194E-004	11	..........a	-327.68
	2586	2587	-1.70856E+000	-2.00197E-001	-2.07245E+000	-2.00025E+000	3.47061E-004	11	..........a	-327.68
	2587	2588	-1.71016E+000	-2.00197E-001	-2.07641E+000	-2.00025E+000	3.42811E-004	11	..........a	-327.68
	2588	2589	-1.70856E+000	-2.00197E-001	-2.08538E+000	-2.00025E+000	3.44878E-004	11	..........a	-327.68
	2589	2590	-1.71016E+000	-2.00197E-001	-2.08734E+000	-2.00025E+000	3.43411E-004	11	..........a	-327.68
	2590	2591	-1.71096E+000	-2.00197E-001	-2.09430E+000	-2.00025E+000	3.40261E-004	11	..........a	-327.68
	2591	2592	-1.70936E+000	-2.00197E-001	-2.09990E+000	-2.00025E+000	3.44028E-004	11	..........a	-327.68
	2592	2593	-1.71096E+000	-2.00197E-001	-2.10568E+000	-2.00025E+000	3.42444E-004	11	..........a	-327.68
	2593	2594	-1.71176E+000	-2.00197E-001	-2.11008E+000	-2.00025E+000	3.40944E-004	11	..........a	-327.68
	2594	2595	-1.71176E+000	-2.00197E-001	-2.11873E+000	-2.00025E+000	3.41328E-004	11	..........a	-327.68
	2595	2596	-1.70696E+000	-2.00197E-001	-2.12689E+000	-2.00025E+000	3.38661E-004	11	..........a	-327.68
	2596	2597	-1.71096E+000	-2.00197E-001	-2.13015E+000	-2.00025E+000	3.38594E-004	11	..........a	-327.68
	2597	2598	-1.70936E+000	-2.00197E-001	-2.14400E+000	-2.00025E+000	3.39778E-004	11	..........a	-327.68
	2598	2599	-1.71096E+000	-2.00197E-001	-2.14559E+000	-2.00025E+000	3.36894E-004	11	..........a	-327.68
	2599	2600	-1.71016E+000	-2.00197E-001	-2.15168E+000	-2.00025E+000	3.37994E-004	11	..........a	-327.68
	2600	2601	-1.71256E+000	-2.00197E-001	-2.15480E+000	-2.00025E+000	3.32911E-004	11	..........a	-327.68
	2601	2602	-1.71256E+000	-2.00197E-001	-2.15747E+000	-2.00025E+000	3.42694E-004	11	..........a	-327.68
	2602	2603	-1.71256E+000	-2.00197E-001	-2.16475E+000	-2.00025E+000	3.44944E-004	11	..........a	-327.68
	2603	2604	-1.71096E+000	-2.00197E-001	-2.17676E+000	-2.00025E+000	3.40411E-004	11	..........a	-327.68
	2604	2605	-1.71096E+000	-2.00197E-001	-2.19551E+000	-2.00025E+000	3.44511E-004	11	..........a	-327.68
	2605	2606	-1.71016E+000	-2.00197E-001	-2.20048E+000	-2.00025E+000	3.40761E-004	11	..........a	-327.68
	2606	2607	-1.71096E+000	-2.00197E-001	-2.20470E+000	-2.00025E+000	3.45394E-004	11	..........a	-327.68
	2607	2608	-1.71176E+000	-2.00197E-001	-2.21160E+000	-2.00025E+000	3.41378E-004	11	..........a	-327.68
	2608	2609	-1.70856E+000	-2.00197E-001	-2.23640E+000	-2.00025E+000	3.42628E-004	11	..........a	-327.68
	2609	2610	-1.71096E+000	-2.00197E-001	-2.22041E+000	-2.00025E+000	3.45028E-004	11	..........a	-327.68
	2610	2611	-1.71096E+000	-2.00197E-001	-2.22253E+000	-2.00025E+000	3.37528E-004	11	..........a	-327.68
	2611	2612	-1.71096E+000	-2.00197E-001	-2.22581E+000	-2.00025E+000	3.36478E-004	11	..........a	-327.68
	2612	2613	-1.71096E+000	-2.00197E-001	-2.22752E+000	-2.00025E+000	3.34511E-004	11	..........a	-327.68
	2613	2614	-1.71096E+000	-2.00197E-001	-2.23099E+000	-2.00025E+000	3.38778E-004	11	..........a	-327.68
	2614	2615	-1.71176E+000	-2.00197E-001	-2.23500E+000	-2.00025E+000	3.39461E-004	11	..........a	-327.68
	2615	2616	-1.71176E+000	-2.00196E-001	-2.24541E+000	-2.00025E+000	3.37444E-004	11	..........a	-327.68
	2616	2617	-1.71096E+000	-2.00197E-001	-2.24848E+000	-2.00025E+000	3.43044E-004	11	..........a	-327.68
	2617	2618	-1.71016E+000	-2.00197E-001	-2.25716E+000	-2.00025E+000	3.43661E-004	11	..........a	-327.68
	2618	2619	-1.71256E+000	-2.00197E-001	-2.25888E+000	-2.00025E+000	3.39178E-004	11	..........a	-327.68
	2619	2620	-1.71096E+000	-2.00197E-001	-2.26196E+000	-2.00025E+000	3.41944E-004	11	..........a	-327.68
	2620	2621	-1.71096E+000	-2.00197E-001	-2.26703E+000	-2.00025E+000	3.42278E-004	11	..........a	-327.68
	2621	2622	-1.71016E+000	-2.00197E-001	-2.27220E+000	-2.00025E+000	3.41844E-004	11	..........a	-327.68
	2622	2623	-1.71176E+000	-2.00197E-001	-2.26978E+000	-2.00025E+000	3.41744E-004	11	..........a	-327.68
	2623	2624	-1.71056E+000	-2.00197E-001	-2.27630E+000	-2.00025E+000	3.41194E-004	11	..........a	-327.68
	2624	2625	-1.70856E+000	-2.00198E-001	-2.21619E+000	-2.00025E+000	3.48911E-004	11	..........a	-327.68
	2625	2626	-1.70696E+000	-2.00197E-001	-2.05820E+000	-2.00025E+000	3.37828E-004	11	..........a	-327.68
	2626	2627	-1.71016E+000	-2.00197E-001	-2.06255E+000	-2.00025E+000	3.41728E-004	11	..........a	-327.68
	2627	2628	-1.71176E+000	-2.00197E-001	-2.06918E+000	-2.00025E+000	3.43878E-004	11	..........a	-327.68
	2628	2629	-1.70936E+000	-2.00197E-001	-2.08100E+000	-2.00025E+000	3.43411E-004	11	..........a	-327.68
	2629	2630	-1.71016E+000	-2.00197E-001	-2.08579E+000	-2.00025E+000	3.45061E-004	11	..........a	-327.68
	2630	2631	-1.71016E+000	-2.00197E-001	-2.09436E+000	-2.00025E+000	3.36644E-004	11	..........a	-327.68
	2631	2632	-1.71016E+000	-2.00197E-001	-2.09875E+000	-2.00025E+000	3.42661E-004	11	..........a	-327.68
	2632	2633	-1.71016E+000	-2.00196E-001	-2.10493E+000	-2.00025E+000	3.37844E-004	11	..........a	-327.68
	2633	2634	-1.71096E+000	-2.00197E-001	-2.11133E+000	-2.00025E+000	3.46444E-004	11	..........a	-327.68
	2634	2635	-1.70856E+000	-2.00196E-001	-2.12414E+000	-2.00025E+000	3.20644E-004	11	..........a	-327.68
	2635	2636	-1.71056E+000	-2.00197E-001	-2.13452E+000	-2.00025E+000	3.12361E-004	11	..........a	-327.68
	2636	2637	-1.71016E+000	-2.00197E-001	-2.13886E+000	-2.00025E+000	3.18744E-004	11	..........a	-327.68
	2637	2638	-1.71016E+000	-2.00197E-001	-2.14671E+000	-2.00025E+000	3.20144E-004	11	..........a	-327.68
	2638	2639	-1.71256E+000	-2.00197E-001	-2.14542E+000	-2.00025E+000	3.17278E-004	11	..........a	-327.68
	2639	2640	-1.71096E+000	-2.00197E-001	-2.15181E+000	-2.00025E+000	3.22911E-004	11	..........a	-327.68
	2640	2641	-1.71176E+000	-2.00197E-001	-2.15677E+000	-2.00025E+000	3.09844E-004	11	..........a	-327.68
	2641	2642	-1.71176E+000	-2.00197E-001	-2.16496E+000	-2.00025E+000	3.20828E-004	11	..........a	-327.68
	2642	2643	-1.71336E+000	-2.00197E-001	-2.16791E+000	-2.00025E+000	3.16694E-004	11	..........a	-327.68
	2643	2644	-1.71296E+000	-2.00197E-001	-2.17475E+000	-2.00025E+000	3.18961E-004	11	..........a	-327.68
	2644	2645	-1.71456E+000	-2.00197E-001	-2.17760E+000	-2.00025E+000	3.23711E-004	11	..........a	-327.68
	2645	2646	-1.71256E+000	-2.00197E-001	-2.18687E+000	-2.00025E+000	3.29344E-004	11	..........a	-327.68
	2646	2647	-1.71176E+000	-2.00197E-001	-2.19972E+000	-2.00025E+000	3.21744E-004	11	..........a	-327.68
	2647	2648	-1.71256E+000	-2.00197E-001	-2.20715E+000	-2.00025E+000	3.26178E-004	11	..........a	-327.68
	2648	2649	-1.71256E+000	-2.00197E-001	-2.21374E+000	-2.00025E+000	3.19011E-004	11	..........a	-327.68
	2649	2650	-1.71376E+000	-2.00197E-001	-2.21914E+000	-2.00025E+000	3.11778E-004	11	..........a	-327.68
	2650	2651	-1.71376E+000	-2.00197E-001	-2.22327E+000	-2.00025E+000	3.12344E-004	11	..........a	-327.68
	2651	2652	-1.71256E+000	-2.00197E-001	-2.22908E+000	-2.00025E+000	3.29411E-004	11	..........a	-327.68
	2652	2653	-1.71496E+000	-2.00197E-001	-2.23493E+000	-2.00025E+000	3.26928E-004	11	..........a	-327.68
	2653	2654	-1.71256E+000	-2.00196E-001	-2.24315E+000	-2.00025E+000	3.18544E-004	11	..........a	-327.68
	2654	2655	-1.70936E+000	-2.00196E-001	-2.25445E+000	-2.00025E+000	3.17011E-004	11	..........a	-327.68
	2655	2656	-1.71176E+000	-2.00197E-001	-2.25377E+000	-2.00025E+000	3.13428E-004	11	..........a	-327.68
	2656	2657	-1.71176E+000	-2.00197E-001	-2.25644E+000	-2.00025E+000	3.16611E-004	11	..........a	-327.68
	2657	2658	-1.71176E+000	-2.00197E-001	-2.25893E+000	-2.00025E+000	3.23778E-004	11	..........a	-327.68
	2658	2659	-1.70936E+000	-2.00197E-001	-2.07007E+000	-2.00025E+000	3.24961E-004	11	..........a	-327.68
	2659	2660	-1.71016E+000	-2.00197E-001	-2.07640E+000	-2.00025E+000	3.21511E-004	11	..........a	-327.68
	2660	2661	-1.70776E+000	-2.00197E-001	-2.08430E+000	-2.00025E+000	3.27278E-004	11	..........a	-327.68
	2661	2662	-1.71016E+000	-2.00197E-001	-2.08891E+000	-2.00025E+000	3.27911E-004	11	..........a	-327.68
	2662	2663	-1.71016E+000	-2.00197E-001	-2.09706E+000	-2.00025E+000	3.21594E-004	11	..........a	-327.68
	2663	2664	-1.71016E+000	-2.00196E-001	-2.10772E+000	-2.00025E+000	3.27978E-004	11	..........a	-327.68
	2664	2665	-1.71016E+000	-2.00197E-001	-2.11821E+000	-2.00025E+000	3.12944E-004	11	..........a	-327.68
	2665	2666	-1.71096E+000	-2.00197E-001	-2.12461E+000	-2.00025E+000	3.11011E-004	11	..........a	-327.68
	2666	2667	-1.71216E+000	-2.00197E-001	-2.12642E+000	-2.00025E+000	3.07728E-004	11	..........a	-327.68
	2667	2668	-1.71016E+000	-2.00196E-001	-2.13318E+000	-2.00025E+000	3.08411E-004	11	..........a	-327.68
	2668	2669	-1.71256E+000	-2.00197E-001	-2.13339E+000	-2.00025E+000	3.08078E-004	11	..........a	-327.68
	2669	2670	-1.71016E+000	-2.00197E-001	-2.14199E+000	-2.00025E+000	3.15094E-004	11	..........a	-327.68
	2670	2671	-1.71176E+000	-2.00197E-001	-2.15172E+000	-2.00025E+000	3.20444E-004	11	..........a	-327.68
	2671	2672	-1.71176E+000	-2.00197E-001	-2.15991E+000	-2.00025E+000	3.19028E-004	11	..........a	-327.68
	2672	2673	-1.71016E+000	-2.00197E-001	-2.16845E+000	-2.00025E+000	3.09911E-004	11	..........a	-327.68
	2673	2674	-1.71096E+000	-2.00197E-001	-2.17867E+000	-2.00025E+000	3.13494E-004	11	..........a	-327.68
	2674	2675	-1.71096E+000	-2.00197E-001	-2.17181E+000	-2.00025E+000	3.12211E-004	11	..........a	-327.68
	2675	2676	-1.70776E+000	-2.00197E-001	-2.18213E+000	-2.00025E+000	3.14544E-004	11	..........a	-327.68
	2676	2677	-1.71096E+000	-2.00197E-001	-2.18000E+000	-2.00025E+000	3.10594E-004	11	..........a	-327.68
	2677	2678	-1.70936E+000	-2.00197E-001	-2.18520E+000	-2.00025E+000	3.11794E-004	11	..........a	-327.68
	2678	2679	-1.71216E+000	-2.00198E-001	-2.19083E+000	-2.00025E+000	3.12378E-004	11	..........a	-327.68
	2679	2680	-1.71016E+000	-2.00198E-001	-2.20573E+000	-2.00025E+000	3.21794E-004	11	..........a	-327.68
	2680	2681	-1.71096E+000	-2.00197E-001	-2.21141E+000	-2.00025E+000	3.21978E-004	11	..........a	-327.68
	2681	2682	-1.70936E+000	-2.00197E-001	-2.21855E+000	-2.00025E+000	3.10344E-004	11	..........a	-327.68
	2682	2683	-1.71016E+000	-2.00197E-001	-2.22395E+000	-2.00025E+000	3.14111E-004	11	..........a	-327.68
	2683	2684	-1.70936E+000	-2.00197E-001	-2.22617E+000	-2.00025E+000	3.12128E-004	11	..........a	-327.68
	2684	2685	-1.70936E+000	-2.00197E-001	-2.23259E+000	-2.00025E+000	3.14478E-004	11	..........a	-327.68
	2685	2686	-1.71176E+000	-2.00197E-001	-2.23221E+000	-2.00025E+000	3.07894E-004	11	..........a	-327.68
	2686	2687	-1.70616E+000	-2.00196E-001	-2.24176E+000	-2.00025E+000	2.91611E-004	11	..........a	-327.68
	2687	2688	-1.70936E+000	-2.00196E-001	-2.24209E+000	-2.00025E+000	2.95261E-004	11	..........a	-327.68
	2688	2689	-1.71096E+000	-2.00196E-001	-2.24638E+000	-2.00025E+000	2.94278E-004	11	..........a	-327.68
	2689	2690	-1.71176E+000	-2.00196E-001	-2.25087E+000	-2.00025E+000	2.88478E-004	11	..........a	-327.68
	2690	2691	-1.70776E+000	-2.00196E-001	-2.06844E+000	-2.00025E+000	2.92978E-004	11	..........a	-327.68
	2691	2692	-1.70816E+000	-2.00195E-001	-2.07777E+000	-2.00025E+000	2.96444E-004	11	..........a	-327.68
	2692	2693	-1.70856E+000	-2.00196E-001	-2.08469E+000	-2.00025E+000	3.06628E-004	11	..........a	-327.68
	2693	2694	-1.70896E+000	-2.00195E-001	-2.09101E+000	-2.00025E+000	2.91711E-004	11	..........a	-327.68
	2694	2695	-1.70856E+000	-2.00196E-001	-2.09919E+000	-2.00025E+000	2.91811E-004	11	..........a	-327.68
	2695	2696	-1.71016E+000	-2.00196E-001	-2.10574E+000	-2.00025E+000	2.88261E-004	11	..........a	-327.68
	2696	2697	-1.70696E+000	-2.00196E-001	-2.11688E+000	-2.00025E+000	2.84428E-004	11	..........a	-327.68
	2697	2698	-1.71136E+000	-2.00198E-001	-2.12067E+000	-2.00025E+000	3.41678E-004	11	..........a	-327.68
	2698	2699	-1.71096E+000	-2.00199E-001	-2.12382E+000	-2.00025E+000	3.34594E-004	11	..........a	-327.68
	2699	2700	-1.70776E+000	-2.00198E-001	-2.13282E+000	-2.00025E+000	3.34011E-004	11	..........a	-327.68
	2700	2701	-1.71176E+000	-2.00199E-001	-2.13573E+000	-2.00025E+000	3.36078E-004	11	..........a	-327.68
	2701	2702	-1.71096E+000	-2.00198E-001	-2.13917E+000	-2.00025E+000	3.40461E-004	11	..........a	-327.68
	2702	2703	-1.71216E+000	-2.00198E-001	-2.14058E+000	-2.00025E+000	3.40928E-004	11	..........a	-327.68
	2703	2704	-1.71016E+000	-2.00198E-001	-2.14711E+000	-2.00025E+000	3.33661E-004	11	..........a	-327.68
	2704	2705	-1.71176E+000	-2.00198E-001	-2.15444E+000	-2.00025E+000	3.32394E-004	11	..........a	-327.68
	2705	2706	-1.71176E+000	-2.00198E-001	-2.15901E+000	-2.00025E+000	3.47044E-004	11	..........a	-327.68
	2706	2707	-1.71056E+000	-2.00198E-001	-2.16581E+000	-2.00025E+000	3.47111E-004	11	..........a	-327.68
	2707	2708	-1.71256E+000	-2.00198E-001	-2.16518E+000	-2.00025E+000	3.41594E-004	11	..........a	-327.68
	2708	2709	-1.71096E+000	-2.00208E-001	-2.17296E+000	-2.00025E+000	7.44611E-004	11	..........a	-327.68
	2709	2710	-1.70856E+000	-2.00208E-001	-2.19124E+000	-2.00025E+000	7.45794E-004	11	..........a	-327.68
	2710	2711	-1.70696E+000	-2.00207E-001	-2.19800E+000	-2.00025E+000	7.36411E-004	11	..........a	-327.68
	2711	2712	-1.71096E+000	-2.00208E-001	-2.19431E+000	-2.00025E+000	7.47678E-004	11	..........a	-327.68
	2712	2713	-1.70936E+000	-2.00208E-001	-2.20246E+000	-2.00025E+000	7.32944E-004	11	..........a	-327.68
	2713	2714	-1.71016E+000	-2.00208E-001	-2.20913E+000	-2.00025E+000	7.40111E-004	11	..........a	-327.68
	2714	2715	-1.71096E+000	-2.00208E-001	-2.20897E+000	-2.00025E+000	7.44711E-004	11	..........a	-327.68
	2715	2716	-1.71256E+000	-2.00208E-001	-2.21554E+000	-2.00025E+000	7.36011E-004	11	..........a	-327.68
	2716	2717	-1.70976E+000	-2.00208E-001	-2.22198E+000	-2.00025E+000	7.31478E-004	11	..........a	-327.68
	2717	2718	-1.71336E+000	-2.00207E-001	-2.22620E+000	-2.00025E+000	7.23244E-004	11	..........a	-327.68
	2718	2719	-1.71176E+000	-2.00207E-001	-2.23307E+000	-2.00025E+000	7.17244E-004	11	..........a	-327.68
	2719	2720	-1.71176E+000	-2.00208E-001	-2.24328E+000	-2.00025E+000	7.39528E-004	11	..........a	-327.68
	2720	2721	-1.71376E+000	-2.00207E-001	-2.24369E+000	-2.00025E+000	7.39494E-004	11	..........a	-327.68
	2721	2722	-1.71096E+000	-2.00192E-001	-2.25151E+000	-2.00025E+000	1.81644E-004	11	..........a	-327.68
	2722	2723	-1.71336E+000	-2.00192E-001	-2.25255E+000	-2.00025E+000	1.83928E-004	11	..........a	-327.68
	2723	2724	-1.71256E+000	-2.00192E-001	-2.25943E+000	-2.00025E+000	1.85761E-004	11	..........a	-327.68
	2724	2725	-1.71416E+000	-2.00192E-001	-2.26167E+000	-2.00025E+000	1.80011E-004	11	..........a	-327.68
	2725	2726	-1.70936E+000	-2.00192E-001	-2.05743E+000	-2.00025E+000	1.87028E-004	11	..........a	-327.68
	2726	2727	-1.70936E+000	-2.00192E-001	-2.06070E+000	-2.00025E+000	1.92928E-004	11	..........a	-327.68
	2727	2728	-1.71016E+000	-2.00192E-001	-2.06525E+000	-2.00025E+000	1.88578E-004	11	..........a	-327.68
	2728	2729	-1.70856E+000	-2.00192E-001	-2.07190E+000	-2.00025E+000	1.77961E-004	11	..........a	-327.68
	2729	2730	-1.70856E+000	-2.00191E-001	-2.07557E+000	-2.00025E+000	1.72428E-004	11	..........a	-327.68
	2730	2731	-1.70856E+000	-2.00192E-001	-2.08107E+000	-2.00025E+000	1.92778E-004	11	..........a	-327.68
	2731	2732	-1.71176E+000	-2.00192E-001	-2.08248E+000	-2.00025E+000	1.83944E-004	11	..........a	-327.68
	2732	2733	-1.71136E+000	-2.00192E-001	-2.08923E+000	-2.00025E+000	1.89694E-004	11	..........a	-327.68
	2733	2734	-1.70936E+000	-2.00192E-001	-2.09559E+000	-2.00025E+000	1.88428E-004	11	..........a	-327.68
	2734	2735	-1.71176E+000	-2.00191E-001	-2.10138E+000	-2.00025E+000	1.77261E-004	11	..........a	-327.68
	2735	2736	-1.70936E+000	-2.00192E-001	-2.10898E+000	-2.00025E+000	1.92594E-004	11	..........a	-327.68
	2736	2737	-1.70936E+000	-2.00192E-001	-2.11591E+000	-2.00025E+000	1.84211E-004	11	..........a	-327.68
	2737	2738	-1.71096E+000	-2.00192E-001	-2.12144E+000	-2.00025E+000	1.70828E-004	11	..........a	-327.68
	2738	2739	-1.70936E+000	-2.00192E-001	-2.13219E+000	-2.00025E+000	1.75878E-004	11	..........a	-327.68
	2739	2740	-1.70936E+000	-2.00192E-001	-2.14532E+000	-2.00025E+000	1.84294E-004	11	..........a	-327.68
	2740	2741	-1.71176E+000	-2.00193E-001	-2.14712E+000	-2.00025E+000	1.73228E-004	11	..........a	-327.68
	2741	2742	-1.71256E+000	-2.00193E-001	-2.15435E+000	-2.00025E+000	1.78544E-004	11	..........a	-327.68
	2742	2743	-1.71176E+000	-2.00192E-001	-2.15940E+000	-2.00025E+000	1.89528E-004	11	..........a	-327.68
	2743	2744	-1.71336E+000	-2.00193E-001	-2.16700E+000	-2.00025E+000	1.86361E-004	11	..........a	-327.68
	2744	2745	-1.71176E+000	-2.00192E-001	-2.17346E+000	-2.00025E+000	1.74144E-004	11	..........a	-327.68
	2745	2746	-1.71176E+000	-2.00193E-001	-2.18689E+000	-2.00025E+000	1.73761E-004	11	..........a	-327.68
	2746	2747	-1.71176E+000	-2.00192E-001	-2.18998E+000	-2.00025E+000	1.71794E-004	11	..........a	-327.68
	2747	2748	-1.71336E+000	-2.00198E-001	-2.19261E+000	-2.00025E+000	2.92594E-004	11	..........a	-327.68
	2748	2749	-1.71296E+000	-2.00198E-001	-2.19645E+000	-2.00025E+000	2.94094E-004	11	..........a	-327.68
	2749	2750	-1.71336E+000	-2.00198E-001	-2.20234E+000	-2.00025E+000	2.99311E-004	11	..........a	-327.68
	2750	2751	-1.71296E+000	-2.00198E-001	-2.20760E+000	-2.00025E+000	2.98278E-004	11	..........a	-327.68
	2751	2752	-1.71176E+000	-2.00198E-001	-2.22393E+000	-2.00025E+000	2.94194E-004	11	..........a	-327.68
	2752	2753	-1.71096E+000	-2.00198E-001	-2.22738E+000	-2.00025E+000	2.96394E-004	11	..........a	-327.68
	2753	2754	-1.71176E+000	-2.00198E-001	-2.23274E+000	-2.00025E+000	2.98128E-004	11	..........a	-327.68
	2754	2755	-1.71176E+000	-2.00198E-001	-2.23239E+000	-2.00025E+000	2.99378E-004	11	..........a	-327.68
	2755	2756	-1.71376E+000	-2.00198E-001	-2.23284E+000	-2.00025E+000	2.99878E-004	11	..........a	-327.68
	2756	2757	-1.71056E+000	-2.00198E-001	-2.24170E+000	-2.00025E+000	2.96894E-004	11	..........a	-327.68
	2757	2758	-1.71016E+000	-2.00198E-001	-2.25393E+000	-2.00025E+000	2.97594E-004	11	..........a	-327.68
	2758	2759	-1.71096E+000	-2.00198E-001	-2.25737E+000	-2.00025E+000	3.01478E-004	11	..........a	-327.68
	2759	2760	-1.71256E+000	-2.00198E-001	-2.25462E+000	-2.00025E+000	3.01111E-004	11	..........a	-327.68
	2760	2761	-1.71096E+000	-2.00198E-001	-2.26693E+000	-2.00025E+000	2.97744E-004	11	..........a	-327.68
	2761	2762	-1.71096E+000	-2.00198E-001	-2.25586E+000	-2.00025E+000	2.95044E-004	11	..........a	-327.68
	2762	2763	-1.71096E+000	-2.00198E-001	-2.25899E+000	-2.00025E+000	2.88861E-004	11	..........a	-327.68
	2763	2764	-1.70776E+000	-2.00198E-001	-2.04692E+000	-2.00025E+000	2.91461E-004	11	..........a	-327.68
	2764	2765	-1.70536E+000	-2.00198E-001	-2.05282E+000	-2.00025E+000	2.95911E-004	11	..........a	-327.68
	2765	2766	-1.70856E+000	-2.00198E-001	-2.05725E+000	-2.00025E+000	2.94261E-004	11	..........a	-327.68
	2766	2767	-1.71016E+000	-2.00198E-001	-2.06477E+000	-2.00025E+000	2.94294E-004	11	..........a	-327.68
	2767	2768	-1.70936E+000	-2.00198E-001	-2.07358E+000	-2.00025E+000	3.04578E-004	11	..........a	-327.68
	2768	2769	-1.70936E+000	-2.00198E-001	-2.07950E+000	-2.00025E+000	3.10561E-004	11	..........a	-327.68
	2769	2770	-1.71096E+000	-2.00198E-001	-2.08537E+000	-2.00025E+000	3.00178E-004	11	..........a	-327.68
	2770	2771	-1.71256E+000	-2.00198E-001	-2.09038E+000	-2.00025E+000	3.04061E-004	11	..........a	-327.68
	2771	2772	-1.71096E+000	-2.00198E-001	-2.10174E+000	-2.00025E+000	3.17794E-004	11	..........a	-327.68
	2772	2773	-1.70936E+000	-2.00197E-001	-2.10822E+000	-2.00025E+000	3.17244E-004	11	..........a	-327.68
	2773	2774	-1.70856E+000	-2.00197E-001	-2.11787E+000	-2.00025E+000	3.21494E-004	11	..........a	-327.68
	2774	2775	-1.71096E+000	-2.00197E-001	-2.12205E+000	-2.00025E+000	3.19411E-004	11	..........a	-327.68
	2775	2776	-1.70936E+000	-2.00197E-001	-2.13024E+000	-2.00025E+000	3.14928E-004	11	..........a	-327.68
	2776	2777	-1.71096E+000	-2.00197E-001	-2.13734E+000	-2.00025E+000	3.17094E-004	11	..........a	-327.68
	2777	2778	-1.71256E+000	-2.00197E-001	-2.14401E+000	-2.00025E+000	3.11894E-004	11	..........a	-327.68
	2778	2779	-1.71336E+000	-2.00197E-001	-2.15115E+000	-2.00025E+000	3.14911E-004	11	..........a	-327.68
	2779	2780	-1.71296E+000	-2.00197E-001	-2.15689E+000	-2.00025E+000	3.09144E-004	11	..........a	-327.68
	2780	2781	-1.71096E+000	-2.00197E-001	-2.16442E+000	-2.00025E+000	3.11844E-004	11	..........a	-327.68
	2781	2782	-1.71256E+000	-2.00197E-001	-2.16797E+000	-2.00025E+000	3.12211E-004	11	..........a	-327.68
	2782	2783	-1.71336E+000	-2.00197E-001	-2.17438E+000	-2.00025E+000	3.18328E-004	11	..........a	-327.68
	2783	2784	-1.71216E+000	-2.00197E-001	-2.18033E+000	-2.00025E+000	3.17078E-004	11	..........a	-327.68
	2784	2785	-1.71096E+000	-2.00197E-001	-2.18833E+000	-2.00025E+000	3.23428E-004	11	..........a	-327.68
	2785	2786	-1.71216E+000	-2.00197E-001	-2.19189E+000	-2.00025E+000	3.18661E-004	11	..........a	-327.68
	2786	2787	-1.71016E+000	-2.00197E-001	-2.21318E+000	-2.00025E+000	3.16411E-004	11	..........a	-327.68
	2787	2788	-1.71096E+000	-2.00196E-001	-2.21906E+000	-2.00025E+000	3.14744E-004	11	..........a	-327.68
	2788	2789	-1.70896E+000	-2.00197E-001	-2.22197E+000	-2.00025E+000	3.16844E-004	11	..........a	-327.68
	2789	2790	-1.71336E+000	-2.00196E-001	-2.22232E+000	-2.00025E+000	3.19444E-004	11	..........a	-327.68
	2790	2791	-1.71136E+000	-2.00196E-001	-2.22749E+000	-2.00025E+000	3.21411E-004	11	..........a	-327.68
	2791	2792	-1.71096E+000	-2.00197E-001	-2.22363E+000	-2.00025E+000	3.20428E-004	11	..........a	-327.68
	2792	2793	-1.71256E+000	-2.00197E-001	-2.22287E+000	-2.00025E+000	3.24311E-004	11	..........a	-327.68
	2793	2794	-1.71176E+000	-2.00196E-001	-2.22743E+000	-2.00025E+000	3.13344E-004	11	..........a	-327.68
	2794	2795	-1.71016E+000	-2.00197E-001	-2.22895E+000	-2.00025E+000	3.16728E-004	11	..........a	-327.68
	2795	2796	-1.71256E+000	-2.00197E-001	-2.22601E+000	-2.00025E+000	3.13678E-004	11	..........a	-327.68
	2796	2797	-1.71016E+000	-2.00197E-001	-2.23127E+000	-2.00025E+000	3.14644E-004	11	..........a	-327.68
	2797	2798	-1.71096E+000	-2.00197E-001	-2.21652E+000	-2.00025E+000	3.27811E-004	11	..........a	-327.68
	2798	2799	-1.70696E+000	-2.00197E-001	-2.07567E+000	-2.00025E+000	3.14528E-004	11	..........a	-327.68
	2799	2800	-1.71056E+000	-2.00196E-001	-2.07769E+000	-2.00025E+000	2.41461E-004	11	..........a	-327.68
	2800	2801	-1.71016E+000	-2.00196E-001	-2.08209E+000	-2.00025E+000	2.50394E-004	11	..........a	-327.68
	2801	2802	-1.71016E+000	-2.00196E-001	-2.09301E+000	-2.00025E+000	2.50161E-004	11	..........a	-327.68
	2802	2803	-1.71176E+000	-2.00196E-001	-2.09821E+000	-2.00025E+000	2.47278E-004	11	..........a	-327.68
	2803	2804	-1.71016E+000	-2.00197E-001	-2.10861E+000	-2.00025E+000	2.46461E-004	11	..........a	-327.68
	2804	2805	-1.71016E+000	-2.00196E-001	-2.11572E+000	-2.00025E+000	2.61294E-004	11	..........a	-327.68
	2805	2806	-1.71176E+000	-2.00196E-001	-2.11821E+000	-2.00025E+000	2.50794E-004	11	..........a	-327.68
	2806	2807	-1.70936E+000	-2.00196E-001	-2.12471E+000	-2.00025E+000	2.50994E-004	11	..........a	-327.68
	2807	2808	-1.71016E+000	-2.00196E-001	-2.12942E+000	-2.00025E+000	2.47894E-004	11	..........a	-327.68
	2808	2809	-1.70936E+000	-2.00196E-001	-2.13813E+000	-2.00025E+000	2.49078E-004	11	..........a	-327.68
	2809	2810	-1.71176E+000	-2.00196E-001	-2.14338E+000	-2.00025E+000	2.53561E-004	11	..........a	-327.68
	2810	2811	-1.71096E+000	-2.00196E-001	-2.14753E+000	-2.00025E+000	2.50728E-004	11	..........a	-327.68
	2811	2812	-1.71056E+000	-2.00196E-001	-2.15094E+000	-2.00025E+000	2.50544E-004	11	..........a	-327.68
	2812	2813	-1.71176E+000	-2.00197E-001	-2.15640E+000	-2.00025E+000	2.54128E-004	11	..........a	-327.68
	2813	2814	-1.71176E+000	-2.00197E-001	-2.16150E+000	-2.00025E+000	2.52994E-004	11	..........a	-327.68
	2814	2815	-1.70816E+000	-2.00197E-001	-2.17420E+000	-2.00025E+000	2.54678E-004	11	..........a	-327.68
	2815	2816	-1.71216E+000	-2.00197E-001	-2.17492E+000	-2.00025E+000	2.53161E-004	11	..........a	-327.68
	2816	2817	-1.71336E+000	-2.00196E-001	-2.18233E+000	-2.00025E+000	2.54194E-004	11	..........a	-327.68
	2817	2818	-1.71216E+000	-2.00196E-001	-2.19558E+000	-2.00025E+000	2.59461E-004	11	..........a	-327.68
	2818	2819	-1.71176E+000	-2.00196E-001	-2.19932E+000	-2.00025E+000	2.58661E-004	11	..........a	-327.68
	2819	2820	-1.71096E+000	-2.00196E-001	-2.20528E+000	-2.00025E+000	2.59311E-004	11	..........a	-327.68
	2820	2821	-1.71256E+000	-2.00196E-001	-2.20844E+000	-2.00025E+000	2.53794E-004	11	..........a	-327.68
	2821	2822	-1.71096E+000	-2.00196E-001	-2.21391E+000	-2.00025E+000	2.57178E-004	11	..........a	-327.68
	2822	2823	-1.71056E+000	-2.00196E-001	-2.21528E+000	-2.00025E+000	2.59261E-004	11	..........a	-327.68
	2823	2824	-1.71016E+000	-2.00196E-001	-2.22253E+000	-2.00025E+000	2.61594E-004	11	..........a	-327.68
	2824	2825	-1.71176E+000	-2.00196E-001	-2.22695E+000	-2.00025E+000	2.74361E-004	11	..........a	-327.68
	2825	2826	-1.71016E+000	-2.00196E-001	-2.22887E+000	-2.00025E+000	1.53844E-004	11	..........a	-327.68
	2826	2827	-1.71256E+000	-2.00196E-001	-2.22935E+000	-2.00025E+000	1.55094E-004	11	..........a	-327.68
	2827	2828	-1.70936E+000	-2.00196E-001	-2.23716E+000	-2.00025E+000	1.52078E-004	11	..........a	-327.68
	2828	2829	-1.71096E+000	-2.00196E-001	-2.23425E+000	-2.00025E+000	1.58044E-004	11	..........a	-327.68
	2829	2830	-1.71176E+000	-2.00196E-001	-2.23085E+000	-2.00025E+000	1.57578E-004	11	..........a	-327.68
	2830	2831	-1.70936E+000	-2.00196E-001	-2.06366E+000	-2.00025E+000	1.55644E-004	11	..........a	-327.68
	2831	2832	-1.70936E+000	-2.00196E-001	-2.06622E+000	-2.00025E+000	1.64778E-004	11	..........a	-327.68
	2832	2833	-1.70936E+000	-2.00196E-001	-2.07173E+000	-2.00025E+000	1.73594E-004	11	..........a	-327.68
	2833	2834	-1.71016E+000	-2.00196E-001	-2.07753E+000	-2.00025E+000	1.63411E-004	11	..........a	-327.68
	2834	2835	-1.70936E+000	-2.00196E-001	-2.08757E+000	-2.00025E+000	1.64094E-004	11	..........a	-327.68
	2835	2836	-1.70936E+000	-2.00196E-001	-2.09785E+000	-2.00025E+000	1.60828E-004	11	..........a	-327.68
	2836	2837	-1.71096E+000	-2.00196E-001	-2.10031E+000	-2.00025E+000	1.62478E-004	11	..........a	-327.68
	2837	2838	-1.70856E+000	-2.00196E-001	-2.10973E+000	-2.00025E+000	1.65528E-004	11	..........a	-327.68
	2838	2839	-1.70856E+000	-2.00196E-001	-2.11806E+000	-2.00025E+000	1.54094E-004	11	..........a	-327.68
	2839	2840	-1.71016E+000	-2.00196E-001	-2.11983E+000	-2.00025E+000	1.52411E-004	11	..........a	-327.68
	2840	2841	-1.70696E+000	-2.00196E-001	-2.13240E+000	-2.00025E+000	1.48694E-004	11	..........a	-327.68
	2841	2842	-1.71176E+000	-2.00196E-001	-2.13419E+000	-2.00025E+000	1.40628E-004	11	..........a	-327.68
	2842	2843	-1.70776E+000	-2.00196E-001	-2.14596E+000	-2.00025E+000	1.61644E-004	11	..........a	-327.68
	2843	2844	-1.71336E+000	-2.00196E-001	-2.14721E+000	-2.00025E+000	1.52244E-004	11	..........a	-327.68
	2844	2845	-1.71336E+000	-2.00197E-001	-2.15538E+000	-2.00025E+000	1.54394E-004	11	..........a	-327.68
	2845	2846	-1.71176E+000	-2.00196E-001	-2.16570E+000	-2.00025E+000	1.53128E-004	11	..........a	-327.68
	2846	2847	-1.71256E+000	-2.00196E-001	-2.17090E+000	-2.00025E+000	1.51428E-004	11	..........a	-327.68
	2847	2848	-1.71256E+000	-2.00196E-001	-2.17745E+000	-2.00025E+000	1.60394E-004	11	..........a	-327.68
	2848	2849	-1.71136E+000	-2.00197E-001	-2.19425E+000	-2.00025E+000	1.53478E-004	11	..........a	-327.68
	2849	2850	-1.71296E+000	-2.00196E-001	-2.19692E+000	-2.00025E+000	1.57111E-004	11	..........a	-327.68
	2850	2851	-1.71016E+000	-2.00196E-001	-2.20688E+000	-2.00025E+000	1.47594E-004	11	..........a	-327.68
	2851	2852	-1.71256E+000	-2.00196E-001	-2.20708E+000	-2.00025E+000	2.94878E-004	11	..........a	-327.68
	2852	2853	-1.71176E+000	-2.00196E-001	-2.21236E+000	-2.00025E+000	2.96094E-004	11	..........a	-327.68
	2853	2854	-1.71136E+000	-2.00196E-001	-2.21749E+000	-2.00025E+000	2.96578E-004	11	..........a	-327.68
	2854	2855	-1.71016E+000	-2.00196E-001	-2.22898E+000	-2.00025E+000	2.91344E-004	11	..........a	-327.68
	2855	2856	-1.71096E+000	-2.00196E-001	-2.23246E+000	-2.00025E+000	2.88344E-004	11	..........a	-327.68
	2856	2857	-1.71096E+000	-2.00196E-001	-2.23437E+000	-2.00025E+000	2.92511E-004	11	..........a	-327.68
	2857	2858	-1.71016E+000	-2.00196E-001	-2.24362E+000	-2.00025E+000	2.80994E-004	11	..........a	-327.68
	2858	2859	-1.71096E+000	-2.00196E-001	-2.24563E+000	-2.00025E+000	2.92811E-004	11	..........a	-327.68
	2859	2860	-1.71256E+000	-2.00196E-001	-2.24816E+000	-2.00025E+000	2.87428E-004	11	..........a	-327.68
	2860	2861	-1.71096E+000	-2.00196E-001	-2.25281E+000	-2.00025E+000	2.91144E-004	11	..........a	-327.68
	2861	2862	-1.71096E+000	-2.00196E-001	-2.25816E+000	-2.00025E+000	2.91161E-004	11	..........a	-327.68
	2862	2863	-1.70856E+000	-2.00196E-001	-2.26124E+000	-2.00025E+000	3.07528E-004	11	..........a	-327.68
	2863	2864	-1.71176E+000	-2.00197E-001	-2.26254E+000	-2.00025E+000	3.14744E-004	11	..........a	-327.68
	2864	2865	-1.71416E+000	-2.00197E-001	-2.25683E+000	-2.00025E+000	3.03494E-004	11	..........a	-327.68
	2865	2866	-1.70576E+000	-2.00197E-001	-2.04690E+000	-2.00025E+000	3.05878E-004	11	..........a	-327.68
	2866	2867	-1.70856E+000	-2.00197E-001	-2.04913E+000	-2.00025E+000	3.10694E-004	11	..........a	-327.68
	2867	2868	-1.70776E+000	-2.00197E-001	-2.05653E+000	-2.00025E+000	3.14944E-004	11	..........a	-327.68
	2868	2869	-1.70776E+000	-2.00197E-001	-2.06308E+000	-2.00025E+000	3.13961E-004	11	..........a	-327.68
	2869	2870	-1.70616E+000	-2.00196E-001	-2.07156E+000	-2.00025E+000	3.21944E-004	11	..........a	-327.68
	2870	2871	-1.70856E+000	-2.00197E-001	-2.07674E+000	-2.00025E+000	3.10694E-004	11	..........a	-327.68
	2871	2872	-1.70536E+000	-2.00197E-001	-2.08937E+000	-2.00025E+000	3.05428E-004	11	..........a	-327.68
	2872	2873	-1.71056E+000	-2.00197E-001	-2.09105E+000	-2.00025E+000	3.07611E-004	11	..........a	-327.68
	2873	2874	-1.71096E+000	-2.00197E-001	-2.09583E+000	-2.00025E+000	3.10861E-004	11	..........a	-327.68
	2874	2875	-1.70536E+000	-2.00196E-001	-2.11221E+000	-2.00025E+000	3.08428E-004	11	..........a	-327.68
	2875	2876	-1.71336E+000	-2.00196E-001	-2.11303E+000	-2.00025E+000	3.01661E-004	11	..........a	-327.68
	2876	2877	-1.71016E+000	-2.00196E-001	-2.12594E+000	-2.00025E+000	3.03111E-004	11	..........a	-327.68
	2877	2878	-1.70616E+000	-2.00197E-001	-2.13279E+000	-2.00025E+000	3.10728E-004	11	..........a	-327.68
	2878	2879	-1.70616E+000	-2.00197E-001	-2.13746E+000	-2.00025E+000	3.06961E-004	11	..........a	-327.68
	2879	2880	-1.70776E+000	-2.00197E-001	-2.14012E+000	-2.00025E+000	3.04228E-004	11	..........a	-327.68
	2880	2881	-1.71176E+000	-2.00197E-001	-2.14248E+000	-2.00025E+000	3.04328E-004	11	..........a	-327.68
	2881	2882	-1.70696E+000	-2.00197E-001	-2.16087E+000	-2.00025E+000	3.06428E-004	11	..........a	-327.68
	2882	2883	-1.70936E+000	-2.00197E-001	-2.16190E+000	-2.00025E+000	3.14411E-004	11	..........a	-327.68
	2883	2884	-1.71296E+000	-2.00197E-001	-2.16319E+000	-2.00025E+000	3.12111E-004	11	..........a	-327.68
	2884	2885	-1.71176E+000	-2.00197E-001	-2.16935E+000	-2.00025E+000	3.07894E-004	11	..........a	-327.68
	2885	2886	-1.70856E+000	-2.00197E-001	-2.18055E+000	-2.00025E+000	2.95861E-004	11	..........a	-327.68
	2886	2887	-1.70696E+000	-2.00196E-001	-2.18795E+000	-2.00025E+000	3.12111E-004	11	..........a	-327.68
	2887	2888	-1.71056E+000	-2.00197E-001	-2.19250E+000	-2.00025E+000	3.07311E-004	11	..........a	-327.68
	2888	2889	-1.71656E+000	-2.00197E-001	-2.18990E+000	-2.00025E+000	3.14694E-004	11	..........a	-327.68
	2889	2890	-1.71336E+000	-2.00197E-001	-2.20110E+000	-2.00025E+000	3.09494E-004	11	..........a	-327.68
	2890	2891	-1.71136E+000	-2.00197E-001	-2.20912E+000	-2.00025E+000	3.05111E-004	11	..........a	-327.68
	2891	2892	-1.70616E+000	-2.00196E-001	-2.22688E+000	-2.00025E+000	3.09394E-004	11	..........a	-327.68
	2892	2893	-1.70616E+000	-2.00197E-001	-2.22583E+000	-2.00025E+000	3.08528E-004	11	..........a	-327.68
	2893	2894	-1.70776E+000	-2.00197E-001	-2.23147E+000	-2.00025E+000	3.02344E-004	11	..........a	-327.68
	2894	2895	-1.70776E+000	-2.00197E-001	-2.22724E+000	-2.00025E+000	3.09561E-004	11	..........a	-327.68
	2895	2896	-1.70816E+000	-2.00196E-001	-2.23104E+000	-2.00025E+000	3.06744E-004	11	..........a	-327.68
	2896	2897	-1.70616E+000	-2.00197E-001	-2.23658E+000	-2.00025E+000	3.02211E-004	11	..........a	-327.68
	2897	2898	-1.70936E+000	-2.00197E-001	-2.24159E+000	-2.00025E+000	3.02011E-004	11	..........a	-327.68
	2898	2899	-1.71016E+000	-2.00197E-001	-2.24419E+000	-2.00025E+000	3.06644E-004	11	..........a	-327.68
	2899	2900	-1.71056E+000	-2.00197E-001	-2.24406E+000	-2.00025E+000	3.02844E-004	11	..........a	-327.68
	2900	2901	-1.70856E+000	-2.00197E-001	-2.25193E+000	-2.00025E+000	3.09161E-004	11	..........a	-327.68
	2901	2902	-1.71096E+000	-2.00197E-001	-2.25449E+000	-2.00025E+000	3.10111E-004	11	..........a	-327.68
	2902	2903	-1.70776E+000	-2.00197E-001	-2.25918E+000	-2.00025E+000	3.17661E-004	11	..........a	-327.68
	2903	2904	-1.70936E+000	-2.00197E-001	-2.25771E+000	-2.00025E+000	3.05578E-004	11	..........a	-327.68
	2904	2905	-1.70616E+000	-2.00197E-001	-2.04363E+000	-2.00025E+000	3.05228E-004	11	..........a	-327.68
	2905	2906	-1.70216E+000	-2.00197E-001	-2.05317E+000	-2.00025E+000	3.05561E-004	11	..........a	-327.68
	2906	2907	-1.70416E+000	-2.00197E-001	-2.06176E+000	-2.00025E+000	3.08978E-004	11	..........a	-327.68
	2907	2908	-1.70696E+000	-2.00197E-001	-2.06426E+000	-2.00025E+000	3.03794E-004	11	..........a	-327.68
	2908	2909	-1.70776E+000	-2.00197E-001	-2.07310E+000	-2.00025E+000	3.11544E-004	11	..........a	-327.68
	2909	2910	-1.71216E+000	-2.00197E-001	-2.07613E+000	-2.00025E+000	3.09078E-004	11	..........a	-327.68
	2910	2911	-1.70616E+000	-2.00197E-001	-2.09143E+000	-2.00025E+000	3.04561E-004	11	..........a	-327.68
	2911	2912	-1.70816E+000	-2.00197E-001	-2.09543E+000	-2.00025E+000	3.11028E-004	11	..........a	-327.68
	2912	2913	-1.70856E+000	-2.00197E-001	-2.10242E+000	-2.00025E+000	3.07728E-004	11	..........a	-327.68
	2913	2914	-1.70696E+000	-2.00196E-001	-2.11068E+000	-2.00025E+000	3.11061E-004	11	..........a	-327.68
	2914	2915	-1.71336E+000	-2.00196E-001	-2.10675E+000	-2.00025E+000	3.12478E-004	11	..........a	-327.68
	2915	2916	-1.71176E+000	-2.00197E-001	-2.11500E+000	-2.00025E+000	3.09594E-004	11	..........a	-327.68
	2916	2917	-1.70736E+000	-2.00196E-001	-2.13392E+000	-2.00025E+000	3.04944E-004	11	..........a	-327.68
	2917	2918	-1.71016E+000	-2.00196E-001	-2.13595E+000	-2.00025E+000	3.08978E-004	11	..........a	-327.68
	2918	2919	-1.70856E+000	-2.00196E-001	-2.14573E+000	-2.00025E+000	3.06744E-004	11	..........a	-327.68
	2919	2920	-1.70856E+000	-2.00196E-001	-2.15265E+000	-2.00025E+000	3.03361E-004	11	..........a	-327.68
	2920	2921	-1.71096E+000	-2.00197E-001	-2.15525E+000	-2.00025E+000	3.11411E-004	11	..........a	-327.68
	2921	2922	-1.71336E+000	-2.00196E-001	-2.17479E+000	-2.00025E+000	3.11044E-004	11	..........a	-327.68
	2922	2923	-1.70496E+000	-2.00196E-001	-2.18696E+000	-2.00025E+000	3.08761E-004	11	..........a	-327.68
	2923	2924	-1.70536E+000	-2.00196E-001	-2.19212E+000	-2.00025E+000	3.05794E-004	11	..........a	-327.68
	2924	2925	-1.70616E+000	-2.00197E-001	-2.19553E+000	-2.00025E+000	3.11128E-004	11	..........a	-327.68
	2925	2926	-1.71256E+000	-2.00197E-001	-2.17500E+000	-2.00025E+000	3.05628E-004	11	..........a	-327.68
	2926	2927	-1.71096E+000	-2.00197E-001	-2.18074E+000	-2.00025E+000	3.10111E-004	11	..........a	-327.68
	2927	2928	-1.70616E+000	-2.00197E-001	-2.18687E+000	-2.00025E+000	3.11361E-004	11	..........a	-327.68
	2928	2929	-1.70776E+000	-2.00196E-001	-2.18746E+000	-2.00025E+000	3.06144E-004	11	..........a	-327.68
	2929	2930	-1.70976E+000	-2.00197E-001	-2.18924E+000	-2.00025E+000	3.06594E-004	11	..........a	-327.68
	2930	2931	-1.70856E+000	-2.00197E-001	-2.19757E+000	-2.00025E+000	3.06994E-004	11	..........a	-327.68
	2931	2932	-1.71016E+000	-2.00197E-001	-2.20291E+000	-2.00025E+000	3.09778E-004	11	..........a	-327.68
	2932	2933	-1.70696E+000	-2.00196E-001	-2.20686E+000	-2.00025E+000	3.08194E-004	11	..........a	-327.68
	2933	2934	-1.70736E+000	-2.00196E-001	-2.20267E+000	-2.00025E+000	3.14411E-004	11	..........a	-327.68
	2934	2935	-1.70456E+000	-2.00196E-001	-2.20660E+000	-2.00025E+000	3.09544E-004	11	..........a	-327.68
	2935	2936	-1.70296E+000	-2.00197E-001	-2.04453E+000	-2.00025E+000	3.07328E-004	11	..........a	-327.68
	2936	2937	-1.70776E+000	-2.00196E-001	-2.04925E+000	-2.00025E+000	3.10161E-004	11	..........a	-327.68
	2937	2938	-1.70856E+000	-2.00197E-001	-2.05895E+000	-2.00025E+000	3.12978E-004	11	..........a	-327.68
	2938	2939	-1.71336E+000	-2.00197E-001	-2.06240E+000	-2.00025E+000	3.06844E-004	11	..........a	-327.68
	2939	2940	-1.70776E+000	-2.00197E-001	-2.07160E+000	-2.00025E+000	3.11278E-004	11	..........a	-327.68
	2940	2941	-1.70856E+000	-2.00196E-001	-2.07796E+000	-2.00025E+000	3.10394E-004	11	..........a	-327.68
	2941	2942	-1.70616E+000	-2.00197E-001	-2.09338E+000	-2.00025E+000	3.11228E-004	11	..........a	-327.68
	2942	2943	-1.70736E+000	-2.00197E-001	-2.09791E+000	-2.00025E+000	3.11928E-004	11	..........a	-327.68
	2943	2944	-1.70696E+000	-2.00197E-001	-2.10365E+000	-2.00025E+000	3.15628E-004	11	..........a	-327.68
	2944	2945	-1.71096E+000	-2.00197E-001	-2.10931E+000	-2.00025E+000	3.11261E-004	11	..........a	-327.68
	2945	2946	-1.71216E+000	-2.00196E-001	-2.11741E+000	-2.00025E+000	3.15711E-004	11	..........a	-327.68
	2946	2947	-1.71296E+000	-2.00197E-001	-2.12305E+000	-2.00025E+000	3.06444E-004	11	..........a	-327.68
	2947	2948	-1.70696E+000	-2.00196E-001	-2.13545E+000	-2.00025E+000	3.05244E-004	11	..........a	-327.68
	2948	2949	-1.70696E+000	-2.00197E-001	-2.14201E+000	-2.00025E+000	3.06811E-004	11	..........a	-327.68
	2949	2950	-1.71016E+000	-2.00196E-001	-2.14349E+000	-2.00025E+000	3.10661E-004	11	..........a	-327.68
	2950	2951	-1.70456E+000	-2.00196E-001	-2.15737E+000	-2.00025E+000	3.07078E-004	11	..........a	-327.68
	2951	2952	-1.71256E+000	-2.00196E-001	-2.15221E+000	-2.00025E+000	3.10444E-004	11	..........a	-327.68
	2952	2953	-1.70736E+000	-2.00197E-001	-2.16010E+000	-2.00025E+000	3.11061E-004	11	..........a	-327.68
	2953	2954	-1.70856E+000	-2.00197E-001	-2.16475E+000	-2.00025E+000	3.09394E-004	11	..........a	-327.68
	2954	2955	-1.71016E+000	-2.00197E-001	-2.16587E+000	-2.00025E+000	3.10444E-004	11	..........a	-327.68
	2955	2956	-1.71256E+000	-2.00197E-001	-2.16689E+000	-2.00025E+000	3.11644E-004	11	..........a	-327.68
	2956	2957	-1.71256E+000	-2.00197E-001	-2.17182E+000	-2.00025E+000	3.03011E-004	11	..........a	-327.68
	2957	2958	-1.71056E+000	-2.00197E-001	-2.18435E+000	-2.00025E+000	3.05378E-004	11	..........a	-327.68
	2958	2959	-1.70776E+000	-2.00197E-001	-2.18881E+000	-2.00025E+000	3.04511E-004	11	..........a	-327.68
	2959	2960	-1.70776E+000	-2.00196E-001	-2.19185E+000	-2.00025E+000	2.98961E-004	11	..........a	-327.68
	2960	2961	-1.70816E+000	-2.00197E-001	-2.19477E+000	-2.00025E+000	3.05411E-004	11	..........a	-327.68
	2961	2962	-1.70376E+000	-2.00196E-001	-2.20211E+000	-2.00025E+000	3.04061E-004	11	..........a	-327.68
	2962	2963	-1.71016E+000	-2.00196E-001	-2.19899E+000	-2.00025E+000	3.16078E-004	11	..........a	-327.68
	2963	2964	-1.70616E+000	-2.00197E-001	-2.21254E+000	-2.00025E+000	3.15478E-004	11	..........a	-327.68
	2964	2965	-1.71016E+000	-2.00196E-001	-2.21170E+000	-2.00025E+000	3.05728E-004	11	..........a	-327.68
	2965	2966	-1.71336E+000	-2.00196E-001	-2.21210E+000	-2.00025E+000	3.10894E-004	11	..........a	-327.68
	2966	2967	-1.71096E+000	-2.00196E-001	-2.21739E+000	-2.00025E+000	3.10978E-004	11	..........a	-327.68
	2967	2968	-1.71016E+000	-2.00196E-001	-2.22594E+000	-2.00025E+000	3.02511E-004	11	..........a	-327.68
	2968	2969	-1.70696E+000	-2.00197E-001	-2.23247E+000	-2.00025E+000	3.05178E-004	11	..........a	-327.68
	2969	2970	-1.70856E+000	-2.00197E-001	-2.23019E+000	-2.00025E+000	3.03061E-004	11	..........a	-327.68
	2970	2971	-1.71056E+000	-2.00197E-001	-2.23039E+000	-2.00025E+000	3.10444E-004	11	..........a	-327.68
	2971	2972	-1.71016E+000	-2.00197E-001	-2.22755E+000	-2.00025E+000	3.06344E-004	11	..........a	-327.68
	2972	2973	-1.70296E+000	-2.00197E-001	-2.12500E+000	-2.00025E+000	3.07561E-004	11	..........a	-327.68
	2973	2974	-1.71016E+000	-2.00197E-001	-2.05268E+000	-2.00025E+000	3.03461E-004	11	..........a	-327.68
	2974	2975	-1.70776E+000	-2.00196E-001	-2.06158E+000	-2.00025E+000	3.02494E-004	11	..........a	-327.68
	2975	2976	-1.71176E+000	-2.00197E-001	-2.06541E+000	-2.00025E+000	3.08444E-004	11	..........a	-327.68
	2976	2977	-1.71376E+000	-2.00197E-001	-2.07160E+000	-2.00025E+000	3.00994E-004	11	..........a	-327.68
	2977	2978	-1.70856E+000	-2.00197E-001	-2.08816E+000	-2.00025E+000	3.07094E-004	11	..........a	-327.68
	2978	2979	-1.70376E+000	-2.00196E-001	-2.10462E+000	-2.00025E+000	3.08894E-004	11	..........a	-327.68
	2979	2980	-1.71216E+000	-2.00197E-001	-2.10970E+000	-2.00025E+000	3.03894E-004	11	..........a	-327.68
	2980	2981	-1.70616E+000	-2.00196E-001	-2.12321E+000	-2.00025E+000	3.03228E-004	11	..........a	-327.68
	2981	2982	-1.71176E+000	-2.00197E-001	-2.12325E+000	-2.00025E+000	3.04111E-004	11	..........a	-327.68
	2982	2983	-1.70776E+000	-2.00197E-001	-2.13557E+000	-2.00025E+000	3.03244E-004	11	..........a	-327.68
	2983	2984	-1.71216E+000	-2.00197E-001	-2.13705E+000	-2.00025E+000	3.01061E-004	11	..........a	-327.68
	2984	2985	-1.71016E+000	-2.00197E-001	-2.14881E+000	-2.00025E+000	3.01011E-004	11	..........a	-327.68
	2985	2986	-1.70936E+000	-2.00197E-001	-2.15002E+000	-2.00025E+000	3.07294E-004	11	..........a	-327.68
	2986	2987	-1.70936E+000	-2.00197E-001	-2.15120E+000	-2.00025E+000	3.01311E-004	11	..........a	-327.68
	2987	2988	-1.71176E+000	-2.00197E-001	-2.15142E+000	-2.00025E+000	3.08361E-004	11	..........a	-327.68
	2988	2989	-1.70936E+000	-2.00197E-001	-2.15470E+000	-2.00025E+000	3.05744E-004	11	..........a	-327.68
	2989	2990	-1.71256E+000	-2.00197E-001	-2.15617E+000	-2.00025E+000	3.07428E-004	11	..........a	-327.68
	2990	2991	-1.71176E+000	-2.00197E-001	-2.16470E+000	-2.00025E+000	3.03894E-004	11	..........a	-327.68
	2991	2992	-1.70456E+000	-2.00197E-001	-2.17311E+000	-2.00025E+000	3.04528E-004	11	..........a	-327.68
	2992	2993	-1.70696E+000	-2.00197E-001	-2.17411E+000	-2.00025E+000	3.01244E-004	11	..........a	-327.68
	2993	2994	-1.71176E+000	-2.00197E-001	-2.17319E+000	-2.00025E+000	3.02311E-004	11	..........a	-327.68
	2994	2995	-1.71056E+000	-2.00197E-001	-2.17922E+000	-2.00025E+000	3.03028E-004	11	..........a	-327.68
	2995	2996	-1.71416E+000	-2.00197E-001	-2.17838E+000	-2.00025E+000	3.03161E-004	11	..........a	-327.68
	2996	2997	-1.71016E+000	-2.00197E-001	-2.18363E+000	-2.00025E+000	3.04011E-004	11	..........a	-327.68
	2997	2998	-1.70856E+000	-2.00197E-001	-2.18664E+000	-2.00025E+000	2.94844E-004	11	..........a	-327.68
	2998	2999	-1.70856E+000	-2.00197E-001	-2.18818E+000	-2.00025E+000	2.87894E-004	11	..........a	-327.68
	2999	3000	-1.71216E+000	-2.00197E-001	-2.19190E+000	-2.00025E+000	2.89678E-004	11	..........a	-327.68
	3000	3001	-1.70696E+000	-2.00197E-001	-2.20167E+000	-2.00025E+000	2.95761E-004	11	..........a	-327.68
	3001	3002	-1.70696E+000	-2.00197E-001	-2.20209E+000	-2.00025E+000	2.94761E-004	11	..........a	-327.68
	3002	3003	-1.70616E+000	-2.00197E-001	-2.02089E+000	-2.00025E+000	2.98578E-004	11	..........a	-327.68
	3003	3004	-1.70776E+000	-2.00196E-001	-2.02993E+000	-2.00025E+000	3.06378E-004	11	..........a	-327.68
	3004	3005	-1.70576E+000	-2.00197E-001	-2.04792E+000	-2.00025E+000	3.01694E-004	11	..........a	-327.68
	3005	3006	-1.70776E+000	-2.00197E-001	-2.05451E+000	-2.00025E+000	3.04828E-004	11	..........a	-327.68
	3006	3007	-1.71016E+000	-2.00197E-001	-2.05735E+000	-2.00025E+000	3.05928E-004	11	..........a	-327.68
	3007	3008	-1.70776E+000	-2.00197E-001	-2.06399E+000	-2.00025E+000	2.98611E-004	11	..........a	-327.68
	3008	3009	-1.70776E+000	-2.00197E-001	-2.06743E+000	-2.00025E+000	2.91644E-004	11	..........a	-327.68
	3009	3010	-1.70896E+000	-2.00197E-001	-2.07633E+000	-2.00025E+000	2.96894E-004	11	..........a	-327.68
	3010	3011	-1.70896E+000	-2.00197E-001	-2.08047E+000	-2.00025E+000	2.97278E-004	11	..........a	-327.68
	3011	3012	-1.70856E+000	-2.00197E-001	-2.08157E+000	-2.00025E+000	2.98594E-004	11	..........a	-327.68
	3012	3013	-1.70696E+000	-2.00197E-001	-2.08910E+000	-2.00025E+000	2.96944E-004	11	..........a	-327.68
	3013	3014	-1.70936E+000	-2.00197E-001	-2.09846E+000	-2.00025E+000	2.99744E-004	11	..........a	-327.68
	3014	3015	-1.71096E+000	-2.00197E-001	-2.10154E+000	-2.00025E+000	2.98644E-004	11	..........a	-327.68
	3015	3016	-1.70696E+000	-2.00196E-001	-2.11064E+000	-2.00025E+000	3.72994E-004	11	..........a	-327.68
	3016	3017	-1.71016E+000	-2.00196E-001	-2.11230E+000	-2.00025E+000	3.72411E-004	11	..........a	-327.68
	3017	3018	-1.70616E+000	-2.00196E-001	-2.12178E+000	-2.00025E+000	3.68978E-004	11	..........a	-327.68
	3018	3019	-1.71016E+000	-2.00196E-001	-2.12214E+000	-2.00025E+000	3.69878E-004	11	..........a	-327.68
	3019	3020	-1.70856E+000	-2.00196E-001	-2.12649E+000	-2.00025E+000	3.84844E-004	11	..........a	-327.68
	3020	3021	-1.71096E+000	-2.00197E-001	-2.13483E+000	-2.00025E+000	3.82728E-004	11	..........a	-327.68
	3021	3022	-1.70856E+000	-2.00196E-001	-2.14011E+000	-2.00025E+000	3.70144E-004	11	..........a	-327.68
	3022	3023	-1.70856E+000	-2.00197E-001	-2.14325E+000	-2.00025E+000	3.80894E-004	11	..........a	-327.68
	3023	3024	-1.70856E+000	-2.00196E-001	-2.14701E+000	-2.00025E+000	3.64594E-004	11	..........a	-327.68
	3024	3025	-1.70856E+000	-2.00197E-001	-2.15224E+000	-2.00025E+000	3.78311E-004	11	..........a	-327.68
	3025	3026	-1.71016E+000	-2.00196E-001	-2.15575E+000	-2.00025E+000	3.74528E-004	11	..........a	-327.68
	3026	3027	-1.71016E+000	-2.00196E-001	-2.15965E+000	-2.00025E+000	3.79678E-004	11	..........a	-327.68
	3027	3028	-1.71096E+000	-2.00196E-001	-2.16750E+000	-2.00025E+000	3.81428E-004	11	..........a	-327.68
	3028	3029	-1.71016E+000	-2.00196E-001	-2.17099E+000	-2.00025E+000	3.65794E-004	11	..........a	-327.68
	3029	3030	-1.70936E+000	-2.00196E-001	-2.17770E+000	-2.00025E+000	3.78394E-004	11	..........a	-327.68
	3030	3031	-1.71016E+000	-2.00197E-001	-2.17984E+000	-2.00025E+000	3.83711E-004	11	..........a	-327.68
	3031	3032	-1.70856E+000	-2.00196E-001	-2.19254E+000	-2.00025E+000	3.72861E-004	11	..........a	-327.68
	3032	3033	-1.70776E+000	-2.00196E-001	-2.19234E+000	-2.00025E+000	3.76428E-004	11	..........a	-327.68
	3033	3034	-1.70936E+000	-2.00196E-001	-2.19536E+000	-2.00025E+000	3.71278E-004	11	..........a	-327.68
	3034	3035	-1.70696E+000	-2.00196E-001	-2.20338E+000	-2.00025E+000	3.66928E-004	11	..........a	-327.68
	3035	3036	-1.70936E+000	-2.00196E-001	-2.21112E+000	-2.00025E+000	3.83078E-004	11	..........a	-327.68
	3036	3037	-1.70936E+000	-2.00196E-001	-2.21804E+000	-2.00025E+000	3.77394E-004	11	..........a	-327.68
	3037	3038	-1.71016E+000	-2.00196E-001	-2.22461E+000	-2.00025E+000	3.64478E-004	11	..........a	-327.68
	3038	3039	-1.70776E+000	-2.00196E-001	-2.23328E+000	-2.00025E+000	3.73044E-004	11	..........a	-327.68
	3039	3040	-1.70856E+000	-2.00196E-001	-2.23798E+000	-2.00025E+000	3.68194E-004	11	..........a	-327.68
	3040	3041	-1.71016E+000	-2.00196E-001	-2.23783E+000	-2.00025E+000	3.76128E-004	11	..........a	-327.68
	3041	3042	-1.71016E+000	-2.00196E-001	-2.23916E+000	-2.00025E+000	3.61178E-004	11	..........a	-327.68
	3042	3043	-1.71016E+000	-2.00196E-001	-2.24183E+000	-2.00025E+000	3.68794E-004	11	..........a	-327.68
	3043	3044	-1.70616E+000	-2.00196E-001	-2.01703E+000	-2.00025E+000	3.75894E-004	11	..........a	-327.68
	3044	3045	-1.70776E+000	-2.00196E-001	-2.02271E+000	-2.00025E+000	3.66111E-004	11	..........a	-327.68
	3045	3046	-1.70856E+000	-2.00196E-001	-2.03065E+000	-2.00025E+000	3.66844E-004	11	..........a	-327.68
	3046	3047	-1.70856E+000	-2.00196E-001	-2.04165E+000	-2.00025E+000	3.73594E-004	11	..........a	-327.68
	3047	3048	-1.71016E+000	-2.00196E-001	-2.04970E+000	-2.00025E+000	3.69244E-004	11	..........a	-327.68
	3048	3049	-1.70776E+000	-2.00196E-001	-2.05679E+000	-2.00025E+000	3.84094E-004	11	..........a	-327.68
	3049	3050	-1.70856E+000	-2.00196E-001	-2.06411E+000	-2.00025E+000	3.75528E-004	11	..........a	-327.68
	3050	3051	-1.70856E+000	-2.00195E-001	-2.06861E+000	-2.00025E+000	3.67711E-004	11	..........a	-327.68
	3051	3052	-1.70936E+000	-2.00196E-001	-2.07478E+000	-2.00025E+000	3.76111E-004	11	..........a	-327.68
	3052	3053	-1.70776E+000	-2.00196E-001	-2.08299E+000	-2.00025E+000	3.67411E-004	11	..........a	-327.68
	3053	3054	-1.70856E+000	-2.00195E-001	-2.08867E+000	-2.00025E+000	3.52094E-004	11	..........a	-327.68
	3054	3055	-1.70936E+000	-2.00195E-001	-2.09555E+000	-2.00025E+000	3.54111E-004	11	..........a	-327.68
	3055	3056	-1.70856E+000	-2.00195E-001	-2.10349E+000	-2.00025E+000	3.42461E-004	11	..........a	-327.68
	3056	3057	-1.71016E+000	-2.00195E-001	-2.11327E+000	-2.00025E+000	3.51611E-004	11	..........a	-327.68
	3057	3058	-1.70856E+000	-2.00196E-001	-2.12036E+000	-2.00025E+000	3.63944E-004	11	..........a	-327.68
	3058	3059	-1.70616E+000	-2.00196E-001	-2.12813E+000	-2.00025E+000	3.65344E-004	11	..........a	-327.68
	3059	3060	-1.71016E+000	-2.00195E-001	-2.13036E+000	-2.00025E+000	3.75794E-004	11	..........a	-327.68
	3060	3061	-1.70856E+000	-2.00195E-001	-2.13605E+000	-2.00025E+000	3.73228E-004	11	..........a	-327.68
	3061	3062	-1.70856E+000	-2.00196E-001	-2.13895E+000	-2.00025E+000	3.66044E-004	11	..........a	-327.68
	3062	3063	-1.71016E+000	-2.00195E-001	-2.14357E+000	-2.00025E+000	3.68911E-004	11	..........a	-327.68
	3063	3064	-1.70856E+000	-2.00195E-001	-2.14744E+000	-2.00025E+000	3.61444E-004	11	..........a	-327.68
	3064	3065	-1.71096E+000	-2.00196E-001	-2.15046E+000	-2.00025E+000	3.64744E-004	11	..........a	-327.68
	3065	3066	-1.71176E+000	-2.00196E-001	-2.15605E+000	-2.00025E+000	3.67011E-004	11	..........a	-327.68
	3066	3067	-1.70936E+000	-2.00197E-001	-2.16542E+000	-2.00025E+000	3.69861E-004	11	..........a	-327.68
	3067	3068	-1.71016E+000	-2.00196E-001	-2.16983E+000	-2.00025E+000	3.75094E-004	11	..........a	-327.68
	3068	3069	-1.71016E+000	-2.00195E-001	-2.17477E+000	-2.00025E+000	3.70411E-004	11	..........a	-327.68
	3069	3070	-1.70936E+000	-2.00196E-001	-2.18051E+000	-2.00025E+000	3.71561E-004	11	..........a	-327.68
	3070	3071	-1.71176E+000	-2.00196E-001	-2.17974E+000	-2.00025E+000	3.65194E-004	11	..........a	-327.68
	3071	3072	-1.71176E+000	-2.00196E-001	-2.18309E+000	-2.00025E+000	3.62778E-004	11	..........a	-327.68
	3072	3073	-1.70856E+000	-2.00196E-001	-2.20119E+000	-2.00025E+000	3.68694E-004	11	..........a	-327.68
	3073	3074	-1.70616E+000	-2.00196E-001	-2.20580E+000	-2.00025E+000	3.62444E-004	11	..........a	-327.68
	3074	3075	-1.70856E+000	-2.00196E-001	-2.20959E+000	-2.00025E+000	3.75244E-004	11	..........a	-327.68
	3075	3076	-1.71096E+000	-2.00196E-001	-2.21068E+000	-2.00025E+000	3.60661E-004	11	..........a	-327.68
	3076	3077	-1.71096E+000	-2.00195E-001	-2.21599E+000	-2.00025E+000	3.78211E-004	11	..........a	-327.68
	3077	3078	-1.70856E+000	-2.00196E-001	-2.21452E+000	-2.00025E+000	3.57794E-004	11	..........a	-327.68
	3078	3079	-1.71016E+000	-2.00195E-001	-2.21700E+000	-2.00025E+000	3.68844E-004	11	..........a	-327.68
	3079	3080	-1.71016E+000	-2.00195E-001	-2.22384E+000	-2.00025E+000	3.69944E-004	11	..........a	-327.68
	3080	3081	-1.70936E+000	-2.00196E-001	-2.22738E+000	-2.00025E+000	3.81994E-004	11	..........a	-327.68
	3081	3082	-1.70856E+000	-2.00196E-001	-2.22660E+000	-2.00025E+000	3.77144E-004	11	..........a	-327.68
	3082	3083	-1.71016E+000	-2.00195E-001	-2.22706E+000	-2.00025E+000	3.62761E-004	11	..........a	-327.68
	3083	3084	-1.71016E+000	-2.00196E-001	-2.22979E+000	-2.00025E+000	3.68594E-004	11	..........a	-327.68
	3084	3085	-1.70616E+000	-2.00197E-001	-2.07407E+000	-2.00025E+000	3.24378E-004	11	..........a	-327.68
	3085	3086	-1.70936E+000	-2.00197E-001	-2.08235E+000	-2.00025E+000	3.30328E-004	11	..........a	-327.68
	3086	3087	-1.71056E+000	-2.00196E-001	-2.08879E+000	-2.00025E+000	3.32928E-004	11	..........a	-327.68
	3087	3088	-1.70896E+000	-2.00197E-001	-2.09354E+000	-2.00025E+000	3.31494E-004	11	..........a	-327.68
	3088	3089	-1.70976E+000	-2.00196E-001	-2.09985E+000	-2.00025E+000	3.24544E-004	11	..........a	-327.68
	3089	3090	-1.70936E+000	-2.00196E-001	-2.10724E+000	-2.00025E+000	3.25494E-004	11	..........a	-327.68
	3090	3091	-1.71016E+000	-2.00197E-001	-2.11200E+000	-2.00025E+000	3.24478E-004	11	..........a	-327.68
	3091	3092	-1.71096E+000	-2.00196E-001	-2.12011E+000	-2.00025E+000	3.31594E-004	11	..........a	-327.68
	3092	3093	-1.70976E+000	-2.00197E-001	-2.12755E+000	-2.00025E+000	3.33794E-004	11	..........a	-327.68
	3093	3094	-1.71016E+000	-2.00197E-001	-2.13443E+000	-2.00025E+000	3.28261E-004	11	..........a	-327.68
	3094	3095	-1.71256E+000	-2.00197E-001	-2.13860E+000	-2.00025E+000	3.20911E-004	11	..........a	-327.68
	3095	3096	-1.70856E+000	-2.00197E-001	-2.14980E+000	-2.00025E+000	3.32794E-004	11	..........a	-327.68
	3096	3097	-1.71176E+000	-2.00197E-001	-2.15210E+000	-2.00025E+000	3.28078E-004	11	..........a	-327.68
	3097	3098	-1.71216E+000	-2.00196E-001	-2.15762E+000	-2.00025E+000	3.22261E-004	11	..........a	-327.68
	3098	3099	-1.71136E+000	-2.00196E-001	-2.16454E+000	-2.00025E+000	3.25061E-004	11	..........a	-327.68
	3099	3100	-1.70616E+000	-2.00197E-001	-2.17702E+000	-2.00025E+000	3.20244E-004	11	..........a	-327.68
	3100	3101	-1.71016E+000	-2.00197E-001	-2.18253E+000	-2.00025E+000	3.22611E-004	11	..........a	-327.68
	3101	3102	-1.70936E+000	-2.00196E-001	-2.18490E+000	-2.00025E+000	3.32128E-004	11	..........a	-327.68
	3102	3103	-1.71016E+000	-2.00196E-001	-2.18752E+000	-2.00025E+000	3.35744E-004	11	..........a	-327.68
	3103	3104	-1.70936E+000	-2.00197E-001	-2.19081E+000	-2.00025E+000	3.31578E-004	11	..........a	-327.68
	3104	3105	-1.71096E+000	-2.00197E-001	-2.19472E+000	-2.00025E+000	3.24511E-004	11	..........a	-327.68
	3105	3106	-1.71176E+000	-2.00197E-001	-2.20064E+000	-2.00025E+000	3.25511E-004	11	..........a	-327.68
	3106	3107	-1.71296E+000	-2.00197E-001	-2.20650E+000	-2.00025E+000	3.35261E-004	11	..........a	-327.68
	3107	3108	-1.71096E+000	-2.00197E-001	-2.21620E+000	-2.00025E+000	3.26328E-004	11	..........a	-327.68
	3108	3109	-1.71456E+000	-2.00197E-001	-2.21804E+000	-2.00025E+000	3.26628E-004	11	..........a	-327.68
	3109	3110	-1.71176E+000	-2.00196E-001	-2.22361E+000	-2.00025E+000	3.27544E-004	11	..........a	-327.68
	3110	3111	-1.70776E+000	-2.00197E-001	-2.04583E+000	-2.00025E+000	4.33461E-004	11	..........a	-327.68
	3111	3112	-1.70696E+000	-2.00197E-001	-2.05183E+000	-2.00025E+000	4.30961E-004	11	..........a	-327.68
	3112	3113	-1.70656E+000	-2.00197E-001	-2.05957E+000	-2.00025E+000	4.40494E-004	11	..........a	-327.68
	3113	3114	-1.71016E+000	-2.00197E-001	-2.06207E+000	-2.00025E+000	4.38728E-004	11	..........a	-327.68
	3114	3115	-1.70856E+000	-2.00197E-001	-2.06920E+000	-2.00025E+000	4.40761E-004	11	..........a	-327.68
	3115	3116	-1.70856E+000	-2.00196E-001	-2.07770E+000	-2.00025E+000	4.36594E-004	11	..........a	-327.68
	3116	3117	-1.71016E+000	-2.00197E-001	-2.08192E+000	-2.00025E+000	4.31278E-004	11	..........a	-327.68
	3117	3118	-1.71016E+000	-2.00196E-001	-2.08879E+000	-2.00025E+000	4.21328E-004	11	..........a	-327.68
	3118	3119	-1.71016E+000	-2.00197E-001	-2.09904E+000	-2.00025E+000	4.26378E-004	11	..........a	-327.68
	3119	3120	-1.71016E+000	-2.00197E-001	-2.10700E+000	-2.00025E+000	4.35611E-004	11	..........a	-327.68
	3120	3121	-1.71096E+000	-2.00197E-001	-2.11418E+000	-2.00025E+000	4.36028E-004	11	..........a	-327.68
	3121	3122	-1.71016E+000	-2.00197E-001	-2.12279E+000	-2.00025E+000	4.26578E-004	11	..........a	-327.68
	3122	3123	-1.71016E+000	-2.00196E-001	-2.12752E+000	-2.00025E+000	4.40228E-004	11	..........a	-327.68
	3123	3124	-1.71096E+000	-2.00196E-001	-2.12821E+000	-2.00025E+000	4.39261E-004	11	..........a	-327.68
	3124	3125	-1.71096E+000	-2.00196E-001	-2.13153E+000	-2.00025E+000	4.37211E-004	11	..........a	-327.68
	3125	3126	-1.70856E+000	-2.00197E-001	-2.13964E+000	-2.00025E+000	4.31078E-004	11	..........a	-327.68
	3126	3127	-1.71016E+000	-2.00196E-001	-2.13957E+000	-2.00025E+000	4.32894E-004	11	..........a	-327.68
	3127	3128	-1.71096E+000	-2.00196E-001	-2.14405E+000	-2.00025E+000	4.21761E-004	11	..........a	-327.68
	3128	3129	-1.71176E+000	-2.00197E-001	-2.15155E+000	-2.00025E+000	4.31461E-004	11	..........a	-327.68
	3129	3130	-1.71176E+000	-2.00197E-001	-2.16027E+000	-2.00025E+000	4.39478E-004	11	..........a	-327.68
	3130	3131	-1.71176E+000	-2.00197E-001	-2.16678E+000	-2.00025E+000	4.34078E-004	11	..........a	-327.68
	3131	3132	-1.71256E+000	-2.00197E-001	-2.17462E+000	-2.00025E+000	4.36028E-004	11	..........a	-327.68
	3132	3133	-1.71176E+000	-2.00197E-001	-2.17891E+000	-2.00025E+000	4.32911E-004	11	..........a	-327.68
	3133	3134	-1.70936E+000	-2.00197E-001	-2.19488E+000	-2.00025E+000	4.29994E-004	11	..........a	-327.68
	3134	3135	-1.71096E+000	-2.00197E-001	-2.20127E+000	-2.00025E+000	4.30161E-004	11	..........a	-327.68
	3135	3136	-1.70936E+000	-2.00197E-001	-2.20837E+000	-2.00025E+000	4.24244E-004	11	..........a	-327.68
	3136	3137	-1.71096E+000	-2.00197E-001	-2.20655E+000	-2.00025E+000	4.30744E-004	11	..........a	-327.68
	3137	3138	-1.71096E+000	-2.00197E-001	-2.20997E+000	-2.00025E+000	4.33594E-004	11	..........a	-327.68
	3138	3139	-1.71176E+000	-2.00197E-001	-2.21117E+000	-2.00025E+000	4.26278E-004	11	..........a	-327.68
	3139	3140	-1.71176E+000	-2.00198E-001	-2.21446E+000	-2.00025E+000	4.33211E-004	11	..........a	-327.68
	3140	3141	-1.70936E+000	-2.00197E-001	-2.21880E+000	-2.00025E+000	4.30144E-004	11	..........a	-327.68
	3141	3142	-1.71096E+000	-2.00197E-001	-2.22329E+000	-2.00025E+000	4.29561E-004	11	..........a	-327.68
	3142	3143	-1.71336E+000	-2.00197E-001	-2.22688E+000	-2.00025E+000	4.35628E-004	11	..........a	-327.68
	3143	3144	-1.70696E+000	-2.00198E-001	-2.23201E+000	-2.00025E+000	4.31578E-004	11	..........a	-327.68
	3144	3145	-1.71016E+000	-2.00197E-001	-2.23601E+000	-2.00025E+000	4.23561E-004	11	..........a	-327.68
	3145	3146	-1.70936E+000	-2.00197E-001	-2.24003E+000	-2.00025E+000	4.31844E-004	11	..........a	-327.68
	3146	3147	-1.71176E+000	-2.00197E-001	-2.24167E+000	-2.00025E+000	4.28428E-004	11	..........a	-327.68
	3147	3148	-1.70856E+000	-2.00197E-001	-2.03037E+000	-2.00025E+000	4.34228E-004	11	..........a	-327.68
	3148	3149	-1.70856E+000	-2.00197E-001	-2.03690E+000	-2.00025E+000	4.33061E-004	11	..........a	-327.68
	3149	3150	-1.70856E+000	-2.00197E-001	-2.04012E+000	-2.00025E+000	3.28444E-004	11	..........a	-327.68
	3150	3151	-1.70856E+000	-2.00197E-001	-2.04681E+000	-2.00025E+000	3.37311E-004	11	..........a	-327.68
	3151	3152	-1.70856E+000	-2.00197E-001	-2.05168E+000	-2.00025E+000	3.37044E-004	11	..........a	-327.68
	3152	3153	-1.70856E+000	-2.00196E-001	-2.05996E+000	-2.00025E+000	3.51194E-004	11	..........a	-327.68
	3153	3154	-1.70616E+000	-2.00197E-001	-2.06726E+000	-2.00025E+000	3.39294E-004	11	..........a	-327.68
	3154	3155	-1.71016E+000	-2.00197E-001	-2.07110E+000	-2.00025E+000	3.46694E-004	11	..........a	-327.68
	3155	3156	-1.71096E+000	-2.00197E-001	-2.07414E+000	-2.00025E+000	3.37761E-004	11	..........a	-327.68
	3156	3157	-1.71016E+000	-2.00197E-001	-2.08863E+000	-2.00025E+000	3.38611E-004	11	..........a	-327.68
	3157	3158	-1.71096E+000	-2.00197E-001	-2.09652E+000	-2.00025E+000	3.35878E-004	11	..........a	-327.68
	3158	3159	-1.70936E+000	-2.00197E-001	-2.11374E+000	-2.00025E+000	3.41261E-004	11	..........a	-327.68
	3159	3160	-1.71056E+000	-2.00197E-001	-2.12079E+000	-2.00025E+000	3.44411E-004	11	..........a	-327.68
	3160	3161	-1.71056E+000	-2.00197E-001	-2.12810E+000	-2.00025E+000	3.43528E-004	11	..........a	-327.68
	3161	3162	-1.70936E+000	-2.00198E-001	-2.12645E+000	-2.00025E+000	3.46578E-004	11	..........a	-327.68
	3162	3163	-1.71176E+000	-2.00202E-001	-2.13294E+000	-2.00025E+000	2.74361E-004	11	..........a	-327.68
	3163	3164	-1.71176E+000	-2.00202E-001	-2.14831E+000	-2.00025E+000	2.73711E-004	11	..........a	-327.68
	3164	3165	-1.71096E+000	-2.00202E-001	-2.15349E+000	-2.00025E+000	2.73028E-004	11	..........a	-327.68
	3165	3166	-1.71256E+000	-2.00202E-001	-2.15467E+000	-2.00025E+000	2.86894E-004	11	..........a	-327.68
	3166	3167	-1.71256E+000	-2.00202E-001	-2.15784E+000	-2.00025E+000	2.78161E-004	11	..........a	-327.68
	3167	3168	-1.71016E+000	-2.00202E-001	-2.17047E+000	-2.00025E+000	2.79078E-004	11	..........a	-327.68
	3168	3169	-1.71216E+000	-2.00202E-001	-2.17403E+000	-2.00025E+000	2.88044E-004	11	..........a	-327.68
	3169	3170	-1.71256E+000	-2.00202E-001	-2.18026E+000	-2.00025E+000	2.80461E-004	11	..........a	-327.68
	3170	3171	-1.71096E+000	-2.00202E-001	-2.18840E+000	-2.00025E+000	2.77294E-004	11	..........a	-327.68
	3171	3172	-1.71016E+000	-2.00202E-001	-2.18928E+000	-2.00025E+000	2.84844E-004	11	..........a	-327.68
	3172	3173	-1.71096E+000	-2.00202E-001	-2.18974E+000	-2.00025E+000	2.91828E-004	11	..........a	-327.68
	3173	3174	-1.70896E+000	-2.00202E-001	-2.19783E+000	-2.00025E+000	2.85594E-004	11	..........a	-327.68
	3174	3175	-1.71096E+000	-2.00202E-001	-2.20286E+000	-2.00025E+000	2.83428E-004	11	..........a	-327.68
	3175	3176	-1.70936E+000	-2.00201E-001	-2.21199E+000	-2.00025E+000	2.91594E-004	11	..........a	-327.68
	3176	3177	-1.70776E+000	-2.00202E-001	-2.23020E+000	-2.00025E+000	2.85594E-004	11	..........a	-327.68
	3177	3178	-1.70696E+000	-2.00202E-001	-2.23198E+000	-2.00025E+000	2.79011E-004	11	..........a	-327.68
	3178	3179	-1.70936E+000	-2.00202E-001	-2.23355E+000	-2.00025E+000	2.81144E-004	11	..........a	-327.68
	3179	3180	-1.71016E+000	-2.00202E-001	-2.23490E+000	-2.00025E+000	2.80578E-004	11	..........a	-327.68
	3180	3181	-1.70936E+000	-2.00202E-001	-2.24006E+000	-2.00025E+000	2.89544E-004	11	..........a	-327.68
	3181	3182	-1.70936E+000	-2.00202E-001	-2.23463E+000	-2.00025E+000	2.91411E-004	11	..........a	-327.68
	3182	3183	-1.70856E+000	-2.00201E-001	-2.24085E+000	-2.00025E+000	2.89794E-004	11	..........a	-327.68
	3183	3184	-1.70976E+000	-2.00202E-001	-2.24031E+000	-2.00025E+000	2.90644E-004	11	..........a	-327.68
	3184	3185	-1.71176E+000	-2.00202E-001	-2.23834E+000	-2.00025E+000	2.83028E-004	11	..........a	-327.68
	3185	3186	-1.70616E+000	-2.00203E-001	-2.10671E+000	-2.00025E+000	2.85294E-004	11	..........a	-327.68
	3186	3187	-1.70776E+000	-2.00202E-001	-2.04859E+000	-2.00025E+000	2.87928E-004	11	..........a	-327.68
	3187	3188	-1.70936E+000	-2.00202E-001	-2.05641E+000	-2.00025E+000	2.87561E-004	11	..........a	-327.68
	3188	3189	-1.70936E+000	-2.00202E-001	-2.06272E+000	-2.00025E+000	2.84011E-004	11	..........a	-327.68
	3189	3190	-1.71016E+000	-2.00202E-001	-2.06894E+000	-2.00025E+000	2.89028E-004	11	..........a	-327.68
	3190	3191	-1.71016E+000	-2.00202E-001	-2.07342E+000	-2.00025E+000	2.84078E-004	11	..........a	-327.68
	3191	3192	-1.71016E+000	-2.00202E-001	-2.08173E+000	-2.00025E+000	2.77961E-004	11	..........a	-327.68
	3192	3193	-1.70856E+000	-2.00202E-001	-2.08492E+000	-2.00025E+000	2.82011E-004	11	..........a	-327.68
	3193	3194	-1.70856E+000	-2.00202E-001	-2.09198E+000	-2.00025E+000	2.81128E-004	11	..........a	-327.68
	3194	3195	-1.71016E+000	-2.00202E-001	-2.09935E+000	-2.00025E+000	2.73661E-004	11	..........a	-327.68
	3195	3196	-1.70936E+000	-2.00201E-001	-2.10870E+000	-2.00025E+000	2.81661E-004	11	..........a	-327.68
	3196	3197	-1.71016E+000	-2.00201E-001	-2.11445E+000	-2.00025E+000	2.91444E-004	11	..........a	-327.68
	3197	3198	-1.71056E+000	-2.00201E-001	-2.11940E+000	-2.00025E+000	2.87561E-004	11	..........a	-327.68
	3198	3199	-1.71096E+000	-2.00202E-001	-2.12512E+000	-2.00025E+000	2.84628E-004	11	..........a	-327.68
	3199	3200	-1.71056E+000	-2.00201E-001	-2.13147E+000	-2.00025E+000	2.76944E-004	11	..........a	-327.68
	3200	3201	-1.70856E+000	-2.00202E-001	-2.14604E+000	-2.00025E+000	2.89794E-004	11	..........a	-327.68
	3201	3202	-1.71016E+000	-2.00202E-001	-2.14890E+000	-2.00025E+000	2.86978E-004	11	..........a	-327.68
	3202	3203	-1.71096E+000	-2.00201E-001	-2.15386E+000	-2.00025E+000	2.82511E-004	11	..........a	-327.68
	3203	3204	-1.70936E+000	-2.00201E-001	-2.15887E+000	-2.00025E+000	2.90678E-004	11	..........a	-327.68
	3204	3205	-1.71096E+000	-2.00202E-001	-2.16367E+000	-2.00025E+000	2.80628E-004	11	..........a	-327.68
	3205	3206	-1.71176E+000	-2.00202E-001	-2.16635E+000	-2.00025E+000	2.73711E-004	11	..........a	-327.68
	3206	3207	-1.71096E+000	-2.00201E-001	-2.17404E+000	-2.00025E+000	2.81178E-004	11	..........a	-327.68
	3207	3208	-1.71016E+000	-2.00202E-001	-2.16252E+000	-2.00025E+000	2.76844E-004	11	..........a	-327.68
	3208	3209	-1.70936E+000	-2.00201E-001	-2.17190E+000	-2.00025E+000	2.81344E-004	11	..........a	-327.68
	3209	3210	-1.71096E+000	-2.00201E-001	-2.17429E+000	-2.00025E+000	2.75261E-004	11	..........a	-327.68
	3210	3211	-1.71096E+000	-2.00201E-001	-2.17823E+000	-2.00025E+000	2.74394E-004	11	..........a	-327.68
	3211	3212	-1.71096E+000	-2.00201E-001	-2.18269E+000	-2.00025E+000	2.80928E-004	11	..........a	-327.68
	3212	3213	-1.70936E+000	-2.00201E-001	-2.18707E+000	-2.00025E+000	2.81761E-004	11	..........a	-327.68
	3213	3214	-1.70936E+000	-2.00202E-001	-2.19730E+000	-2.00025E+000	2.86861E-004	11	..........a	-327.68
	3214	3215	-1.70856E+000	-2.00201E-001	-2.19940E+000	-2.00025E+000	2.69844E-004	11	..........a	-327.68
	3215	3216	-1.70936E+000	-2.00202E-001	-2.20454E+000	-2.00025E+000	2.78828E-004	11	..........a	-327.68
	3216	3217	-1.70696E+000	-2.00197E-001	-2.20306E+000	-2.00025E+000	3.21528E-004	11	..........a	-327.68
	3217	3218	-1.71096E+000	-2.00197E-001	-2.20376E+000	-2.00025E+000	3.31911E-004	11	..........a	-327.68
	3218	3219	-1.70776E+000	-2.00196E-001	-2.20846E+000	-2.00025E+000	3.31794E-004	11	..........a	-327.68
	3219	3220	-1.71096E+000	-2.00196E-001	-2.20837E+000	-2.00025E+000	3.29811E-004	11	..........a	-327.68
	3220	3221	-1.70856E+000	-2.00196E-001	-2.01859E+000	-2.00025E+000	3.27528E-004	11	..........a	-327.68
	3221	3222	-1.70936E+000	-2.00196E-001	-2.02497E+000	-2.00025E+000	3.23411E-004	11	..........a	-327.68
	3222	3223	-1.70936E+000	-2.00197E-001	-2.03132E+000	-2.00025E+000	3.30644E-004	11	..........a	-327.68
	3223	3224	-1.70856E+000	-2.00197E-001	-2.03884E+000	-2.00025E+000	3.30228E-004	11	..........a	-327.68
	3224	3225	-1.70856E+000	-2.00197E-001	-2.04586E+000	-2.00025E+000	3.32244E-004	11	..........a	-327.68
	3225	3226	-1.70936E+000	-2.00196E-001	-2.05255E+000	-2.00025E+000	3.28844E-004	11	..........a	-327.68
	3226	3227	-1.71016E+000	-2.00197E-001	-2.05948E+000	-2.00025E+000	3.29244E-004	11	..........a	-327.68
	3227	3228	-1.70936E+000	-2.00196E-001	-2.06573E+000	-2.00025E+000	3.38261E-004	11	..........a	-327.68
	3228	3229	-1.70696E+000	-2.00197E-001	-2.07596E+000	-2.00025E+000	3.40411E-004	11	..........a	-327.68
	3229	3230	-1.70776E+000	-2.00197E-001	-2.07955E+000	-2.00025E+000	3.35811E-004	11	..........a	-327.68
	3230	3231	-1.70856E+000	-2.00197E-001	-2.08872E+000	-2.00025E+000	3.29328E-004	11	..........a	-327.68
	3231	3232	-1.70616E+000	-2.00197E-001	-2.09356E+000	-2.00025E+000	3.38061E-004	11	..........a	-327.68
	3232	3233	-1.71016E+000	-2.00196E-001	-2.09605E+000	-2.00025E+000	3.39394E-004	11	..........a	-327.68
	3233	3234	-1.71016E+000	-2.00196E-001	-2.09976E+000	-2.00025E+000	3.40411E-004	11	..........a	-327.68
	3234	3235	-1.70936E+000	-2.00196E-001	-2.10300E+000	-2.00025E+000	3.44544E-004	11	..........a	-327.68
	3235	3236	-1.71016E+000	-2.00197E-001	-2.10545E+000	-2.00025E+000	3.41128E-004	11	..........a	-327.68
	3236	3237	-1.71016E+000	-2.00196E-001	-2.11103E+000	-2.00025E+000	3.38794E-004	11	..........a	-327.68
	3237	3238	-1.70776E+000	-2.00196E-001	-2.11799E+000	-2.00025E+000	3.36278E-004	11	..........a	-327.68
	3238	3239	-1.70856E+000	-2.00196E-001	-2.12450E+000	-2.00025E+000	3.38078E-004	11	..........a	-327.68
	3239	3240	-1.70936E+000	-2.00197E-001	-2.13058E+000	-2.00025E+000	3.38828E-004	11	..........a	-327.68
	3240	3241	-1.70936E+000	-2.00196E-001	-2.13560E+000	-2.00025E+000	3.36394E-004	11	..........a	-327.68
	3241	3242	-1.71016E+000	-2.00196E-001	-2.14207E+000	-2.00025E+000	3.44278E-004	11	..........a	-327.68
	3242	3243	-1.70616E+000	-2.00197E-001	-2.15027E+000	-2.00025E+000	3.41444E-004	11	..........a	-327.68
	3243	3244	-1.70856E+000	-2.00197E-001	-2.15317E+000	-2.00025E+000	3.39161E-004	11	..........a	-327.68
	3244	3245	-1.70776E+000	-2.00197E-001	-2.15725E+000	-2.00025E+000	3.39328E-004	11	..........a	-327.68
	3245	3246	-1.70776E+000	-2.00196E-001	-2.16159E+000	-2.00025E+000	3.38628E-004	11	..........a	-327.68
	3246	3247	-1.70936E+000	-2.00197E-001	-2.16438E+000	-2.00025E+000	3.40744E-004	11	..........a	-327.68
	3247	3248	-1.70856E+000	-2.00197E-001	-2.17192E+000	-2.00025E+000	3.42261E-004	11	..........a	-327.68
	3248	3249	-1.71016E+000	-2.00197E-001	-2.17384E+000	-2.00025E+000	3.39244E-004	11	..........a	-327.68
	3249	3250	-1.70776E+000	-2.00197E-001	-2.18392E+000	-2.00025E+000	3.38811E-004	11	..........a	-327.68
	3250	3251	-1.70816E+000	-2.00197E-001	-2.18279E+000	-2.00025E+000	3.40044E-004	11	..........a	-327.68
	3251	3252	-1.70936E+000	-2.00196E-001	-2.18533E+000	-2.00025E+000	3.45578E-004	11	..........a	-327.68
	3252	3253	-1.70856E+000	-2.00197E-001	-2.18091E+000	-2.00025E+000	3.42178E-004	11	..........a	-327.68
	3253	3254	-1.70856E+000	-2.00197E-001	-2.18402E+000	-2.00025E+000	3.12494E-004	11	..........a	-327.68
	3254	3255	-1.70856E+000	-2.00197E-001	-2.18820E+000	-2.00025E+000	3.16544E-004	11	..........a	-327.68
	3255	3256	-1.70456E+000	-2.00197E-001	-2.19454E+000	-2.00025E+000	3.14344E-004	11	..........a	-327.68
	3256	3257	-1.70856E+000	-2.00196E-001	-2.19347E+000	-2.00025E+000	3.14744E-004	11	..........a	-327.68
	3257	3258	-1.70456E+000	-2.00197E-001	-2.00279E+000	-2.00025E+000	3.16428E-004	11	..........a	-327.68
	3258	3259	-1.70536E+000	-2.00197E-001	-2.01360E+000	-2.00025E+000	3.12561E-004	11	..........a	-327.68
	3259	3260	-1.70696E+000	-2.00196E-001	-2.01454E+000	-2.00025E+000	3.13478E-004	11	..........a	-327.68
	3260	3261	-1.70536E+000	-2.00196E-001	-2.03224E+000	-2.00025E+000	3.21378E-004	11	..........a	-327.68
	3261	3262	-1.70856E+000	-2.00197E-001	-2.03895E+000	-2.00025E+000	3.24628E-004	11	..........a	-327.68
	3262	3263	-1.70856E+000	-2.00197E-001	-2.04772E+000	-2.00025E+000	3.21928E-004	11	..........a	-327.68
	3263	3264	-1.70856E+000	-2.00197E-001	-2.05553E+000	-2.00025E+000	3.20544E-004	11	..........a	-327.68
	3264	3265	-1.71016E+000	-2.00197E-001	-2.06649E+000	-2.00025E+000	3.10861E-004	11	..........a	-327.68
	3265	3266	-1.70896E+000	-2.00197E-001	-2.07066E+000	-2.00025E+000	3.10044E-004	11	..........a	-327.68
	3266	3267	-1.70816E+000	-2.00197E-001	-2.07310E+000	-2.00025E+000	3.17711E-004	11	..........a	-327.68
	3267	3268	-1.70936E+000	-2.00197E-001	-2.07869E+000	-2.00025E+000	3.23044E-004	11	..........a	-327.68
	3268	3269	-1.70696E+000	-2.00197E-001	-2.08756E+000	-2.00025E+000	3.26128E-004	11	..........a	-327.68
	3269	3270	-1.70776E+000	-2.00196E-001	-2.09154E+000	-2.00025E+000	3.24494E-004	11	..........a	-327.68
	3270	3271	-1.70856E+000	-2.00197E-001	-2.09234E+000	-2.00025E+000	3.24694E-004	11	..........a	-327.68
	3271	3272	-1.70936E+000	-2.00197E-001	-2.09830E+000	-2.00025E+000	3.12361E-004	11	..........a	-327.68
	3272	3273	-1.70776E+000	-2.00197E-001	-2.10864E+000	-2.00025E+000	3.18128E-004	11	..........a	-327.68
	3273	3274	-1.71016E+000	-2.00197E-001	-2.11255E+000	-2.00025E+000	3.19778E-004	11	..........a	-327.68
	3274	3275	-1.71176E+000	-2.00197E-001	-2.11627E+000	-2.00025E+000	3.18444E-004	11	..........a	-327.68
	3275	3276	-1.70896E+000	-2.00197E-001	-2.12601E+000	-2.00025E+000	3.12544E-004	11	..........a	-327.68
	3276	3277	-1.70856E+000	-2.00197E-001	-2.13344E+000	-2.00025E+000	3.20144E-004	11	..........a	-327.68
	3277	3278	-1.70576E+000	-2.00196E-001	-2.14050E+000	-2.00025E+000	2.89194E-004	11	..........a	-327.68
	3278	3279	-1.70776E+000	-2.00196E-001	-2.14428E+000	-2.00025E+000	2.79278E-004	11	..........a	-327.68
	3279	3280	-1.70616E+000	-2.00195E-001	-2.15408E+000	-2.00025E+000	2.81344E-004	11	..........a	-327.68
	3280	3281	-1.70936E+000	-2.00196E-001	-2.15697E+000	-2.00025E+000	2.78244E-004	11	..........a	-327.68
	3281	3282	-1.70896E+000	-2.00196E-001	-2.16617E+000	-2.00025E+000	2.79294E-004	11	..........a	-327.68
	3282	3283	-1.70696E+000	-2.00196E-001	-2.17145E+000	-2.00025E+000	2.75428E-004	11	..........a	-327.68
	3283	3284	-1.71016E+000	-2.00195E-001	-2.17105E+000	-2.00025E+000	2.75294E-004	11	..........a	-327.68
	3284	3285	-1.71176E+000	-2.00196E-001	-2.17346E+000	-2.00025E+000	2.83978E-004	11	..........a	-327.68
	3285	3286	-1.70856E+000	-2.00195E-001	-2.17569E+000	-2.00025E+000	2.81128E-004	11	..........a	-327.68
	3286	3287	-1.70656E+000	-2.00196E-001	-2.18871E+000	-2.00025E+000	2.85361E-004	11	..........a	-327.68
	3287	3288	-1.70856E+000	-2.00196E-001	-2.18697E+000	-2.00025E+000	2.86644E-004	11	..........a	-327.68
	3288	3289	-1.70696E+000	-2.00195E-001	-2.19155E+000	-2.00025E+000	2.82794E-004	11	..........a	-327.68
	3289	3290	-1.70856E+000	-2.00195E-001	-2.19225E+000	-2.00025E+000	2.80994E-004	11	..........a	-327.68
	3290	3291	-1.70576E+000	-2.00196E-001	-2.19468E+000	-2.00025E+000	2.75378E-004	11	..........a	-327.68
	3291	3292	-1.70696E+000	-2.00196E-001	-2.02261E+000	-2.00025E+000	2.72044E-004	11	..........a	-327.68
	3292	3293	-1.70576E+000	-2.00195E-001	-2.02327E+000	-2.00025E+000	2.77678E-004	11	..........a	-327.68
	3293	3294	-1.70616E+000	-2.00195E-001	-2.02946E+000	-2.00025E+000	2.75911E-004	11	..........a	-327.68
	3294	3295	-1.70536E+000	-2.00195E-001	-2.03882E+000	-2.00025E+000	2.83744E-004	11	..........a	-327.68
	3295	3296	-1.70696E+000	-2.00195E-001	-2.04094E+000	-2.00025E+000	2.82128E-004	11	..........a	-327.68
	3296	3297	-1.70736E+000	-2.00195E-001	-2.04979E+000	-2.00025E+000	2.87661E-004	11	..........a	-327.68
	3297	3298	-1.70536E+000	-2.00195E-001	-2.05567E+000	-2.00025E+000	2.93344E-004	11	..........a	-327.68
	3298	3299	-1.70696E+000	-2.00195E-001	-2.06141E+000	-2.00025E+000	2.85144E-004	11	..........a	-327.68
	3299	3300	-1.70616E+000	-2.00195E-001	-2.07281E+000	-2.00025E+000	2.89444E-004	11	..........a	-327.68
	3300	3301	-1.70456E+000	-2.00195E-001	-2.07978E+000	-2.00025E+000	2.84061E-004	11	..........a	-327.68
	3301	3302	-1.70896E+000	-2.00196E-001	-2.08213E+000	-2.00025E+000	2.87128E-004	11	..........a	-327.68
	3302	3303	-1.70656E+000	-2.00195E-001	-2.08458E+000	-2.00025E+000	2.82061E-004	11	..........a	-327.68
	3303	3304	-1.70536E+000	-2.00195E-001	-2.09240E+000	-2.00025E+000	2.83844E-004	11	..........a	-327.68
	3304	3305	-1.70576E+000	-2.00195E-001	-2.09977E+000	-2.00025E+000	2.90861E-004	11	..........a	-327.68
	3305	3306	-1.70696E+000	-2.00195E-001	-2.10549E+000	-2.00025E+000	2.82911E-004	11	..........a	-327.68
	3306	3307	-1.70736E+000	-2.00195E-001	-2.11119E+000	-2.00025E+000	2.89111E-004	11	..........a	-327.68
	3307	3308	-1.70576E+000	-2.00195E-001	-2.12025E+000	-2.00025E+000	2.88678E-004	11	..........a	-327.68
	3308	3309	-1.70776E+000	-2.00195E-001	-2.13083E+000	-2.00025E+000	2.93811E-004	11	..........a	-327.68
	3309	3310	-1.70816E+000	-2.00196E-001	-2.13680E+000	-2.00025E+000	2.97561E-004	11	..........a	-327.68
	3310	3311	-1.70776E+000	-2.00195E-001	-2.14087E+000	-2.00025E+000	2.87794E-004	11	..........a	-327.68
	3311	3312	-1.70776E+000	-2.00196E-001	-2.14437E+000	-2.00025E+000	2.92228E-004	11	..........a	-327.68
	3312	3313	-1.70816E+000	-2.00195E-001	-2.15301E+000	-2.00025E+000	2.93961E-004	11	..........a	-327.68
	3313	3314	-1.70696E+000	-2.00195E-001	-2.15620E+000	-2.00025E+000	2.91511E-004	11	..........a	-327.68
	3314	3315	-1.71056E+000	-2.00196E-001	-2.15492E+000	-2.00025E+000	2.87394E-004	11	..........a	-327.68
	3315	3316	-1.71056E+000	-2.00195E-001	-2.15707E+000	-2.00025E+000	2.84878E-004	11	..........a	-327.68
	3316	3317	-1.70936E+000	-2.00196E-001	-2.16853E+000	-2.00025E+000	2.93711E-004	11	..........a	-327.68
	3317	3318	-1.70856E+000	-2.00195E-001	-2.17044E+000	-2.00025E+000	2.85611E-004	11	..........a	-327.68
	3318	3319	-1.70656E+000	-2.00195E-001	-2.17385E+000	-2.00025E+000	2.82594E-004	11	..........a	-327.68
	3319	3320	-1.70736E+000	-2.00195E-001	-2.17391E+000	-2.00025E+000	2.91094E-004	11	..........a	-327.68
	3320	3321	-1.70576E+000	-2.00195E-001	-2.18205E+000	-2.00025E+000	2.80761E-004	11	..........a	-327.68
	3321	3322	-1.70536E+000	-2.00195E-001	-2.18457E+000	-2.00025E+000	2.85694E-004	11	..........a	-327.68
	3322	3323	-1.70696E+000	-2.00195E-001	-2.18504E+000	-2.00025E+000	2.88628E-004	11	..........a	-327.68
	3323	3324	-1.70696E+000	-2.00195E-001	-2.18604E+000	-2.00025E+000	2.85911E-004	11	..........a	-327.68
	3324	3325	-1.70856E+000	-2.00195E-001	-2.18708E+000	-2.00025E+000	2.88528E-004	11	..........a	-327.68
	3325	3326	-1.70496E+000	-2.00196E-001	-2.02603E+000	-2.00025E+000	2.88311E-004	11	..........a	-327.68
	3326	3327	-1.70576E+000	-2.00195E-001	-2.00845E+000	-2.00025E+000	2.93278E-004	11	..........a	-327.68
	3327	3328	-1.70616E+000	-2.00195E-001	-2.01670E+000	-2.00025E+000	2.91378E-004	11	..........a	-327.68
	3328	3329	-1.70456E+000	-2.00195E-001	-2.02437E+000	-2.00025E+000	2.86978E-004	11	..........a	-327.68
	3329	3330	-1.70616E+000	-2.00195E-001	-2.03115E+000	-2.00025E+000	2.84111E-004	11	..........a	-327.68
	3330	3331	-1.70696E+000	-2.00195E-001	-2.04012E+000	-2.00025E+000	2.82944E-004	11	..........a	-327.68
	3331	3332	-1.70696E+000	-2.00195E-001	-2.04869E+000	-2.00025E+000	2.85511E-004	11	..........a	-327.68
	3332	3333	-1.70616E+000	-2.00195E-001	-2.05801E+000	-2.00025E+000	2.88644E-004	11	..........a	-327.68
	3333	3334	-1.70656E+000	-2.00195E-001	-2.07103E+000	-2.00025E+000	2.80794E-004	11	..........a	-327.68
	3334	3335	-1.70456E+000	-2.00194E-001	-2.07257E+000	-2.00025E+000	2.81694E-004	11	..........a	-327.68
	3335	3336	-1.70776E+000	-2.00195E-001	-2.07136E+000	-2.00025E+000	2.83528E-004	11	..........a	-327.68
	3336	3337	-1.70736E+000	-2.00195E-001	-2.07701E+000	-2.00025E+000	2.82778E-004	11	..........a	-327.68
	3337	3338	-1.70776E+000	-2.00195E-001	-2.08160E+000	-2.00025E+000	2.89611E-004	11	..........a	-327.68
	3338	3339	-1.70856E+000	-2.00196E-001	-2.08381E+000	-2.00025E+000	2.83178E-004	11	..........a	-327.68
	3339	3340	-1.70776E+000	-2.00195E-001	-2.09001E+000	-2.00025E+000	2.86944E-004	11	..........a	-327.68
	3340	3341	-1.70776E+000	-2.00195E-001	-2.09277E+000	-2.00025E+000	2.86228E-004	11	..........a	-327.68
	3341	3342	-1.70696E+000	-2.00195E-001	-2.09822E+000	-2.00025E+000	2.92344E-004	11	..........a	-327.68
	3342	3343	-1.70856E+000	-2.00195E-001	-2.10258E+000	-2.00025E+000	2.85828E-004	11	..........a	-327.68
	3343	3344	-1.70656E+000	-2.00195E-001	-2.10709E+000	-2.00025E+000	2.83761E-004	11	..........a	-327.68
	3344	3345	-1.70776E+000	-2.00195E-001	-2.10935E+000	-2.00025E+000	2.90444E-004	11	..........a	-327.68
	3345	3346	-1.70696E+000	-2.00195E-001	-2.11627E+000	-2.00025E+000	2.90594E-004	11	..........a	-327.68
	3346	3347	-1.70616E+000	-2.00195E-001	-2.13957E+000	-2.00025E+000	2.88511E-004	11	..........a	-327.68
	3347	3348	-1.70696E+000	-2.00195E-001	-2.13711E+000	-2.00025E+000	2.93311E-004	11	..........a	-327.68
	3348	3349	-1.70656E+000	-2.00195E-001	-2.14135E+000	-2.00025E+000	2.92811E-004	11	..........a	-327.68
	3349	3350	-1.70856E+000	-2.00195E-001	-2.14025E+000	-2.00025E+000	2.89361E-004	11	..........a	-327.68
	3350	3351	-1.70536E+000	-2.00196E-001	-2.14746E+000	-2.00025E+000	2.85261E-004	11	..........a	-327.68
	3351	3352	-1.70776E+000	-2.00195E-001	-2.14871E+000	-2.00025E+000	2.90261E-004	11	..........a	-327.68
	3352	3353	-1.70376E+000	-2.00195E-001	-2.15708E+000	-2.00025E+000	2.81461E-004	11	..........a	-327.68
	3353	3354	-1.70696E+000	-2.00195E-001	-2.15599E+000	-2.00025E+000	2.84928E-004	11	..........a	-327.68
	3354	3355	-1.70736E+000	-2.00195E-001	-2.15758E+000	-2.00025E+000	2.86478E-004	11	..........a	-327.68
	3355	3356	-1.70696E+000	-2.00195E-001	-2.16192E+000	-2.00025E+000	2.90061E-004	11	..........a	-327.68
	3356	3357	-1.70696E+000	-2.00195E-001	-2.16734E+000	-2.00025E+000	2.80544E-004	11	..........a	-327.68
	3357	3358	-1.70576E+000	-2.00195E-001	-2.17055E+000	-2.00025E+000	2.80994E-004	11	..........a	-327.68
	3358	3359	-1.70856E+000	-2.00195E-001	-2.17333E+000	-2.00025E+000	2.80894E-004	11	..........a	-327.68
	3359	3360	-1.70776E+000	-2.00195E-001	-2.17697E+000	-2.00025E+000	2.84161E-004	11	..........a	-327.68
	3360	3361	-1.70536E+000	-2.00195E-001	-2.18404E+000	-2.00025E+000	2.80894E-004	11	..........a	-327.68
	3361	3362	-1.70456E+000	-2.00195E-001	-2.02473E+000	-2.00025E+000	2.83544E-004	11	..........a	-327.68
	3362	3363	-1.70696E+000	-2.00195E-001	-2.02999E+000	-2.00025E+000	2.81728E-004	11	..........a	-327.68
	3363	3364	-1.70456E+000	-2.00195E-001	-2.03892E+000	-2.00025E+000	2.83861E-004	11	..........a	-327.68
	3364	3365	-1.70616E+000	-2.00195E-001	-2.04668E+000	-2.00025E+000	2.83994E-004	11	..........a	-327.68
	3365	3366	-1.70536E+000	-2.00195E-001	-2.05791E+000	-2.00025E+000	2.90178E-004	11	..........a	-327.68
	3366	3367	-1.70656E+000	-2.00195E-001	-2.06601E+000	-2.00025E+000	2.78728E-004	11	..........a	-327.68
	3367	3368	-1.70576E+000	-2.00195E-001	-2.07842E+000	-2.00025E+000	2.85911E-004	11	..........a	-327.68
	3368	3369	-1.70536E+000	-2.00195E-001	-2.07768E+000	-2.00025E+000	2.84194E-004	11	..........a	-327.68
	3369	3370	-1.70616E+000	-2.00195E-001	-2.08243E+000	-2.00025E+000	2.80278E-004	11	..........a	-327.68
	3370	3371	-1.70696E+000	-2.00195E-001	-2.08758E+000	-2.00025E+000	2.87728E-004	11	..........a	-327.68
	3371	3372	-1.70616E+000	-2.00195E-001	-2.09266E+000	-2.00025E+000	2.87494E-004	11	..........a	-327.68
	3372	3373	-1.70776E+000	-2.00195E-001	-2.09655E+000	-2.00025E+000	2.79878E-004	11	..........a	-327.68
	3373	3374	-1.70536E+000	-2.00194E-001	-2.10660E+000	-2.00025E+000	2.84361E-004	11	..........a	-327.68
	3374	3375	-1.70616E+000	-2.00195E-001	-2.11108E+000	-2.00025E+000	2.81328E-004	11	..........a	-327.68
	3375	3376	-1.70536E+000	-2.00195E-001	-2.11851E+000	-2.00025E+000	2.79094E-004	11	..........a	-327.68
	3376	3377	-1.70696E+000	-2.00195E-001	-2.12389E+000	-2.00025E+000	2.81644E-004	11	..........a	-327.68
	3377	3378	-1.70776E+000	-2.00195E-001	-2.12827E+000	-2.00025E+000	2.82894E-004	11	..........a	-327.68
	3378	3379	-1.70456E+000	-2.00195E-001	-2.14130E+000	-2.00025E+000	2.81928E-004	11	..........a	-327.68
	3379	3380	-1.70736E+000	-2.00195E-001	-2.14220E+000	-2.00025E+000	2.82794E-004	11	..........a	-327.68
	3380	3381	-1.70376E+000	-2.00195E-001	-2.15099E+000	-2.00025E+000	2.82361E-004	11	..........a	-327.68
	3381	3382	-1.70616E+000	-2.00195E-001	-2.15294E+000	-2.00025E+000	2.83778E-004	11	..........a	-327.68
	3382	3383	-1.70696E+000	-2.00195E-001	-2.15602E+000	-2.00025E+000	2.90528E-004	11	..........a	-327.68
	3383	3384	-1.70616E+000	-2.00195E-001	-2.16749E+000	-2.00025E+000	2.90428E-004	11	..........a	-327.68
	3384	3385	-1.70656E+000	-2.00196E-001	-2.16780E+000	-2.00025E+000	2.88928E-004	11	..........a	-327.68
	3385	3386	-1.70616E+000	-2.00196E-001	-2.17078E+000	-2.00025E+000	2.93778E-004	11	..........a	-327.68
	3386	3387	-1.70736E+000	-2.00196E-001	-2.17431E+000	-2.00025E+000	2.92411E-004	11	..........a	-327.68
	3387	3388	-1.70856E+000	-2.00195E-001	-2.17819E+000	-2.00025E+000	2.87744E-004	11	..........a	-327.68
	3388	3389	-1.70776E+000	-2.00195E-001	-2.18958E+000	-2.00025E+000	2.88044E-004	11	..........a	-327.68
	3389	3390	-1.70656E+000	-2.00195E-001	-2.19351E+000	-2.00025E+000	2.90278E-004	11	..........a	-327.68
	3390	3391	-1.70776E+000	-2.00195E-001	-2.19381E+000	-2.00025E+000	2.86811E-004	11	..........a	-327.68
	3391	3392	-1.70776E+000	-2.00195E-001	-2.19687E+000	-2.00025E+000	2.89461E-004	11	..........a	-327.68
	3392	3393	-1.70736E+000	-2.00195E-001	-2.20418E+000	-2.00025E+000	2.85244E-004	11	..........a	-327.68
	3393	3394	-1.70296E+000	-2.00195E-001	-2.00407E+000	-2.00025E+000	2.88094E-004	11	..........a	-327.68
	3394	3395	-1.70496E+000	-2.00195E-001	-2.01187E+000	-2.00025E+000	2.81078E-004	11	..........a	-327.68
	3395	3396	-1.70536E+000	-2.00195E-001	-2.02769E+000	-2.00025E+000	2.86744E-004	11	..........a	-327.68
	3396	3397	-1.70816E+000	-2.00195E-001	-2.03781E+000	-2.00025E+000	2.86244E-004	11	..........a	-327.68
	3397	3398	-1.70856E+000	-2.00195E-001	-2.05002E+000	-2.00025E+000	2.83144E-004	11	..........a	-327.68
	3398	3399	-1.70816E+000	-2.00195E-001	-2.05926E+000	-2.00025E+000	2.83978E-004	11	..........a	-327.68
	3399	3400	-1.70736E+000	-2.00195E-001	-2.06766E+000	-2.00025E+000	2.84761E-004	11	..........a	-327.68
	3400	3401	-1.70616E+000	-2.00195E-001	-2.08370E+000	-2.00025E+000	2.82011E-004	11	..........a	-327.68
	3401	3402	-1.70696E+000	-2.00195E-001	-2.09012E+000	-2.00025E+000	2.90994E-004	11	..........a	-327.68
	3402	3403	-1.70896E+000	-2.00195E-001	-2.09309E+000	-2.00025E+000	2.94711E-004	11	..........a	-327.68
	3403	3404	-1.70816E+000	-2.00195E-001	-2.09491E+000	-2.00025E+000	2.98644E-004	11	..........a	-327.68
	3404	3405	-1.70776E+000	-2.00196E-001	-2.10331E+000	-2.00025E+000	2.92994E-004	11	..........a	-327.68
	3405	3406	-1.70856E+000	-2.00195E-001	-2.11299E+000	-2.00025E+000	2.90911E-004	11	..........a	-327.68
	3406	3407	-1.71056E+000	-2.00195E-001	-2.11349E+000	-2.00025E+000	2.96128E-004	11	..........a	-327.68
	3407	3408	-1.71176E+000	-2.00195E-001	-2.11791E+000	-2.00025E+000	2.89378E-004	11	..........a	-327.68
	3408	3409	-1.70696E+000	-2.00195E-001	-2.12604E+000	-2.00025E+000	2.93544E-004	11	..........a	-327.68
	3409	3410	-1.71016E+000	-2.00195E-001	-2.12935E+000	-2.00025E+000	2.90094E-004	11	..........a	-327.68
	3410	3411	-1.71016E+000	-2.00195E-001	-2.13569E+000	-2.00025E+000	2.88128E-004	11	..........a	-327.68
	3411	3412	-1.70936E+000	-2.00195E-001	-2.14117E+000	-2.00025E+000	3.02944E-004	11	..........a	-327.68
	3412	3413	-1.71016E+000	-2.00195E-001	-2.14575E+000	-2.00025E+000	2.95361E-004	11	..........a	-327.68
	3413	3414	-1.71016E+000	-2.00195E-001	-2.15163E+000	-2.00025E+000	2.88744E-004	11	..........a	-327.68
	3414	3415	-1.71096E+000	-2.00195E-001	-2.15920E+000	-2.00025E+000	2.89078E-004	11	..........a	-327.68
	3415	3416	-1.71176E+000	-2.00195E-001	-2.16725E+000	-2.00025E+000	2.81478E-004	11	..........a	-327.68
	3416	3417	-1.70616E+000	-2.00195E-001	-2.18534E+000	-2.00025E+000	2.79944E-004	11	..........a	-327.68
	3417	3418	-1.70776E+000	-2.00195E-001	-2.18247E+000	-2.00025E+000	2.87911E-004	11	..........a	-327.68
	3418	3419	-1.70736E+000	-2.00195E-001	-2.18574E+000	-2.00025E+000	2.88878E-004	11	..........a	-327.68
	3419	3420	-1.70816E+000	-2.00195E-001	-2.18782E+000	-2.00025E+000	2.86828E-004	11	..........a	-327.68
	3420	3421	-1.70936E+000	-2.00195E-001	-2.19343E+000	-2.00025E+000	2.82744E-004	11	..........a	-327.68
	3421	3422	-1.70656E+000	-2.00195E-001	-2.20001E+000	-2.00025E+000	2.78061E-004	11	..........a	-327.68
	3422	3423	-1.70776E+000	-2.00195E-001	-2.20007E+000	-2.00025E+000	2.83644E-004	11	..........a	-327.68
	3423	3424	-1.70896E+000	-2.00194E-001	-2.20308E+000	-2.00025E+000	2.88511E-004	11	..........a	-327.68
	3424	3425	-1.71056E+000	-2.00195E-001	-2.20322E+000	-2.00025E+000	2.81494E-004	11	..........a	-327.68
	3425	3426	-1.70736E+000	-2.00196E-001	-2.12527E+000	-2.00025E+000	2.86511E-004	11	..........a	-327.68
	3426	3427	-1.70736E+000	-2.00195E-001	-2.03577E+000	-2.00025E+000	2.96011E-004	11	..........a	-327.68
	3427	3428	-1.70536E+000	-2.00195E-001	-2.04544E+000	-2.00025E+000	2.95128E-004	11	..........a	-327.68
	3428	3429	-1.70696E+000	-2.00195E-001	-2.05042E+000	-2.00025E+000	2.93161E-004	11	..........a	-327.68
	3429	3430	-1.70816E+000	-2.00195E-001	-2.05919E+000	-2.00025E+000	2.97861E-004	11	..........a	-327.68
	3430	3431	-1.70616E+000	-2.00195E-001	-2.07076E+000	-2.00025E+000	2.90744E-004	11	..........a	-327.68
	3431	3432	-1.70816E+000	-2.00195E-001	-2.07795E+000	-2.00025E+000	2.96978E-004	11	..........a	-327.68
	3432	3433	-1.71176E+000	-2.00195E-001	-2.08336E+000	-2.00025E+000	2.89494E-004	11	..........a	-327.68
	3433	3434	-1.70776E+000	-2.00196E-001	-2.09642E+000	-2.00025E+000	2.86911E-004	11	..........a	-327.68
	3434	3435	-1.70856E+000	-2.00195E-001	-2.10227E+000	-2.00025E+000	2.86878E-004	11	..........a	-327.68
	3435	3436	-1.70936E+000	-2.00195E-001	-2.11038E+000	-2.00025E+000	2.87161E-004	11	..........a	-327.68
	3436	3437	-1.70776E+000	-2.00195E-001	-2.11814E+000	-2.00025E+000	2.92294E-004	11	..........a	-327.68
	3437	3438	-1.70816E+000	-2.00195E-001	-2.12387E+000	-2.00025E+000	2.88511E-004	11	..........a	-327.68
	3438	3439	-1.70536E+000	-2.00195E-001	-2.13248E+000	-2.00025E+000	2.85678E-004	11	..........a	-327.68
	3439	3440	-1.71176E+000	-2.00195E-001	-2.13237E+000	-2.00025E+000	2.90028E-004	11	..........a	-327.68
	3440	3441	-1.70856E+000	-2.00195E-001	-2.14515E+000	-2.00025E+000	2.88761E-004	11	..........a	-327.68
	3441	3442	-1.71096E+000	-2.00195E-001	-2.15051E+000	-2.00025E+000	2.85528E-004	11	..........a	-327.68
	3442	3443	-1.71176E+000	-2.00195E-001	-2.15620E+000	-2.00025E+000	3.02728E-004	11	..........a	-327.68
	3443	3444	-1.71256E+000	-2.00195E-001	-2.16234E+000	-2.00025E+000	2.90878E-004	11	..........a	-327.68
	3444	3445	-1.71016E+000	-2.00195E-001	-2.17150E+000	-2.00025E+000	2.99961E-004	11	..........a	-327.68
	3445	3446	-1.71376E+000	-2.00195E-001	-2.16969E+000	-2.00025E+000	2.96311E-004	11	..........a	-327.68
	3446	3447	-1.71136E+000	-2.00196E-001	-2.17599E+000	-2.00025E+000	2.83444E-004	11	..........a	-327.68
	3447	3448	-1.70616E+000	-2.00195E-001	-2.19935E+000	-2.00025E+000	2.85678E-004	11	..........a	-327.68
	3448	3449	-1.70736E+000	-2.00195E-001	-2.19359E+000	-2.00025E+000	2.92544E-004	11	..........a	-327.68
	3449	3450	-1.70656E+000	-2.00195E-001	-2.19532E+000	-2.00025E+000	3.01961E-004	11	..........a	-327.68
	3450	3451	-1.70776E+000	-2.00195E-001	-2.18736E+000	-2.00025E+000	2.96328E-004	11	..........a	-327.68
	3451	3452	-1.70616E+000	-2.00195E-001	-2.18986E+000	-2.00025E+000	2.93878E-004	11	..........a	-327.68
	3452	3453	-1.70656E+000	-2.00195E-001	-2.00512E+000	-2.00025E+000	2.94344E-004	11	..........a	-327.68
	3453	3454	-1.70776E+000	-2.00195E-001	-2.01188E+000	-2.00025E+000	2.88578E-004	11	..........a	-327.68
	3454	3455	-1.70776E+000	-2.00195E-001	-2.01845E+000	-2.00025E+000	2.90544E-004	11	..........a	-327.68
	3455	3456	-1.70736E+000	-2.00195E-001	-2.02223E+000	-2.00025E+000	2.89144E-004	11	..........a	-327.68
	3456	3457	-1.70696E+000	-2.00195E-001	-2.02969E+000	-2.00025E+000	2.91561E-004	11	..........a	-327.68
	3457	3458	-1.70736E+000	-2.00195E-001	-2.02228E+000	-2.00025E+000	2.96044E-004	11	..........a	-327.68
	3458	3459	-1.70936E+000	-2.00195E-001	-2.02875E+000	-2.00025E+000	3.01328E-004	11	..........a	-327.68
	3459	3460	-1.70816E+000	-2.00195E-001	-2.03350E+000	-2.00025E+000	2.87161E-004	11	..........a	-327.68
	3460	3461	-1.70856E+000	-2.00195E-001	-2.04108E+000	-2.00025E+000	2.91861E-004	11	..........a	-327.68
	3461	3462	-1.70816E+000	-2.00195E-001	-2.04663E+000	-2.00025E+000	2.92794E-004	11	..........a	-327.68
	3462	3463	-1.70656E+000	-2.00195E-001	-2.06012E+000	-2.00025E+000	2.96411E-004	11	..........a	-327.68
	3463	3464	-1.70976E+000	-2.00195E-001	-2.06384E+000	-2.00025E+000	2.89478E-004	11	..........a	-327.68
	3464	3465	-1.70496E+000	-2.00195E-001	-2.07923E+000	-2.00025E+000	2.87728E-004	11	..........a	-327.68
	3465	3466	-1.70896E+000	-2.00195E-001	-2.08136E+000	-2.00025E+000	2.82944E-004	11	..........a	-327.68
	3466	3467	-1.70856E+000	-2.00196E-001	-2.08568E+000	-2.00025E+000	2.88028E-004	11	..........a	-327.68
	3467	3468	-1.70776E+000	-2.00196E-001	-2.08950E+000	-2.00025E+000	2.96161E-004	11	..........a	-327.68
	3468	3469	-1.70816E+000	-2.00196E-001	-2.09049E+000	-2.00025E+000	2.96178E-004	11	..........a	-327.68
	3469	3470	-1.70896E+000	-2.00195E-001	-2.09402E+000	-2.00025E+000	2.90044E-004	11	..........a	-327.68
	3470	3471	-1.70896E+000	-2.00195E-001	-2.10010E+000	-2.00025E+000	2.96144E-004	11	..........a	-327.68
	3471	3472	-1.70856E+000	-2.00195E-001	-2.10489E+000	-2.00025E+000	2.96594E-004	11	..........a	-327.68
	3472	3473	-1.71016E+000	-2.00195E-001	-2.10662E+000	-2.00025E+000	2.94744E-004	11	..........a	-327.68
	3473	3474	-1.71016E+000	-2.00195E-001	-2.11128E+000	-2.00025E+000	2.96178E-004	11	..........a	-327.68
	3474	3475	-1.70896E+000	-2.00195E-001	-2.12051E+000	-2.00025E+000	2.90394E-004	11	..........a	-327.68
	3475	3476	-1.70616E+000	-2.00195E-001	-2.14320E+000	-2.00025E+000	2.96444E-004	11	..........a	-327.68
	3476	3477	-1.70696E+000	-2.00195E-001	-2.14295E+000	-2.00025E+000	2.97694E-004	11	..........a	-327.68
	3477	3478	-1.70816E+000	-2.00195E-001	-2.14427E+000	-2.00025E+000	2.94311E-004	11	..........a	-327.68
	3478	3479	-1.70776E+000	-2.00195E-001	-2.14652E+000	-2.00025E+000	2.96994E-004	11	..........a	-327.68
	3479	3480	-1.70736E+000	-2.00196E-001	-2.15024E+000	-2.00025E+000	3.06694E-004	11	..........a	-327.68
	3480	3481	-1.70976E+000	-2.00195E-001	-2.14958E+000	-2.00025E+000	2.91211E-004	11	..........a	-327.68
	3481	3482	-1.70736E+000	-2.00195E-001	-2.15832E+000	-2.00025E+000	2.85861E-004	11	..........a	-327.68
	3482	3483	-1.70896E+000	-2.00196E-001	-2.16168E+000	-2.00025E+000	2.88878E-004	11	..........a	-327.68
	3483	3484	-1.70816E+000	-2.00196E-001	-2.16579E+000	-2.00025E+000	2.86244E-004	11	..........a	-327.68
	3484	3485	-1.70856E+000	-2.00195E-001	-2.16665E+000	-2.00025E+000	2.88111E-004	11	..........a	-327.68
	3485	3486	-1.70376E+000	-2.00196E-001	-2.12487E+000	-2.00025E+000	2.88778E-004	11	..........a	-327.68
	3486	3487	-1.70776E+000	-2.00196E-001	-1.99792E+000	-2.00025E+000	2.83411E-004	11	..........a	-327.68
	3487	3488	-1.70376E+000	-2.00195E-001	-2.00855E+000	-2.00025E+000	2.86511E-004	11	..........a	-327.68
	3488	3489	-1.70576E+000	-2.00195E-001	-2.01107E+000	-2.00025E+000	2.93411E-004	11	..........a	-327.68
	3489	3490	-1.70336E+000	-2.00195E-001	-2.02067E+000	-2.00025E+000	2.86511E-004	11	..........a	-327.68
	3490	3491	-1.70656E+000	-2.00196E-001	-2.02266E+000	-2.00025E+000	2.84961E-004	11	..........a	-327.68
	3491	3492	-1.70696E+000	-2.00195E-001	-2.02830E+000	-2.00025E+000	2.94444E-004	11	..........a	-327.68
	3492	3493	-1.70736E+000	-2.00195E-001	-2.03291E+000	-2.00025E+000	2.90278E-004	11	..........a	-327.68
	3493	3494	-1.70696E+000	-2.00195E-001	-2.04186E+000	-2.00025E+000	2.94544E-004	11	..........a	-327.68
	3494	3495	-1.70616E+000	-2.00195E-001	-2.05427E+000	-2.00025E+000	2.89661E-004	11	..........a	-327.68
	3495	3496	-1.70656E+000	-2.00195E-001	-2.06532E+000	-2.00025E+000	2.89044E-004	11	..........a	-327.68
	3496	3497	-1.70736E+000	-2.00195E-001	-2.07367E+000	-2.00025E+000	2.89194E-004	11	..........a	-327.68
	3497	3498	-1.70696E+000	-2.00195E-001	-2.08574E+000	-2.00025E+000	2.84511E-004	11	..........a	-327.68
	3498	3499	-1.70856E+000	-2.00195E-001	-2.09100E+000	-2.00025E+000	2.92611E-004	11	..........a	-327.68
	3499	3500	-1.70696E+000	-2.00195E-001	-2.09866E+000	-2.00025E+000	2.91078E-004	11	..........a	-327.68
	3500	3501	-1.70856E+000	-2.00195E-001	-2.10146E+000	-2.00025E+000	2.91728E-004	11	..........a	-327.68
	3501	3502	-1.70856E+000	-2.00195E-001	-2.10823E+000	-2.00025E+000	2.88828E-004	11	..........a	-327.68
	3502	3503	-1.70776E+000	-2.00195E-001	-2.11847E+000	-2.00025E+000	2.84644E-004	11	..........a	-327.68
	3503	3504	-1.70816E+000	-2.00198E-001	-2.12311E+000	-2.00025E+000	3.47661E-004	11	..........a	-327.68
	3504	3505	-1.70656E+000	-2.00197E-001	-2.13189E+000	-2.00025E+000	3.36244E-004	11	..........a	-327.68
	3505	3506	-1.70536E+000	-2.00198E-001	-2.13803E+000	-2.00025E+000	3.40978E-004	11	..........a	-327.68
	3506	3507	-1.70776E+000	-2.00198E-001	-2.14075E+000	-2.00025E+000	3.46178E-004	11	..........a	-327.68
	3507	3508	-1.70576E+000	-2.00198E-001	-2.14500E+000	-2.00025E+000	3.46161E-004	11	..........a	-327.68
	3508	3509	-1.70856E+000	-2.00198E-001	-2.15233E+000	-2.00025E+000	3.51678E-004	11	..........a	-327.68
	3509	3510	-1.70696E+000	-2.00198E-001	-2.15647E+000	-2.00025E+000	3.49978E-004	11	..........a	-327.68
	3510	3511	-1.70776E+000	-2.00198E-001	-2.16156E+000	-2.00025E+000	3.42078E-004	11	..........a	-327.68
	3511	3512	-1.70936E+000	-2.00197E-001	-2.16259E+000	-2.00025E+000	3.39344E-004	11	..........a	-327.68
	3512	3513	-1.70936E+000	-2.00198E-001	-2.16839E+000	-2.00025E+000	3.45228E-004	11	..........a	-327.68
	3513	3514	-1.71016E+000	-2.00198E-001	-2.17067E+000	-2.00025E+000	3.54261E-004	11	..........a	-327.68
	3514	3515	-1.71176E+000	-2.00198E-001	-2.17601E+000	-2.00025E+000	3.44644E-004	11	..........a	-327.68
	3515	3516	-1.71096E+000	-2.00198E-001	-2.18435E+000	-2.00025E+000	3.44694E-004	11	..........a	-327.68
	3516	3517	-1.70616E+000	-2.00207E-001	-2.19580E+000	-2.00025E+000	7.07644E-004	11	..........a	-327.68
	3517	3518	-1.71016E+000	-2.00208E-001	-2.19505E+000	-2.00025E+000	7.25294E-004	11	..........a	-327.68
	3518	3519	-1.70776E+000	-2.00207E-001	-2.20865E+000	-2.00025E+000	7.06728E-004	11	..........a	-327.68
	3519	3520	-1.70936E+000	-2.00208E-001	-2.20765E+000	-2.00025E+000	7.18761E-004	11	..........a	-327.68
	3520	3521	-1.71016E+000	-2.00208E-001	-2.21073E+000	-2.00025E+000	7.29661E-004	11	..........a	-327.68
	3521	3522	-1.71096E+000	-2.00207E-001	-2.21532E+000	-2.00025E+000	7.17728E-004	11	..........a	-327.68
	3522	3523	-1.70936E+000	-2.00208E-001	-2.22398E+000	-2.00025E+000	7.25978E-004	11	..........a	-327.68
	3523	3524	-1.71016E+000	-2.00207E-001	-2.22919E+000	-2.00025E+000	7.13878E-004	11	..........a	-327.68
	3524	3525	-1.70656E+000	-2.00206E-001	-2.01783E+000	-2.00025E+000	7.04878E-004	11	..........a	-327.68
	3525	3526	-1.70616E+000	-2.00207E-001	-2.02869E+000	-2.00025E+000	7.01744E-004	11	..........a	-327.68
	3526	3527	-1.70856E+000	-2.00207E-001	-2.03304E+000	-2.00025E+000	7.07061E-004	11	..........a	-327.68
	3527	3528	-1.70856E+000	-2.00207E-001	-2.03847E+000	-2.00025E+000	7.04778E-004	11	..........a	-327.68
	3528	3529	-1.70776E+000	-2.00208E-001	-2.04349E+000	-2.00025E+000	7.20811E-004	11	..........a	-327.68
	3529	3530	-1.70776E+000	-2.00206E-001	-2.05231E+000	-2.00025E+000	6.94178E-004	11	..........a	-327.68
	3530	3531	-1.70856E+000	-2.00205E-001	-2.06130E+000	-2.00025E+000	6.79378E-004	11	..........a	-327.68
	3531	3532	-1.70536E+000	-2.00207E-001	-2.07335E+000	-2.00025E+000	7.03978E-004	11	..........a	-327.68
	3532	3533	-1.70936E+000	-2.00206E-001	-2.07760E+000	-2.00025E+000	6.95011E-004	11	..........a	-327.68
	3533	3534	-1.70456E+000	-2.00206E-001	-2.08830E+000	-2.00025E+000	6.98228E-004	11	..........a	-327.68
	3534	3535	-1.70936E+000	-2.00206E-001	-2.08959E+000	-2.00025E+000	6.96011E-004	11	..........a	-327.68
	3535	3536	-1.71016E+000	-2.00206E-001	-2.09478E+000	-2.00025E+000	6.91628E-004	11	..........a	-327.68
	3536	3537	-1.70696E+000	-2.00205E-001	-2.10474E+000	-2.00025E+000	6.78794E-004	11	..........a	-327.68
	3537	3538	-1.70936E+000	-2.00204E-001	-2.10945E+000	-2.00025E+000	6.65844E-004	11	..........a	-327.68
	3538	3539	-1.70776E+000	-2.00204E-001	-2.12048E+000	-2.00025E+000	6.62378E-004	11	..........a	-327.68
	3539	3540	-1.70856E+000	-2.00205E-001	-2.12407E+000	-2.00025E+000	6.70911E-004	11	..........a	-327.68
	3540	3541	-1.70976E+000	-2.00206E-001	-2.12717E+000	-2.00025E+000	6.82028E-004	11	..........a	-327.68
	3541	3542	-1.70856E+000	-2.00205E-001	-2.13327E+000	-2.00025E+000	6.84094E-004	11	..........a	-327.68
	3542	3543	-1.71096E+000	-2.00205E-001	-2.13728E+000	-2.00025E+000	6.64361E-004	11	..........a	-327.68
	3543	3544	-1.71336E+000	-2.00205E-001	-2.13927E+000	-2.00025E+000	6.65061E-004	11	..........a	-327.68
	3544	3545	-1.70856E+000	-2.00204E-001	-2.15713E+000	-2.00025E+000	6.45228E-004	11	..........a	-327.68
	3545	3546	-1.70856E+000	-2.00205E-001	-2.16108E+000	-2.00025E+000	6.67011E-004	11	..........a	-327.68
	3546	3547	-1.70536E+000	-2.00205E-001	-2.16571E+000	-2.00025E+000	6.64478E-004	11	..........a	-327.68
	3547	3548	-1.70776E+000	-2.00206E-001	-2.15862E+000	-2.00025E+000	6.96961E-004	11	..........a	-327.68
	3548	3549	-1.70856E+000	-2.00206E-001	-2.16147E+000	-2.00025E+000	6.97628E-004	11	..........a	-327.68
	3549	3550	-1.70856E+000	-2.00205E-001	-2.16799E+000	-2.00025E+000	6.91894E-004	11	..........a	-327.68
	3550	3551	-1.70776E+000	-2.00206E-001	-2.17483E+000	-2.00025E+000	6.92211E-004	11	..........a	-327.68
	3551	3552	-1.70776E+000	-2.00204E-001	-2.17857E+000	-2.00025E+000	6.59794E-004	11	..........a	-327.68
	3552	3553	-1.71016E+000	-2.00204E-001	-2.17961E+000	-2.00025E+000	6.74344E-004	11	..........a	-327.68
	3553	3554	-1.70776E+000	-2.00205E-001	-2.19004E+000	-2.00025E+000	6.76361E-004	11	..........a	-327.68
	3554	3555	-1.70776E+000	-2.00205E-001	-2.19545E+000	-2.00025E+000	6.90911E-004	11	..........a	-327.68
	3555	3556	-1.70856E+000	-2.00205E-001	-2.19861E+000	-2.00025E+000	6.71761E-004	11	..........a	-327.68
	3556	3557	-1.70936E+000	-2.00204E-001	-2.20156E+000	-2.00025E+000	6.63528E-004	11	..........a	-327.68
	3557	3558	-1.71016E+000	-2.00205E-001	-2.20100E+000	-2.00025E+000	6.72278E-004	11	..........a	-327.68
	3558	3559	-1.71016E+000	-2.00205E-001	-2.20606E+000	-2.00025E+000	6.71611E-004	11	..........a	-327.68
	3559	3560	-1.71016E+000	-2.00204E-001	-2.19894E+000	-2.00025E+000	6.55811E-004	11	..........a	-327.68
	3560	3561	-1.70616E+000	-2.00203E-001	-2.02540E+000	-2.00025E+000	6.42361E-004	11	..........a	-327.68
	3561	3562	-1.70536E+000	-2.00204E-001	-2.03546E+000	-2.00025E+000	6.47228E-004	11	..........a	-327.68
	3562	3563	-1.70736E+000	-2.00203E-001	-2.03113E+000	-2.00025E+000	6.35411E-004	11	..........a	-327.68
	3563	3564	-1.70896E+000	-2.00204E-001	-2.03700E+000	-2.00025E+000	6.54161E-004	11	..........a	-327.68
	3564	3565	-1.70776E+000	-2.00204E-001	-2.04624E+000	-2.00025E+000	6.63628E-004	11	..........a	-327.68
	3565	3566	-1.70936E+000	-2.00204E-001	-2.05249E+000	-2.00025E+000	6.69411E-004	11	..........a	-327.68
	3566	3567	-1.71016E+000	-2.00204E-001	-2.06205E+000	-2.00025E+000	6.55811E-004	11	..........a	-327.68
	3567	3568	-1.70936E+000	-2.00204E-001	-2.07269E+000	-2.00025E+000	6.57394E-004	11	..........a	-327.68
	3568	3569	-1.71016E+000	-2.00205E-001	-2.08101E+000	-2.00025E+000	6.82844E-004	11	..........a	-327.68
	3569	3570	-1.70856E+000	-2.00206E-001	-2.09015E+000	-2.00025E+000	6.96178E-004	11	..........a	-327.68
	3570	3571	-1.71016E+000	-2.00206E-001	-2.09682E+000	-2.00025E+000	6.98311E-004	11	..........a	-327.68
	3571	3572	-1.71016E+000	-2.00206E-001	-2.10621E+000	-2.00025E+000	6.91528E-004	11	..........a	-327.68
	3572	3573	-1.70936E+000	-2.00204E-001	-2.11289E+000	-2.00025E+000	6.70294E-004	11	..........a	-327.68
	3573	3574	-1.71096E+000	-2.00205E-001	-2.11631E+000	-2.00025E+000	6.87178E-004	11	..........a	-327.68
	3574	3575	-1.71096E+000	-2.00206E-001	-2.12163E+000	-2.00025E+000	6.91128E-004	11	..........a	-327.68
	3575	3576	-1.71096E+000	-2.00205E-001	-2.12498E+000	-2.00025E+000	6.82294E-004	11	..........a	-327.68
	3576	3577	-1.70776E+000	-2.00206E-001	-2.13311E+000	-2.00025E+000	7.02628E-004	11	..........a	-327.68
	3577	3578	-1.71256E+000	-2.00206E-001	-2.13496E+000	-2.00025E+000	6.80344E-004	11	..........a	-327.68
	3578	3579	-1.71096E+000	-2.00206E-001	-2.14220E+000	-2.00025E+000	6.84344E-004	11	..........a	-327.68
	3579	3580	-1.71096E+000	-2.00205E-001	-2.15481E+000	-2.00025E+000	6.81178E-004	11	..........a	-327.68
	3580	3581	-1.70936E+000	-2.00205E-001	-2.16096E+000	-2.00025E+000	6.73061E-004	11	..........a	-327.68
	3581	3582	-1.71016E+000	-2.00205E-001	-2.16556E+000	-2.00025E+000	6.67194E-004	11	..........a	-327.68
	3582	3583	-1.70936E+000	-2.00204E-001	-2.16708E+000	-2.00025E+000	6.64611E-004	11	..........a	-327.68
	3583	3584	-1.71016E+000	-2.00205E-001	-2.16713E+000	-2.00025E+000	6.81678E-004	11	..........a	-327.68
	3584	3585	-1.70696E+000	-2.00206E-001	-2.17256E+000	-2.00025E+000	6.89411E-004	11	..........a	-327.68
	3585	3586	-1.70656E+000	-2.00193E-001	-2.17869E+000	-2.00025E+000	1.73478E-004	11	..........a	-327.68
	3586	3587	-1.70856E+000	-2.00193E-001	-2.18095E+000	-2.00025E+000	1.78161E-004	11	..........a	-327.68
	3587	3588	-1.70936E+000	-2.00193E-001	-2.18473E+000	-2.00025E+000	1.73278E-004	11	..........a	-327.68
	3588	3589	-1.70936E+000	-2.00193E-001	-2.18707E+000	-2.00025E+000	1.79294E-004	11	..........a	-327.68
	3589	3590	-1.71016E+000	-2.00193E-001	-2.18985E+000	-2.00025E+000	1.73328E-004	11	..........a	-327.68
	3590	3591	-1.70936E+000	-2.00193E-001	-2.19857E+000	-2.00025E+000	1.76811E-004	11	..........a	-327.68
	3591	3592	-1.70856E+000	-2.00193E-001	-2.20294E+000	-2.00025E+000	1.81811E-004	11	..........a	-327.68
	3592	3593	-1.70896E+000	-2.00193E-001	-2.19978E+000	-2.00025E+000	1.76511E-004	11	..........a	-327.68
	3593	3594	-1.71016E+000	-2.00193E-001	-2.19955E+000	-2.00025E+000	1.80978E-004	11	..........a	-327.68
	3594	3595	-1.70616E+000	-2.00193E-001	-2.01984E+000	-2.00025E+000	1.73944E-004	11	..........a	-327.68
	3595	3596	-1.70616E+000	-2.00193E-001	-2.03180E+000	-2.00025E+000	1.88344E-004	11	..........a	-327.68
	3596	3597	-1.70696E+000	-2.00193E-001	-2.04025E+000	-2.00025E+000	1.83494E-004	11	..........a	-327.68
	3597	3598	-1.70736E+000	-2.00192E-001	-2.04661E+000	-2.00025E+000	1.75794E-004	11	..........a	-327.68
	3598	3599	-1.70696E+000	-2.00192E-001	-2.05405E+000	-2.00025E+000	1.75711E-004	11	..........a	-327.68
	3599	3600	-1.70776E+000	-2.00193E-001	-2.06020E+000	-2.00025E+000	1.91644E-004	11	..........a	-327.68
