EXPLAIN
TAG	GALVANOSTATIC
TITLE	LABEL	Galvanostatic Scan	Test Identifier
DATE	LABEL	7.2.2023	Date
TIME	LABEL	12:04:48	Time
NOTES	NOTES	1	Notes...
	
PSTAT	PSTAT	REF3000-19129	Potentiostat
IINIT	QUANT	-2.00000E+002	Initial I (mA/cm^2)
TINIT	QUANT	3.60000E+003	Initial Time (s)
IFINAL	QUANT	-2.00000E+002	Final I (mA/cm^2)
TFINAL	QUANT	0.00000E+000	Final Time (s)
SAMPLETIME	QUANT	1.00000E+000	Sample Period (s)
AREA	QUANT	1.00000E+000	Sample Area (cm^2)
DENSITY	QUANT	7.87000E+000	Density (g/cm^3)
EQUIV	QUANT	2.79200E+001	Equiv. Wt
IRCOMP	TOGGLE	T	IR Comp
EOC	QUANT	0	Open Circuit (V)
SEQUENCER	TOGGLE	TRUE	Run as Sequence
PSTATMODEL	IQUANT	5	Pstat Model
PSTATSECTION	LABEL	REF3000-19129	Pstat Section
PSTATSERIALNO	LABEL	19129	Pstat Serial Number
CTRLMODE	IQUANT	0	Control Mode
ELECTROMETER	IQUANT	0	RE=0 or CS=1
IESTAB	IQUANT	0	I/E Stability
CASPEED	IQUANT	4	Control Amp Speed
CONVENTION	IQUANT	1	Current Convention
ICHRANGE	IQUANT	2	Ich Range
ICHRANGEMODE	TOGGLE	T	Ich Auto Range
ICHOFFSETENABLE	TOGGLE	F	Ich Offset Enable
ICHOFFSET	QUANT	0	Ich Offset (V)
ICHFILTER	IQUANT	3	Ich Filter
VCHRANGE	IQUANT	3	Vch Range
VCHRANGEMODE	TOGGLE	T	Vch Auto Range
VCHOFFSETENABLE	TOGGLE	F	Vch Offset Enable
VCHOFFSET	QUANT	0	Vch Offset (V)
VCHFILTER	IQUANT	1	Vch Filter
ACHRANGE	IQUANT	2	Ach Range
ACHOFFSETENABLE	TOGGLE	F	Ach Offset Enable
ACHOFFSET	QUANT	0	Ach Offset (V)
ACHFILTER	IQUANT	1	Ach Filter
IERANGELOWERLIMIT	IQUANT	4	I/E Range Lower Limit
IERANGEMODE	TOGGLE	F	I/E AutoRange
IERANGE	IQUANT	11	I/E Range
POSFEEDENABLE	TOGGLE	F	Positive Feedback IR Comp
POSFEEDRESISTANCE	QUANT	0	Positive Feedback Resistance (ohm)
ACHSELECT	IQUANT	0	Ach Select
SENSECABLEID	IQUANT	14	Sense Cable ID
PWRCABLEID	IQUANT	13	Power Cable ID
DCCALDATE	LABEL	11/22/2022	DC Calibration Date
ACCALDATE	LABEL		AC Calibration Date
THERMOSELECT	IQUANT	1	Thermo Select
FRAMEWORKVERSION	QUANT	7.07	Framework Version
INSTRUMENTVERSION	LABEL	4.35	Instrument Version
COMPLIANCEVOLTAGE	IQUANT	0	Compliance Voltage
CURVE	TABLE	3600
	Pt	T	Vf	Im	Vu	Sig	Ach	IERange	Over	Temp
	#	s	V vs. Ref.	A	V	V	V	#	bits	deg C
	0	1	-1.59176E+000	-2.00167E-001	-3.15415E+000	-2.00025E+000	3.45394E-004	11	..........a	-327.68
	1	2	-1.59176E+000	-2.00176E-001	-3.13917E+000	-2.00025E+000	3.42978E-004	11	..........a	-327.68
	2	3	-1.59016E+000	-2.00180E-001	-3.12495E+000	-2.00025E+000	3.32994E-004	11	..........a	-327.68
	3	4	-1.59176E+000	-2.00182E-001	-3.10728E+000	-2.00025E+000	3.31494E-004	11	..........a	-327.68
	4	5	-1.58696E+000	-2.00184E-001	-3.09648E+000	-2.00025E+000	3.26011E-004	11	..........a	-327.68
	5	6	-1.58696E+000	-2.00185E-001	-3.08094E+000	-2.00025E+000	3.28411E-004	11	..........a	-327.68
	6	7	-1.58376E+000	-2.00185E-001	-3.06847E+000	-2.00025E+000	3.33828E-004	11	..........a	-327.68
	7	8	-1.58536E+000	-2.00186E-001	-3.05134E+000	-2.00025E+000	3.40261E-004	11	..........a	-327.68
	8	9	-1.58776E+000	-2.00186E-001	-3.03301E+000	-2.00025E+000	3.32611E-004	11	..........a	-327.68
	9	10	-1.58536E+000	-2.00186E-001	-3.02014E+000	-2.00025E+000	3.35661E-004	11	..........a	-327.68
	10	11	-1.58536E+000	-2.00186E-001	-3.00733E+000	-2.00025E+000	3.41461E-004	11	..........a	-327.68
	11	12	-1.58296E+000	-2.00186E-001	-2.99702E+000	-2.00025E+000	3.34761E-004	11	..........a	-327.68
	12	13	-1.58376E+000	-2.00187E-001	-2.98352E+000	-2.00025E+000	3.38928E-004	11	..........a	-327.68
	13	14	-1.58536E+000	-2.00187E-001	-2.96954E+000	-2.00025E+000	3.34344E-004	11	..........a	-327.68
	14	15	-1.58216E+000	-2.00187E-001	-2.96064E+000	-2.00025E+000	3.36044E-004	11	..........a	-327.68
	15	16	-1.58536E+000	-2.00187E-001	-2.94513E+000	-2.00025E+000	3.35461E-004	11	..........a	-327.68
	16	17	-1.58256E+000	-2.00187E-001	-2.93815E+000	-2.00025E+000	3.36428E-004	11	..........a	-327.68
	17	18	-1.58256E+000	-2.00187E-001	-2.92777E+000	-2.00025E+000	3.32728E-004	11	..........a	-327.68
	18	19	-1.58056E+000	-2.00187E-001	-2.92148E+000	-2.00025E+000	3.32611E-004	11	..........a	-327.68
	19	20	-1.58216E+000	-2.00187E-001	-2.90983E+000	-2.00025E+000	3.35561E-004	11	..........a	-327.68
	20	21	-1.57976E+000	-2.00187E-001	-2.90277E+000	-2.00025E+000	3.30128E-004	11	..........a	-327.68
	21	22	-1.58056E+000	-2.00187E-001	-2.89119E+000	-2.00025E+000	3.39361E-004	11	..........a	-327.68
	22	23	-1.58056E+000	-2.00188E-001	-2.88142E+000	-2.00025E+000	3.37094E-004	11	..........a	-327.68
	23	24	-1.58056E+000	-2.00188E-001	-2.87138E+000	-2.00025E+000	3.33511E-004	11	..........a	-327.68
	24	25	-1.57736E+000	-2.00187E-001	-2.86554E+000	-2.00025E+000	3.32578E-004	11	..........a	-327.68
	25	26	-1.57976E+000	-2.00187E-001	-2.85484E+000	-2.00025E+000	3.34378E-004	11	..........a	-327.68
	26	27	-1.57896E+000	-2.00187E-001	-2.84887E+000	-2.00025E+000	3.34711E-004	11	..........a	-327.68
	27	28	-1.57976E+000	-2.00188E-001	-2.84032E+000	-2.00025E+000	3.39228E-004	11	..........a	-327.68
	28	29	-1.57896E+000	-2.00187E-001	-2.83236E+000	-2.00025E+000	3.38978E-004	11	..........a	-327.68
	29	30	-1.57736E+000	-2.00187E-001	-2.82597E+000	-2.00025E+000	3.39878E-004	11	..........a	-327.68
	30	31	-1.57936E+000	-2.00188E-001	-2.81593E+000	-2.00025E+000	3.39744E-004	11	..........a	-327.68
	31	32	-1.57576E+000	-2.00187E-001	-2.81184E+000	-2.00025E+000	3.37528E-004	11	..........a	-327.68
	32	33	-1.57736E+000	-2.00187E-001	-2.80323E+000	-2.00025E+000	3.35478E-004	11	..........a	-327.68
	33	34	-1.57576E+000	-2.00188E-001	-2.79815E+000	-2.00025E+000	3.39228E-004	11	..........a	-327.68
	34	35	-1.57576E+000	-2.00187E-001	-2.79162E+000	-2.00025E+000	3.33661E-004	11	..........a	-327.68
	35	36	-1.57416E+000	-2.00187E-001	-2.78740E+000	-2.00025E+000	3.30394E-004	11	..........a	-327.68
	36	37	-1.57416E+000	-2.00187E-001	-2.78123E+000	-2.00025E+000	3.33828E-004	11	..........a	-327.68
	37	38	-1.57336E+000	-2.00187E-001	-2.77747E+000	-2.00025E+000	3.29361E-004	11	..........a	-327.68
	38	39	-1.56776E+000	-2.00187E-001	-2.79025E+000	-2.00025E+000	3.33678E-004	11	..........a	-327.68
	39	40	-1.56856E+000	-2.00187E-001	-2.78325E+000	-2.00025E+000	3.28328E-004	11	..........a	-327.68
	40	41	-1.56936E+000	-2.00188E-001	-2.77561E+000	-2.00025E+000	3.35111E-004	11	..........a	-327.68
	41	42	-1.56936E+000	-2.00187E-001	-2.76818E+000	-2.00025E+000	3.33528E-004	11	..........a	-327.68
	42	43	-1.56936E+000	-2.00187E-001	-2.75898E+000	-2.00025E+000	3.37878E-004	11	..........a	-327.68
	43	44	-1.56976E+000	-2.00188E-001	-2.74989E+000	-2.00025E+000	3.31828E-004	11	..........a	-327.68
	44	45	-1.56976E+000	-2.00188E-001	-2.74326E+000	-2.00025E+000	3.27494E-004	11	..........a	-327.68
	45	46	-1.56936E+000	-2.00187E-001	-2.73703E+000	-2.00025E+000	3.31061E-004	11	..........a	-327.68
	46	47	-1.56976E+000	-2.00188E-001	-2.72984E+000	-2.00025E+000	3.29611E-004	11	..........a	-327.68
	47	48	-1.56976E+000	-2.00188E-001	-2.72404E+000	-2.00025E+000	3.36628E-004	11	..........a	-327.68
	48	49	-1.57016E+000	-2.00188E-001	-2.71718E+000	-2.00025E+000	3.33861E-004	11	..........a	-327.68
	49	50	-1.56656E+000	-2.00187E-001	-2.71365E+000	-2.00025E+000	3.30278E-004	11	..........a	-327.68
	50	51	-1.56976E+000	-2.00188E-001	-2.70365E+000	-2.00025E+000	3.35994E-004	11	..........a	-327.68
	51	52	-1.57016E+000	-2.00187E-001	-2.69996E+000	-2.00025E+000	3.37394E-004	11	..........a	-327.68
	52	53	-1.56936E+000	-2.00187E-001	-2.69615E+000	-2.00025E+000	3.38461E-004	11	..........a	-327.68
	53	54	-1.56856E+000	-2.00188E-001	-2.68988E+000	-2.00025E+000	3.39528E-004	11	..........a	-327.68
	54	55	-1.57096E+000	-2.00188E-001	-2.68115E+000	-2.00025E+000	3.38178E-004	11	..........a	-327.68
	55	56	-1.56936E+000	-2.00188E-001	-2.67667E+000	-2.00025E+000	3.36411E-004	11	..........a	-327.68
	56	57	-1.56936E+000	-2.00188E-001	-2.67132E+000	-2.00025E+000	3.47744E-004	11	..........a	-327.68
	57	58	-1.56936E+000	-2.00187E-001	-2.66479E+000	-2.00025E+000	3.34678E-004	11	..........a	-327.68
	58	59	-1.56936E+000	-2.00188E-001	-2.65842E+000	-2.00025E+000	3.34528E-004	11	..........a	-327.68
	59	60	-1.56856E+000	-2.00188E-001	-2.65392E+000	-2.00025E+000	3.40811E-004	11	..........a	-327.68
	60	61	-1.57136E+000	-2.00187E-001	-2.64571E+000	-2.00025E+000	3.25944E-004	11	..........a	-327.68
	61	62	-1.57256E+000	-2.00188E-001	-2.63916E+000	-2.00025E+000	3.30161E-004	11	..........a	-327.68
	62	63	-1.56856E+000	-2.00188E-001	-2.63932E+000	-2.00025E+000	3.27294E-004	11	..........a	-327.68
	63	64	-1.56936E+000	-2.00188E-001	-2.63346E+000	-2.00025E+000	3.27428E-004	11	..........a	-327.68
	64	65	-1.57256E+000	-2.00188E-001	-2.62511E+000	-2.00025E+000	3.30178E-004	11	..........a	-327.68
	65	66	-1.57256E+000	-2.00188E-001	-2.62164E+000	-2.00025E+000	3.26678E-004	11	..........a	-327.68
	66	67	-1.56936E+000	-2.00188E-001	-2.62139E+000	-2.00025E+000	3.33578E-004	11	..........a	-327.68
	67	68	-1.56936E+000	-2.00188E-001	-2.62046E+000	-2.00025E+000	3.31828E-004	11	..........a	-327.68
	68	69	-1.57016E+000	-2.00188E-001	-2.61713E+000	-2.00025E+000	3.31078E-004	11	..........a	-327.68
	69	70	-1.57096E+000	-2.00188E-001	-2.61241E+000	-2.00025E+000	3.30394E-004	11	..........a	-327.68
	70	71	-1.57176E+000	-2.00188E-001	-2.60802E+000	-2.00025E+000	3.32528E-004	11	..........a	-327.68
	71	72	-1.57256E+000	-2.00188E-001	-2.60428E+000	-2.00025E+000	3.29761E-004	11	..........a	-327.68
	72	73	-1.57016E+000	-2.00188E-001	-2.60285E+000	-2.00025E+000	3.27861E-004	11	..........a	-327.68
	73	74	-1.57096E+000	-2.00188E-001	-2.60213E+000	-2.00025E+000	3.26978E-004	11	..........a	-327.68
	74	75	-1.57256E+000	-2.00188E-001	-2.59808E+000	-2.00025E+000	3.20044E-004	11	..........a	-327.68
	75	76	-1.57256E+000	-2.00188E-001	-2.59624E+000	-2.00025E+000	3.31478E-004	11	..........a	-327.68
	76	77	-1.57136E+000	-2.00188E-001	-2.59482E+000	-2.00025E+000	3.33178E-004	11	..........a	-327.68
	77	78	-1.57016E+000	-2.00188E-001	-2.59125E+000	-2.00025E+000	3.34644E-004	11	..........a	-327.68
	78	79	-1.57096E+000	-2.00188E-001	-2.58625E+000	-2.00025E+000	3.31078E-004	11	..........a	-327.68
	79	80	-1.57096E+000	-2.00187E-001	-2.58232E+000	-2.00025E+000	3.35394E-004	11	..........a	-327.68
	80	81	-1.56856E+000	-2.00188E-001	-2.58237E+000	-2.00025E+000	3.34961E-004	11	..........a	-327.68
	81	82	-1.57336E+000	-2.00188E-001	-2.57689E+000	-2.00025E+000	3.37678E-004	11	..........a	-327.68
	82	83	-1.57096E+000	-2.00188E-001	-2.57607E+000	-2.00025E+000	3.34511E-004	11	..........a	-327.68
	83	84	-1.57016E+000	-2.00188E-001	-2.57403E+000	-2.00025E+000	3.35528E-004	11	..........a	-327.68
	84	85	-1.57296E+000	-2.00188E-001	-2.56778E+000	-2.00025E+000	3.29478E-004	11	..........a	-327.68
	85	86	-1.57136E+000	-2.00188E-001	-2.56500E+000	-2.00025E+000	3.21744E-004	11	..........a	-327.68
	86	87	-1.57456E+000	-2.00188E-001	-2.56291E+000	-2.00025E+000	3.26978E-004	11	..........a	-327.68
	87	88	-1.57256E+000	-2.00188E-001	-2.56381E+000	-2.00025E+000	3.24544E-004	11	..........a	-327.68
	88	89	-1.57256E+000	-2.00188E-001	-2.56159E+000	-2.00025E+000	3.26661E-004	11	..........a	-327.68
	89	90	-1.57256E+000	-2.00188E-001	-2.56111E+000	-2.00025E+000	3.25644E-004	11	..........a	-327.68
	90	91	-1.57256E+000	-2.00188E-001	-2.55774E+000	-2.00025E+000	3.20294E-004	11	..........a	-327.68
	91	92	-1.57256E+000	-2.00188E-001	-2.55382E+000	-2.00025E+000	3.31494E-004	11	..........a	-327.68
	92	93	-1.57216E+000	-2.00188E-001	-2.55082E+000	-2.00025E+000	3.33644E-004	11	..........a	-327.68
	93	94	-1.57256E+000	-2.00188E-001	-2.54724E+000	-2.00025E+000	3.28994E-004	11	..........a	-327.68
	94	95	-1.57256E+000	-2.00188E-001	-2.54569E+000	-2.00025E+000	3.30678E-004	11	..........a	-327.68
	95	96	-1.57416E+000	-2.00188E-001	-2.54353E+000	-2.00025E+000	3.30611E-004	11	..........a	-327.68
	96	97	-1.57256E+000	-2.00188E-001	-2.54393E+000	-2.00025E+000	3.28044E-004	11	..........a	-327.68
	97	98	-1.57296E+000	-2.00189E-001	-2.54125E+000	-2.00025E+000	3.27628E-004	11	..........a	-327.68
	98	99	-1.57416E+000	-2.00189E-001	-2.53936E+000	-2.00025E+000	3.27428E-004	11	..........a	-327.68
	99	100	-1.57576E+000	-2.00188E-001	-2.53662E+000	-2.00025E+000	3.33044E-004	11	..........a	-327.68
	100	101	-1.57296E+000	-2.00188E-001	-2.53865E+000	-2.00025E+000	3.31161E-004	11	..........a	-327.68
	101	102	-1.57576E+000	-2.00189E-001	-2.53421E+000	-2.00025E+000	3.32944E-004	11	..........a	-327.68
	102	103	-1.57416E+000	-2.00189E-001	-2.53580E+000	-2.00025E+000	3.34144E-004	11	..........a	-327.68
	103	104	-1.57616E+000	-2.00189E-001	-2.53203E+000	-2.00025E+000	3.31094E-004	11	..........a	-327.68
	104	105	-1.57576E+000	-2.00189E-001	-2.53111E+000	-2.00025E+000	3.31028E-004	11	..........a	-327.68
	105	106	-1.57096E+000	-2.00189E-001	-2.53540E+000	-2.00025E+000	3.40344E-004	11	..........a	-327.68
	106	107	-1.57416E+000	-2.00189E-001	-2.53082E+000	-2.00025E+000	3.38211E-004	11	..........a	-327.68
	107	108	-1.57736E+000	-2.00189E-001	-2.52762E+000	-2.00025E+000	3.35911E-004	11	..........a	-327.68
	108	109	-1.57576E+000	-2.00188E-001	-2.53080E+000	-2.00025E+000	3.40694E-004	11	..........a	-327.68
	109	110	-1.57576E+000	-2.00188E-001	-2.53227E+000	-2.00025E+000	3.41444E-004	11	..........a	-327.68
	110	111	-1.57576E+000	-2.00189E-001	-2.53206E+000	-2.00025E+000	3.40861E-004	11	..........a	-327.68
	111	112	-1.57736E+000	-2.00188E-001	-2.52810E+000	-2.00025E+000	3.39561E-004	11	..........a	-327.68
	112	113	-1.57736E+000	-2.00188E-001	-2.52577E+000	-2.00025E+000	3.38611E-004	11	..........a	-327.68
	113	114	-1.57576E+000	-2.00189E-001	-2.52535E+000	-2.00025E+000	3.38311E-004	11	..........a	-327.68
	114	115	-1.57736E+000	-2.00189E-001	-2.52387E+000	-2.00025E+000	3.36461E-004	11	..........a	-327.68
	115	116	-1.57896E+000	-2.00189E-001	-2.52180E+000	-2.00025E+000	3.34128E-004	11	..........a	-327.68
	116	117	-1.57896E+000	-2.00188E-001	-2.52222E+000	-2.00025E+000	3.45728E-004	11	..........a	-327.68
	117	118	-1.57896E+000	-2.00188E-001	-2.52066E+000	-2.00025E+000	3.34894E-004	11	..........a	-327.68
	118	119	-1.57416E+000	-2.00188E-001	-2.52348E+000	-2.00025E+000	3.32144E-004	11	..........a	-327.68
	119	120	-1.57776E+000	-2.00188E-001	-2.51759E+000	-2.00025E+000	3.25411E-004	11	..........a	-327.68
	120	121	-1.57736E+000	-2.00188E-001	-2.51731E+000	-2.00025E+000	3.31994E-004	11	..........a	-327.68
	121	122	-1.57736E+000	-2.00188E-001	-2.51787E+000	-2.00025E+000	3.28294E-004	11	..........a	-327.68
	122	123	-1.57896E+000	-2.00188E-001	-2.51781E+000	-2.00025E+000	3.37661E-004	11	..........a	-327.68
	123	124	-1.57736E+000	-2.00189E-001	-2.52057E+000	-2.00025E+000	3.40428E-004	11	..........a	-327.68
	124	125	-1.57936E+000	-2.00189E-001	-2.51803E+000	-2.00025E+000	3.37894E-004	11	..........a	-327.68
	125	126	-1.57936E+000	-2.00189E-001	-2.51718E+000	-2.00025E+000	3.35928E-004	11	..........a	-327.68
	126	127	-1.57976E+000	-2.00189E-001	-2.51398E+000	-2.00025E+000	3.38244E-004	11	..........a	-327.68
	127	128	-1.57896E+000	-2.00188E-001	-2.51434E+000	-2.00025E+000	3.32828E-004	11	..........a	-327.68
	128	129	-1.57896E+000	-2.00188E-001	-2.51375E+000	-2.00025E+000	3.25444E-004	11	..........a	-327.68
	129	130	-1.58216E+000	-2.00188E-001	-2.51023E+000	-2.00025E+000	3.31894E-004	11	..........a	-327.68
	130	131	-1.57816E+000	-2.00188E-001	-2.51586E+000	-2.00025E+000	3.35578E-004	11	..........a	-327.68
	131	132	-1.57736E+000	-2.00188E-001	-2.51655E+000	-2.00025E+000	3.37361E-004	11	..........a	-327.68
	132	133	-1.58136E+000	-2.00188E-001	-2.51279E+000	-2.00025E+000	3.39328E-004	11	..........a	-327.68
	133	134	-1.58056E+000	-2.00189E-001	-2.51593E+000	-2.00025E+000	3.37694E-004	11	..........a	-327.68
	134	135	-1.58216E+000	-2.00188E-001	-2.51591E+000	-2.00025E+000	3.38378E-004	11	..........a	-327.68
	135	136	-1.57896E+000	-2.00188E-001	-2.51879E+000	-2.00025E+000	3.28644E-004	11	..........a	-327.68
	136	137	-1.58216E+000	-2.00188E-001	-2.51648E+000	-2.00025E+000	3.37044E-004	11	..........a	-327.68
	137	138	-1.58376E+000	-2.00188E-001	-2.51360E+000	-2.00025E+000	3.28628E-004	11	..........a	-327.68
	138	139	-1.58216E+000	-2.00188E-001	-2.51404E+000	-2.00025E+000	3.39761E-004	11	..........a	-327.68
	139	140	-1.58136E+000	-2.00188E-001	-2.51562E+000	-2.00025E+000	3.43261E-004	11	..........a	-327.68
	140	141	-1.58376E+000	-2.00188E-001	-2.51120E+000	-2.00025E+000	3.32711E-004	11	..........a	-327.68
	141	142	-1.58376E+000	-2.00188E-001	-2.51167E+000	-2.00025E+000	3.28678E-004	11	..........a	-327.68
	142	143	-1.58416E+000	-2.00188E-001	-2.51193E+000	-2.00025E+000	3.29878E-004	11	..........a	-327.68
	143	144	-1.58696E+000	-2.00188E-001	-2.50959E+000	-2.00025E+000	3.33694E-004	11	..........a	-327.68
	144	145	-1.58536E+000	-2.00192E-001	-2.51006E+000	-2.00025E+000	3.64628E-004	11	..........a	-327.68
	145	146	-1.58536E+000	-2.00191E-001	-2.50887E+000	-2.00025E+000	3.73244E-004	11	..........a	-327.68
	146	147	-1.58456E+000	-2.00192E-001	-2.51066E+000	-2.00025E+000	3.73561E-004	11	..........a	-327.68
	147	148	-1.58696E+000	-2.00192E-001	-2.50879E+000	-2.00025E+000	3.67544E-004	11	..........a	-327.68
	148	149	-1.58536E+000	-2.00192E-001	-2.50996E+000	-2.00025E+000	3.70478E-004	11	..........a	-327.68
	149	150	-1.58536E+000	-2.00192E-001	-2.51114E+000	-2.00025E+000	3.65278E-004	11	..........a	-327.68
	150	151	-1.58536E+000	-2.00192E-001	-2.51057E+000	-2.00025E+000	3.66894E-004	11	..........a	-327.68
	151	152	-1.58856E+000	-2.00191E-001	-2.50795E+000	-2.00025E+000	3.68978E-004	11	..........a	-327.68
	152	153	-1.58696E+000	-2.00192E-001	-2.50863E+000	-2.00025E+000	3.69994E-004	11	..........a	-327.68
	153	154	-1.59016E+000	-2.00192E-001	-2.50408E+000	-2.00025E+000	3.67078E-004	11	..........a	-327.68
	154	155	-1.59056E+000	-2.00192E-001	-2.50447E+000	-2.00025E+000	3.75811E-004	11	..........a	-327.68
	155	156	-1.59056E+000	-2.00192E-001	-2.50461E+000	-2.00025E+000	3.69578E-004	11	..........a	-327.68
	156	157	-1.59056E+000	-2.00192E-001	-2.50661E+000	-2.00025E+000	3.76794E-004	11	..........a	-327.68
	157	158	-1.59256E+000	-2.00192E-001	-2.50804E+000	-2.00025E+000	3.70628E-004	11	..........a	-327.68
	158	159	-1.59096E+000	-2.00192E-001	-2.51012E+000	-2.00025E+000	3.75761E-004	11	..........a	-327.68
	159	160	-1.59176E+000	-2.00192E-001	-2.50917E+000	-2.00025E+000	3.77161E-004	11	..........a	-327.68
	160	161	-1.59336E+000	-2.00191E-001	-2.50667E+000	-2.00025E+000	3.69961E-004	11	..........a	-327.68
	161	162	-1.59656E+000	-2.00192E-001	-2.50389E+000	-2.00025E+000	3.67961E-004	11	..........a	-327.68
	162	163	-1.59176E+000	-2.00192E-001	-2.51054E+000	-2.00025E+000	3.63844E-004	11	..........a	-327.68
	163	164	-1.59176E+000	-2.00192E-001	-2.51102E+000	-2.00025E+000	3.63378E-004	11	..........a	-327.68
	164	165	-1.59176E+000	-2.00191E-001	-2.51297E+000	-2.00025E+000	3.69928E-004	11	..........a	-327.68
	165	166	-1.59496E+000	-2.00192E-001	-2.51042E+000	-2.00025E+000	3.79128E-004	11	..........a	-327.68
	166	167	-1.59416E+000	-2.00192E-001	-2.51116E+000	-2.00025E+000	3.75044E-004	11	..........a	-327.68
	167	168	-1.59976E+000	-2.00192E-001	-2.50726E+000	-2.00025E+000	3.75494E-004	11	..........a	-327.68
	168	169	-1.59976E+000	-2.00192E-001	-2.50841E+000	-2.00025E+000	3.76711E-004	11	..........a	-327.68
	169	170	-1.60016E+000	-2.00192E-001	-2.51054E+000	-2.00025E+000	3.75861E-004	11	..........a	-327.68
	170	171	-1.60136E+000	-2.00191E-001	-2.51067E+000	-2.00025E+000	3.84228E-004	11	..........a	-327.68
	171	172	-1.59976E+000	-2.00191E-001	-2.51212E+000	-2.00025E+000	3.74061E-004	11	..........a	-327.68
	172	173	-1.60136E+000	-2.00192E-001	-2.51076E+000	-2.00025E+000	3.78844E-004	11	..........a	-327.68
	173	174	-1.60296E+000	-2.00192E-001	-2.50755E+000	-2.00025E+000	3.77661E-004	11	..........a	-327.68
	174	175	-1.59896E+000	-2.00192E-001	-2.50971E+000	-2.00025E+000	3.76844E-004	11	..........a	-327.68
	175	176	-1.60296E+000	-2.00192E-001	-2.50518E+000	-2.00025E+000	3.81578E-004	11	..........a	-327.68
	176	177	-1.60616E+000	-2.00192E-001	-2.50304E+000	-2.00025E+000	3.81261E-004	11	..........a	-327.68
	177	178	-1.60456E+000	-2.00192E-001	-2.50877E+000	-2.00025E+000	3.72261E-004	11	..........a	-327.68
	178	179	-1.60296E+000	-2.00192E-001	-2.51122E+000	-2.00025E+000	3.77361E-004	11	..........a	-327.68
	179	180	-1.60456E+000	-2.00192E-001	-2.50827E+000	-2.00025E+000	3.61811E-004	11	..........a	-327.68
	180	181	-1.60696E+000	-2.00192E-001	-2.50591E+000	-2.00025E+000	3.66828E-004	11	..........a	-327.68
	181	182	-1.60616E+000	-2.00192E-001	-2.50545E+000	-2.00025E+000	3.68144E-004	11	..........a	-327.68
	182	183	-1.60776E+000	-2.00192E-001	-2.50338E+000	-2.00025E+000	3.67044E-004	11	..........a	-327.68
	183	184	-1.60856E+000	-2.00187E-001	-2.50478E+000	-2.00025E+000	5.24611E-004	11	..........a	-327.68
	184	185	-1.60936E+000	-2.00186E-001	-2.50452E+000	-2.00025E+000	5.29528E-004	11	..........a	-327.68
	185	186	-1.60696E+000	-2.00186E-001	-2.50861E+000	-2.00025E+000	5.31544E-004	11	..........a	-327.68
	186	187	-1.60896E+000	-2.00186E-001	-2.50682E+000	-2.00025E+000	5.26711E-004	11	..........a	-327.68
	187	188	-1.60856E+000	-2.00186E-001	-2.50752E+000	-2.00025E+000	5.30144E-004	11	..........a	-327.68
	188	189	-1.61296E+000	-2.00186E-001	-2.50512E+000	-2.00025E+000	5.27161E-004	11	..........a	-327.68
	189	190	-1.61536E+000	-2.00186E-001	-2.50260E+000	-2.00025E+000	5.28378E-004	11	..........a	-327.68
	190	191	-1.61256E+000	-2.00187E-001	-2.50718E+000	-2.00025E+000	5.30678E-004	11	..........a	-327.68
	191	192	-1.61576E+000	-2.00186E-001	-2.50637E+000	-2.00025E+000	5.21944E-004	11	..........a	-327.68
	192	193	-1.61496E+000	-2.00186E-001	-2.50907E+000	-2.00025E+000	5.26861E-004	11	..........a	-327.68
	193	194	-1.61576E+000	-2.00186E-001	-2.50795E+000	-2.00025E+000	5.28428E-004	11	..........a	-327.68
	194	195	-1.61576E+000	-2.00186E-001	-2.50648E+000	-2.00025E+000	5.28794E-004	11	..........a	-327.68
	195	196	-1.61816E+000	-2.00186E-001	-2.50371E+000	-2.00025E+000	5.29611E-004	11	..........a	-327.68
	196	197	-1.61736E+000	-2.00186E-001	-2.50641E+000	-2.00025E+000	5.26828E-004	11	..........a	-327.68
	197	198	-1.61696E+000	-2.00186E-001	-2.50731E+000	-2.00025E+000	5.27844E-004	11	..........a	-327.68
	198	199	-1.61736E+000	-2.00186E-001	-2.50827E+000	-2.00025E+000	5.27678E-004	11	..........a	-327.68
	199	200	-1.61736E+000	-2.00186E-001	-2.50861E+000	-2.00025E+000	5.26578E-004	11	..........a	-327.68
	200	201	-1.62056E+000	-2.00186E-001	-2.50676E+000	-2.00025E+000	5.23928E-004	11	..........a	-327.68
	201	202	-1.62296E+000	-2.00186E-001	-2.50472E+000	-2.00025E+000	5.27594E-004	11	..........a	-327.68
	202	203	-1.62216E+000	-2.00186E-001	-2.50730E+000	-2.00025E+000	5.27311E-004	11	..........a	-327.68
	203	204	-1.62216E+000	-2.00186E-001	-2.50927E+000	-2.00025E+000	5.26578E-004	11	..........a	-327.68
	204	205	-1.62136E+000	-2.00186E-001	-2.50952E+000	-2.00025E+000	5.28428E-004	11	..........a	-327.68
	205	206	-1.62056E+000	-2.00186E-001	-2.50786E+000	-2.00025E+000	5.25844E-004	11	..........a	-327.68
	206	207	-1.62056E+000	-2.00186E-001	-2.50555E+000	-2.00025E+000	5.28094E-004	11	..........a	-327.68
	207	208	-1.62216E+000	-2.00186E-001	-2.50250E+000	-2.00025E+000	5.27778E-004	11	..........a	-327.68
	208	209	-1.62216E+000	-2.00187E-001	-2.50085E+000	-2.00025E+000	5.27211E-004	11	..........a	-327.68
	209	210	-1.62136E+000	-2.00187E-001	-2.50187E+000	-2.00025E+000	5.23811E-004	11	..........a	-327.68
	210	211	-1.62296E+000	-2.00186E-001	-2.50049E+000	-2.00025E+000	5.26844E-004	11	..........a	-327.68
	211	212	-1.62296E+000	-2.00186E-001	-2.49968E+000	-2.00025E+000	5.29444E-004	11	..........a	-327.68
	212	213	-1.62136E+000	-2.00187E-001	-2.50136E+000	-2.00025E+000	5.28661E-004	11	..........a	-327.68
	213	214	-1.62136E+000	-2.00186E-001	-2.50258E+000	-2.00025E+000	5.31794E-004	11	..........a	-327.68
	214	215	-1.62296E+000	-2.00186E-001	-2.50132E+000	-2.00025E+000	5.27678E-004	11	..........a	-327.68
	215	216	-1.62176E+000	-2.00187E-001	-2.50349E+000	-2.00025E+000	5.30028E-004	11	..........a	-327.68
	216	217	-1.62136E+000	-2.00187E-001	-2.50642E+000	-2.00025E+000	5.23611E-004	11	..........a	-327.68
	217	218	-1.62216E+000	-2.00186E-001	-2.50877E+000	-2.00025E+000	5.29711E-004	11	..........a	-327.68
	218	219	-1.62256E+000	-2.00187E-001	-2.50807E+000	-2.00025E+000	5.30928E-004	11	..........a	-327.68
	219	220	-1.62336E+000	-2.00187E-001	-2.50724E+000	-2.00025E+000	5.31778E-004	11	..........a	-327.68
	220	221	-1.62376E+000	-2.00187E-001	-2.50689E+000	-2.00025E+000	5.29594E-004	11	..........a	-327.68
	221	222	-1.62376E+000	-2.00187E-001	-2.50655E+000	-2.00025E+000	5.28928E-004	11	..........a	-327.68
	222	223	-1.62456E+000	-2.00186E-001	-2.50588E+000	-2.00025E+000	5.31278E-004	11	..........a	-327.68
	223	224	-1.62256E+000	-2.00186E-001	-2.50861E+000	-2.00025E+000	5.28644E-004	11	..........a	-327.68
	224	225	-1.62376E+000	-2.00187E-001	-2.50857E+000	-2.00025E+000	5.26894E-004	11	..........a	-327.68
	225	226	-1.62296E+000	-2.00187E-001	-2.50963E+000	-2.00025E+000	5.31344E-004	11	..........a	-327.68
	226	227	-1.62376E+000	-2.00187E-001	-2.50759E+000	-2.00025E+000	5.28228E-004	11	..........a	-327.68
	227	228	-1.62216E+000	-2.00187E-001	-2.51080E+000	-2.00025E+000	5.29611E-004	11	..........a	-327.68
	228	229	-1.62176E+000	-2.00187E-001	-2.50890E+000	-2.00025E+000	5.28394E-004	11	..........a	-327.68
	229	230	-1.62256E+000	-2.00187E-001	-2.50759E+000	-2.00025E+000	5.29544E-004	11	..........a	-327.68
	230	231	-1.62136E+000	-2.00187E-001	-2.51271E+000	-2.00025E+000	5.27494E-004	11	..........a	-327.68
	231	232	-1.62536E+000	-2.00187E-001	-2.51119E+000	-2.00025E+000	5.25611E-004	11	..........a	-327.68
	232	233	-1.62496E+000	-2.00187E-001	-2.51332E+000	-2.00025E+000	5.28544E-004	11	..........a	-327.68
	233	234	-1.62416E+000	-2.00187E-001	-2.51318E+000	-2.00025E+000	5.29444E-004	11	..........a	-327.68
	234	235	-1.62576E+000	-2.00187E-001	-2.50904E+000	-2.00025E+000	5.32794E-004	11	..........a	-327.68
	235	236	-1.62576E+000	-2.00187E-001	-2.50830E+000	-2.00025E+000	5.31194E-004	11	..........a	-327.68
	236	237	-1.62576E+000	-2.00186E-001	-2.50821E+000	-2.00025E+000	5.30944E-004	11	..........a	-327.68
	237	238	-1.62456E+000	-2.00186E-001	-2.51219E+000	-2.00025E+000	5.30594E-004	11	..........a	-327.68
	238	239	-1.62456E+000	-2.00186E-001	-2.51354E+000	-2.00025E+000	5.32194E-004	11	..........a	-327.68
	239	240	-1.62456E+000	-2.00186E-001	-2.51364E+000	-2.00025E+000	5.31261E-004	11	..........a	-327.68
	240	241	-1.62456E+000	-2.00187E-001	-2.51309E+000	-2.00025E+000	5.35444E-004	11	..........a	-327.68
	241	242	-1.62536E+000	-2.00186E-001	-2.51034E+000	-2.00025E+000	5.30778E-004	11	..........a	-327.68
	242	243	-1.62536E+000	-2.00186E-001	-2.51136E+000	-2.00025E+000	5.31244E-004	11	..........a	-327.68
	243	244	-1.62696E+000	-2.00187E-001	-2.51180E+000	-2.00025E+000	5.27794E-004	11	..........a	-327.68
	244	245	-1.62536E+000	-2.00187E-001	-2.51328E+000	-2.00025E+000	5.28528E-004	11	..........a	-327.68
	245	246	-1.62776E+000	-2.00187E-001	-2.51104E+000	-2.00025E+000	5.29711E-004	11	..........a	-327.68
	246	247	-1.62776E+000	-2.00187E-001	-2.51040E+000	-2.00025E+000	5.28628E-004	11	..........a	-327.68
	247	248	-1.62776E+000	-2.00187E-001	-2.51189E+000	-2.00025E+000	5.31678E-004	11	..........a	-327.68
	248	249	-1.62816E+000	-2.00186E-001	-2.50972E+000	-2.00025E+000	5.27994E-004	11	..........a	-327.68
	249	250	-1.62936E+000	-2.00187E-001	-2.50861E+000	-2.00025E+000	5.30078E-004	11	..........a	-327.68
	250	251	-1.62856E+000	-2.00187E-001	-2.50988E+000	-2.00025E+000	5.29561E-004	11	..........a	-327.68
	251	252	-1.62616E+000	-2.00186E-001	-2.51341E+000	-2.00025E+000	5.30944E-004	11	..........a	-327.68
	252	253	-1.62856E+000	-2.00186E-001	-2.51287E+000	-2.00025E+000	5.29644E-004	11	..........a	-327.68
	253	254	-1.62856E+000	-2.00187E-001	-2.51641E+000	-2.00025E+000	5.30028E-004	11	..........a	-327.68
	254	255	-1.62936E+000	-2.00187E-001	-2.51535E+000	-2.00025E+000	5.30611E-004	11	..........a	-327.68
	255	256	-1.62776E+000	-2.00187E-001	-2.51685E+000	-2.00025E+000	5.24444E-004	11	..........a	-327.68
	256	257	-1.62616E+000	-2.00186E-001	-2.51920E+000	-2.00025E+000	5.23378E-004	11	..........a	-327.68
	257	258	-1.63016E+000	-2.00187E-001	-2.51679E+000	-2.00025E+000	5.26628E-004	11	..........a	-327.68
	258	259	-1.63016E+000	-2.00186E-001	-2.52073E+000	-2.00025E+000	5.30228E-004	11	..........a	-327.68
	259	260	-1.62976E+000	-2.00186E-001	-2.52229E+000	-2.00025E+000	5.29044E-004	11	..........a	-327.68
	260	261	-1.63096E+000	-2.00186E-001	-2.52234E+000	-2.00025E+000	5.29944E-004	11	..........a	-327.68
	261	262	-1.63016E+000	-2.00186E-001	-2.52360E+000	-2.00025E+000	5.26528E-004	11	..........a	-327.68
	262	263	-1.63056E+000	-2.00186E-001	-2.52199E+000	-2.00025E+000	5.24844E-004	11	..........a	-327.68
	263	264	-1.63016E+000	-2.00186E-001	-2.52314E+000	-2.00025E+000	5.26928E-004	11	..........a	-327.68
	264	265	-1.63016E+000	-2.00187E-001	-2.52357E+000	-2.00025E+000	5.28811E-004	11	..........a	-327.68
	265	266	-1.63376E+000	-2.00187E-001	-2.52216E+000	-2.00025E+000	5.26028E-004	11	..........a	-327.68
	266	267	-1.63336E+000	-2.00187E-001	-2.52415E+000	-2.00025E+000	5.25228E-004	11	..........a	-327.68
	267	268	-1.63416E+000	-2.00187E-001	-2.52452E+000	-2.00025E+000	5.30028E-004	11	..........a	-327.68
	268	269	-1.63456E+000	-2.00187E-001	-2.52267E+000	-2.00025E+000	5.25778E-004	11	..........a	-327.68
	269	270	-1.63416E+000	-2.00187E-001	-2.52368E+000	-2.00025E+000	5.26028E-004	11	..........a	-327.68
	270	271	-1.63416E+000	-2.00187E-001	-2.52469E+000	-2.00025E+000	5.23428E-004	11	..........a	-327.68
	271	272	-1.63456E+000	-2.00187E-001	-2.52586E+000	-2.00025E+000	5.24778E-004	11	..........a	-327.68
	272	273	-1.63576E+000	-2.00187E-001	-2.52606E+000	-2.00025E+000	5.23894E-004	11	..........a	-327.68
	273	274	-1.63576E+000	-2.00187E-001	-2.52675E+000	-2.00025E+000	5.29794E-004	11	..........a	-327.68
	274	275	-1.63656E+000	-2.00187E-001	-2.52703E+000	-2.00025E+000	5.26344E-004	11	..........a	-327.68
	275	276	-1.63576E+000	-2.00187E-001	-2.52629E+000	-2.00025E+000	5.30761E-004	11	..........a	-327.68
	276	277	-1.63736E+000	-2.00187E-001	-2.52294E+000	-2.00025E+000	5.29344E-004	11	..........a	-327.68
	277	278	-1.63856E+000	-2.00187E-001	-2.52487E+000	-2.00025E+000	5.27694E-004	11	..........a	-327.68
	278	279	-1.63856E+000	-2.00187E-001	-2.52636E+000	-2.00025E+000	5.31028E-004	11	..........a	-327.68
	279	280	-1.63496E+000	-2.00187E-001	-2.53017E+000	-2.00025E+000	5.27828E-004	11	..........a	-327.68
	280	281	-1.63856E+000	-2.00186E-001	-2.52601E+000	-2.00025E+000	5.22044E-004	11	..........a	-327.68
	281	282	-1.63816E+000	-2.00186E-001	-2.52474E+000	-2.00025E+000	5.25744E-004	11	..........a	-327.68
	282	283	-1.64576E+000	-2.00187E-001	-2.51565E+000	-2.00025E+000	5.25194E-004	11	..........a	-327.68
	283	284	-1.63856E+000	-2.00187E-001	-2.52077E+000	-2.00025E+000	5.25328E-004	11	..........a	-327.68
	284	285	-1.63736E+000	-2.00187E-001	-2.52223E+000	-2.00025E+000	5.28011E-004	11	..........a	-327.68
	285	286	-1.63616E+000	-2.00187E-001	-2.52327E+000	-2.00025E+000	5.25978E-004	11	..........a	-327.68
	286	287	-1.63696E+000	-2.00187E-001	-2.52320E+000	-2.00025E+000	5.22544E-004	11	..........a	-327.68
	287	288	-1.63696E+000	-2.00186E-001	-2.52420E+000	-2.00025E+000	5.26294E-004	11	..........a	-327.68
	288	289	-1.63696E+000	-2.00186E-001	-2.52516E+000	-2.00025E+000	5.23678E-004	11	..........a	-327.68
	289	290	-1.63896E+000	-2.00187E-001	-2.52440E+000	-2.00025E+000	5.24861E-004	11	..........a	-327.68
	290	291	-1.63816E+000	-2.00187E-001	-2.52560E+000	-2.00025E+000	5.25761E-004	11	..........a	-327.68
	291	292	-1.63776E+000	-2.00187E-001	-2.52820E+000	-2.00025E+000	5.22678E-004	11	..........a	-327.68
	292	293	-1.63656E+000	-2.00187E-001	-2.53160E+000	-2.00025E+000	5.28494E-004	11	..........a	-327.68
	293	294	-1.63736E+000	-2.00187E-001	-2.53190E+000	-2.00025E+000	5.25994E-004	11	..........a	-327.68
	294	295	-1.63696E+000	-2.00187E-001	-2.53286E+000	-2.00025E+000	5.25044E-004	11	..........a	-327.68
	295	296	-1.63696E+000	-2.00187E-001	-2.53161E+000	-2.00025E+000	5.21711E-004	11	..........a	-327.68
	296	297	-1.63776E+000	-2.00187E-001	-2.52846E+000	-2.00025E+000	5.27161E-004	11	..........a	-327.68
	297	298	-1.63776E+000	-2.00187E-001	-2.52684E+000	-2.00025E+000	5.27028E-004	11	..........a	-327.68
	298	299	-1.63696E+000	-2.00187E-001	-2.52875E+000	-2.00025E+000	5.24711E-004	11	..........a	-327.68
	299	300	-1.63576E+000	-2.00187E-001	-2.52988E+000	-2.00025E+000	5.26694E-004	11	..........a	-327.68
	300	301	-1.63776E+000	-2.00187E-001	-2.52792E+000	-2.00025E+000	5.25078E-004	11	..........a	-327.68
	301	302	-1.63856E+000	-2.00187E-001	-2.52726E+000	-2.00025E+000	5.22228E-004	11	..........a	-327.68
	302	303	-1.63816E+000	-2.00187E-001	-2.52928E+000	-2.00025E+000	5.27211E-004	11	..........a	-327.68
	303	304	-1.63776E+000	-2.00187E-001	-2.53066E+000	-2.00025E+000	5.25828E-004	11	..........a	-327.68
	304	305	-1.63736E+000	-2.00186E-001	-2.53132E+000	-2.00025E+000	5.25528E-004	11	..........a	-327.68
	305	306	-1.63616E+000	-2.00187E-001	-2.53233E+000	-2.00025E+000	5.22661E-004	11	..........a	-327.68
	306	307	-1.63656E+000	-2.00187E-001	-2.53354E+000	-2.00025E+000	5.22478E-004	11	..........a	-327.68
	307	308	-1.63736E+000	-2.00187E-001	-2.53227E+000	-2.00025E+000	5.26344E-004	11	..........a	-327.68
	308	309	-1.63656E+000	-2.00187E-001	-2.53399E+000	-2.00025E+000	5.27144E-004	11	..........a	-327.68
	309	310	-1.63656E+000	-2.00186E-001	-2.53333E+000	-2.00025E+000	5.25528E-004	11	..........a	-327.68
	310	311	-1.63736E+000	-2.00186E-001	-2.53215E+000	-2.00025E+000	5.27461E-004	11	..........a	-327.68
	311	312	-1.63696E+000	-2.00186E-001	-2.53494E+000	-2.00025E+000	5.28144E-004	11	..........a	-327.68
	312	313	-1.63736E+000	-2.00187E-001	-2.53878E+000	-2.00025E+000	5.25661E-004	11	..........a	-327.68
	313	314	-1.63576E+000	-2.00187E-001	-2.54341E+000	-2.00025E+000	5.20844E-004	11	..........a	-327.68
	314	315	-1.63496E+000	-2.00187E-001	-2.54549E+000	-2.00025E+000	5.22711E-004	11	..........a	-327.68
	315	316	-1.63736E+000	-2.00187E-001	-2.53948E+000	-2.00025E+000	5.25928E-004	11	..........a	-327.68
	316	317	-1.63656E+000	-2.00186E-001	-2.53952E+000	-2.00025E+000	5.27111E-004	11	..........a	-327.68
	317	318	-1.63856E+000	-2.00186E-001	-2.53782E+000	-2.00025E+000	5.22611E-004	11	..........a	-327.68
	318	319	-1.63736E+000	-2.00186E-001	-2.53873E+000	-2.00025E+000	5.23561E-004	11	..........a	-327.68
	319	320	-1.63856E+000	-2.00186E-001	-2.53812E+000	-2.00025E+000	5.27361E-004	11	..........a	-327.68
	320	321	-1.63856E+000	-2.00186E-001	-2.53845E+000	-2.00025E+000	5.22411E-004	11	..........a	-327.68
	321	322	-1.63576E+000	-2.00186E-001	-2.54586E+000	-2.00025E+000	5.21044E-004	11	..........a	-327.68
	322	323	-1.63696E+000	-2.00186E-001	-2.54663E+000	-2.00025E+000	5.20561E-004	11	..........a	-327.68
	323	324	-1.63856E+000	-2.00186E-001	-2.54497E+000	-2.00025E+000	5.22161E-004	11	..........a	-327.68
	324	325	-1.63736E+000	-2.00187E-001	-2.54741E+000	-2.00025E+000	5.23994E-004	11	..........a	-327.68
	325	326	-1.63776E+000	-2.00188E-001	-2.54902E+000	-2.00025E+000	4.59594E-004	11	..........a	-327.68
	326	327	-1.63976E+000	-2.00188E-001	-2.54678E+000	-2.00025E+000	4.48811E-004	11	..........a	-327.68
	327	328	-1.63736E+000	-2.00188E-001	-2.54907E+000	-2.00025E+000	4.66294E-004	11	..........a	-327.68
	328	329	-1.63816E+000	-2.00188E-001	-2.54849E+000	-2.00025E+000	4.65928E-004	11	..........a	-327.68
	329	330	-1.63976E+000	-2.00188E-001	-2.54661E+000	-2.00025E+000	4.87144E-004	11	..........a	-327.68
	330	331	-1.64016E+000	-2.00188E-001	-2.54498E+000	-2.00025E+000	4.86578E-004	11	..........a	-327.68
	331	332	-1.63816E+000	-2.00188E-001	-2.54924E+000	-2.00025E+000	4.72044E-004	11	..........a	-327.68
	332	333	-1.63976E+000	-2.00188E-001	-2.54904E+000	-2.00025E+000	4.74178E-004	11	..........a	-327.68
	333	334	-1.63816E+000	-2.00188E-001	-2.55156E+000	-2.00025E+000	4.87394E-004	11	..........a	-327.68
	334	335	-1.63976E+000	-2.00188E-001	-2.55027E+000	-2.00025E+000	4.91694E-004	11	..........a	-327.68
	335	336	-1.63656E+000	-2.00188E-001	-2.55358E+000	-2.00025E+000	5.08978E-004	11	..........a	-327.68
	336	337	-1.63976E+000	-2.00188E-001	-2.54701E+000	-2.00025E+000	4.73711E-004	11	..........a	-327.68
	337	338	-1.63776E+000	-2.00187E-001	-2.54747E+000	-2.00025E+000	4.88078E-004	11	..........a	-327.68
	338	339	-1.63896E+000	-2.00188E-001	-2.54856E+000	-2.00025E+000	4.71994E-004	11	..........a	-327.68
	339	340	-1.63816E+000	-2.00188E-001	-2.55173E+000	-2.00025E+000	4.84478E-004	11	..........a	-327.68
	340	341	-1.63736E+000	-2.00188E-001	-2.55272E+000	-2.00025E+000	4.88078E-004	11	..........a	-327.68
	341	342	-1.64016E+000	-2.00188E-001	-2.54838E+000	-2.00025E+000	4.88611E-004	11	..........a	-327.68
	342	343	-1.63656E+000	-2.00188E-001	-2.55193E+000	-2.00025E+000	4.66694E-004	11	..........a	-327.68
	343	344	-1.64136E+000	-2.00187E-001	-2.54550E+000	-2.00025E+000	4.72011E-004	11	..........a	-327.68
	344	345	-1.63976E+000	-2.00187E-001	-2.55013E+000	-2.00025E+000	4.60644E-004	11	..........a	-327.68
	345	346	-1.63896E+000	-2.00187E-001	-2.55207E+000	-2.00025E+000	4.64311E-004	11	..........a	-327.68
	346	347	-1.63816E+000	-2.00188E-001	-2.55229E+000	-2.00025E+000	4.56144E-004	11	..........a	-327.68
	347	348	-1.64136E+000	-2.00187E-001	-2.54749E+000	-2.00025E+000	4.61911E-004	11	..........a	-327.68
	348	349	-1.63816E+000	-2.00188E-001	-2.54898E+000	-2.00025E+000	4.76778E-004	11	..........a	-327.68
	349	350	-1.63816E+000	-2.00188E-001	-2.54625E+000	-2.00025E+000	4.69811E-004	11	..........a	-327.68
	350	351	-1.64096E+000	-2.00188E-001	-2.54594E+000	-2.00025E+000	4.81061E-004	11	..........a	-327.68
	351	352	-1.63896E+000	-2.00188E-001	-2.55085E+000	-2.00025E+000	2.51011E-004	11	..........a	-327.68
	352	353	-1.63816E+000	-2.00188E-001	-2.55214E+000	-2.00025E+000	2.42044E-004	11	..........a	-327.68
	353	354	-1.63936E+000	-2.00189E-001	-2.55488E+000	-2.00025E+000	2.53444E-004	11	..........a	-327.68
	354	355	-1.63896E+000	-2.00188E-001	-2.55383E+000	-2.00025E+000	2.55594E-004	11	..........a	-327.68
	355	356	-1.63976E+000	-2.00188E-001	-2.55483E+000	-2.00025E+000	2.44244E-004	11	..........a	-327.68
	356	357	-1.63976E+000	-2.00188E-001	-2.55507E+000	-2.00025E+000	2.35878E-004	11	..........a	-327.68
	357	358	-1.63976E+000	-2.00188E-001	-2.55454E+000	-2.00025E+000	2.38844E-004	11	..........a	-327.68
	358	359	-1.64056E+000	-2.00188E-001	-2.55560E+000	-2.00025E+000	2.42344E-004	11	..........a	-327.68
	359	360	-1.64016E+000	-2.00188E-001	-2.55784E+000	-2.00025E+000	2.54961E-004	11	..........a	-327.68
	360	361	-1.63896E+000	-2.00188E-001	-2.53719E+000	-2.00025E+000	2.39494E-004	11	..........a	-327.68
	361	362	-1.63896E+000	-2.00188E-001	-2.51371E+000	-2.00025E+000	2.35711E-004	11	..........a	-327.68
	362	363	-1.63976E+000	-2.00189E-001	-2.51833E+000	-2.00025E+000	2.49894E-004	11	..........a	-327.68
	363	364	-1.63896E+000	-2.00189E-001	-2.51942E+000	-2.00025E+000	2.34028E-004	11	..........a	-327.68
	364	365	-1.64056E+000	-2.00189E-001	-2.51962E+000	-2.00025E+000	2.51094E-004	11	..........a	-327.68
	365	366	-1.63976E+000	-2.00188E-001	-2.52152E+000	-2.00025E+000	2.38844E-004	11	..........a	-327.68
	366	367	-1.63856E+000	-2.00188E-001	-2.52549E+000	-2.00025E+000	2.43378E-004	11	..........a	-327.68
	367	368	-1.64056E+000	-2.00188E-001	-2.52518E+000	-2.00025E+000	2.33061E-004	11	..........a	-327.68
	368	369	-1.64096E+000	-2.00188E-001	-2.52467E+000	-2.00025E+000	2.50628E-004	11	..........a	-327.68
	369	370	-1.64056E+000	-2.00188E-001	-2.52656E+000	-2.00025E+000	2.36578E-004	11	..........a	-327.68
	370	371	-1.64136E+000	-2.00188E-001	-2.52485E+000	-2.00025E+000	2.31478E-004	11	..........a	-327.68
	371	372	-1.63416E+000	-2.00188E-001	-2.42972E+000	-2.00025E+000	2.25911E-004	11	..........a	-327.68
	372	373	-1.63336E+000	-2.00188E-001	-2.43590E+000	-2.00025E+000	2.33994E-004	11	..........a	-327.68
	373	374	-1.63576E+000	-2.00188E-001	-2.43950E+000	-2.00025E+000	2.24978E-004	11	..........a	-327.68
	374	375	-1.63656E+000	-2.00188E-001	-2.43955E+000	-2.00025E+000	2.48378E-004	11	..........a	-327.68
	375	376	-1.63736E+000	-2.00188E-001	-2.43893E+000	-2.00025E+000	2.23378E-004	11	..........a	-327.68
	376	377	-1.63896E+000	-2.00188E-001	-2.43846E+000	-2.00025E+000	2.25978E-004	11	..........a	-327.68
	377	378	-1.63896E+000	-2.00188E-001	-2.44190E+000	-2.00025E+000	3.07528E-004	11	..........a	-327.68
	378	379	-1.63896E+000	-2.00188E-001	-2.44212E+000	-2.00025E+000	3.12444E-004	11	..........a	-327.68
	379	380	-1.63816E+000	-2.00189E-001	-2.44201E+000	-2.00025E+000	3.16861E-004	11	..........a	-327.68
	380	381	-1.63816E+000	-2.00189E-001	-2.44276E+000	-2.00025E+000	3.10594E-004	11	..........a	-327.68
	381	382	-1.64096E+000	-2.00188E-001	-2.44020E+000	-2.00025E+000	3.11928E-004	11	..........a	-327.68
	382	383	-1.64096E+000	-2.00188E-001	-2.44076E+000	-2.00025E+000	3.15894E-004	11	..........a	-327.68
	383	384	-1.64256E+000	-2.00188E-001	-2.43871E+000	-2.00025E+000	3.13561E-004	11	..........a	-327.68
	384	385	-1.64056E+000	-2.00189E-001	-2.44314E+000	-2.00025E+000	3.16344E-004	11	..........a	-327.68
	385	386	-1.64216E+000	-2.00188E-001	-2.44297E+000	-2.00025E+000	3.15678E-004	11	..........a	-327.68
	386	387	-1.64256E+000	-2.00188E-001	-2.44444E+000	-2.00025E+000	3.16578E-004	11	..........a	-327.68
	387	388	-1.64416E+000	-2.00188E-001	-2.44365E+000	-2.00025E+000	3.10594E-004	11	..........a	-327.68
	388	389	-1.64336E+000	-2.00189E-001	-2.45041E+000	-2.00025E+000	3.15994E-004	11	..........a	-327.68
	389	390	-1.64336E+000	-2.00189E-001	-2.45216E+000	-2.00025E+000	3.18794E-004	11	..........a	-327.68
	390	391	-1.64416E+000	-2.00189E-001	-2.45402E+000	-2.00025E+000	3.22044E-004	11	..........a	-327.68
	391	392	-1.64536E+000	-2.00188E-001	-2.45245E+000	-2.00025E+000	3.21128E-004	11	..........a	-327.68
	392	393	-1.64536E+000	-2.00189E-001	-2.45493E+000	-2.00025E+000	3.20078E-004	11	..........a	-327.68
	393	394	-1.64456E+000	-2.00189E-001	-2.45431E+000	-2.00025E+000	3.13444E-004	11	..........a	-327.68
	394	395	-1.64616E+000	-2.00188E-001	-2.45307E+000	-2.00025E+000	3.17711E-004	11	..........a	-327.68
	395	396	-1.64616E+000	-2.00189E-001	-2.45433E+000	-2.00025E+000	3.15244E-004	11	..........a	-327.68
	396	397	-1.64456E+000	-2.00188E-001	-2.45639E+000	-2.00025E+000	3.13544E-004	11	..........a	-327.68
	397	398	-1.64456E+000	-2.00189E-001	-2.45826E+000	-2.00025E+000	3.15678E-004	11	..........a	-327.68
	398	399	-1.64616E+000	-2.00189E-001	-2.45872E+000	-2.00025E+000	3.11728E-004	11	..........a	-327.68
	399	400	-1.64696E+000	-2.00189E-001	-2.46238E+000	-2.00025E+000	3.13744E-004	11	..........a	-327.68
	400	401	-1.64696E+000	-2.00189E-001	-2.46389E+000	-2.00025E+000	3.15194E-004	11	..........a	-327.68
	401	402	-1.64656E+000	-2.00189E-001	-2.46598E+000	-2.00025E+000	3.14244E-004	11	..........a	-327.68
	402	403	-1.64616E+000	-2.00189E-001	-2.46860E+000	-2.00025E+000	3.18094E-004	11	..........a	-327.68
	403	404	-1.64616E+000	-2.00189E-001	-2.46613E+000	-2.00025E+000	3.00928E-004	11	..........a	-327.68
	404	405	-1.64616E+000	-2.00189E-001	-2.46606E+000	-2.00025E+000	2.99961E-004	11	..........a	-327.68
	405	406	-1.64976E+000	-2.00189E-001	-2.46299E+000	-2.00025E+000	3.07578E-004	11	..........a	-327.68
	406	407	-1.64656E+000	-2.00189E-001	-2.46712E+000	-2.00025E+000	3.04044E-004	11	..........a	-327.68
	407	408	-1.64936E+000	-2.00188E-001	-2.46384E+000	-2.00025E+000	3.04278E-004	11	..........a	-327.68
	408	409	-1.64656E+000	-2.00188E-001	-2.46661E+000	-2.00025E+000	2.98794E-004	11	..........a	-327.68
	409	410	-1.64776E+000	-2.00188E-001	-2.46296E+000	-2.00025E+000	2.99128E-004	11	..........a	-327.68
	410	411	-1.65136E+000	-2.00188E-001	-2.45984E+000	-2.00025E+000	2.95994E-004	11	..........a	-327.68
	411	412	-1.64696E+000	-2.00188E-001	-2.46602E+000	-2.00025E+000	3.01961E-004	11	..........a	-327.68
	412	413	-1.64776E+000	-2.00189E-001	-2.46495E+000	-2.00025E+000	2.94261E-004	11	..........a	-327.68
	413	414	-1.64896E+000	-2.00188E-001	-2.46776E+000	-2.00025E+000	2.97178E-004	11	..........a	-327.68
	414	415	-1.64976E+000	-2.00188E-001	-2.46903E+000	-2.00025E+000	2.99328E-004	11	..........a	-327.68
	415	416	-1.64816E+000	-2.00189E-001	-2.47080E+000	-2.00025E+000	2.92861E-004	11	..........a	-327.68
	416	417	-1.65096E+000	-2.00189E-001	-2.47105E+000	-2.00025E+000	2.97111E-004	11	..........a	-327.68
	417	418	-1.65096E+000	-2.00189E-001	-2.47292E+000	-2.00025E+000	2.90811E-004	11	..........a	-327.68
	418	419	-1.65216E+000	-2.00189E-001	-2.47122E+000	-2.00025E+000	2.97778E-004	11	..........a	-327.68
	419	420	-1.65136E+000	-2.00189E-001	-2.47460E+000	-2.00025E+000	3.00078E-004	11	..........a	-327.68
	420	421	-1.65016E+000	-2.00188E-001	-2.47572E+000	-2.00025E+000	3.01344E-004	11	..........a	-327.68
	421	422	-1.65176E+000	-2.00189E-001	-2.47543E+000	-2.00025E+000	3.02994E-004	11	..........a	-327.68
	422	423	-1.65176E+000	-2.00189E-001	-2.47254E+000	-2.00025E+000	2.95494E-004	11	..........a	-327.68
	423	424	-1.65176E+000	-2.00189E-001	-2.47275E+000	-2.00025E+000	3.04161E-004	11	..........a	-327.68
	424	425	-1.65176E+000	-2.00189E-001	-2.47401E+000	-2.00025E+000	3.05111E-004	11	..........a	-327.68
	425	426	-1.65136E+000	-2.00189E-001	-2.47535E+000	-2.00025E+000	3.07711E-004	11	..........a	-327.68
	426	427	-1.65176E+000	-2.00189E-001	-2.47725E+000	-2.00025E+000	3.03661E-004	11	..........a	-327.68
	427	428	-1.65176E+000	-2.00189E-001	-2.47711E+000	-2.00025E+000	3.06678E-004	11	..........a	-327.68
	428	429	-1.65256E+000	-2.00189E-001	-2.47594E+000	-2.00025E+000	3.04711E-004	11	..........a	-327.68
	429	430	-1.65376E+000	-2.00189E-001	-2.47383E+000	-2.00025E+000	3.10728E-004	11	..........a	-327.68
	430	431	-1.65176E+000	-2.00189E-001	-2.47687E+000	-2.00025E+000	3.11311E-004	11	..........a	-327.68
	431	432	-1.65096E+000	-2.00189E-001	-2.47672E+000	-2.00025E+000	3.13378E-004	11	..........a	-327.68
	432	433	-1.65176E+000	-2.00189E-001	-2.47825E+000	-2.00025E+000	3.13011E-004	11	..........a	-327.68
	433	434	-1.65096E+000	-2.00189E-001	-2.47824E+000	-2.00025E+000	3.08911E-004	11	..........a	-327.68
	434	435	-1.65176E+000	-2.00189E-001	-2.47569E+000	-2.00025E+000	3.08311E-004	11	..........a	-327.68
	435	436	-1.65176E+000	-2.00189E-001	-2.47999E+000	-2.00025E+000	3.09878E-004	11	..........a	-327.68
	436	437	-1.65176E+000	-2.00189E-001	-2.48217E+000	-2.00025E+000	3.15528E-004	11	..........a	-327.68
	437	438	-1.65136E+000	-2.00188E-001	-2.48507E+000	-2.00025E+000	3.06478E-004	11	..........a	-327.68
	438	439	-1.65416E+000	-2.00188E-001	-2.48346E+000	-2.00025E+000	3.05411E-004	11	..........a	-327.68
	439	440	-1.65216E+000	-2.00189E-001	-2.48770E+000	-2.00025E+000	3.09411E-004	11	..........a	-327.68
	440	441	-1.65336E+000	-2.00189E-001	-2.48545E+000	-2.00025E+000	3.06144E-004	11	..........a	-327.68
	441	442	-1.65216E+000	-2.00189E-001	-2.48494E+000	-2.00025E+000	3.05744E-004	11	..........a	-327.68
	442	443	-1.65176E+000	-2.00189E-001	-2.48697E+000	-2.00025E+000	3.08611E-004	11	..........a	-327.68
	443	444	-1.65176E+000	-2.00188E-001	-2.48533E+000	-2.00025E+000	3.08761E-004	11	..........a	-327.68
	444	445	-1.65336E+000	-2.00189E-001	-2.48362E+000	-2.00025E+000	3.18894E-004	11	..........a	-327.68
	445	446	-1.65336E+000	-2.00189E-001	-2.48670E+000	-2.00025E+000	3.17878E-004	11	..........a	-327.68
	446	447	-1.65256E+000	-2.00189E-001	-2.48871E+000	-2.00025E+000	3.18744E-004	11	..........a	-327.68
	447	448	-1.65296E+000	-2.00189E-001	-2.49095E+000	-2.00025E+000	3.08878E-004	11	..........a	-327.68
	448	449	-1.65296E+000	-2.00189E-001	-2.49233E+000	-2.00025E+000	3.11194E-004	11	..........a	-327.68
	449	450	-1.65256E+000	-2.00189E-001	-2.49295E+000	-2.00025E+000	3.08061E-004	11	..........a	-327.68
	450	451	-1.65216E+000	-2.00189E-001	-2.49288E+000	-2.00025E+000	3.09628E-004	11	..........a	-327.68
	451	452	-1.65256E+000	-2.00189E-001	-2.49242E+000	-2.00025E+000	3.13728E-004	11	..........a	-327.68
	452	453	-1.65296E+000	-2.00189E-001	-2.49226E+000	-2.00025E+000	3.09744E-004	11	..........a	-327.68
	453	454	-1.65576E+000	-2.00189E-001	-2.49051E+000	-2.00025E+000	3.16511E-004	11	..........a	-327.68
	454	455	-1.66016E+000	-2.00189E-001	-2.48584E+000	-2.00025E+000	3.16428E-004	11	..........a	-327.68
	455	456	-1.65296E+000	-2.00190E-001	-2.49179E+000	-2.00025E+000	3.19878E-004	11	..........a	-327.68
	456	457	-1.65256E+000	-2.00189E-001	-2.49217E+000	-2.00025E+000	3.16644E-004	11	..........a	-327.68
	457	458	-1.65216E+000	-2.00190E-001	-2.49212E+000	-2.00025E+000	3.14544E-004	11	..........a	-327.68
	458	459	-1.65056E+000	-2.00190E-001	-2.49403E+000	-2.00025E+000	3.18794E-004	11	..........a	-327.68
	459	460	-1.65296E+000	-2.00190E-001	-2.49051E+000	-2.00025E+000	3.23844E-004	11	..........a	-327.68
	460	461	-1.65136E+000	-2.00189E-001	-2.49689E+000	-2.00025E+000	3.13661E-004	11	..........a	-327.68
	461	462	-1.65216E+000	-2.00190E-001	-2.49344E+000	-2.00025E+000	3.14361E-004	11	..........a	-327.68
	462	463	-1.64976E+000	-2.00190E-001	-2.49670E+000	-2.00025E+000	3.16111E-004	11	..........a	-327.68
	463	464	-1.65376E+000	-2.00189E-001	-2.49206E+000	-2.00025E+000	3.12578E-004	11	..........a	-327.68
	464	465	-1.65136E+000	-2.00189E-001	-2.49305E+000	-2.00025E+000	3.11494E-004	11	..........a	-327.68
	465	466	-1.65416E+000	-2.00189E-001	-2.49195E+000	-2.00025E+000	3.09611E-004	11	..........a	-327.68
	466	467	-1.65336E+000	-2.00189E-001	-2.49585E+000	-2.00025E+000	3.06611E-004	11	..........a	-327.68
	467	468	-1.65096E+000	-2.00190E-001	-2.49908E+000	-2.00025E+000	3.09378E-004	11	..........a	-327.68
	468	469	-1.65256E+000	-2.00189E-001	-2.49969E+000	-2.00025E+000	3.15744E-004	11	..........a	-327.68
	469	470	-1.65016E+000	-2.00189E-001	-2.50295E+000	-2.00025E+000	3.06011E-004	11	..........a	-327.68
	470	471	-1.64856E+000	-2.00189E-001	-2.50598E+000	-2.00025E+000	3.11444E-004	11	..........a	-327.68
	471	472	-1.65176E+000	-2.00190E-001	-2.50123E+000	-2.00025E+000	3.13294E-004	11	..........a	-327.68
	472	473	-1.64936E+000	-2.00189E-001	-2.50555E+000	-2.00025E+000	3.13078E-004	11	..........a	-327.68
	473	474	-1.65176E+000	-2.00189E-001	-2.50466E+000	-2.00025E+000	3.15861E-004	11	..........a	-327.68
	474	475	-1.65176E+000	-2.00190E-001	-2.50451E+000	-2.00025E+000	3.14028E-004	11	..........a	-327.68
	475	476	-1.65016E+000	-2.00189E-001	-2.50735E+000	-2.00025E+000	3.15161E-004	11	..........a	-327.68
	476	477	-1.65136E+000	-2.00190E-001	-2.50954E+000	-2.00025E+000	3.09061E-004	11	..........a	-327.68
	477	478	-1.65216E+000	-2.00189E-001	-2.50839E+000	-2.00025E+000	3.12461E-004	11	..........a	-327.68
	478	479	-1.65256E+000	-2.00189E-001	-2.50967E+000	-2.00025E+000	3.12494E-004	11	..........a	-327.68
	479	480	-1.65176E+000	-2.00189E-001	-2.51296E+000	-2.00025E+000	3.13178E-004	11	..........a	-327.68
	480	481	-1.65136E+000	-2.00189E-001	-2.51181E+000	-2.00025E+000	3.17811E-004	11	..........a	-327.68
	481	482	-1.65256E+000	-2.00189E-001	-2.50970E+000	-2.00025E+000	3.15678E-004	11	..........a	-327.68
	482	483	-1.65336E+000	-2.00189E-001	-2.51150E+000	-2.00025E+000	3.15061E-004	11	..........a	-327.68
	483	484	-1.65176E+000	-2.00189E-001	-2.51388E+000	-2.00025E+000	3.17211E-004	11	..........a	-327.68
	484	485	-1.65256E+000	-2.00189E-001	-2.51688E+000	-2.00025E+000	3.14811E-004	11	..........a	-327.68
	485	486	-1.65336E+000	-2.00189E-001	-2.51558E+000	-2.00025E+000	3.21461E-004	11	..........a	-327.68
	486	487	-1.65176E+000	-2.00189E-001	-2.51541E+000	-2.00025E+000	3.15711E-004	11	..........a	-327.68
	487	488	-1.65296E+000	-2.00189E-001	-2.51216E+000	-2.00025E+000	3.15861E-004	11	..........a	-327.68
	488	489	-1.65296E+000	-2.00189E-001	-2.51569E+000	-2.00025E+000	3.14278E-004	11	..........a	-327.68
	489	490	-1.64656E+000	-2.00189E-001	-2.42142E+000	-2.00025E+000	3.19894E-004	11	..........a	-327.68
	490	491	-1.64816E+000	-2.00190E-001	-2.42399E+000	-2.00025E+000	3.22111E-004	11	..........a	-327.68
	491	492	-1.64816E+000	-2.00190E-001	-2.42662E+000	-2.00025E+000	3.18311E-004	11	..........a	-327.68
	492	493	-1.64976E+000	-2.00190E-001	-2.42912E+000	-2.00025E+000	3.18544E-004	11	..........a	-327.68
	493	494	-1.65016E+000	-2.00190E-001	-2.42976E+000	-2.00025E+000	3.20111E-004	11	..........a	-327.68
	494	495	-1.65016E+000	-2.00189E-001	-2.42930E+000	-2.00025E+000	3.06944E-004	11	..........a	-327.68
	495	496	-1.64936E+000	-2.00189E-001	-2.43440E+000	-2.00025E+000	3.13044E-004	11	..........a	-327.68
	496	497	-1.65016E+000	-2.00190E-001	-2.43820E+000	-2.00025E+000	3.11294E-004	11	..........a	-327.68
	497	498	-1.65176E+000	-2.00190E-001	-2.43773E+000	-2.00025E+000	3.13411E-004	11	..........a	-327.68
	498	499	-1.65256E+000	-2.00190E-001	-2.44061E+000	-2.00025E+000	3.11561E-004	11	..........a	-327.68
	499	500	-1.65336E+000	-2.00190E-001	-2.44098E+000	-2.00025E+000	3.03044E-004	11	..........a	-327.68
	500	501	-1.65336E+000	-2.00189E-001	-2.44268E+000	-2.00025E+000	3.05044E-004	11	..........a	-327.68
	501	502	-1.65336E+000	-2.00189E-001	-2.44266E+000	-2.00025E+000	3.10578E-004	11	..........a	-327.68
	502	503	-1.65136E+000	-2.00190E-001	-2.44885E+000	-2.00025E+000	3.13311E-004	11	..........a	-327.68
	503	504	-1.65136E+000	-2.00190E-001	-2.45279E+000	-2.00025E+000	3.11828E-004	11	..........a	-327.68
	504	505	-1.65216E+000	-2.00190E-001	-2.45566E+000	-2.00025E+000	3.11194E-004	11	..........a	-327.68
	505	506	-1.65296E+000	-2.00189E-001	-2.45641E+000	-2.00025E+000	3.15928E-004	11	..........a	-327.68
	506	507	-1.65456E+000	-2.00190E-001	-2.45462E+000	-2.00025E+000	3.09311E-004	11	..........a	-327.68
	507	508	-1.65296E+000	-2.00189E-001	-2.45608E+000	-2.00025E+000	3.11361E-004	11	..........a	-327.68
	508	509	-1.65496E+000	-2.00189E-001	-2.45653E+000	-2.00025E+000	3.10028E-004	11	..........a	-327.68
	509	510	-1.65216E+000	-2.00189E-001	-2.46412E+000	-2.00025E+000	3.11961E-004	11	..........a	-327.68
	510	511	-1.65456E+000	-2.00189E-001	-2.46342E+000	-2.00025E+000	3.12344E-004	11	..........a	-327.68
	511	512	-1.65096E+000	-2.00190E-001	-2.46978E+000	-2.00025E+000	3.13211E-004	11	..........a	-327.68
	512	513	-1.65496E+000	-2.00190E-001	-2.46628E+000	-2.00025E+000	3.16328E-004	11	..........a	-327.68
	513	514	-1.65456E+000	-2.00190E-001	-2.46633E+000	-2.00025E+000	3.12728E-004	11	..........a	-327.68
	514	515	-1.65616E+000	-2.00190E-001	-2.46455E+000	-2.00025E+000	3.08578E-004	11	..........a	-327.68
	515	516	-1.65616E+000	-2.00190E-001	-2.46456E+000	-2.00025E+000	3.10428E-004	11	..........a	-327.68
	516	517	-1.65576E+000	-2.00189E-001	-2.46737E+000	-2.00025E+000	3.07711E-004	11	..........a	-327.68
	517	518	-1.65496E+000	-2.00190E-001	-2.46893E+000	-2.00025E+000	3.13061E-004	11	..........a	-327.68
	518	519	-1.65616E+000	-2.00190E-001	-2.46498E+000	-2.00025E+000	3.13844E-004	11	..........a	-327.68
	519	520	-1.65656E+000	-2.00190E-001	-2.46662E+000	-2.00025E+000	3.12378E-004	11	..........a	-327.68
	520	521	-1.65656E+000	-2.00190E-001	-2.46807E+000	-2.00025E+000	3.11861E-004	11	..........a	-327.68
	521	522	-1.65776E+000	-2.00190E-001	-2.46569E+000	-2.00025E+000	3.05711E-004	11	..........a	-327.68
	522	523	-1.65456E+000	-2.00189E-001	-2.46885E+000	-2.00025E+000	3.09161E-004	11	..........a	-327.68
	523	524	-1.65816E+000	-2.00190E-001	-2.46853E+000	-2.00025E+000	3.11844E-004	11	..........a	-327.68
	524	525	-1.65456E+000	-2.00190E-001	-2.47577E+000	-2.00025E+000	3.08928E-004	11	..........a	-327.68
	525	526	-1.65736E+000	-2.00189E-001	-2.47515E+000	-2.00025E+000	3.03311E-004	11	..........a	-327.68
	526	527	-1.65976E+000	-2.00190E-001	-2.47059E+000	-2.00025E+000	3.02328E-004	11	..........a	-327.68
	527	528	-1.65576E+000	-2.00190E-001	-2.47743E+000	-2.00025E+000	3.04694E-004	11	..........a	-327.68
	528	529	-1.65696E+000	-2.00189E-001	-2.47990E+000	-2.00025E+000	3.07744E-004	11	..........a	-327.68
	529	530	-1.65576E+000	-2.00189E-001	-2.48430E+000	-2.00025E+000	3.06628E-004	11	..........a	-327.68
	530	531	-1.65816E+000	-2.00189E-001	-2.48643E+000	-2.00025E+000	3.17228E-004	11	..........a	-327.68
	531	532	-1.65736E+000	-2.00189E-001	-2.49060E+000	-2.00025E+000	3.11178E-004	11	..........a	-327.68
	532	533	-1.65896E+000	-2.00189E-001	-2.48960E+000	-2.00025E+000	3.14511E-004	11	..........a	-327.68
	533	534	-1.65816E+000	-2.00189E-001	-2.49109E+000	-2.00025E+000	3.08578E-004	11	..........a	-327.68
	534	535	-1.65856E+000	-2.00189E-001	-2.49060E+000	-2.00025E+000	3.08444E-004	11	..........a	-327.68
	535	536	-1.66056E+000	-2.00189E-001	-2.48797E+000	-2.00025E+000	3.08361E-004	11	..........a	-327.68
	536	537	-1.65976E+000	-2.00189E-001	-2.48938E+000	-2.00025E+000	3.10978E-004	11	..........a	-327.68
	537	538	-1.65896E+000	-2.00189E-001	-2.49202E+000	-2.00025E+000	3.11178E-004	11	..........a	-327.68
	538	539	-1.66016E+000	-2.00189E-001	-2.49071E+000	-2.00025E+000	3.16561E-004	11	..........a	-327.68
	539	540	-1.65776E+000	-2.00189E-001	-2.49179E+000	-2.00025E+000	3.14094E-004	11	..........a	-327.68
	540	541	-1.65976E+000	-2.00190E-001	-2.48743E+000	-2.00025E+000	3.13261E-004	11	..........a	-327.68
	541	542	-1.65816E+000	-2.00190E-001	-2.48807E+000	-2.00025E+000	3.12978E-004	11	..........a	-327.68
	542	543	-1.66136E+000	-2.00189E-001	-2.48607E+000	-2.00025E+000	3.18978E-004	11	..........a	-327.68
	543	544	-1.65896E+000	-2.00189E-001	-2.48754E+000	-2.00025E+000	3.13644E-004	11	..........a	-327.68
	544	545	-1.65776E+000	-2.00189E-001	-2.48904E+000	-2.00025E+000	3.13578E-004	11	..........a	-327.68
	545	546	-1.66096E+000	-2.00190E-001	-2.48913E+000	-2.00025E+000	3.12944E-004	11	..........a	-327.68
	546	547	-1.65816E+000	-2.00189E-001	-2.49454E+000	-2.00025E+000	3.10011E-004	11	..........a	-327.68
	547	548	-1.65936E+000	-2.00189E-001	-2.49662E+000	-2.00025E+000	3.12111E-004	11	..........a	-327.68
	548	549	-1.65816E+000	-2.00190E-001	-2.49987E+000	-2.00025E+000	3.08728E-004	11	..........a	-327.68
	549	550	-1.66056E+000	-2.00189E-001	-2.50096E+000	-2.00025E+000	3.15861E-004	11	..........a	-327.68
	550	551	-1.65936E+000	-2.00224E-001	-2.50278E+000	-2.00025E+000	1.00484E-003	11	..........a	-327.68
	551	552	-1.65976E+000	-2.00224E-001	-2.50484E+000	-2.00025E+000	9.75428E-004	11	..........a	-327.68
	552	553	-1.65776E+000	-2.00224E-001	-2.50877E+000	-2.00025E+000	9.78544E-004	11	..........a	-327.68
	553	554	-1.65856E+000	-2.00224E-001	-2.50632E+000	-2.00025E+000	9.95178E-004	11	..........a	-327.68
	554	555	-1.65936E+000	-2.00223E-001	-2.50414E+000	-2.00025E+000	9.86278E-004	11	..........a	-327.68
	555	556	-1.65976E+000	-2.00224E-001	-2.50452E+000	-2.00025E+000	9.92511E-004	11	..........a	-327.68
	556	557	-1.66216E+000	-2.00225E-001	-2.50409E+000	-2.00025E+000	1.00258E-003	11	..........a	-327.68
	557	558	-1.65976E+000	-2.00225E-001	-2.51432E+000	-2.00025E+000	1.02848E-003	11	..........a	-327.68
	558	559	-1.65896E+000	-2.00224E-001	-2.51732E+000	-2.00025E+000	1.02269E-003	11	..........a	-327.68
	559	560	-1.65896E+000	-2.00224E-001	-2.51843E+000	-2.00025E+000	1.01813E-003	11	..........a	-327.68
	560	561	-1.65936E+000	-2.00223E-001	-2.51933E+000	-2.00025E+000	9.95244E-004	11	..........a	-327.68
	561	562	-1.65896E+000	-2.00224E-001	-2.51884E+000	-2.00025E+000	1.01673E-003	11	..........a	-327.68
	562	563	-1.65896E+000	-2.00224E-001	-2.51940E+000	-2.00025E+000	1.00864E-003	11	..........a	-327.68
	563	564	-1.65976E+000	-2.00224E-001	-2.51854E+000	-2.00025E+000	1.01841E-003	11	..........a	-327.68
	564	565	-1.65976E+000	-2.00224E-001	-2.52317E+000	-2.00025E+000	1.02333E-003	11	..........a	-327.68
	565	566	-1.66216E+000	-2.00224E-001	-2.52235E+000	-2.00025E+000	1.00338E-003	11	..........a	-327.68
	566	567	-1.65896E+000	-2.00224E-001	-2.52371E+000	-2.00025E+000	9.81061E-004	11	..........a	-327.68
	567	568	-1.65976E+000	-2.00223E-001	-2.52090E+000	-2.00025E+000	9.79761E-004	11	..........a	-327.68
	568	569	-1.65896E+000	-2.00224E-001	-2.52092E+000	-2.00025E+000	9.72061E-004	11	..........a	-327.68
	569	570	-1.65896E+000	-2.00223E-001	-2.52179E+000	-2.00025E+000	9.56628E-004	11	..........a	-327.68
	570	571	-1.65856E+000	-2.00224E-001	-2.52585E+000	-2.00025E+000	9.88611E-004	11	..........a	-327.68
	571	572	-1.65816E+000	-2.00224E-001	-2.52552E+000	-2.00025E+000	1.00289E-003	11	..........a	-327.68
	572	573	-1.65896E+000	-2.00224E-001	-2.53232E+000	-2.00025E+000	9.98178E-004	11	..........a	-327.68
	573	574	-1.65976E+000	-2.00223E-001	-2.53341E+000	-2.00025E+000	9.80028E-004	11	..........a	-327.68
	574	575	-1.66176E+000	-2.00186E-001	-2.53598E+000	-2.00025E+000	2.37828E-004	11	..........a	-327.68
	575	576	-1.66176E+000	-2.00186E-001	-2.53824E+000	-2.00025E+000	2.36828E-004	11	..........a	-327.68
	576	577	-1.65736E+000	-2.00186E-001	-2.54265E+000	-2.00025E+000	2.41644E-004	11	..........a	-327.68
	577	578	-1.66256E+000	-2.00187E-001	-2.54130E+000	-2.00025E+000	2.36878E-004	11	..........a	-327.68
	578	579	-1.65776E+000	-2.00187E-001	-2.54688E+000	-2.00025E+000	2.51844E-004	11	..........a	-327.68
	579	580	-1.66256E+000	-2.00187E-001	-2.54052E+000	-2.00025E+000	2.45928E-004	11	..........a	-327.68
	580	581	-1.66096E+000	-2.00187E-001	-2.54230E+000	-2.00025E+000	2.48161E-004	11	..........a	-327.68
	581	582	-1.66016E+000	-2.00187E-001	-2.54608E+000	-2.00025E+000	2.44678E-004	11	..........a	-327.68
	582	583	-1.66096E+000	-2.00187E-001	-2.54812E+000	-2.00025E+000	2.44978E-004	11	..........a	-327.68
	583	584	-1.65976E+000	-2.00186E-001	-2.55253E+000	-2.00025E+000	2.51494E-004	11	..........a	-327.68
	584	585	-1.66216E+000	-2.00186E-001	-2.55592E+000	-2.00025E+000	2.54044E-004	11	..........a	-327.68
	585	586	-1.66096E+000	-2.00187E-001	-2.55615E+000	-2.00025E+000	2.56578E-004	11	..........a	-327.68
	586	587	-1.66136E+000	-2.00187E-001	-2.55440E+000	-2.00025E+000	2.55794E-004	11	..........a	-327.68
	587	588	-1.66096E+000	-2.00187E-001	-2.55510E+000	-2.00025E+000	2.57311E-004	11	..........a	-327.68
	588	589	-1.65936E+000	-2.00187E-001	-2.56118E+000	-2.00025E+000	2.49761E-004	11	..........a	-327.68
	589	590	-1.65456E+000	-2.00187E-001	-2.44997E+000	-2.00025E+000	2.47328E-004	11	..........a	-327.68
	590	591	-1.65536E+000	-2.00187E-001	-2.45047E+000	-2.00025E+000	2.50378E-004	11	..........a	-327.68
	591	592	-1.65416E+000	-2.00187E-001	-2.45262E+000	-2.00025E+000	2.60094E-004	11	..........a	-327.68
	592	593	-1.65696E+000	-2.00187E-001	-2.44793E+000	-2.00025E+000	2.50528E-004	11	..........a	-327.68
	593	594	-1.65736E+000	-2.00187E-001	-2.44762E+000	-2.00025E+000	2.55494E-004	11	..........a	-327.68
	594	595	-1.65816E+000	-2.00187E-001	-2.44725E+000	-2.00025E+000	2.48861E-004	11	..........a	-327.68
	595	596	-1.65896E+000	-2.00187E-001	-2.44590E+000	-2.00025E+000	2.53694E-004	11	..........a	-327.68
	596	597	-1.65816E+000	-2.00187E-001	-2.44639E+000	-2.00025E+000	2.51928E-004	11	..........a	-327.68
	597	598	-1.65816E+000	-2.00187E-001	-2.44623E+000	-2.00025E+000	2.54461E-004	11	..........a	-327.68
	598	599	-1.65856E+000	-2.00187E-001	-2.44526E+000	-2.00025E+000	2.40311E-004	11	..........a	-327.68
	599	600	-1.65816E+000	-2.00187E-001	-2.44790E+000	-2.00025E+000	2.48844E-004	11	..........a	-327.68
	600	601	-1.65736E+000	-2.00187E-001	-2.44708E+000	-2.00025E+000	2.40044E-004	11	..........a	-327.68
	601	602	-1.65856E+000	-2.00187E-001	-2.44886E+000	-2.00025E+000	2.44461E-004	11	..........a	-327.68
	602	603	-1.65856E+000	-2.00187E-001	-2.45081E+000	-2.00025E+000	2.39394E-004	11	..........a	-327.68
	603	604	-1.65896E+000	-2.00187E-001	-2.45317E+000	-2.00025E+000	2.41894E-004	11	..........a	-327.68
	604	605	-1.65656E+000	-2.00187E-001	-2.45884E+000	-2.00025E+000	2.44244E-004	11	..........a	-327.68
	605	606	-1.65976E+000	-2.00187E-001	-2.45898E+000	-2.00025E+000	2.45744E-004	11	..........a	-327.68
	606	607	-1.65736E+000	-2.00187E-001	-2.46240E+000	-2.00025E+000	2.52028E-004	11	..........a	-327.68
	607	608	-1.65976E+000	-2.00187E-001	-2.46556E+000	-2.00025E+000	2.48928E-004	11	..........a	-327.68
	608	609	-1.65816E+000	-2.00187E-001	-2.46960E+000	-2.00025E+000	2.44811E-004	11	..........a	-327.68
	609	610	-1.65896E+000	-2.00187E-001	-2.46847E+000	-2.00025E+000	2.54994E-004	11	..........a	-327.68
	610	611	-1.65936E+000	-2.00187E-001	-2.46922E+000	-2.00025E+000	2.43661E-004	11	..........a	-327.68
	611	612	-1.65976E+000	-2.00186E-001	-2.47011E+000	-2.00025E+000	2.37278E-004	11	..........a	-327.68
	612	613	-1.66016E+000	-2.00186E-001	-2.46814E+000	-2.00025E+000	2.49494E-004	11	..........a	-327.68
	613	614	-1.65856E+000	-2.00187E-001	-2.47239E+000	-2.00025E+000	2.48528E-004	11	..........a	-327.68
	614	615	-1.65896E+000	-2.00186E-001	-2.47348E+000	-2.00025E+000	2.46211E-004	11	..........a	-327.68
	615	616	-1.65936E+000	-2.00186E-001	-2.47495E+000	-2.00025E+000	2.45261E-004	11	..........a	-327.68
	616	617	-1.65936E+000	-2.00187E-001	-2.47743E+000	-2.00025E+000	2.49361E-004	11	..........a	-327.68
	617	618	-1.66056E+000	-2.00186E-001	-2.47559E+000	-2.00025E+000	2.40778E-004	11	..........a	-327.68
	618	619	-1.66176E+000	-2.00186E-001	-2.47403E+000	-2.00025E+000	2.44211E-004	11	..........a	-327.68
	619	620	-1.66136E+000	-2.00186E-001	-2.47426E+000	-2.00025E+000	2.52461E-004	11	..........a	-327.68
	620	621	-1.66136E+000	-2.00186E-001	-2.47563E+000	-2.00025E+000	2.45794E-004	11	..........a	-327.68
	621	622	-1.66336E+000	-2.00186E-001	-2.47648E+000	-2.00025E+000	2.50794E-004	11	..........a	-327.68
	622	623	-1.66016E+000	-2.00186E-001	-2.48304E+000	-2.00025E+000	2.46311E-004	11	..........a	-327.68
	623	624	-1.66056E+000	-2.00186E-001	-2.48771E+000	-2.00025E+000	2.42861E-004	11	..........a	-327.68
	624	625	-1.66176E+000	-2.00186E-001	-2.48841E+000	-2.00025E+000	2.42928E-004	11	..........a	-327.68
	625	626	-1.65896E+000	-2.00186E-001	-2.49005E+000	-2.00025E+000	2.37994E-004	11	..........a	-327.68
	626	627	-1.66176E+000	-2.00186E-001	-2.48981E+000	-2.00025E+000	2.43878E-004	11	..........a	-327.68
	627	628	-1.66056E+000	-2.00187E-001	-2.49251E+000	-2.00025E+000	2.37578E-004	11	..........a	-327.68
	628	629	-1.66216E+000	-2.00187E-001	-2.49306E+000	-2.00025E+000	2.43028E-004	11	..........a	-327.68
	629	630	-1.66176E+000	-2.00187E-001	-2.49645E+000	-2.00025E+000	2.46178E-004	11	..........a	-327.68
	630	631	-1.66096E+000	-2.00187E-001	-2.50128E+000	-2.00025E+000	2.49978E-004	11	..........a	-327.68
	631	632	-1.66136E+000	-2.00187E-001	-2.50193E+000	-2.00025E+000	2.51011E-004	11	..........a	-327.68
	632	633	-1.66256E+000	-2.00187E-001	-2.50236E+000	-2.00025E+000	2.53061E-004	11	..........a	-327.68
	633	634	-1.66376E+000	-2.00187E-001	-2.50194E+000	-2.00025E+000	2.50861E-004	11	..........a	-327.68
	634	635	-1.66056E+000	-2.00187E-001	-2.51151E+000	-2.00025E+000	2.53511E-004	11	..........a	-327.68
	635	636	-1.66256E+000	-2.00187E-001	-2.51286E+000	-2.00025E+000	2.54061E-004	11	..........a	-327.68
	636	637	-1.66376E+000	-2.00187E-001	-2.51646E+000	-2.00025E+000	2.51111E-004	11	..........a	-327.68
	637	638	-1.66416E+000	-2.00187E-001	-2.51866E+000	-2.00025E+000	2.58128E-004	11	..........a	-327.68
	638	639	-1.66416E+000	-2.00187E-001	-2.52111E+000	-2.00025E+000	2.47678E-004	11	..........a	-327.68
	639	640	-1.66376E+000	-2.00187E-001	-2.52268E+000	-2.00025E+000	2.56061E-004	11	..........a	-327.68
	640	641	-1.66216E+000	-2.00186E-001	-2.52412E+000	-2.00025E+000	2.57444E-004	11	..........a	-327.68
	641	642	-1.66296E+000	-2.00187E-001	-2.52769E+000	-2.00025E+000	2.45194E-004	11	..........a	-327.68
	642	643	-1.66456E+000	-2.00186E-001	-2.52892E+000	-2.00025E+000	2.60178E-004	11	..........a	-327.68
	643	644	-1.65936E+000	-2.00187E-001	-2.53328E+000	-2.00025E+000	2.55761E-004	11	..........a	-327.68
	644	645	-1.65936E+000	-2.00187E-001	-2.53323E+000	-2.00025E+000	2.48844E-004	11	..........a	-327.68
	645	646	-1.66096E+000	-2.00187E-001	-2.52988E+000	-2.00025E+000	2.51178E-004	11	..........a	-327.68
	646	647	-1.66256E+000	-2.00187E-001	-2.52836E+000	-2.00025E+000	2.44644E-004	11	..........a	-327.68
	647	648	-1.66096E+000	-2.00187E-001	-2.53227E+000	-2.00025E+000	2.50861E-004	11	..........a	-327.68
	648	649	-1.65816E+000	-2.00187E-001	-2.53695E+000	-2.00025E+000	2.39028E-004	11	..........a	-327.68
	649	650	-1.65856E+000	-2.00187E-001	-2.53917E+000	-2.00025E+000	2.47794E-004	11	..........a	-327.68
	650	651	-1.65936E+000	-2.00187E-001	-2.54324E+000	-2.00025E+000	2.44428E-004	11	..........a	-327.68
	651	652	-1.66256E+000	-2.00187E-001	-2.54193E+000	-2.00025E+000	2.39961E-004	11	..........a	-327.68
	652	653	-1.66176E+000	-2.00186E-001	-2.54551E+000	-2.00025E+000	2.45994E-004	11	..........a	-327.68
	653	654	-1.66136E+000	-2.00186E-001	-2.54720E+000	-2.00025E+000	2.46344E-004	11	..........a	-327.68
	654	655	-1.66296E+000	-2.00187E-001	-2.54623E+000	-2.00025E+000	2.57611E-004	11	..........a	-327.68
	655	656	-1.66056E+000	-2.00187E-001	-2.54963E+000	-2.00025E+000	2.48794E-004	11	..........a	-327.68
	656	657	-1.65816E+000	-2.00187E-001	-2.55204E+000	-2.00025E+000	2.46811E-004	11	..........a	-327.68
	657	658	-1.65976E+000	-2.00186E-001	-2.55386E+000	-2.00025E+000	2.45494E-004	11	..........a	-327.68
	658	659	-1.65816E+000	-2.00186E-001	-2.55567E+000	-2.00025E+000	2.43361E-004	11	..........a	-327.68
	659	660	-1.65856E+000	-2.00186E-001	-2.55589E+000	-2.00025E+000	2.45844E-004	11	..........a	-327.68
	660	661	-1.65776E+000	-2.00186E-001	-2.55786E+000	-2.00025E+000	2.39594E-004	11	..........a	-327.68
	661	662	-1.65936E+000	-2.00186E-001	-2.55737E+000	-2.00025E+000	2.42578E-004	11	..........a	-327.68
	662	663	-1.66096E+000	-2.00186E-001	-2.55592E+000	-2.00025E+000	2.36378E-004	11	..........a	-327.68
	663	664	-1.66096E+000	-2.00186E-001	-2.55571E+000	-2.00025E+000	2.44278E-004	11	..........a	-327.68
	664	665	-1.66056E+000	-2.00187E-001	-2.55512E+000	-2.00025E+000	2.42278E-004	11	..........a	-327.68
	665	666	-1.65456E+000	-2.00186E-001	-2.43845E+000	-2.00025E+000	2.38778E-004	11	..........a	-327.68
	666	667	-1.65536E+000	-2.00187E-001	-2.43830E+000	-2.00025E+000	2.52011E-004	11	..........a	-327.68
	667	668	-1.65776E+000	-2.00187E-001	-2.43595E+000	-2.00025E+000	2.55861E-004	11	..........a	-327.68
	668	669	-1.65536E+000	-2.00186E-001	-2.44341E+000	-2.00025E+000	2.50228E-004	11	..........a	-327.68
	669	670	-1.65496E+000	-2.00187E-001	-2.44471E+000	-2.00025E+000	2.54211E-004	11	..........a	-327.68
	670	671	-1.65656E+000	-2.00187E-001	-2.44261E+000	-2.00025E+000	2.53061E-004	11	..........a	-327.68
	671	672	-1.65816E+000	-2.00187E-001	-2.44148E+000	-2.00025E+000	2.55394E-004	11	..........a	-327.68
	672	673	-1.65896E+000	-2.00187E-001	-2.44057E+000	-2.00025E+000	2.46194E-004	11	..........a	-327.68
	673	674	-1.65576E+000	-2.00190E-001	-2.44508E+000	-2.00025E+000	3.25428E-004	11	..........a	-327.68
	674	675	-1.65736E+000	-2.00190E-001	-2.44449E+000	-2.00025E+000	3.11928E-004	11	..........a	-327.68
	675	676	-1.65656E+000	-2.00190E-001	-2.44489E+000	-2.00025E+000	3.10878E-004	11	..........a	-327.68
	676	677	-1.65816E+000	-2.00190E-001	-2.44556E+000	-2.00025E+000	3.25178E-004	11	..........a	-327.68
	677	678	-1.65736E+000	-2.00190E-001	-2.44632E+000	-2.00025E+000	3.21078E-004	11	..........a	-327.68
	678	679	-1.65816E+000	-2.00190E-001	-2.44408E+000	-2.00025E+000	3.22944E-004	11	..........a	-327.68
	679	680	-1.65656E+000	-2.00190E-001	-2.44946E+000	-2.00025E+000	3.19661E-004	11	..........a	-327.68
	680	681	-1.65816E+000	-2.00190E-001	-2.44926E+000	-2.00025E+000	3.16694E-004	11	..........a	-327.68
	681	682	-1.65816E+000	-2.00190E-001	-2.45374E+000	-2.00025E+000	3.22011E-004	11	..........a	-327.68
	682	683	-1.65816E+000	-2.00190E-001	-2.45304E+000	-2.00025E+000	3.15878E-004	11	..........a	-327.68
	683	684	-1.65896E+000	-2.00190E-001	-2.45159E+000	-2.00025E+000	3.22078E-004	11	..........a	-327.68
	684	685	-1.65776E+000	-2.00190E-001	-2.45399E+000	-2.00025E+000	3.18244E-004	11	..........a	-327.68
	685	686	-1.65856E+000	-2.00190E-001	-2.45264E+000	-2.00025E+000	3.16744E-004	11	..........a	-327.68
	686	687	-1.65896E+000	-2.00190E-001	-2.45197E+000	-2.00025E+000	3.23311E-004	11	..........a	-327.68
	687	688	-1.65936E+000	-2.00190E-001	-2.45337E+000	-2.00025E+000	3.17844E-004	11	..........a	-327.68
	688	689	-1.65576E+000	-2.00190E-001	-2.45911E+000	-2.00025E+000	3.22178E-004	11	..........a	-327.68
	689	690	-1.65936E+000	-2.00190E-001	-2.45854E+000	-2.00025E+000	3.11578E-004	11	..........a	-327.68
	690	691	-1.65856E+000	-2.00190E-001	-2.45869E+000	-2.00025E+000	3.14994E-004	11	..........a	-327.68
	691	692	-1.65976E+000	-2.00190E-001	-2.45532E+000	-2.00025E+000	3.19261E-004	11	..........a	-327.68
	692	693	-1.65816E+000	-2.00190E-001	-2.46136E+000	-2.00025E+000	3.16694E-004	11	..........a	-327.68
	693	694	-1.65936E+000	-2.00190E-001	-2.46578E+000	-2.00025E+000	3.09328E-004	11	..........a	-327.68
	694	695	-1.66256E+000	-2.00190E-001	-2.46615E+000	-2.00025E+000	3.15478E-004	11	..........a	-327.68
	695	696	-1.66056E+000	-2.00190E-001	-2.46952E+000	-2.00025E+000	3.22911E-004	11	..........a	-327.68
	696	697	-1.66096E+000	-2.00190E-001	-2.46706E+000	-2.00025E+000	3.30494E-004	11	..........a	-327.68
	697	698	-1.66216E+000	-2.00190E-001	-2.47045E+000	-2.00025E+000	3.20194E-004	11	..........a	-327.68
	698	699	-1.66056E+000	-2.00190E-001	-2.47597E+000	-2.00025E+000	3.24978E-004	11	..........a	-327.68
	699	700	-1.66096E+000	-2.00190E-001	-2.47741E+000	-2.00025E+000	3.21261E-004	11	..........a	-327.68
	700	701	-1.66256E+000	-2.00190E-001	-2.47819E+000	-2.00025E+000	3.16294E-004	11	..........a	-327.68
	701	702	-1.66216E+000	-2.00190E-001	-2.48055E+000	-2.00025E+000	3.19494E-004	11	..........a	-327.68
	702	703	-1.66176E+000	-2.00190E-001	-2.48240E+000	-2.00025E+000	3.21828E-004	11	..........a	-327.68
	703	704	-1.65856E+000	-2.00190E-001	-2.48751E+000	-2.00025E+000	3.17928E-004	11	..........a	-327.68
	704	705	-1.65936E+000	-2.00190E-001	-2.48895E+000	-2.00025E+000	3.15378E-004	11	..........a	-327.68
	705	706	-1.65936E+000	-2.00190E-001	-2.49412E+000	-2.00025E+000	3.16811E-004	11	..........a	-327.68
	706	707	-1.66016E+000	-2.00190E-001	-2.49623E+000	-2.00025E+000	3.21411E-004	11	..........a	-327.68
	707	708	-1.66216E+000	-2.00190E-001	-2.49601E+000	-2.00025E+000	3.21211E-004	11	..........a	-327.68
	708	709	-1.66176E+000	-2.00190E-001	-2.49737E+000	-2.00025E+000	3.14544E-004	11	..........a	-327.68
	709	710	-1.65936E+000	-2.00190E-001	-2.50437E+000	-2.00025E+000	3.13728E-004	11	..........a	-327.68
	710	711	-1.66176E+000	-2.00190E-001	-2.50378E+000	-2.00025E+000	3.10844E-004	11	..........a	-327.68
	711	712	-1.65936E+000	-2.00190E-001	-2.50585E+000	-2.00025E+000	3.18794E-004	11	..........a	-327.68
	712	713	-1.66216E+000	-2.00191E-001	-2.50373E+000	-2.00025E+000	3.15944E-004	11	..........a	-327.68
	713	714	-1.66016E+000	-2.00190E-001	-2.50783E+000	-2.00025E+000	3.24661E-004	11	..........a	-327.68
	714	715	-1.65936E+000	-2.00190E-001	-2.51025E+000	-2.00025E+000	3.21628E-004	11	..........a	-327.68
	715	716	-1.66056E+000	-2.00190E-001	-2.50706E+000	-2.00025E+000	3.26828E-004	11	..........a	-327.68
	716	717	-1.66056E+000	-2.00190E-001	-2.50933E+000	-2.00025E+000	3.18694E-004	11	..........a	-327.68
	717	718	-1.65936E+000	-2.00190E-001	-2.51160E+000	-2.00025E+000	3.19528E-004	11	..........a	-327.68
	718	719	-1.66016E+000	-2.00190E-001	-2.51147E+000	-2.00025E+000	3.17644E-004	11	..........a	-327.68
	719	720	-1.66176E+000	-2.00190E-001	-2.51196E+000	-2.00025E+000	3.15528E-004	11	..........a	-327.68
	720	721	-1.66016E+000	-2.00190E-001	-2.51488E+000	-2.00025E+000	3.20094E-004	11	..........a	-327.68
	721	722	-1.66136E+000	-2.00190E-001	-2.51769E+000	-2.00025E+000	3.04844E-004	11	..........a	-327.68
	722	723	-1.66096E+000	-2.00190E-001	-2.52105E+000	-2.00025E+000	3.20294E-004	11	..........a	-327.68
	723	724	-1.66376E+000	-2.00190E-001	-2.51963E+000	-2.00025E+000	3.17861E-004	11	..........a	-327.68
	724	725	-1.66216E+000	-2.00190E-001	-2.52083E+000	-2.00025E+000	3.14211E-004	11	..........a	-327.68
	725	726	-1.66136E+000	-2.00190E-001	-2.52271E+000	-2.00025E+000	3.16428E-004	11	..........a	-327.68
	726	727	-1.66336E+000	-2.00190E-001	-2.52326E+000	-2.00025E+000	3.15761E-004	11	..........a	-327.68
	727	728	-1.66176E+000	-2.00190E-001	-2.52550E+000	-2.00025E+000	3.30528E-004	11	..........a	-327.68
	728	729	-1.66096E+000	-2.00190E-001	-2.52974E+000	-2.00025E+000	3.21511E-004	11	..........a	-327.68
	729	730	-1.66176E+000	-2.00190E-001	-2.53012E+000	-2.00025E+000	3.22128E-004	11	..........a	-327.68
	730	731	-1.66256E+000	-2.00190E-001	-2.52879E+000	-2.00025E+000	3.23461E-004	11	..........a	-327.68
	731	732	-1.66016E+000	-2.00190E-001	-2.53144E+000	-2.00025E+000	3.26861E-004	11	..........a	-327.68
	732	733	-1.65856E+000	-2.00190E-001	-2.53593E+000	-2.00025E+000	3.27844E-004	11	..........a	-327.68
	733	734	-1.65856E+000	-2.00190E-001	-2.54138E+000	-2.00025E+000	3.23744E-004	11	..........a	-327.68
	734	735	-1.66256E+000	-2.00190E-001	-2.53975E+000	-2.00025E+000	3.30261E-004	11	..........a	-327.68
	735	736	-1.66176E+000	-2.00190E-001	-2.54261E+000	-2.00025E+000	3.21778E-004	11	..........a	-327.68
	736	737	-1.66176E+000	-2.00190E-001	-2.54325E+000	-2.00025E+000	3.21811E-004	11	..........a	-327.68
	737	738	-1.65376E+000	-2.00190E-001	-2.43296E+000	-2.00025E+000	3.25394E-004	11	..........a	-327.68
	738	739	-1.65616E+000	-2.00191E-001	-2.43106E+000	-2.00025E+000	3.21561E-004	11	..........a	-327.68
	739	740	-1.65696E+000	-2.00190E-001	-2.43037E+000	-2.00025E+000	3.25061E-004	11	..........a	-327.68
	740	741	-1.65936E+000	-2.00190E-001	-2.43075E+000	-2.00025E+000	3.27194E-004	11	..........a	-327.68
	741	742	-1.65576E+000	-2.00190E-001	-2.43591E+000	-2.00025E+000	3.14128E-004	11	..........a	-327.68
	742	743	-1.65656E+000	-2.00190E-001	-2.43480E+000	-2.00025E+000	3.14111E-004	11	..........a	-327.68
	743	744	-1.65776E+000	-2.00190E-001	-2.43460E+000	-2.00025E+000	3.14194E-004	11	..........a	-327.68
	744	745	-1.65536E+000	-2.00190E-001	-2.43836E+000	-2.00025E+000	2.91444E-004	11	..........a	-327.68
	745	746	-1.65776E+000	-2.00190E-001	-2.43481E+000	-2.00025E+000	2.94261E-004	11	..........a	-327.68
	746	747	-1.65576E+000	-2.00190E-001	-2.43748E+000	-2.00025E+000	2.95628E-004	11	..........a	-327.68
	747	748	-1.65816E+000	-2.00190E-001	-2.43554E+000	-2.00025E+000	2.88978E-004	11	..........a	-327.68
	748	749	-1.65896E+000	-2.00190E-001	-2.43581E+000	-2.00025E+000	2.91078E-004	11	..........a	-327.68
	749	750	-1.65656E+000	-2.00189E-001	-2.43825E+000	-2.00025E+000	2.93061E-004	11	..........a	-327.68
	750	751	-1.65736E+000	-2.00190E-001	-2.43733E+000	-2.00025E+000	2.87978E-004	11	..........a	-327.68
	751	752	-1.65736E+000	-2.00189E-001	-2.43664E+000	-2.00025E+000	2.93594E-004	11	..........a	-327.68
	752	753	-1.65976E+000	-2.00190E-001	-2.43448E+000	-2.00025E+000	2.90228E-004	11	..........a	-327.68
	753	754	-1.65816E+000	-2.00190E-001	-2.43605E+000	-2.00025E+000	2.94344E-004	11	..........a	-327.68
	754	755	-1.65816E+000	-2.00189E-001	-2.43811E+000	-2.00025E+000	2.95378E-004	11	..........a	-327.68
	755	756	-1.66016E+000	-2.00189E-001	-2.43940E+000	-2.00025E+000	2.93428E-004	11	..........a	-327.68
	756	757	-1.65816E+000	-2.00189E-001	-2.44506E+000	-2.00025E+000	2.93144E-004	11	..........a	-327.68
	757	758	-1.65976E+000	-2.00190E-001	-2.44758E+000	-2.00025E+000	2.99794E-004	11	..........a	-327.68
	758	759	-1.65976E+000	-2.00190E-001	-2.44797E+000	-2.00025E+000	2.95244E-004	11	..........a	-327.68
	759	760	-1.65896E+000	-2.00190E-001	-2.45081E+000	-2.00025E+000	2.94444E-004	11	..........a	-327.68
	760	761	-1.65856E+000	-2.00190E-001	-2.45319E+000	-2.00025E+000	2.94178E-004	11	..........a	-327.68
	761	762	-1.65896E+000	-2.00189E-001	-2.45319E+000	-2.00025E+000	2.94961E-004	11	..........a	-327.68
	762	763	-1.65896E+000	-2.00190E-001	-2.45591E+000	-2.00025E+000	2.92728E-004	11	..........a	-327.68
	763	764	-1.65896E+000	-2.00190E-001	-2.45500E+000	-2.00025E+000	2.90428E-004	11	..........a	-327.68
	764	765	-1.66176E+000	-2.00189E-001	-2.45343E+000	-2.00025E+000	2.95061E-004	11	..........a	-327.68
	765	766	-1.66096E+000	-2.00190E-001	-2.45594E+000	-2.00025E+000	2.92361E-004	11	..........a	-327.68
	766	767	-1.65976E+000	-2.00189E-001	-2.45955E+000	-2.00025E+000	2.92944E-004	11	..........a	-327.68
	767	768	-1.66096E+000	-2.00190E-001	-2.46091E+000	-2.00025E+000	2.95144E-004	11	..........a	-327.68
	768	769	-1.65896E+000	-2.00189E-001	-2.46636E+000	-2.00025E+000	2.90778E-004	11	..........a	-327.68
	769	770	-1.65816E+000	-2.00190E-001	-2.46648E+000	-2.00025E+000	2.83644E-004	11	..........a	-327.68
	770	771	-1.66056E+000	-2.00189E-001	-2.46692E+000	-2.00025E+000	2.95711E-004	11	..........a	-327.68
	771	772	-1.65856E+000	-2.00190E-001	-2.46961E+000	-2.00025E+000	2.91661E-004	11	..........a	-327.68
	772	773	-1.65656E+000	-2.00190E-001	-2.47152E+000	-2.00025E+000	2.93578E-004	11	..........a	-327.68
	773	774	-1.66096E+000	-2.00189E-001	-2.46979E+000	-2.00025E+000	2.95744E-004	11	..........a	-327.68
	774	775	-1.65896E+000	-2.00189E-001	-2.47446E+000	-2.00025E+000	2.92528E-004	11	..........a	-327.68
	775	776	-1.66056E+000	-2.00189E-001	-2.47577E+000	-2.00025E+000	2.95778E-004	11	..........a	-327.68
	776	777	-1.66056E+000	-2.00189E-001	-2.47875E+000	-2.00025E+000	2.94961E-004	11	..........a	-327.68
	777	778	-1.66176E+000	-2.00189E-001	-2.47838E+000	-2.00025E+000	2.96061E-004	11	..........a	-327.68
	778	779	-1.66136E+000	-2.00189E-001	-2.48174E+000	-2.00025E+000	2.92711E-004	11	..........a	-327.68
	779	780	-1.65976E+000	-2.00189E-001	-2.48682E+000	-2.00025E+000	2.91378E-004	11	..........a	-327.68
	780	781	-1.66216E+000	-2.00189E-001	-2.48560E+000	-2.00025E+000	2.87894E-004	11	..........a	-327.68
	781	782	-1.66056E+000	-2.00189E-001	-2.48823E+000	-2.00025E+000	2.87244E-004	11	..........a	-327.68
	782	783	-1.66256E+000	-2.00190E-001	-2.48907E+000	-2.00025E+000	2.87011E-004	11	..........a	-327.68
	783	784	-1.66176E+000	-2.00189E-001	-2.48933E+000	-2.00025E+000	2.90761E-004	11	..........a	-327.68
	784	785	-1.66096E+000	-2.00190E-001	-2.48930E+000	-2.00025E+000	2.87211E-004	11	..........a	-327.68
	785	786	-1.66176E+000	-2.00190E-001	-2.49086E+000	-2.00025E+000	2.91544E-004	11	..........a	-327.68
	786	787	-1.66176E+000	-2.00190E-001	-2.49395E+000	-2.00025E+000	2.93811E-004	11	..........a	-327.68
	787	788	-1.65856E+000	-2.00190E-001	-2.50120E+000	-2.00025E+000	2.89028E-004	11	..........a	-327.68
	788	789	-1.66136E+000	-2.00189E-001	-2.49957E+000	-2.00025E+000	2.87028E-004	11	..........a	-327.68
	789	790	-1.66096E+000	-2.00189E-001	-2.50072E+000	-2.00025E+000	2.90394E-004	11	..........a	-327.68
	790	791	-1.66096E+000	-2.00189E-001	-2.50184E+000	-2.00025E+000	2.91228E-004	11	..........a	-327.68
	791	792	-1.66056E+000	-2.00190E-001	-2.50470E+000	-2.00025E+000	2.91661E-004	11	..........a	-327.68
	792	793	-1.66176E+000	-2.00189E-001	-2.50640E+000	-2.00025E+000	2.88844E-004	11	..........a	-327.68
	793	794	-1.66216E+000	-2.00190E-001	-2.50719E+000	-2.00025E+000	2.88894E-004	11	..........a	-327.68
	794	795	-1.66136E+000	-2.00190E-001	-2.51127E+000	-2.00025E+000	2.88111E-004	11	..........a	-327.68
	795	796	-1.66136E+000	-2.00190E-001	-2.51779E+000	-2.00025E+000	2.89661E-004	11	..........a	-327.68
	796	797	-1.66136E+000	-2.00190E-001	-2.52242E+000	-2.00025E+000	2.89078E-004	11	..........a	-327.68
	797	798	-1.66096E+000	-2.00190E-001	-2.52568E+000	-2.00025E+000	2.90561E-004	11	..........a	-327.68
	798	799	-1.66096E+000	-2.00189E-001	-2.52587E+000	-2.00025E+000	2.92111E-004	11	..........a	-327.68
	799	800	-1.65976E+000	-2.00190E-001	-2.52796E+000	-2.00025E+000	2.88044E-004	11	..........a	-327.68
	800	801	-1.65976E+000	-2.00189E-001	-2.52879E+000	-2.00025E+000	2.92194E-004	11	..........a	-327.68
	801	802	-1.66216E+000	-2.00190E-001	-2.52822E+000	-2.00025E+000	2.90594E-004	11	..........a	-327.68
	802	803	-1.66296E+000	-2.00190E-001	-2.53104E+000	-2.00025E+000	2.89928E-004	11	..........a	-327.68
	803	804	-1.66016E+000	-2.00190E-001	-2.53759E+000	-2.00025E+000	2.87928E-004	11	..........a	-327.68
	804	805	-1.65536E+000	-2.00190E-001	-2.41473E+000	-2.00025E+000	2.87878E-004	11	..........a	-327.68
	805	806	-1.65656E+000	-2.00189E-001	-2.41342E+000	-2.00025E+000	2.86911E-004	11	..........a	-327.68
	806	807	-1.65616E+000	-2.00190E-001	-2.41717E+000	-2.00025E+000	2.88511E-004	11	..........a	-327.68
	807	808	-1.65496E+000	-2.00190E-001	-2.42167E+000	-2.00025E+000	2.94694E-004	11	..........a	-327.68
	808	809	-1.65936E+000	-2.00189E-001	-2.42160E+000	-2.00025E+000	2.92028E-004	11	..........a	-327.68
	809	810	-1.65816E+000	-2.00189E-001	-2.42449E+000	-2.00025E+000	2.86978E-004	11	..........a	-327.68
	810	811	-1.65656E+000	-2.00189E-001	-2.42568E+000	-2.00025E+000	2.88828E-004	11	..........a	-327.68
	811	812	-1.65736E+000	-2.00190E-001	-2.42566E+000	-2.00025E+000	2.91061E-004	11	..........a	-327.68
	812	813	-1.65736E+000	-2.00190E-001	-2.42738E+000	-2.00025E+000	2.87378E-004	11	..........a	-327.68
	813	814	-1.65696E+000	-2.00190E-001	-2.42928E+000	-2.00025E+000	2.86961E-004	11	..........a	-327.68
	814	815	-1.65856E+000	-2.00190E-001	-2.42982E+000	-2.00025E+000	2.91128E-004	11	..........a	-327.68
	815	816	-1.65736E+000	-2.00190E-001	-2.43391E+000	-2.00025E+000	2.88711E-004	11	..........a	-327.68
	816	817	-1.65776E+000	-2.00190E-001	-2.43352E+000	-2.00025E+000	2.91761E-004	11	..........a	-327.68
	817	818	-1.65736E+000	-2.00190E-001	-2.43625E+000	-2.00025E+000	2.85761E-004	11	..........a	-327.68
	818	819	-1.65896E+000	-2.00190E-001	-2.43374E+000	-2.00025E+000	2.86461E-004	11	..........a	-327.68
	819	820	-1.66136E+000	-2.00190E-001	-2.43478E+000	-2.00025E+000	2.88928E-004	11	..........a	-327.68
	820	821	-1.65896E+000	-2.00190E-001	-2.43739E+000	-2.00025E+000	2.91344E-004	11	..........a	-327.68
	821	822	-1.65896E+000	-2.00190E-001	-2.43997E+000	-2.00025E+000	2.82378E-004	11	..........a	-327.68
	822	823	-1.66056E+000	-2.00190E-001	-2.43938E+000	-2.00025E+000	2.88028E-004	11	..........a	-327.68
	823	824	-1.66096E+000	-2.00190E-001	-2.44301E+000	-2.00025E+000	2.83411E-004	11	..........a	-327.68
	824	825	-1.66136E+000	-2.00190E-001	-2.44616E+000	-2.00025E+000	2.87461E-004	11	..........a	-327.68
	825	826	-1.66176E+000	-2.00190E-001	-2.45593E+000	-2.00025E+000	2.88444E-004	11	..........a	-327.68
	826	827	-1.65776E+000	-2.00189E-001	-2.46698E+000	-2.00025E+000	2.58461E-004	11	..........a	-327.68
	827	828	-1.66136E+000	-2.00189E-001	-2.46389E+000	-2.00025E+000	2.57961E-004	11	..........a	-327.68
	828	829	-1.66056E+000	-2.00189E-001	-2.46481E+000	-2.00025E+000	2.60478E-004	11	..........a	-327.68
	829	830	-1.66176E+000	-2.00189E-001	-2.46606E+000	-2.00025E+000	2.62744E-004	11	..........a	-327.68
	830	831	-1.66336E+000	-2.00189E-001	-2.46903E+000	-2.00025E+000	2.59394E-004	11	..........a	-327.68
	831	832	-1.66096E+000	-2.00189E-001	-2.47409E+000	-2.00025E+000	2.56011E-004	11	..........a	-327.68
	832	833	-1.66416E+000	-2.00189E-001	-2.47198E+000	-2.00025E+000	2.59561E-004	11	..........a	-327.68
	833	834	-1.66216E+000	-2.00189E-001	-2.47209E+000	-2.00025E+000	2.58811E-004	11	..........a	-327.68
	834	835	-1.66296E+000	-2.00189E-001	-2.47405E+000	-2.00025E+000	2.60611E-004	11	..........a	-327.68
	835	836	-1.66336E+000	-2.00189E-001	-2.47492E+000	-2.00025E+000	2.62678E-004	11	..........a	-327.68
	836	837	-1.66416E+000	-2.00190E-001	-2.47585E+000	-2.00025E+000	2.62644E-004	11	..........a	-327.68
	837	838	-1.66416E+000	-2.00190E-001	-2.47623E+000	-2.00025E+000	2.61128E-004	11	..........a	-327.68
	838	839	-1.66256E+000	-2.00189E-001	-2.47793E+000	-2.00025E+000	2.67411E-004	11	..........a	-327.68
	839	840	-1.65896E+000	-2.00190E-001	-2.48055E+000	-2.00025E+000	2.64078E-004	11	..........a	-327.68
	840	841	-1.65896E+000	-2.00190E-001	-2.48082E+000	-2.00025E+000	2.65578E-004	11	..........a	-327.68
	841	842	-1.65896E+000	-2.00189E-001	-2.48131E+000	-2.00025E+000	2.62128E-004	11	..........a	-327.68
	842	843	-1.65936E+000	-2.00189E-001	-2.48034E+000	-2.00025E+000	2.63144E-004	11	..........a	-327.68
	843	844	-1.65736E+000	-2.00189E-001	-2.48117E+000	-2.00025E+000	2.61878E-004	11	..........a	-327.68
	844	845	-1.65896E+000	-2.00189E-001	-2.47989E+000	-2.00025E+000	2.63794E-004	11	..........a	-327.68
	845	846	-1.65936E+000	-2.00189E-001	-2.47687E+000	-2.00025E+000	2.60544E-004	11	..........a	-327.68
	846	847	-1.66016E+000	-2.00189E-001	-2.47911E+000	-2.00025E+000	2.53928E-004	11	..........a	-327.68
	847	848	-1.65976E+000	-2.00189E-001	-2.48018E+000	-2.00025E+000	2.65594E-004	11	..........a	-327.68
	848	849	-1.65936E+000	-2.00189E-001	-2.47909E+000	-2.00025E+000	2.61578E-004	11	..........a	-327.68
	849	850	-1.65856E+000	-2.00189E-001	-2.48036E+000	-2.00025E+000	2.66761E-004	11	..........a	-327.68
	850	851	-1.65736E+000	-2.00189E-001	-2.48119E+000	-2.00025E+000	2.61594E-004	11	..........a	-327.68
	851	852	-1.65896E+000	-2.00189E-001	-2.48181E+000	-2.00025E+000	2.66128E-004	11	..........a	-327.68
	852	853	-1.65976E+000	-2.00189E-001	-2.48577E+000	-2.00025E+000	2.66344E-004	11	..........a	-327.68
	853	854	-1.65736E+000	-2.00189E-001	-2.49160E+000	-2.00025E+000	2.64128E-004	11	..........a	-327.68
	854	855	-1.65816E+000	-2.00190E-001	-2.49301E+000	-2.00025E+000	2.57578E-004	11	..........a	-327.68
	855	856	-1.65456E+000	-2.00189E-001	-2.38652E+000	-2.00025E+000	2.60511E-004	11	..........a	-327.68
	856	857	-1.65496E+000	-2.00190E-001	-2.38882E+000	-2.00025E+000	2.67644E-004	11	..........a	-327.68
	857	858	-1.65776E+000	-2.00189E-001	-2.39103E+000	-2.00025E+000	2.75611E-004	11	..........a	-327.68
	858	859	-1.65656E+000	-2.00190E-001	-2.39494E+000	-2.00025E+000	2.65744E-004	11	..........a	-327.68
	859	860	-1.65576E+000	-2.00189E-001	-2.39596E+000	-2.00025E+000	2.68128E-004	11	..........a	-327.68
	860	861	-1.65576E+000	-2.00190E-001	-2.39531E+000	-2.00025E+000	2.64228E-004	11	..........a	-327.68
	861	862	-1.65696E+000	-2.00189E-001	-2.39436E+000	-2.00025E+000	2.66728E-004	11	..........a	-327.68
	862	863	-1.65496E+000	-2.00190E-001	-2.39854E+000	-2.00025E+000	2.64411E-004	11	..........a	-327.68
	863	864	-1.65616E+000	-2.00190E-001	-2.39954E+000	-2.00025E+000	2.69978E-004	11	..........a	-327.68
	864	865	-1.65576E+000	-2.00190E-001	-2.40261E+000	-2.00025E+000	2.66894E-004	11	..........a	-327.68
	865	866	-1.65616E+000	-2.00190E-001	-2.40321E+000	-2.00025E+000	2.60278E-004	11	..........a	-327.68
	866	867	-1.65776E+000	-2.00190E-001	-2.40132E+000	-2.00025E+000	2.62244E-004	11	..........a	-327.68
	867	868	-1.65576E+000	-2.00190E-001	-2.40842E+000	-2.00025E+000	2.61478E-004	11	..........a	-327.68
	868	869	-1.65576E+000	-2.00190E-001	-2.41297E+000	-2.00025E+000	2.59344E-004	11	..........a	-327.68
	869	870	-1.65496E+000	-2.00189E-001	-2.41572E+000	-2.00025E+000	2.67478E-004	11	..........a	-327.68
	870	871	-1.65656E+000	-2.00190E-001	-2.41732E+000	-2.00025E+000	2.59194E-004	11	..........a	-327.68
	871	872	-1.65656E+000	-2.00189E-001	-2.41678E+000	-2.00025E+000	2.62994E-004	11	..........a	-327.68
	872	873	-1.65736E+000	-2.00190E-001	-2.41409E+000	-2.00025E+000	2.69594E-004	11	..........a	-327.68
	873	874	-1.65576E+000	-2.00189E-001	-2.41635E+000	-2.00025E+000	2.69494E-004	11	..........a	-327.68
	874	875	-1.65856E+000	-2.00190E-001	-2.41475E+000	-2.00025E+000	2.66211E-004	11	..........a	-327.68
	875	876	-1.65616E+000	-2.00190E-001	-2.42075E+000	-2.00025E+000	2.63578E-004	11	..........a	-327.68
	876	877	-1.65616E+000	-2.00190E-001	-2.42043E+000	-2.00025E+000	2.67728E-004	11	..........a	-327.68
	877	878	-1.65656E+000	-2.00190E-001	-2.42165E+000	-2.00025E+000	2.64861E-004	11	..........a	-327.68
	878	879	-1.65536E+000	-2.00189E-001	-2.42679E+000	-2.00025E+000	2.59111E-004	11	..........a	-327.68
	879	880	-1.65536E+000	-2.00190E-001	-2.42669E+000	-2.00025E+000	2.64578E-004	11	..........a	-327.68
	880	881	-1.65616E+000	-2.00190E-001	-2.43104E+000	-2.00025E+000	2.70294E-004	11	..........a	-327.68
	881	882	-1.65496E+000	-2.00189E-001	-2.43248E+000	-2.00025E+000	2.67494E-004	11	..........a	-327.68
	882	883	-1.65776E+000	-2.00190E-001	-2.43113E+000	-2.00025E+000	2.61011E-004	11	..........a	-327.68
	883	884	-1.65936E+000	-2.00189E-001	-2.43018E+000	-2.00025E+000	2.58194E-004	11	..........a	-327.68
	884	885	-1.65656E+000	-2.00189E-001	-2.43283E+000	-2.00025E+000	2.62061E-004	11	..........a	-327.68
	885	886	-1.65656E+000	-2.00190E-001	-2.43673E+000	-2.00025E+000	2.62761E-004	11	..........a	-327.68
	886	887	-1.65496E+000	-2.00189E-001	-2.44172E+000	-2.00025E+000	2.69961E-004	11	..........a	-327.68
	887	888	-1.65776E+000	-2.00190E-001	-2.43893E+000	-2.00025E+000	2.64544E-004	11	..........a	-327.68
	888	889	-1.65656E+000	-2.00190E-001	-2.43911E+000	-2.00025E+000	2.60811E-004	11	..........a	-327.68
	889	890	-1.65656E+000	-2.00190E-001	-2.44011E+000	-2.00025E+000	2.60778E-004	11	..........a	-327.68
	890	891	-1.65656E+000	-2.00190E-001	-2.44037E+000	-2.00025E+000	2.65078E-004	11	..........a	-327.68
	891	892	-1.65536E+000	-2.00190E-001	-2.44436E+000	-2.00025E+000	2.65961E-004	11	..........a	-327.68
	892	893	-1.65696E+000	-2.00190E-001	-2.44607E+000	-2.00025E+000	2.65844E-004	11	..........a	-327.68
	893	894	-1.65816E+000	-2.00190E-001	-2.44903E+000	-2.00025E+000	2.64378E-004	11	..........a	-327.68
	894	895	-1.65736E+000	-2.00190E-001	-2.45108E+000	-2.00025E+000	2.67144E-004	11	..........a	-327.68
	895	896	-1.65816E+000	-2.00189E-001	-2.45303E+000	-2.00025E+000	2.56044E-004	11	..........a	-327.68
	896	897	-1.65816E+000	-2.00190E-001	-2.45501E+000	-2.00025E+000	2.64194E-004	11	..........a	-327.68
	897	898	-1.65656E+000	-2.00190E-001	-2.45794E+000	-2.00025E+000	2.60478E-004	11	..........a	-327.68
	898	899	-1.65736E+000	-2.00190E-001	-2.46137E+000	-2.00025E+000	2.53328E-004	11	..........a	-327.68
	899	900	-1.65576E+000	-2.00189E-001	-2.46519E+000	-2.00025E+000	2.57794E-004	11	..........a	-327.68
	900	901	-1.65776E+000	-2.00190E-001	-2.46307E+000	-2.00025E+000	2.62794E-004	11	..........a	-327.68
	901	902	-1.65656E+000	-2.00190E-001	-2.46542E+000	-2.00025E+000	2.67811E-004	11	..........a	-327.68
	902	903	-1.65456E+000	-2.00189E-001	-2.46716E+000	-2.00025E+000	2.66944E-004	11	..........a	-327.68
	903	904	-1.64856E+000	-2.00190E-001	-2.35666E+000	-2.00025E+000	2.63944E-004	11	..........a	-327.68
	904	905	-1.65096E+000	-2.00190E-001	-2.35871E+000	-2.00025E+000	2.60794E-004	11	..........a	-327.68
	905	906	-1.65176E+000	-2.00190E-001	-2.35834E+000	-2.00025E+000	2.64794E-004	11	..........a	-327.68
	906	907	-1.65256E+000	-2.00190E-001	-2.35905E+000	-2.00025E+000	2.65811E-004	11	..........a	-327.68
	907	908	-1.65216E+000	-2.00190E-001	-2.36187E+000	-2.00025E+000	2.66811E-004	11	..........a	-327.68
	908	909	-1.65216E+000	-2.00190E-001	-2.36364E+000	-2.00025E+000	2.58878E-004	11	..........a	-327.68
	909	910	-1.65296E+000	-2.00190E-001	-2.36333E+000	-2.00025E+000	2.57644E-004	11	..........a	-327.68
	910	911	-1.65256E+000	-2.00190E-001	-2.36535E+000	-2.00025E+000	2.57111E-004	11	..........a	-327.68
	911	912	-1.65176E+000	-2.00190E-001	-2.37188E+000	-2.00025E+000	2.58678E-004	11	..........a	-327.68
	912	913	-1.65256E+000	-2.00190E-001	-2.37466E+000	-2.00025E+000	2.55061E-004	11	..........a	-327.68
	913	914	-1.65456E+000	-2.00190E-001	-2.37858E+000	-2.00025E+000	2.58978E-004	11	..........a	-327.68
	914	915	-1.65296E+000	-2.00190E-001	-2.38225E+000	-2.00025E+000	2.59844E-004	11	..........a	-327.68
	915	916	-1.65256E+000	-2.00190E-001	-2.37998E+000	-2.00025E+000	2.61628E-004	11	..........a	-327.68
	916	917	-1.65576E+000	-2.00190E-001	-2.37874E+000	-2.00025E+000	2.58711E-004	11	..........a	-327.68
	917	918	-1.65256E+000	-2.00190E-001	-2.38488E+000	-2.00025E+000	2.64244E-004	11	..........a	-327.68
	918	919	-1.65496E+000	-2.00190E-001	-2.38838E+000	-2.00025E+000	2.61161E-004	11	..........a	-327.68
	919	920	-1.65376E+000	-2.00190E-001	-2.39669E+000	-2.00025E+000	2.61394E-004	11	..........a	-327.68
	920	921	-1.65616E+000	-2.00191E-001	-2.39847E+000	-2.00025E+000	2.62878E-004	11	..........a	-327.68
	921	922	-1.65656E+000	-2.00191E-001	-2.40088E+000	-2.00025E+000	2.64778E-004	11	..........a	-327.68
	922	923	-1.65496E+000	-2.00190E-001	-2.40886E+000	-2.00025E+000	2.70211E-004	11	..........a	-327.68
	923	924	-1.65576E+000	-2.00190E-001	-2.41406E+000	-2.00025E+000	2.70094E-004	11	..........a	-327.68
	924	925	-1.65776E+000	-2.00190E-001	-2.41556E+000	-2.00025E+000	2.68978E-004	11	..........a	-327.68
	925	926	-1.65616E+000	-2.00190E-001	-2.41382E+000	-2.00025E+000	2.63161E-004	11	..........a	-327.68
	926	927	-1.65856E+000	-2.00190E-001	-2.41361E+000	-2.00025E+000	2.64644E-004	11	..........a	-327.68
	927	928	-1.65336E+000	-2.00190E-001	-2.42063E+000	-2.00025E+000	2.55611E-004	11	..........a	-327.68
	928	929	-1.65736E+000	-2.00190E-001	-2.41859E+000	-2.00025E+000	2.57678E-004	11	..........a	-327.68
	929	930	-1.65576E+000	-2.00190E-001	-2.42130E+000	-2.00025E+000	2.63678E-004	11	..........a	-327.68
	930	931	-1.65816E+000	-2.00190E-001	-2.42120E+000	-2.00025E+000	2.64278E-004	11	..........a	-327.68
	931	932	-1.65576E+000	-2.00190E-001	-2.42824E+000	-2.00025E+000	2.64178E-004	11	..........a	-327.68
	932	933	-1.65656E+000	-2.00190E-001	-2.43221E+000	-2.00025E+000	2.66378E-004	11	..........a	-327.68
	933	934	-1.65576E+000	-2.00190E-001	-2.43701E+000	-2.00025E+000	2.63544E-004	11	..........a	-327.68
	934	935	-1.65496E+000	-2.00190E-001	-2.43930E+000	-2.00025E+000	2.59811E-004	11	..........a	-327.68
	935	936	-1.65576E+000	-2.00190E-001	-2.43929E+000	-2.00025E+000	2.56111E-004	11	..........a	-327.68
	936	937	-1.65696E+000	-2.00190E-001	-2.44108E+000	-2.00025E+000	2.61561E-004	11	..........a	-327.68
	937	938	-1.65656E+000	-2.00190E-001	-2.44549E+000	-2.00025E+000	2.55128E-004	11	..........a	-327.68
	938	939	-1.65576E+000	-2.00190E-001	-2.45052E+000	-2.00025E+000	3.01578E-004	11	..........a	-327.68
	939	940	-1.65736E+000	-2.00190E-001	-2.45349E+000	-2.00025E+000	3.08461E-004	11	..........a	-327.68
	940	941	-1.65496E+000	-2.00190E-001	-2.46160E+000	-2.00025E+000	3.02978E-004	11	..........a	-327.68
	941	942	-1.65816E+000	-2.00190E-001	-2.46281E+000	-2.00025E+000	3.02544E-004	11	..........a	-327.68
	942	943	-1.65896E+000	-2.00190E-001	-2.46918E+000	-2.00025E+000	3.05361E-004	11	..........a	-327.68
	943	944	-1.65816E+000	-2.00190E-001	-2.47439E+000	-2.00025E+000	3.02811E-004	11	..........a	-327.68
	944	945	-1.65976E+000	-2.00190E-001	-2.47513E+000	-2.00025E+000	3.05944E-004	11	..........a	-327.68
	945	946	-1.65976E+000	-2.00190E-001	-2.48141E+000	-2.00025E+000	3.04761E-004	11	..........a	-327.68
	946	947	-1.65976E+000	-2.00190E-001	-2.48865E+000	-2.00025E+000	3.00644E-004	11	..........a	-327.68
	947	948	-1.65816E+000	-2.00190E-001	-2.49237E+000	-2.00025E+000	3.03178E-004	11	..........a	-327.68
	948	949	-1.65736E+000	-2.00190E-001	-2.49677E+000	-2.00025E+000	3.02894E-004	11	..........a	-327.68
	949	950	-1.65896E+000	-2.00190E-001	-2.50072E+000	-2.00025E+000	3.09328E-004	11	..........a	-327.68
	950	951	-1.65816E+000	-2.00190E-001	-2.50960E+000	-2.00025E+000	3.00778E-004	11	..........a	-327.68
	951	952	-1.65856E+000	-2.00190E-001	-2.51393E+000	-2.00025E+000	3.02928E-004	11	..........a	-327.68
	952	953	-1.65896E+000	-2.00190E-001	-2.51908E+000	-2.00025E+000	3.00944E-004	11	..........a	-327.68
	953	954	-1.65816E+000	-2.00190E-001	-2.52259E+000	-2.00025E+000	3.01894E-004	11	..........a	-327.68
	954	955	-1.66016E+000	-2.00190E-001	-2.52342E+000	-2.00025E+000	3.03578E-004	11	..........a	-327.68
	955	956	-1.65776E+000	-2.00190E-001	-2.52582E+000	-2.00025E+000	3.01694E-004	11	..........a	-327.68
	956	957	-1.66096E+000	-2.00190E-001	-2.52713E+000	-2.00025E+000	3.02311E-004	11	..........a	-327.68
	957	958	-1.66096E+000	-2.00190E-001	-2.53330E+000	-2.00025E+000	3.01161E-004	11	..........a	-327.68
	958	959	-1.65936E+000	-2.00190E-001	-2.53926E+000	-2.00025E+000	2.99444E-004	11	..........a	-327.68
	959	960	-1.66216E+000	-2.00190E-001	-2.53677E+000	-2.00025E+000	3.02861E-004	11	..........a	-327.68
	960	961	-1.66056E+000	-2.00190E-001	-2.53992E+000	-2.00025E+000	2.97361E-004	11	..........a	-327.68
	961	962	-1.66056E+000	-2.00191E-001	-2.54460E+000	-2.00025E+000	3.02978E-004	11	..........a	-327.68
	962	963	-1.65936E+000	-2.00190E-001	-2.54541E+000	-2.00025E+000	2.96244E-004	11	..........a	-327.68
	963	964	-1.66056E+000	-2.00190E-001	-2.54961E+000	-2.00025E+000	2.93894E-004	11	..........a	-327.68
	964	965	-1.65856E+000	-2.00190E-001	-2.55258E+000	-2.00025E+000	2.93178E-004	11	..........a	-327.68
	965	966	-1.66216E+000	-2.00190E-001	-2.55254E+000	-2.00025E+000	2.91378E-004	11	..........a	-327.68
	966	967	-1.65896E+000	-2.00190E-001	-2.55899E+000	-2.00025E+000	2.92594E-004	11	..........a	-327.68
	967	968	-1.65856E+000	-2.00190E-001	-2.56258E+000	-2.00025E+000	2.92011E-004	11	..........a	-327.68
	968	969	-1.65176E+000	-2.00190E-001	-2.56994E+000	-2.00025E+000	2.88161E-004	11	..........a	-327.68
	969	970	-1.65536E+000	-2.00190E-001	-2.40195E+000	-2.00025E+000	2.95528E-004	11	..........a	-327.68
	970	971	-1.65456E+000	-2.00190E-001	-2.40713E+000	-2.00025E+000	2.93211E-004	11	..........a	-327.68
	971	972	-1.65576E+000	-2.00190E-001	-2.40765E+000	-2.00025E+000	2.94044E-004	11	..........a	-327.68
	972	973	-1.65736E+000	-2.00191E-001	-2.40520E+000	-2.00025E+000	2.96244E-004	11	..........a	-327.68
	973	974	-1.65656E+000	-2.00191E-001	-2.40510E+000	-2.00025E+000	2.91894E-004	11	..........a	-327.68
	974	975	-1.65576E+000	-2.00190E-001	-2.40873E+000	-2.00025E+000	2.91494E-004	11	..........a	-327.68
	975	976	-1.65656E+000	-2.00191E-001	-2.41012E+000	-2.00025E+000	2.86478E-004	11	..........a	-327.68
	976	977	-1.65536E+000	-2.00190E-001	-2.41383E+000	-2.00025E+000	2.89378E-004	11	..........a	-327.68
	977	978	-1.65576E+000	-2.00190E-001	-2.41576E+000	-2.00025E+000	2.95611E-004	11	..........a	-327.68
	978	979	-1.65776E+000	-2.00190E-001	-2.41353E+000	-2.00025E+000	2.88561E-004	11	..........a	-327.68
	979	980	-1.65336E+000	-2.00190E-001	-2.41958E+000	-2.00025E+000	2.95061E-004	11	..........a	-327.68
	980	981	-1.65576E+000	-2.00191E-001	-2.41727E+000	-2.00025E+000	2.92378E-004	11	..........a	-327.68
	981	982	-1.65496E+000	-2.00190E-001	-2.42127E+000	-2.00025E+000	2.87128E-004	11	..........a	-327.68
	982	983	-1.65656E+000	-2.00190E-001	-2.42309E+000	-2.00025E+000	2.92328E-004	11	..........a	-327.68
	983	984	-1.65856E+000	-2.00190E-001	-2.42324E+000	-2.00025E+000	2.90211E-004	11	..........a	-327.68
	984	985	-1.65816E+000	-2.00190E-001	-2.42703E+000	-2.00025E+000	2.95711E-004	11	..........a	-327.68
	985	986	-1.65536E+000	-2.00190E-001	-2.43357E+000	-2.00025E+000	2.92961E-004	11	..........a	-327.68
	986	987	-1.65576E+000	-2.00190E-001	-2.43246E+000	-2.00025E+000	2.86561E-004	11	..........a	-327.68
	987	988	-1.65656E+000	-2.00190E-001	-2.43461E+000	-2.00025E+000	2.88194E-004	11	..........a	-327.68
	988	989	-1.65656E+000	-2.00190E-001	-2.43730E+000	-2.00025E+000	2.92411E-004	11	..........a	-327.68
	989	990	-1.65776E+000	-2.00190E-001	-2.44061E+000	-2.00025E+000	2.90194E-004	11	..........a	-327.68
	990	991	-1.65576E+000	-2.00190E-001	-2.44591E+000	-2.00025E+000	2.90528E-004	11	..........a	-327.68
	991	992	-1.65496E+000	-2.00190E-001	-2.44816E+000	-2.00025E+000	2.90211E-004	11	..........a	-327.68
	992	993	-1.65656E+000	-2.00190E-001	-2.44851E+000	-2.00025E+000	2.93294E-004	11	..........a	-327.68
	993	994	-1.65616E+000	-2.00190E-001	-2.45027E+000	-2.00025E+000	2.87844E-004	11	..........a	-327.68
	994	995	-1.65536E+000	-2.00190E-001	-2.45160E+000	-2.00025E+000	2.90078E-004	11	..........a	-327.68
	995	996	-1.65536E+000	-2.00190E-001	-2.45652E+000	-2.00025E+000	2.94261E-004	11	..........a	-327.68
	996	997	-1.65896E+000	-2.00190E-001	-2.45665E+000	-2.00025E+000	2.97811E-004	11	..........a	-327.68
	997	998	-1.65656E+000	-2.00190E-001	-2.47070E+000	-2.00025E+000	2.98344E-004	11	..........a	-327.68
	998	999	-1.65656E+000	-2.00190E-001	-2.47721E+000	-2.00025E+000	2.91428E-004	11	..........a	-327.68
	999	1000	-1.65896E+000	-2.00190E-001	-2.48252E+000	-2.00025E+000	2.95028E-004	11	..........a	-327.68
	1000	1001	-1.65816E+000	-2.00190E-001	-2.48773E+000	-2.00025E+000	2.91944E-004	11	..........a	-327.68
	1001	1002	-1.65896E+000	-2.00190E-001	-2.49317E+000	-2.00025E+000	2.91661E-004	11	..........a	-327.68
	1002	1003	-1.65896E+000	-2.00190E-001	-2.50069E+000	-2.00025E+000	2.85844E-004	11	..........a	-327.68
	1003	1004	-1.65696E+000	-2.00190E-001	-2.50709E+000	-2.00025E+000	2.88461E-004	11	..........a	-327.68
	1004	1005	-1.65896E+000	-2.00190E-001	-2.51205E+000	-2.00025E+000	2.94244E-004	11	..........a	-327.68
	1005	1006	-1.65976E+000	-2.00190E-001	-2.51782E+000	-2.00025E+000	2.96911E-004	11	..........a	-327.68
	1006	1007	-1.65976E+000	-2.00190E-001	-2.52716E+000	-2.00025E+000	2.94811E-004	11	..........a	-327.68
	1007	1008	-1.65896E+000	-2.00190E-001	-2.53419E+000	-2.00025E+000	2.94744E-004	11	..........a	-327.68
	1008	1009	-1.65896E+000	-2.00190E-001	-2.53941E+000	-2.00025E+000	2.89144E-004	11	..........a	-327.68
	1009	1010	-1.65856E+000	-2.00190E-001	-2.54280E+000	-2.00025E+000	2.80644E-004	11	..........a	-327.68
	1010	1011	-1.65936E+000	-2.00190E-001	-2.54443E+000	-2.00025E+000	2.90494E-004	11	..........a	-327.68
	1011	1012	-1.65936E+000	-2.00190E-001	-2.54530E+000	-2.00025E+000	2.87928E-004	11	..........a	-327.68
	1012	1013	-1.65616E+000	-2.00190E-001	-2.55753E+000	-2.00025E+000	2.87761E-004	11	..........a	-327.68
	1013	1014	-1.65536E+000	-2.00190E-001	-2.56961E+000	-2.00025E+000	2.96544E-004	11	..........a	-327.68
	1014	1015	-1.65456E+000	-2.00190E-001	-2.41252E+000	-2.00025E+000	2.88411E-004	11	..........a	-327.68
	1015	1016	-1.65456E+000	-2.00190E-001	-2.41865E+000	-2.00025E+000	2.92778E-004	11	..........a	-327.68
	1016	1017	-1.65696E+000	-2.00190E-001	-2.41933E+000	-2.00025E+000	2.92978E-004	11	..........a	-327.68
	1017	1018	-1.65616E+000	-2.00190E-001	-2.42150E+000	-2.00025E+000	2.95078E-004	11	..........a	-327.68
	1018	1019	-1.65576E+000	-2.00190E-001	-2.42237E+000	-2.00025E+000	2.97194E-004	11	..........a	-327.68
	1019	1020	-1.65776E+000	-2.00190E-001	-2.42242E+000	-2.00025E+000	2.89361E-004	11	..........a	-327.68
	1020	1021	-1.65576E+000	-2.00190E-001	-2.42405E+000	-2.00025E+000	2.91528E-004	11	..........a	-327.68
	1021	1022	-1.65736E+000	-2.00190E-001	-2.42064E+000	-2.00025E+000	2.95578E-004	11	..........a	-327.68
	1022	1023	-1.65656E+000	-2.00190E-001	-2.42180E+000	-2.00025E+000	2.96194E-004	11	..........a	-327.68
	1023	1024	-1.65656E+000	-2.00190E-001	-2.42317E+000	-2.00025E+000	2.96328E-004	11	..........a	-327.68
	1024	1025	-1.65776E+000	-2.00190E-001	-2.42544E+000	-2.00025E+000	2.96144E-004	11	..........a	-327.68
	1025	1026	-1.65576E+000	-2.00190E-001	-2.42938E+000	-2.00025E+000	2.94128E-004	11	..........a	-327.68
	1026	1027	-1.65736E+000	-2.00190E-001	-2.43216E+000	-2.00025E+000	2.89228E-004	11	..........a	-327.68
	1027	1028	-1.65736E+000	-2.00189E-001	-2.43630E+000	-2.00025E+000	2.95444E-004	11	..........a	-327.68
	1028	1029	-1.65536E+000	-2.00190E-001	-2.43938E+000	-2.00025E+000	2.90561E-004	11	..........a	-327.68
	1029	1030	-1.65856E+000	-2.00190E-001	-2.43750E+000	-2.00025E+000	2.87011E-004	11	..........a	-327.68
	1030	1031	-1.65856E+000	-2.00190E-001	-2.44333E+000	-2.00025E+000	2.87928E-004	11	..........a	-327.68
	1031	1032	-1.65736E+000	-2.00190E-001	-2.44959E+000	-2.00025E+000	2.92928E-004	11	..........a	-327.68
	1032	1033	-1.65896E+000	-2.00190E-001	-2.45197E+000	-2.00025E+000	2.93894E-004	11	..........a	-327.68
	1033	1034	-1.65696E+000	-2.00190E-001	-2.45706E+000	-2.00025E+000	3.02761E-004	11	..........a	-327.68
	1034	1035	-1.65616E+000	-2.00190E-001	-2.45707E+000	-2.00025E+000	3.10228E-004	11	..........a	-327.68
	1035	1036	-1.65816E+000	-2.00190E-001	-2.45846E+000	-2.00025E+000	3.05861E-004	11	..........a	-327.68
	1036	1037	-1.66016E+000	-2.00190E-001	-2.46378E+000	-2.00025E+000	3.05678E-004	11	..........a	-327.68
	1037	1038	-1.65736E+000	-2.00190E-001	-2.47263E+000	-2.00025E+000	3.01694E-004	11	..........a	-327.68
	1038	1039	-1.65656E+000	-2.00190E-001	-2.47795E+000	-2.00025E+000	3.00844E-004	11	..........a	-327.68
	1039	1040	-1.66136E+000	-2.00190E-001	-2.48306E+000	-2.00025E+000	3.03028E-004	11	..........a	-327.68
	1040	1041	-1.65896E+000	-2.00190E-001	-2.49126E+000	-2.00025E+000	3.05228E-004	11	..........a	-327.68
	1041	1042	-1.65656E+000	-2.00190E-001	-2.49700E+000	-2.00025E+000	3.04378E-004	11	..........a	-327.68
	1042	1043	-1.65976E+000	-2.00190E-001	-2.49632E+000	-2.00025E+000	3.03444E-004	11	..........a	-327.68
	1043	1044	-1.66016E+000	-2.00190E-001	-2.49689E+000	-2.00025E+000	3.04311E-004	11	..........a	-327.68
	1044	1045	-1.66056E+000	-2.00190E-001	-2.49735E+000	-2.00025E+000	3.04744E-004	11	..........a	-327.68
	1045	1046	-1.65936E+000	-2.00190E-001	-2.50110E+000	-2.00025E+000	3.06411E-004	11	..........a	-327.68
	1046	1047	-1.66016E+000	-2.00190E-001	-2.50318E+000	-2.00025E+000	3.03228E-004	11	..........a	-327.68
	1047	1048	-1.65496E+000	-2.00190E-001	-2.51242E+000	-2.00025E+000	2.95761E-004	11	..........a	-327.68
	1048	1049	-1.65976E+000	-2.00190E-001	-2.51048E+000	-2.00025E+000	3.06244E-004	11	..........a	-327.68
	1049	1050	-1.65776E+000	-2.00190E-001	-2.51809E+000	-2.00025E+000	2.96044E-004	11	..........a	-327.68
	1050	1051	-1.65696E+000	-2.00191E-001	-2.52326E+000	-2.00025E+000	3.00961E-004	11	..........a	-327.68
	1051	1052	-1.65576E+000	-2.00190E-001	-2.52558E+000	-2.00025E+000	3.07978E-004	11	..........a	-327.68
	1052	1053	-1.65896E+000	-2.00191E-001	-2.52252E+000	-2.00025E+000	3.06678E-004	11	..........a	-327.68
	1053	1054	-1.65696E+000	-2.00190E-001	-2.52983E+000	-2.00025E+000	3.00561E-004	11	..........a	-327.68
	1054	1055	-1.65816E+000	-2.00190E-001	-2.53333E+000	-2.00025E+000	3.01828E-004	11	..........a	-327.68
	1055	1056	-1.65656E+000	-2.00190E-001	-2.53855E+000	-2.00025E+000	2.95678E-004	11	..........a	-327.68
	1056	1057	-1.65536E+000	-2.00190E-001	-2.54318E+000	-2.00025E+000	2.93844E-004	11	..........a	-327.68
	1057	1058	-1.65816E+000	-2.00190E-001	-2.54691E+000	-2.00025E+000	2.96094E-004	11	..........a	-327.68
	1058	1059	-1.65656E+000	-2.00190E-001	-2.55744E+000	-2.00025E+000	3.00361E-004	11	..........a	-327.68
	1059	1060	-1.65936E+000	-2.00190E-001	-2.55594E+000	-2.00025E+000	2.90444E-004	11	..........a	-327.68
	1060	1061	-1.65976E+000	-2.00190E-001	-2.55736E+000	-2.00025E+000	2.94044E-004	11	..........a	-327.68
	1061	1062	-1.65856E+000	-2.00190E-001	-2.56255E+000	-2.00025E+000	2.96461E-004	11	..........a	-327.68
	1062	1063	-1.65616E+000	-2.00190E-001	-2.57092E+000	-2.00025E+000	2.95478E-004	11	..........a	-327.68
	1063	1064	-1.64856E+000	-2.00190E-001	-2.58186E+000	-2.00025E+000	3.01011E-004	11	..........a	-327.68
	1064	1065	-1.65296E+000	-2.00190E-001	-2.39764E+000	-2.00025E+000	2.96994E-004	11	..........a	-327.68
	1065	1066	-1.65216E+000	-2.00190E-001	-2.40058E+000	-2.00025E+000	2.92894E-004	11	..........a	-327.68
	1066	1067	-1.65616E+000	-2.00190E-001	-2.39516E+000	-2.00025E+000	2.95894E-004	11	..........a	-327.68
	1067	1068	-1.65776E+000	-2.00190E-001	-2.39391E+000	-2.00025E+000	2.96528E-004	11	..........a	-327.68
	1068	1069	-1.65696E+000	-2.00190E-001	-2.39464E+000	-2.00025E+000	2.96511E-004	11	..........a	-327.68
	1069	1070	-1.65696E+000	-2.00190E-001	-2.39441E+000	-2.00025E+000	2.96594E-004	11	..........a	-327.68
	1070	1071	-1.65176E+000	-2.00190E-001	-2.40239E+000	-2.00025E+000	2.91028E-004	11	..........a	-327.68
	1071	1072	-1.65696E+000	-2.00190E-001	-2.39667E+000	-2.00025E+000	2.95761E-004	11	..........a	-327.68
	1072	1073	-1.65616E+000	-2.00190E-001	-2.39775E+000	-2.00025E+000	3.05411E-004	11	..........a	-327.68
	1073	1074	-1.65616E+000	-2.00190E-001	-2.39965E+000	-2.00025E+000	3.07494E-004	11	..........a	-327.68
	1074	1075	-1.65536E+000	-2.00191E-001	-2.40182E+000	-2.00025E+000	3.02928E-004	11	..........a	-327.68
	1075	1076	-1.65576E+000	-2.00191E-001	-2.40553E+000	-2.00025E+000	3.05178E-004	11	..........a	-327.68
	1076	1077	-1.65656E+000	-2.00191E-001	-2.41003E+000	-2.00025E+000	3.06344E-004	11	..........a	-327.68
	1077	1078	-1.65576E+000	-2.00190E-001	-2.41412E+000	-2.00025E+000	3.05411E-004	11	..........a	-327.68
	1078	1079	-1.65736E+000	-2.00190E-001	-2.41435E+000	-2.00025E+000	3.05461E-004	11	..........a	-327.68
	1079	1080	-1.65696E+000	-2.00190E-001	-2.41943E+000	-2.00025E+000	3.13194E-004	11	..........a	-327.68
	1080	1081	-1.65736E+000	-2.00190E-001	-2.42836E+000	-2.00025E+000	3.12728E-004	11	..........a	-327.68
	1081	1082	-1.65816E+000	-2.00190E-001	-2.43827E+000	-2.00025E+000	3.01028E-004	11	..........a	-327.68
	1082	1083	-1.65896E+000	-2.00191E-001	-2.44966E+000	-2.00025E+000	3.08611E-004	11	..........a	-327.68
	1083	1084	-1.65736E+000	-2.00190E-001	-2.45890E+000	-2.00025E+000	3.04894E-004	11	..........a	-327.68
	1084	1085	-1.65896E+000	-2.00190E-001	-2.46602E+000	-2.00025E+000	3.06594E-004	11	..........a	-327.68
	1085	1086	-1.65816E+000	-2.00196E-001	-2.47321E+000	-2.00025E+000	5.02078E-004	11	..........a	-327.68
	1086	1087	-1.65696E+000	-2.00196E-001	-2.48015E+000	-2.00025E+000	4.92644E-004	11	..........a	-327.68
	1087	1088	-1.65696E+000	-2.00196E-001	-2.48271E+000	-2.00025E+000	5.00794E-004	11	..........a	-327.68
	1088	1089	-1.65936E+000	-2.00196E-001	-2.48647E+000	-2.00025E+000	4.98211E-004	11	..........a	-327.68
	1089	1090	-1.65976E+000	-2.00196E-001	-2.49153E+000	-2.00025E+000	5.01878E-004	11	..........a	-327.68
	1090	1091	-1.66016E+000	-2.00195E-001	-2.49228E+000	-2.00025E+000	5.03944E-004	11	..........a	-327.68
	1091	1092	-1.65856E+000	-2.00196E-001	-2.49863E+000	-2.00025E+000	5.03078E-004	11	..........a	-327.68
	1092	1093	-1.65936E+000	-2.00196E-001	-2.50106E+000	-2.00025E+000	5.00911E-004	11	..........a	-327.68
	1093	1094	-1.66256E+000	-2.00196E-001	-2.49795E+000	-2.00025E+000	5.09644E-004	11	..........a	-327.68
	1094	1095	-1.65856E+000	-2.00196E-001	-2.50332E+000	-2.00025E+000	4.94828E-004	11	..........a	-327.68
	1095	1096	-1.66056E+000	-2.00196E-001	-2.50512E+000	-2.00025E+000	4.96828E-004	11	..........a	-327.68
	1096	1097	-1.65896E+000	-2.00196E-001	-2.51325E+000	-2.00025E+000	5.07128E-004	11	..........a	-327.68
	1097	1098	-1.65936E+000	-2.00196E-001	-2.51911E+000	-2.00025E+000	5.04878E-004	11	..........a	-327.68
	1098	1099	-1.65936E+000	-2.00196E-001	-2.52472E+000	-2.00025E+000	5.11211E-004	11	..........a	-327.68
	1099	1100	-1.65856E+000	-2.00196E-001	-2.52736E+000	-2.00025E+000	5.09994E-004	11	..........a	-327.68
	1100	1101	-1.65856E+000	-2.00196E-001	-2.53072E+000	-2.00025E+000	4.99578E-004	11	..........a	-327.68
	1101	1102	-1.65896E+000	-2.00196E-001	-2.53462E+000	-2.00025E+000	5.03161E-004	11	..........a	-327.68
	1102	1103	-1.66256E+000	-2.00196E-001	-2.53566E+000	-2.00025E+000	5.06928E-004	11	..........a	-327.68
	1103	1104	-1.66016E+000	-2.00196E-001	-2.54253E+000	-2.00025E+000	5.09844E-004	11	..........a	-327.68
	1104	1105	-1.66136E+000	-2.00196E-001	-2.54655E+000	-2.00025E+000	4.94878E-004	11	..........a	-327.68
	1105	1106	-1.66176E+000	-2.00196E-001	-2.55018E+000	-2.00025E+000	4.99311E-004	11	..........a	-327.68
	1106	1107	-1.66136E+000	-2.00196E-001	-2.55323E+000	-2.00025E+000	4.95794E-004	11	..........a	-327.68
	1107	1108	-1.66416E+000	-2.00196E-001	-2.55382E+000	-2.00025E+000	5.05244E-004	11	..........a	-327.68
	1108	1109	-1.66336E+000	-2.00195E-001	-2.56045E+000	-2.00025E+000	5.00478E-004	11	..........a	-327.68
	1109	1110	-1.66136E+000	-2.00196E-001	-2.56670E+000	-2.00025E+000	5.01528E-004	11	..........a	-327.68
	1110	1111	-1.65856E+000	-2.00196E-001	-2.57190E+000	-2.00025E+000	5.01278E-004	11	..........a	-327.68
	1111	1112	-1.66176E+000	-2.00196E-001	-2.57308E+000	-2.00025E+000	5.11461E-004	11	..........a	-327.68
	1112	1113	-1.66176E+000	-2.00196E-001	-2.57786E+000	-2.00025E+000	5.02344E-004	11	..........a	-327.68
	1113	1114	-1.66136E+000	-2.00196E-001	-2.58118E+000	-2.00025E+000	5.05278E-004	11	..........a	-327.68
	1114	1115	-1.66176E+000	-2.00195E-001	-2.58735E+000	-2.00025E+000	5.03111E-004	11	..........a	-327.68
	1115	1116	-1.66296E+000	-2.00196E-001	-2.59149E+000	-2.00025E+000	5.06528E-004	11	..........a	-327.68
	1116	1117	-1.66176E+000	-2.00195E-001	-2.59606E+000	-2.00025E+000	5.01861E-004	11	..........a	-327.68
	1117	1118	-1.65856E+000	-2.00195E-001	-2.60441E+000	-2.00025E+000	4.97644E-004	11	..........a	-327.68
	1118	1119	-1.66136E+000	-2.00196E-001	-2.60435E+000	-2.00025E+000	5.14161E-004	11	..........a	-327.68
	1119	1120	-1.66136E+000	-2.00196E-001	-2.60716E+000	-2.00025E+000	5.03361E-004	11	..........a	-327.68
	1120	1121	-1.66136E+000	-2.00196E-001	-2.60905E+000	-2.00025E+000	5.14361E-004	11	..........a	-327.68
	1121	1122	-1.66216E+000	-2.00196E-001	-2.61303E+000	-2.00025E+000	5.10211E-004	11	..........a	-327.68
	1122	1123	-1.66296E+000	-2.00196E-001	-2.61415E+000	-2.00025E+000	5.02394E-004	11	..........a	-327.68
	1123	1124	-1.66096E+000	-2.00196E-001	-2.62053E+000	-2.00025E+000	5.02161E-004	11	..........a	-327.68
	1124	1125	-1.66256E+000	-2.00196E-001	-2.62332E+000	-2.00025E+000	5.06744E-004	11	..........a	-327.68
	1125	1126	-1.66296E+000	-2.00197E-001	-2.62590E+000	-2.00025E+000	5.02361E-004	11	..........a	-327.68
	1126	1127	-1.66136E+000	-2.00196E-001	-2.63148E+000	-2.00025E+000	4.99311E-004	11	..........a	-327.68
	1127	1128	-1.65976E+000	-2.00196E-001	-2.63700E+000	-2.00025E+000	5.02778E-004	11	..........a	-327.68
	1128	1129	-1.65776E+000	-2.00196E-001	-2.64267E+000	-2.00025E+000	4.99278E-004	11	..........a	-327.68
	1129	1130	-1.66016E+000	-2.00196E-001	-2.64374E+000	-2.00025E+000	4.95044E-004	11	..........a	-327.68
	1130	1131	-1.65976E+000	-2.00196E-001	-2.64742E+000	-2.00025E+000	4.99761E-004	11	..........a	-327.68
	1131	1132	-1.65096E+000	-2.00196E-001	-2.40563E+000	-2.00025E+000	4.90378E-004	11	..........a	-327.68
	1132	1133	-1.65576E+000	-2.00196E-001	-2.40462E+000	-2.00025E+000	5.01694E-004	11	..........a	-327.68
	1133	1134	-1.65456E+000	-2.00196E-001	-2.41103E+000	-2.00025E+000	5.02594E-004	11	..........a	-327.68
	1134	1135	-1.65696E+000	-2.00196E-001	-2.41061E+000	-2.00025E+000	4.86911E-004	11	..........a	-327.68
	1135	1136	-1.65576E+000	-2.00197E-001	-2.41332E+000	-2.00025E+000	5.06778E-004	11	..........a	-327.68
	1136	1137	-1.65616E+000	-2.00196E-001	-2.41669E+000	-2.00025E+000	5.01428E-004	11	..........a	-327.68
	1137	1138	-1.65656E+000	-2.00196E-001	-2.42014E+000	-2.00025E+000	4.90378E-004	11	..........a	-327.68
	1138	1139	-1.65736E+000	-2.00197E-001	-2.42028E+000	-2.00025E+000	5.05344E-004	11	..........a	-327.68
	1139	1140	-1.65736E+000	-2.00196E-001	-2.42061E+000	-2.00025E+000	4.96694E-004	11	..........a	-327.68
	1140	1141	-1.65536E+000	-2.00196E-001	-2.42413E+000	-2.00025E+000	5.00728E-004	11	..........a	-327.68
	1141	1142	-1.65656E+000	-2.00196E-001	-2.42682E+000	-2.00025E+000	5.01461E-004	11	..........a	-327.68
	1142	1143	-1.65656E+000	-2.00196E-001	-2.43209E+000	-2.00025E+000	4.95261E-004	11	..........a	-327.68
	1143	1144	-1.65696E+000	-2.00196E-001	-2.43603E+000	-2.00025E+000	4.88811E-004	11	..........a	-327.68
	1144	1145	-1.65856E+000	-2.00197E-001	-2.44015E+000	-2.00025E+000	5.06544E-004	11	..........a	-327.68
	1145	1146	-1.65696E+000	-2.00196E-001	-2.44881E+000	-2.00025E+000	5.10244E-004	11	..........a	-327.68
	1146	1147	-1.66016E+000	-2.00196E-001	-2.44948E+000	-2.00025E+000	5.07278E-004	11	..........a	-327.68
	1147	1148	-1.65936E+000	-2.00196E-001	-2.45646E+000	-2.00025E+000	5.06261E-004	11	..........a	-327.68
	1148	1149	-1.66016E+000	-2.00196E-001	-2.46395E+000	-2.00025E+000	5.05894E-004	11	..........a	-327.68
	1149	1150	-1.66016E+000	-2.00196E-001	-2.47011E+000	-2.00025E+000	5.03911E-004	11	..........a	-327.68
	1150	1151	-1.65856E+000	-2.00196E-001	-2.47868E+000	-2.00025E+000	5.01911E-004	11	..........a	-327.68
	1151	1152	-1.65816E+000	-2.00196E-001	-2.48759E+000	-2.00025E+000	5.01694E-004	11	..........a	-327.68
	1152	1153	-1.65736E+000	-2.00196E-001	-2.49262E+000	-2.00025E+000	5.05294E-004	11	..........a	-327.68
	1153	1154	-1.65736E+000	-2.00196E-001	-2.49718E+000	-2.00025E+000	5.04411E-004	11	..........a	-327.68
	1154	1155	-1.65976E+000	-2.00191E-001	-2.50259E+000	-2.00025E+000	3.37228E-004	11	..........a	-327.68
	1155	1156	-1.65896E+000	-2.00190E-001	-2.50781E+000	-2.00025E+000	3.38511E-004	11	..........a	-327.68
	1156	1157	-1.65576E+000	-2.00190E-001	-2.51607E+000	-2.00025E+000	3.32761E-004	11	..........a	-327.68
	1157	1158	-1.65896E+000	-2.00191E-001	-2.51842E+000	-2.00025E+000	3.41028E-004	11	..........a	-327.68
	1158	1159	-1.65816E+000	-2.00190E-001	-2.52180E+000	-2.00025E+000	3.31344E-004	11	..........a	-327.68
	1159	1160	-1.65976E+000	-2.00191E-001	-2.52179E+000	-2.00025E+000	3.33128E-004	11	..........a	-327.68
	1160	1161	-1.65896E+000	-2.00191E-001	-2.52688E+000	-2.00025E+000	3.30878E-004	11	..........a	-327.68
	1161	1162	-1.65856E+000	-2.00191E-001	-2.53087E+000	-2.00025E+000	3.30011E-004	11	..........a	-327.68
	1162	1163	-1.65976E+000	-2.00190E-001	-2.53234E+000	-2.00025E+000	3.30894E-004	11	..........a	-327.68
	1163	1164	-1.65816E+000	-2.00190E-001	-2.53562E+000	-2.00025E+000	3.33694E-004	11	..........a	-327.68
	1164	1165	-1.65976E+000	-2.00191E-001	-2.53515E+000	-2.00025E+000	3.36561E-004	11	..........a	-327.68
	1165	1166	-1.65896E+000	-2.00191E-001	-2.53541E+000	-2.00025E+000	3.38278E-004	11	..........a	-327.68
	1166	1167	-1.65816E+000	-2.00191E-001	-2.53403E+000	-2.00025E+000	3.36561E-004	11	..........a	-327.68
	1167	1168	-1.65736E+000	-2.00191E-001	-2.53408E+000	-2.00025E+000	3.33394E-004	11	..........a	-327.68
	1168	1169	-1.65656E+000	-2.00191E-001	-2.53673E+000	-2.00025E+000	3.35894E-004	11	..........a	-327.68
	1169	1170	-1.65656E+000	-2.00191E-001	-2.54065E+000	-2.00025E+000	3.29978E-004	11	..........a	-327.68
	1170	1171	-1.65656E+000	-2.00191E-001	-2.54239E+000	-2.00025E+000	3.33761E-004	11	..........a	-327.68
	1171	1172	-1.65856E+000	-2.00191E-001	-2.54255E+000	-2.00025E+000	3.34311E-004	11	..........a	-327.68
	1172	1173	-1.65736E+000	-2.00191E-001	-2.54738E+000	-2.00025E+000	3.34611E-004	11	..........a	-327.68
	1173	1174	-1.65736E+000	-2.00191E-001	-2.55722E+000	-2.00025E+000	3.43411E-004	11	..........a	-327.68
	1174	1175	-1.65656E+000	-2.00191E-001	-2.56571E+000	-2.00025E+000	3.36328E-004	11	..........a	-327.68
	1175	1176	-1.65656E+000	-2.00191E-001	-2.57550E+000	-2.00025E+000	3.35628E-004	11	..........a	-327.68
	1176	1177	-1.65656E+000	-2.00191E-001	-2.58371E+000	-2.00025E+000	3.35211E-004	11	..........a	-327.68
	1177	1178	-1.65896E+000	-2.00191E-001	-2.58440E+000	-2.00025E+000	3.36878E-004	11	..........a	-327.68
	1178	1179	-1.66136E+000	-2.00191E-001	-2.58837E+000	-2.00025E+000	3.32994E-004	11	..........a	-327.68
	1179	1180	-1.65896E+000	-2.00191E-001	-2.59553E+000	-2.00025E+000	3.33294E-004	11	..........a	-327.68
	1180	1181	-1.65896E+000	-2.00196E-001	-2.60021E+000	-2.00025E+000	4.38944E-004	11	..........a	-327.68
	1181	1182	-1.65856E+000	-2.00196E-001	-2.60987E+000	-2.00025E+000	4.42194E-004	11	..........a	-327.68
	1182	1183	-1.65816E+000	-2.00196E-001	-2.62410E+000	-2.00025E+000	4.33711E-004	11	..........a	-327.68
	1183	1184	-1.66136E+000	-2.00196E-001	-2.62927E+000	-2.00025E+000	4.35694E-004	11	..........a	-327.68
	1184	1185	-1.65416E+000	-2.00196E-001	-2.63944E+000	-2.00025E+000	4.39478E-004	11	..........a	-327.68
	1185	1186	-1.65456E+000	-2.00196E-001	-2.41340E+000	-2.00025E+000	4.32961E-004	11	..........a	-327.68
	1186	1187	-1.65416E+000	-2.00196E-001	-2.41907E+000	-2.00025E+000	4.30611E-004	11	..........a	-327.68
	1187	1188	-1.65656E+000	-2.00196E-001	-2.41724E+000	-2.00025E+000	4.26361E-004	11	..........a	-327.68
	1188	1189	-1.65736E+000	-2.00197E-001	-2.42015E+000	-2.00025E+000	4.31094E-004	11	..........a	-327.68
	1189	1190	-1.65576E+000	-2.00196E-001	-2.42562E+000	-2.00025E+000	4.34361E-004	11	..........a	-327.68
	1190	1191	-1.65576E+000	-2.00196E-001	-2.43091E+000	-2.00025E+000	4.30361E-004	11	..........a	-327.68
	1191	1192	-1.65616E+000	-2.00196E-001	-2.43273E+000	-2.00025E+000	4.29611E-004	11	..........a	-327.68
	1192	1193	-1.65656E+000	-2.00196E-001	-2.43230E+000	-2.00025E+000	4.38911E-004	11	..........a	-327.68
	1193	1194	-1.65816E+000	-2.00197E-001	-2.42993E+000	-2.00025E+000	4.42744E-004	11	..........a	-327.68
	1194	1195	-1.65736E+000	-2.00196E-001	-2.43258E+000	-2.00025E+000	4.41378E-004	11	..........a	-327.68
	1195	1196	-1.65816E+000	-2.00196E-001	-2.43671E+000	-2.00025E+000	4.32028E-004	11	..........a	-327.68
	1196	1197	-1.65656E+000	-2.00197E-001	-2.44358E+000	-2.00025E+000	4.34878E-004	11	..........a	-327.68
	1197	1198	-1.66056E+000	-2.00197E-001	-2.44370E+000	-2.00025E+000	4.40211E-004	11	..........a	-327.68
	1198	1199	-1.65776E+000	-2.00196E-001	-2.44991E+000	-2.00025E+000	4.35494E-004	11	..........a	-327.68
	1199	1200	-1.65736E+000	-2.00196E-001	-2.45441E+000	-2.00025E+000	4.44394E-004	11	..........a	-327.68
	1200	1201	-1.65536E+000	-2.00197E-001	-2.46312E+000	-2.00025E+000	4.46078E-004	11	..........a	-327.68
	1201	1202	-1.65736E+000	-2.00197E-001	-2.46485E+000	-2.00025E+000	4.39244E-004	11	..........a	-327.68
	1202	1203	-1.65896E+000	-2.00196E-001	-2.46661E+000	-2.00025E+000	4.38961E-004	11	..........a	-327.68
	1203	1204	-1.65896E+000	-2.00197E-001	-2.47008E+000	-2.00025E+000	4.47644E-004	11	..........a	-327.68
	1204	1205	-1.65816E+000	-2.00197E-001	-2.47447E+000	-2.00025E+000	4.49311E-004	11	..........a	-327.68
	1205	1206	-1.65736E+000	-2.00197E-001	-2.48174E+000	-2.00025E+000	4.49294E-004	11	..........a	-327.68
	1206	1207	-1.65816E+000	-2.00197E-001	-2.48669E+000	-2.00025E+000	4.47044E-004	11	..........a	-327.68
	1207	1208	-1.65816E+000	-2.00197E-001	-2.49368E+000	-2.00025E+000	4.43644E-004	11	..........a	-327.68
	1208	1209	-1.65736E+000	-2.00196E-001	-2.49839E+000	-2.00025E+000	4.46878E-004	11	..........a	-327.68
	1209	1210	-1.65896E+000	-2.00196E-001	-2.49784E+000	-2.00025E+000	4.38461E-004	11	..........a	-327.68
	1210	1211	-1.65896E+000	-2.00196E-001	-2.50057E+000	-2.00025E+000	4.33194E-004	11	..........a	-327.68
	1211	1212	-1.65816E+000	-2.00197E-001	-2.50495E+000	-2.00025E+000	4.45911E-004	11	..........a	-327.68
	1212	1213	-1.65776E+000	-2.00197E-001	-2.50642E+000	-2.00025E+000	4.41461E-004	11	..........a	-327.68
	1213	1214	-1.65616E+000	-2.00196E-001	-2.51157E+000	-2.00025E+000	4.39828E-004	11	..........a	-327.68
	1214	1215	-1.65896E+000	-2.00197E-001	-2.51395E+000	-2.00025E+000	4.38261E-004	11	..........a	-327.68
	1215	1216	-1.65496E+000	-2.00197E-001	-2.52543E+000	-2.00025E+000	4.36528E-004	11	..........a	-327.68
	1216	1217	-1.65816E+000	-2.00196E-001	-2.53140E+000	-2.00025E+000	4.35494E-004	11	..........a	-327.68
	1217	1218	-1.65896E+000	-2.00197E-001	-2.53510E+000	-2.00025E+000	4.42778E-004	11	..........a	-327.68
	1218	1219	-1.65896E+000	-2.00197E-001	-2.54182E+000	-2.00025E+000	4.30761E-004	11	..........a	-327.68
	1219	1220	-1.66056E+000	-2.00197E-001	-2.54729E+000	-2.00025E+000	4.35794E-004	11	..........a	-327.68
	1220	1221	-1.65896E+000	-2.00197E-001	-2.55671E+000	-2.00025E+000	4.40478E-004	11	..........a	-327.68
	1221	1222	-1.66016E+000	-2.00197E-001	-2.55860E+000	-2.00025E+000	4.32794E-004	11	..........a	-327.68
	1222	1223	-1.65816E+000	-2.00196E-001	-2.56661E+000	-2.00025E+000	4.28361E-004	11	..........a	-327.68
	1223	1224	-1.65656E+000	-2.00197E-001	-2.56873E+000	-2.00025E+000	4.36278E-004	11	..........a	-327.68
	1224	1225	-1.65896E+000	-2.00196E-001	-2.56955E+000	-2.00025E+000	4.34311E-004	11	..........a	-327.68
	1225	1226	-1.65656E+000	-2.00196E-001	-2.57699E+000	-2.00025E+000	4.32728E-004	11	..........a	-327.68
	1226	1227	-1.65896E+000	-2.00196E-001	-2.58265E+000	-2.00025E+000	4.35078E-004	11	..........a	-327.68
	1227	1228	-1.65496E+000	-2.00197E-001	-2.60276E+000	-2.00025E+000	4.34561E-004	11	..........a	-327.68
	1228	1229	-1.65416E+000	-2.00197E-001	-2.59791E+000	-2.00025E+000	4.37011E-004	11	..........a	-327.68
	1229	1230	-1.65576E+000	-2.00197E-001	-2.59618E+000	-2.00025E+000	4.34411E-004	11	..........a	-327.68
	1230	1231	-1.65616E+000	-2.00197E-001	-2.59523E+000	-2.00025E+000	4.35611E-004	11	..........a	-327.68
	1231	1232	-1.65456E+000	-2.00196E-001	-2.59998E+000	-2.00025E+000	4.40128E-004	11	..........a	-327.68
	1232	1233	-1.65576E+000	-2.00197E-001	-2.53914E+000	-2.00025E+000	4.47978E-004	11	..........a	-327.68
	1233	1234	-1.65416E+000	-2.00197E-001	-2.41446E+000	-2.00025E+000	4.31178E-004	11	..........a	-327.68
	1234	1235	-1.65456E+000	-2.00197E-001	-2.41950E+000	-2.00025E+000	4.34928E-004	11	..........a	-327.68
	1235	1236	-1.65656E+000	-2.00196E-001	-2.42100E+000	-2.00025E+000	4.27444E-004	11	..........a	-327.68
	1236	1237	-1.65736E+000	-2.00197E-001	-2.42204E+000	-2.00025E+000	4.33894E-004	11	..........a	-327.68
	1237	1238	-1.65736E+000	-2.00197E-001	-2.42572E+000	-2.00025E+000	4.38544E-004	11	..........a	-327.68
	1238	1239	-1.65896E+000	-2.00197E-001	-2.42589E+000	-2.00025E+000	4.40494E-004	11	..........a	-327.68
	1239	1240	-1.65736E+000	-2.00197E-001	-2.42873E+000	-2.00025E+000	4.39661E-004	11	..........a	-327.68
	1240	1241	-1.65736E+000	-2.00197E-001	-2.42990E+000	-2.00025E+000	4.42861E-004	11	..........a	-327.68
	1241	1242	-1.65736E+000	-2.00197E-001	-2.43332E+000	-2.00025E+000	4.45828E-004	11	..........a	-327.68
	1242	1243	-1.65736E+000	-2.00196E-001	-2.43790E+000	-2.00025E+000	4.42328E-004	11	..........a	-327.68
	1243	1244	-1.65896E+000	-2.00197E-001	-2.43608E+000	-2.00025E+000	4.36694E-004	11	..........a	-327.68
	1244	1245	-1.65736E+000	-2.00197E-001	-2.44037E+000	-2.00025E+000	4.42711E-004	11	..........a	-327.68
	1245	1246	-1.65656E+000	-2.00196E-001	-2.44220E+000	-2.00025E+000	4.39194E-004	11	..........a	-327.68
	1246	1247	-1.65736E+000	-2.00197E-001	-2.44370E+000	-2.00025E+000	4.38744E-004	11	..........a	-327.68
	1247	1248	-1.65416E+000	-2.00197E-001	-2.45089E+000	-2.00025E+000	4.38228E-004	11	..........a	-327.68
	1248	1249	-1.65416E+000	-2.00197E-001	-2.45210E+000	-2.00025E+000	4.42128E-004	11	..........a	-327.68
	1249	1250	-1.65456E+000	-2.00197E-001	-2.45622E+000	-2.00025E+000	4.47194E-004	11	..........a	-327.68
	1250	1251	-1.65416E+000	-2.00197E-001	-2.45857E+000	-2.00025E+000	4.39078E-004	11	..........a	-327.68
	1251	1252	-1.65296E+000	-2.00196E-001	-2.46367E+000	-2.00025E+000	4.49994E-004	11	..........a	-327.68
	1252	1253	-1.65296E+000	-2.00197E-001	-2.46831E+000	-2.00025E+000	4.43644E-004	11	..........a	-327.68
	1253	1254	-1.65456E+000	-2.00197E-001	-2.47082E+000	-2.00025E+000	4.45894E-004	11	..........a	-327.68
	1254	1255	-1.65456E+000	-2.00196E-001	-2.47723E+000	-2.00025E+000	4.37661E-004	11	..........a	-327.68
	1255	1256	-1.65576E+000	-2.00196E-001	-2.47974E+000	-2.00025E+000	4.40994E-004	11	..........a	-327.68
	1256	1257	-1.65496E+000	-2.00197E-001	-2.48456E+000	-2.00025E+000	4.44244E-004	11	..........a	-327.68
	1257	1258	-1.65496E+000	-2.00197E-001	-2.48670E+000	-2.00025E+000	4.42628E-004	11	..........a	-327.68
	1258	1259	-1.65576E+000	-2.00197E-001	-2.49257E+000	-2.00025E+000	4.54794E-004	11	..........a	-327.68
	1259	1260	-1.65576E+000	-2.00198E-001	-2.49693E+000	-2.00025E+000	4.43028E-004	11	..........a	-327.68
	1260	1261	-1.65336E+000	-2.00197E-001	-2.50045E+000	-2.00025E+000	4.36928E-004	11	..........a	-327.68
	1261	1262	-1.65496E+000	-2.00197E-001	-2.50433E+000	-2.00025E+000	4.37794E-004	11	..........a	-327.68
	1262	1263	-1.65416E+000	-2.00197E-001	-2.51118E+000	-2.00025E+000	4.35978E-004	11	..........a	-327.68
	1263	1264	-1.65416E+000	-2.00197E-001	-2.51301E+000	-2.00025E+000	4.46461E-004	11	..........a	-327.68
	1264	1265	-1.65416E+000	-2.00197E-001	-2.51761E+000	-2.00025E+000	4.42928E-004	11	..........a	-327.68
	1265	1266	-1.65416E+000	-2.00197E-001	-2.52187E+000	-2.00025E+000	4.56894E-004	11	..........a	-327.68
	1266	1267	-1.65616E+000	-2.00197E-001	-2.52592E+000	-2.00025E+000	4.43678E-004	11	..........a	-327.68
	1267	1268	-1.65576E+000	-2.00197E-001	-2.52905E+000	-2.00025E+000	4.38378E-004	11	..........a	-327.68
	1268	1269	-1.65376E+000	-2.00197E-001	-2.53523E+000	-2.00025E+000	4.47278E-004	11	..........a	-327.68
	1269	1270	-1.65416E+000	-2.00197E-001	-2.53797E+000	-2.00025E+000	4.42178E-004	11	..........a	-327.68
	1270	1271	-1.65736E+000	-2.00197E-001	-2.54245E+000	-2.00025E+000	4.45211E-004	11	..........a	-327.68
	1271	1272	-1.65456E+000	-2.00197E-001	-2.55428E+000	-2.00025E+000	4.38178E-004	11	..........a	-327.68
	1272	1273	-1.65456E+000	-2.00197E-001	-2.56137E+000	-2.00025E+000	4.34978E-004	11	..........a	-327.68
	1273	1274	-1.65096E+000	-2.00197E-001	-2.57668E+000	-2.00025E+000	4.38411E-004	11	..........a	-327.68
	1274	1275	-1.64776E+000	-2.00198E-001	-2.39124E+000	-2.00025E+000	4.36911E-004	11	..........a	-327.68
	1275	1276	-1.65016E+000	-2.00197E-001	-2.35195E+000	-2.00025E+000	4.41361E-004	11	..........a	-327.68
	1276	1277	-1.65096E+000	-2.00197E-001	-2.35545E+000	-2.00025E+000	4.35294E-004	11	..........a	-327.68
	1277	1278	-1.65256E+000	-2.00197E-001	-2.35811E+000	-2.00025E+000	4.39528E-004	11	..........a	-327.68
	1278	1279	-1.65096E+000	-2.00197E-001	-2.36150E+000	-2.00025E+000	4.37211E-004	11	..........a	-327.68
	1279	1280	-1.65016E+000	-2.00197E-001	-2.36516E+000	-2.00025E+000	4.36378E-004	11	..........a	-327.68
	1280	1281	-1.65096E+000	-2.00197E-001	-2.36635E+000	-2.00025E+000	4.42528E-004	11	..........a	-327.68
	1281	1282	-1.65016E+000	-2.00197E-001	-2.36901E+000	-2.00025E+000	4.31878E-004	11	..........a	-327.68
	1282	1283	-1.65256E+000	-2.00197E-001	-2.36955E+000	-2.00025E+000	4.42811E-004	11	..........a	-327.68
	1283	1284	-1.65136E+000	-2.00197E-001	-2.37313E+000	-2.00025E+000	4.43978E-004	11	..........a	-327.68
	1284	1285	-1.65256E+000	-2.00197E-001	-2.37748E+000	-2.00025E+000	4.32344E-004	11	..........a	-327.68
	1285	1286	-1.65256E+000	-2.00197E-001	-2.38194E+000	-2.00025E+000	4.44094E-004	11	..........a	-327.68
	1286	1287	-1.65296E+000	-2.00197E-001	-2.38500E+000	-2.00025E+000	4.43661E-004	11	..........a	-327.68
	1287	1288	-1.65296E+000	-2.00197E-001	-2.38640E+000	-2.00025E+000	4.46328E-004	11	..........a	-327.68
	1288	1289	-1.65296E+000	-2.00197E-001	-2.38688E+000	-2.00025E+000	4.40561E-004	11	..........a	-327.68
	1289	1290	-1.65096E+000	-2.00197E-001	-2.39017E+000	-2.00025E+000	4.43244E-004	11	..........a	-327.68
	1290	1291	-1.65016E+000	-2.00197E-001	-2.39479E+000	-2.00025E+000	4.40411E-004	11	..........a	-327.68
	1291	1292	-1.65216E+000	-2.00197E-001	-2.39884E+000	-2.00025E+000	4.45394E-004	11	..........a	-327.68
	1292	1293	-1.65536E+000	-2.00197E-001	-2.40040E+000	-2.00025E+000	4.39828E-004	11	..........a	-327.68
	1293	1294	-1.65256E+000	-2.00196E-001	-2.40576E+000	-2.00025E+000	4.40628E-004	11	..........a	-327.68
	1294	1295	-1.65536E+000	-2.00197E-001	-2.40906E+000	-2.00025E+000	4.38694E-004	11	..........a	-327.68
	1295	1296	-1.65496E+000	-2.00197E-001	-2.41508E+000	-2.00025E+000	4.32211E-004	11	..........a	-327.68
	1296	1297	-1.65056E+000	-2.00197E-001	-2.43260E+000	-2.00025E+000	4.35594E-004	11	..........a	-327.68
	1297	1298	-1.65576E+000	-2.00197E-001	-2.43337E+000	-2.00025E+000	4.33028E-004	11	..........a	-327.68
	1298	1299	-1.65736E+000	-2.00197E-001	-2.43909E+000	-2.00025E+000	4.36361E-004	11	..........a	-327.68
	1299	1300	-1.65736E+000	-2.00197E-001	-2.44372E+000	-2.00025E+000	4.24561E-004	11	..........a	-327.68
	1300	1301	-1.65416E+000	-2.00197E-001	-2.44977E+000	-2.00025E+000	4.23561E-004	11	..........a	-327.68
	1301	1302	-1.65776E+000	-2.00197E-001	-2.44726E+000	-2.00025E+000	4.33294E-004	11	..........a	-327.68
	1302	1303	-1.65736E+000	-2.00196E-001	-2.45459E+000	-2.00025E+000	4.27528E-004	11	..........a	-327.68
	1303	1304	-1.65576E+000	-2.00197E-001	-2.46426E+000	-2.00025E+000	4.31294E-004	11	..........a	-327.68
	1304	1305	-1.65536E+000	-2.00196E-001	-2.46996E+000	-2.00025E+000	4.35961E-004	11	..........a	-327.68
	1305	1306	-1.65696E+000	-2.00191E-001	-2.47649E+000	-2.00025E+000	4.57628E-004	11	..........a	-327.68
	1306	1307	-1.65536E+000	-2.00191E-001	-2.48419E+000	-2.00025E+000	4.52211E-004	11	..........a	-327.68
	1307	1308	-1.65456E+000	-2.00191E-001	-2.49346E+000	-2.00025E+000	4.59144E-004	11	..........a	-327.68
	1308	1309	-1.65456E+000	-2.00191E-001	-2.49822E+000	-2.00025E+000	4.64661E-004	11	..........a	-327.68
	1309	1310	-1.65616E+000	-2.00191E-001	-2.49914E+000	-2.00025E+000	4.66011E-004	11	..........a	-327.68
	1310	1311	-1.65576E+000	-2.00191E-001	-2.50472E+000	-2.00025E+000	4.71394E-004	11	..........a	-327.68
	1311	1312	-1.65536E+000	-2.00191E-001	-2.51264E+000	-2.00025E+000	4.67528E-004	11	..........a	-327.68
	1312	1313	-1.65536E+000	-2.00191E-001	-2.51832E+000	-2.00025E+000	4.62728E-004	11	..........a	-327.68
	1313	1314	-1.65616E+000	-2.00191E-001	-2.51581E+000	-2.00025E+000	4.59861E-004	11	..........a	-327.68
	1314	1315	-1.65616E+000	-2.00191E-001	-2.51515E+000	-2.00025E+000	4.61361E-004	11	..........a	-327.68
	1315	1316	-1.65536E+000	-2.00191E-001	-2.51710E+000	-2.00025E+000	4.73561E-004	11	..........a	-327.68
	1316	1317	-1.65536E+000	-2.00190E-001	-2.52398E+000	-2.00025E+000	4.67011E-004	11	..........a	-327.68
	1317	1318	-1.65616E+000	-2.00191E-001	-2.52667E+000	-2.00025E+000	4.79094E-004	11	..........a	-327.68
	1318	1319	-1.65696E+000	-2.00191E-001	-2.52514E+000	-2.00025E+000	4.72928E-004	11	..........a	-327.68
	1319	1320	-1.65616E+000	-2.00191E-001	-2.52928E+000	-2.00025E+000	4.72044E-004	11	..........a	-327.68
	1320	1321	-1.65256E+000	-2.00191E-001	-2.54040E+000	-2.00025E+000	4.56844E-004	11	..........a	-327.68
	1321	1322	-1.65456E+000	-2.00191E-001	-2.54297E+000	-2.00025E+000	4.71611E-004	11	..........a	-327.68
	1322	1323	-1.65176E+000	-2.00191E-001	-2.56502E+000	-2.00025E+000	4.65644E-004	11	..........a	-327.68
	1323	1324	-1.65336E+000	-2.00191E-001	-2.55645E+000	-2.00025E+000	4.65928E-004	11	..........a	-327.68
	1324	1325	-1.65016E+000	-2.00191E-001	-2.55959E+000	-2.00025E+000	4.85111E-004	11	..........a	-327.68
	1325	1326	-1.65216E+000	-2.00191E-001	-2.55705E+000	-2.00025E+000	4.77711E-004	11	..........a	-327.68
	1326	1327	-1.65296E+000	-2.00191E-001	-2.55651E+000	-2.00025E+000	4.73744E-004	11	..........a	-327.68
	1327	1328	-1.65136E+000	-2.00191E-001	-2.55747E+000	-2.00025E+000	4.72678E-004	11	..........a	-327.68
	1328	1329	-1.65256E+000	-2.00191E-001	-2.55957E+000	-2.00025E+000	4.74061E-004	11	..........a	-327.68
	1329	1330	-1.64896E+000	-2.00191E-001	-2.34013E+000	-2.00025E+000	4.81311E-004	11	..........a	-327.68
	1330	1331	-1.64936E+000	-2.00191E-001	-2.34635E+000	-2.00025E+000	4.73711E-004	11	..........a	-327.68
	1331	1332	-1.65016E+000	-2.00189E-001	-2.34806E+000	-2.00025E+000	5.33861E-004	11	..........a	-327.68
	1332	1333	-1.64976E+000	-2.00189E-001	-2.35165E+000	-2.00025E+000	5.36194E-004	11	..........a	-327.68
	1333	1334	-1.65056E+000	-2.00189E-001	-2.35351E+000	-2.00025E+000	5.39144E-004	11	..........a	-327.68
	1334	1335	-1.65216E+000	-2.00189E-001	-2.35554E+000	-2.00025E+000	5.31411E-004	11	..........a	-327.68
	1335	1336	-1.65256E+000	-2.00189E-001	-2.35845E+000	-2.00025E+000	5.35111E-004	11	..........a	-327.68
	1336	1337	-1.65256E+000	-2.00189E-001	-2.36324E+000	-2.00025E+000	5.35561E-004	11	..........a	-327.68
	1337	1338	-1.65256E+000	-2.00189E-001	-2.36554E+000	-2.00025E+000	5.35994E-004	11	..........a	-327.68
	1338	1339	-1.65296E+000	-2.00189E-001	-2.36789E+000	-2.00025E+000	5.34078E-004	11	..........a	-327.68
	1339	1340	-1.65176E+000	-2.00189E-001	-2.37182E+000	-2.00025E+000	5.47328E-004	11	..........a	-327.68
	1340	1341	-1.65296E+000	-2.00189E-001	-2.37313E+000	-2.00025E+000	5.39528E-004	11	..........a	-327.68
	1341	1342	-1.65216E+000	-2.00189E-001	-2.37545E+000	-2.00025E+000	5.52044E-004	11	..........a	-327.68
	1342	1343	-1.65216E+000	-2.00189E-001	-2.38062E+000	-2.00025E+000	5.38828E-004	11	..........a	-327.68
	1343	1344	-1.65296E+000	-2.00189E-001	-2.38591E+000	-2.00025E+000	5.33761E-004	11	..........a	-327.68
	1344	1345	-1.65056E+000	-2.00191E-001	-2.39051E+000	-2.00025E+000	6.53277E-005	11	..........a	-327.68
	1345	1346	-1.65256E+000	-2.00191E-001	-2.39077E+000	-2.00025E+000	6.44111E-005	11	..........a	-327.68
	1346	1347	-1.65056E+000	-2.00192E-001	-2.39624E+000	-2.00025E+000	6.57111E-005	11	..........a	-327.68
	1347	1348	-1.65456E+000	-2.00191E-001	-2.40149E+000	-2.00025E+000	6.64611E-005	11	..........a	-327.68
	1348	1349	-1.65376E+000	-2.00192E-001	-2.40778E+000	-2.00025E+000	6.34444E-005	11	..........a	-327.68
	1349	1350	-1.65296E+000	-2.00192E-001	-2.40892E+000	-2.00025E+000	6.54277E-005	11	..........a	-327.68
	1350	1351	-1.65296E+000	-2.00191E-001	-2.41483E+000	-2.00025E+000	6.43444E-005	11	..........a	-327.68
	1351	1352	-1.65256E+000	-2.00191E-001	-2.42107E+000	-2.00025E+000	6.76444E-005	11	..........a	-327.68
	1352	1353	-1.65456E+000	-2.00192E-001	-2.42252E+000	-2.00025E+000	6.78111E-005	11	..........a	-327.68
	1353	1354	-1.65576E+000	-2.00192E-001	-2.42740E+000	-2.00025E+000	6.53111E-005	11	..........a	-327.68
	1354	1355	-1.65296E+000	-2.00192E-001	-2.43805E+000	-2.00025E+000	6.59277E-005	11	..........a	-327.68
	1355	1356	-1.65536E+000	-2.00192E-001	-2.43988E+000	-2.00025E+000	6.83777E-005	11	..........a	-327.68
	1356	1357	-1.65536E+000	-2.00192E-001	-2.44768E+000	-2.00025E+000	6.81277E-005	11	..........a	-327.68
	1357	1358	-1.65616E+000	-2.00193E-001	-2.45537E+000	-2.00025E+000	6.95777E-005	11	..........a	-327.68
	1358	1359	-1.65416E+000	-2.00192E-001	-2.46887E+000	-2.00025E+000	7.12611E-005	11	..........a	-327.68
	1359	1360	-1.65456E+000	-2.00192E-001	-2.47482E+000	-2.00025E+000	6.37277E-005	11	..........a	-327.68
	1360	1361	-1.65656E+000	-2.00192E-001	-2.47998E+000	-2.00025E+000	6.42944E-005	11	..........a	-327.68
	1361	1362	-1.65416E+000	-2.00192E-001	-2.49462E+000	-2.00025E+000	6.87777E-005	11	..........a	-327.68
	1362	1363	-1.65696E+000	-2.00192E-001	-2.50235E+000	-2.00025E+000	6.88444E-005	11	..........a	-327.68
	1363	1364	-1.65616E+000	-2.00192E-001	-2.50772E+000	-2.00025E+000	6.64444E-005	11	..........a	-327.68
	1364	1365	-1.65536E+000	-2.00192E-001	-2.51490E+000	-2.00025E+000	6.66944E-005	11	..........a	-327.68
	1365	1366	-1.65576E+000	-2.00192E-001	-2.51862E+000	-2.00025E+000	6.51777E-005	11	..........a	-327.68
	1366	1367	-1.65656E+000	-2.00192E-001	-2.52133E+000	-2.00025E+000	6.47277E-005	11	..........a	-327.68
	1367	1368	-1.65576E+000	-2.00192E-001	-2.52181E+000	-2.00025E+000	6.31611E-005	11	..........a	-327.68
	1368	1369	-1.65616E+000	-2.00191E-001	-2.52658E+000	-2.00025E+000	7.03777E-005	11	..........a	-327.68
	1369	1370	-1.65616E+000	-2.00192E-001	-2.53188E+000	-2.00025E+000	6.56777E-005	11	..........a	-327.68
	1370	1371	-1.65696E+000	-2.00192E-001	-2.53231E+000	-2.00025E+000	6.36277E-005	11	..........a	-327.68
	1371	1372	-1.65776E+000	-2.00191E-001	-2.53721E+000	-2.00025E+000	6.53111E-005	11	..........a	-327.68
	1372	1373	-1.65616E+000	-2.00191E-001	-2.54480E+000	-2.00025E+000	6.41944E-005	11	..........a	-327.68
	1373	1374	-1.65616E+000	-2.00192E-001	-2.55025E+000	-2.00025E+000	6.39277E-005	11	..........a	-327.68
	1374	1375	-1.65536E+000	-2.00192E-001	-2.55665E+000	-2.00025E+000	6.17944E-005	11	..........a	-327.68
	1375	1376	-1.65656E+000	-2.00192E-001	-2.56024E+000	-2.00025E+000	6.48277E-005	11	..........a	-327.68
	1376	1377	-1.65696E+000	-2.00192E-001	-2.56054E+000	-2.00025E+000	6.28277E-005	11	..........a	-327.68
	1377	1378	-1.65696E+000	-2.00193E-001	-2.56377E+000	-2.00025E+000	6.48277E-005	11	..........a	-327.68
	1378	1379	-1.65016E+000	-2.00192E-001	-2.58492E+000	-2.00025E+000	6.56611E-005	11	..........a	-327.68
	1379	1380	-1.65016E+000	-2.00192E-001	-2.58022E+000	-2.00025E+000	6.62111E-005	11	..........a	-327.68
	1380	1381	-1.65056E+000	-2.00192E-001	-2.57009E+000	-2.00025E+000	6.24277E-005	11	..........a	-327.68
	1381	1382	-1.65096E+000	-2.00192E-001	-2.34385E+000	-2.00025E+000	6.25611E-005	11	..........a	-327.68
	1382	1383	-1.65016E+000	-2.00192E-001	-2.34979E+000	-2.00025E+000	6.20444E-005	11	..........a	-327.68
	1383	1384	-1.65256E+000	-2.00192E-001	-2.34928E+000	-2.00025E+000	6.12277E-005	11	..........a	-327.68
	1384	1385	-1.65216E+000	-2.00192E-001	-2.35686E+000	-2.00025E+000	6.20444E-005	11	..........a	-327.68
	1385	1386	-1.65176E+000	-2.00191E-001	-2.36096E+000	-2.00025E+000	6.26777E-005	11	..........a	-327.68
	1386	1387	-1.65336E+000	-2.00192E-001	-2.36648E+000	-2.00025E+000	6.35944E-005	11	..........a	-327.68
	1387	1388	-1.65056E+000	-2.00192E-001	-2.37530E+000	-2.00025E+000	6.11611E-005	11	..........a	-327.68
	1388	1389	-1.65296E+000	-2.00192E-001	-2.37767E+000	-2.00025E+000	6.22944E-005	11	..........a	-327.68
	1389	1390	-1.65296E+000	-2.00191E-001	-2.38110E+000	-2.00025E+000	6.23444E-005	11	..........a	-327.68
	1390	1391	-1.65256E+000	-2.00192E-001	-2.38595E+000	-2.00025E+000	6.46611E-005	11	..........a	-327.68
	1391	1392	-1.65376E+000	-2.00192E-001	-2.38741E+000	-2.00025E+000	6.44111E-005	11	..........a	-327.68
	1392	1393	-1.65296E+000	-2.00192E-001	-2.39227E+000	-2.00025E+000	6.65277E-005	11	..........a	-327.68
	1393	1394	-1.65256E+000	-2.00192E-001	-2.39829E+000	-2.00025E+000	6.63944E-005	11	..........a	-327.68
	1394	1395	-1.65216E+000	-2.00192E-001	-2.40594E+000	-2.00025E+000	6.83444E-005	11	..........a	-327.68
	1395	1396	-1.65216E+000	-2.00192E-001	-2.40635E+000	-2.00025E+000	6.60444E-005	11	..........a	-327.68
	1396	1397	-1.65376E+000	-2.00191E-001	-2.40746E+000	-2.00025E+000	6.44111E-005	11	..........a	-327.68
	1397	1398	-1.65536E+000	-2.00191E-001	-2.41121E+000	-2.00025E+000	6.34944E-005	11	..........a	-327.68
	1398	1399	-1.65376E+000	-2.00191E-001	-2.41958E+000	-2.00025E+000	6.39777E-005	11	..........a	-327.68
	1399	1400	-1.65216E+000	-2.00191E-001	-2.42488E+000	-2.00025E+000	6.61944E-005	11	..........a	-327.68
	1400	1401	-1.65616E+000	-2.00191E-001	-2.42730E+000	-2.00025E+000	6.39611E-005	11	..........a	-327.68
	1401	1402	-1.65256E+000	-2.00191E-001	-2.43658E+000	-2.00025E+000	6.33944E-005	11	..........a	-327.68
	1402	1403	-1.65176E+000	-2.00192E-001	-2.44583E+000	-2.00025E+000	6.63777E-005	11	..........a	-327.68
	1403	1404	-1.65456E+000	-2.00192E-001	-2.45169E+000	-2.00025E+000	6.39444E-005	11	..........a	-327.68
	1404	1405	-1.65296E+000	-2.00191E-001	-2.46278E+000	-2.00025E+000	6.52277E-005	11	..........a	-327.68
	1405	1406	-1.65536E+000	-2.00191E-001	-2.46559E+000	-2.00025E+000	6.79777E-005	11	..........a	-327.68
	1406	1407	-1.65456E+000	-2.00191E-001	-2.47563E+000	-2.00025E+000	6.63777E-005	11	..........a	-327.68
	1407	1408	-1.65696E+000	-2.00191E-001	-2.47972E+000	-2.00025E+000	6.52611E-005	11	..........a	-327.68
	1408	1409	-1.65576E+000	-2.00191E-001	-2.48722E+000	-2.00025E+000	6.38944E-005	11	..........a	-327.68
	1409	1410	-1.65616E+000	-2.00191E-001	-2.48484E+000	-2.00025E+000	6.50777E-005	11	..........a	-327.68
	1410	1411	-1.65656E+000	-2.00191E-001	-2.49223E+000	-2.00025E+000	6.68611E-005	11	..........a	-327.68
	1411	1412	-1.65656E+000	-2.00192E-001	-2.49752E+000	-2.00025E+000	6.90944E-005	11	..........a	-327.68
	1412	1413	-1.65776E+000	-2.00191E-001	-2.50690E+000	-2.00025E+000	6.78111E-005	11	..........a	-327.68
	1413	1414	-1.65696E+000	-2.00191E-001	-2.51588E+000	-2.00025E+000	6.78777E-005	11	..........a	-327.68
	1414	1415	-1.65616E+000	-2.00191E-001	-2.52048E+000	-2.00025E+000	6.59444E-005	11	..........a	-327.68
	1415	1416	-1.65536E+000	-2.00191E-001	-2.52307E+000	-2.00025E+000	6.55611E-005	11	..........a	-327.68
	1416	1417	-1.65496E+000	-2.00191E-001	-2.53073E+000	-2.00025E+000	6.36611E-005	11	..........a	-327.68
	1417	1418	-1.65656E+000	-2.00191E-001	-2.53882E+000	-2.00025E+000	6.62777E-005	11	..........a	-327.68
	1418	1419	-1.65736E+000	-2.00191E-001	-2.54041E+000	-2.00025E+000	6.81111E-005	11	..........a	-327.68
	1419	1420	-1.65296E+000	-2.00191E-001	-2.56726E+000	-2.00025E+000	6.46277E-005	11	..........a	-327.68
	1420	1421	-1.65456E+000	-2.00191E-001	-2.55945E+000	-2.00025E+000	6.63777E-005	11	..........a	-327.68
	1421	1422	-1.65416E+000	-2.00191E-001	-2.55966E+000	-2.00025E+000	6.95277E-005	11	..........a	-327.68
	1422	1423	-1.65616E+000	-2.00191E-001	-2.55753E+000	-2.00025E+000	6.66277E-005	11	..........a	-327.68
	1423	1424	-1.65416E+000	-2.00191E-001	-2.56014E+000	-2.00025E+000	6.53111E-005	11	..........a	-327.68
	1424	1425	-1.65456E+000	-2.00191E-001	-2.56500E+000	-2.00025E+000	6.35944E-005	11	..........a	-327.68
	1425	1426	-1.65376E+000	-2.00190E-001	-2.56851E+000	-2.00025E+000	6.44111E-005	11	..........a	-327.68
	1426	1427	-1.65256E+000	-2.00191E-001	-2.57949E+000	-2.00025E+000	6.66611E-005	11	..........a	-327.68
	1427	1428	-1.65616E+000	-2.00191E-001	-2.57692E+000	-2.00025E+000	6.64444E-005	11	..........a	-327.68
	1428	1429	-1.65456E+000	-2.00191E-001	-2.58305E+000	-2.00025E+000	6.82444E-005	11	..........a	-327.68
	1429	1430	-1.65576E+000	-2.00192E-001	-2.58539E+000	-2.00025E+000	6.66277E-005	11	..........a	-327.68
	1430	1431	-1.64976E+000	-2.00193E-001	-2.39727E+000	-2.00025E+000	6.40111E-005	11	..........a	-327.68
	1431	1432	-1.64936E+000	-2.00192E-001	-2.35921E+000	-2.00025E+000	6.61444E-005	11	..........a	-327.68
	1432	1433	-1.65016E+000	-2.00192E-001	-2.36133E+000	-2.00025E+000	6.52444E-005	11	..........a	-327.68
	1433	1434	-1.65256E+000	-2.00191E-001	-2.36109E+000	-2.00025E+000	6.49944E-005	11	..........a	-327.68
	1434	1435	-1.65256E+000	-2.00191E-001	-2.36657E+000	-2.00025E+000	6.49611E-005	11	..........a	-327.68
	1435	1436	-1.65256E+000	-2.00191E-001	-2.36879E+000	-2.00025E+000	6.67444E-005	11	..........a	-327.68
	1436	1437	-1.65256E+000	-2.00192E-001	-2.37060E+000	-2.00025E+000	6.68611E-005	11	..........a	-327.68
	1437	1438	-1.65256E+000	-2.00192E-001	-2.37395E+000	-2.00025E+000	6.17944E-005	11	..........a	-327.68
	1438	1439	-1.65456E+000	-2.00192E-001	-2.37362E+000	-2.00025E+000	6.29944E-005	11	..........a	-327.68
	1439	1440	-1.65296E+000	-2.00192E-001	-2.38220E+000	-2.00025E+000	6.30444E-005	11	..........a	-327.68
	1440	1441	-1.65576E+000	-2.00192E-001	-2.38329E+000	-2.00025E+000	6.45611E-005	11	..........a	-327.68
	1441	1442	-1.65416E+000	-2.00192E-001	-2.38694E+000	-2.00025E+000	6.42611E-005	11	..........a	-327.68
	1442	1443	-1.65296E+000	-2.00192E-001	-2.39124E+000	-2.00025E+000	6.30777E-005	11	..........a	-327.68
	1443	1444	-1.65496E+000	-2.00192E-001	-2.39097E+000	-2.00025E+000	6.50444E-005	11	..........a	-327.68
	1444	1445	-1.65296E+000	-2.00191E-001	-2.39554E+000	-2.00025E+000	6.56277E-005	11	..........a	-327.68
	1445	1446	-1.65376E+000	-2.00192E-001	-2.40001E+000	-2.00025E+000	6.37611E-005	11	..........a	-327.68
	1446	1447	-1.65536E+000	-2.00192E-001	-2.41144E+000	-2.00025E+000	6.36777E-005	11	..........a	-327.68
	1447	1448	-1.65496E+000	-2.00191E-001	-2.41693E+000	-2.00025E+000	6.87444E-005	11	..........a	-327.68
	1448	1449	-1.65696E+000	-2.00191E-001	-2.41557E+000	-2.00025E+000	6.43444E-005	11	..........a	-327.68
	1449	1450	-1.65616E+000	-2.00192E-001	-2.41727E+000	-2.00025E+000	6.80444E-005	11	..........a	-327.68
	1450	1451	-1.65616E+000	-2.00192E-001	-2.42104E+000	-2.00025E+000	6.73777E-005	11	..........a	-327.68
	1451	1452	-1.65456E+000	-2.00192E-001	-2.42624E+000	-2.00025E+000	6.67277E-005	11	..........a	-327.68
	1452	1453	-1.65536E+000	-2.00191E-001	-2.42947E+000	-2.00025E+000	6.86444E-005	11	..........a	-327.68
	1453	1454	-1.65456E+000	-2.00192E-001	-2.43411E+000	-2.00025E+000	6.52277E-005	11	..........a	-327.68
	1454	1455	-1.65536E+000	-2.00192E-001	-2.43865E+000	-2.00025E+000	6.51611E-005	11	..........a	-327.68
	1455	1456	-1.65536E+000	-2.00192E-001	-2.44616E+000	-2.00025E+000	6.82111E-005	11	..........a	-327.68
	1456	1457	-1.65576E+000	-2.00192E-001	-2.45067E+000	-2.00025E+000	6.51777E-005	11	..........a	-327.68
	1457	1458	-1.65616E+000	-2.00191E-001	-2.46012E+000	-2.00025E+000	6.66277E-005	11	..........a	-327.68
	1458	1459	-1.65376E+000	-2.00192E-001	-2.46846E+000	-2.00025E+000	6.19611E-005	11	..........a	-327.68
	1459	1460	-1.65696E+000	-2.00192E-001	-2.47113E+000	-2.00025E+000	6.32611E-005	11	..........a	-327.68
	1460	1461	-1.65216E+000	-2.00191E-001	-2.48533E+000	-2.00025E+000	6.24277E-005	11	..........a	-327.68
	1461	1462	-1.65416E+000	-2.00191E-001	-2.48948E+000	-2.00025E+000	6.32277E-005	11	..........a	-327.68
	1462	1463	-1.65736E+000	-2.00192E-001	-2.49477E+000	-2.00025E+000	6.44611E-005	11	..........a	-327.68
	1463	1464	-1.65536E+000	-2.00191E-001	-2.50171E+000	-2.00025E+000	6.40111E-005	11	..........a	-327.68
	1464	1465	-1.65616E+000	-2.00191E-001	-2.50632E+000	-2.00025E+000	6.49277E-005	11	..........a	-327.68
	1465	1466	-1.65296E+000	-2.00191E-001	-2.51255E+000	-2.00025E+000	6.63277E-005	11	..........a	-327.68
	1466	1467	-1.65456E+000	-2.00192E-001	-2.51550E+000	-2.00025E+000	6.49777E-005	11	..........a	-327.68
	1467	1468	-1.65536E+000	-2.00191E-001	-2.52159E+000	-2.00025E+000	6.33611E-005	11	..........a	-327.68
	1468	1469	-1.65536E+000	-2.00191E-001	-2.53070E+000	-2.00025E+000	6.11944E-005	11	..........a	-327.68
	1469	1470	-1.65696E+000	-2.00192E-001	-2.53460E+000	-2.00025E+000	3.26878E-004	11	..........a	-327.68
	1470	1471	-1.65776E+000	-2.00191E-001	-2.54096E+000	-2.00025E+000	3.23378E-004	11	..........a	-327.68
	1471	1472	-1.65056E+000	-2.00191E-001	-2.55546E+000	-2.00025E+000	3.19428E-004	11	..........a	-327.68
	1472	1473	-1.65296E+000	-2.00191E-001	-2.55749E+000	-2.00025E+000	3.28761E-004	11	..........a	-327.68
	1473	1474	-1.65016E+000	-2.00191E-001	-2.56798E+000	-2.00025E+000	3.26761E-004	11	..........a	-327.68
	1474	1475	-1.64576E+000	-2.00191E-001	-2.33529E+000	-2.00025E+000	3.18694E-004	11	..........a	-327.68
	1475	1476	-1.64816E+000	-2.00191E-001	-2.33941E+000	-2.00025E+000	3.18578E-004	11	..........a	-327.68
	1476	1477	-1.65136E+000	-2.00192E-001	-2.34007E+000	-2.00025E+000	3.22411E-004	11	..........a	-327.68
	1477	1478	-1.65056E+000	-2.00191E-001	-2.34591E+000	-2.00025E+000	3.25994E-004	11	..........a	-327.68
	1478	1479	-1.64856E+000	-2.00191E-001	-2.35055E+000	-2.00025E+000	3.18378E-004	11	..........a	-327.68
	1479	1480	-1.65136E+000	-2.00191E-001	-2.34898E+000	-2.00025E+000	3.14678E-004	11	..........a	-327.68
	1480	1481	-1.65256E+000	-2.00192E-001	-2.35180E+000	-2.00025E+000	3.16411E-004	11	..........a	-327.68
	1481	1482	-1.65256E+000	-2.00191E-001	-2.35302E+000	-2.00025E+000	3.22344E-004	11	..........a	-327.68
	1482	1483	-1.65176E+000	-2.00191E-001	-2.35740E+000	-2.00025E+000	2.98744E-004	11	..........a	-327.68
	1483	1484	-1.65096E+000	-2.00191E-001	-2.35959E+000	-2.00025E+000	2.92628E-004	11	..........a	-327.68
	1484	1485	-1.65176E+000	-2.00191E-001	-2.36085E+000	-2.00025E+000	2.92594E-004	11	..........a	-327.68
	1485	1486	-1.65016E+000	-2.00191E-001	-2.36440E+000	-2.00025E+000	3.00811E-004	11	..........a	-327.68
	1486	1487	-1.65216E+000	-2.00192E-001	-2.36542E+000	-2.00025E+000	3.01094E-004	11	..........a	-327.68
	1487	1488	-1.64976E+000	-2.00191E-001	-2.37066E+000	-2.00025E+000	2.96611E-004	11	..........a	-327.68
	1488	1489	-1.65176E+000	-2.00191E-001	-2.37112E+000	-2.00025E+000	2.84744E-004	11	..........a	-327.68
	1489	1490	-1.65016E+000	-2.00191E-001	-2.37871E+000	-2.00025E+000	3.02011E-004	11	..........a	-327.68
	1490	1491	-1.65096E+000	-2.00191E-001	-2.38239E+000	-2.00025E+000	3.00978E-004	11	..........a	-327.68
	1491	1492	-1.65176E+000	-2.00191E-001	-2.38236E+000	-2.00025E+000	2.97661E-004	11	..........a	-327.68
	1492	1493	-1.65096E+000	-2.00191E-001	-2.38817E+000	-2.00025E+000	3.05244E-004	11	..........a	-327.68
	1493	1494	-1.65016E+000	-2.00191E-001	-2.39446E+000	-2.00025E+000	2.95844E-004	11	..........a	-327.68
	1494	1495	-1.65176E+000	-2.00191E-001	-2.39675E+000	-2.00025E+000	2.98311E-004	11	..........a	-327.68
	1495	1496	-1.65176E+000	-2.00191E-001	-2.40118E+000	-2.00025E+000	2.93844E-004	11	..........a	-327.68
	1496	1497	-1.65256E+000	-2.00191E-001	-2.40555E+000	-2.00025E+000	2.89494E-004	11	..........a	-327.68
	1497	1498	-1.65016E+000	-2.00192E-001	-2.40873E+000	-2.00025E+000	2.93528E-004	11	..........a	-327.68
	1498	1499	-1.65096E+000	-2.00191E-001	-2.40901E+000	-2.00025E+000	2.93828E-004	11	..........a	-327.68
	1499	1500	-1.65096E+000	-2.00192E-001	-2.41647E+000	-2.00025E+000	2.95428E-004	11	..........a	-327.68
	1500	1501	-1.65096E+000	-2.00191E-001	-2.41628E+000	-2.00025E+000	2.89178E-004	11	..........a	-327.68
	1501	1502	-1.65016E+000	-2.00192E-001	-2.42043E+000	-2.00025E+000	2.89344E-004	11	..........a	-327.68
	1502	1503	-1.65136E+000	-2.00191E-001	-2.42250E+000	-2.00025E+000	2.97911E-004	11	..........a	-327.68
	1503	1504	-1.65136E+000	-2.00191E-001	-2.42675E+000	-2.00025E+000	2.83728E-004	11	..........a	-327.68
	1504	1505	-1.65016E+000	-2.00191E-001	-2.43361E+000	-2.00025E+000	2.90961E-004	11	..........a	-327.68
	1505	1506	-1.65096E+000	-2.00191E-001	-2.43805E+000	-2.00025E+000	2.96711E-004	11	..........a	-327.68
	1506	1507	-1.65096E+000	-2.00191E-001	-2.43977E+000	-2.00025E+000	2.94294E-004	11	..........a	-327.68
	1507	1508	-1.65176E+000	-2.00191E-001	-2.44529E+000	-2.00025E+000	2.92444E-004	11	..........a	-327.68
	1508	1509	-1.65096E+000	-2.00192E-001	-2.45395E+000	-2.00025E+000	2.94011E-004	11	..........a	-327.68
	1509	1510	-1.65176E+000	-2.00191E-001	-2.45708E+000	-2.00025E+000	2.90178E-004	11	..........a	-327.68
	1510	1511	-1.65016E+000	-2.00191E-001	-2.46125E+000	-2.00025E+000	2.93344E-004	11	..........a	-327.68
	1511	1512	-1.65096E+000	-2.00191E-001	-2.46422E+000	-2.00025E+000	2.93044E-004	11	..........a	-327.68
	1512	1513	-1.64936E+000	-2.00191E-001	-2.47028E+000	-2.00025E+000	2.99161E-004	11	..........a	-327.68
	1513	1514	-1.64936E+000	-2.00191E-001	-2.47476E+000	-2.00025E+000	2.97494E-004	11	..........a	-327.68
	1514	1515	-1.65096E+000	-2.00191E-001	-2.47768E+000	-2.00025E+000	2.95078E-004	11	..........a	-327.68
	1515	1516	-1.65016E+000	-2.00191E-001	-2.48814E+000	-2.00025E+000	3.04178E-004	11	..........a	-327.68
	1516	1517	-1.65256E+000	-2.00191E-001	-2.48806E+000	-2.00025E+000	2.95828E-004	11	..........a	-327.68
	1517	1518	-1.65096E+000	-2.00191E-001	-2.50250E+000	-2.00025E+000	2.98461E-004	11	..........a	-327.68
	1518	1519	-1.64816E+000	-2.00191E-001	-2.51272E+000	-2.00025E+000	2.91778E-004	11	..........a	-327.68
	1519	1520	-1.64696E+000	-2.00191E-001	-2.51355E+000	-2.00025E+000	3.01044E-004	11	..........a	-327.68
	1520	1521	-1.64976E+000	-2.00190E-001	-2.51256E+000	-2.00025E+000	3.00811E-004	11	..........a	-327.68
	1521	1522	-1.64976E+000	-2.00191E-001	-2.51327E+000	-2.00025E+000	3.06111E-004	11	..........a	-327.68
	1522	1523	-1.64976E+000	-2.00190E-001	-2.51534E+000	-2.00025E+000	3.09544E-004	11	..........a	-327.68
	1523	1524	-1.65016E+000	-2.00190E-001	-2.51565E+000	-2.00025E+000	3.05611E-004	11	..........a	-327.68
	1524	1525	-1.64936E+000	-2.00190E-001	-2.51641E+000	-2.00025E+000	3.01378E-004	11	..........a	-327.68
	1525	1526	-1.64576E+000	-2.00190E-001	-2.52672E+000	-2.00025E+000	2.99128E-004	11	..........a	-327.68
	1526	1527	-1.64656E+000	-2.00191E-001	-2.31709E+000	-2.00025E+000	2.99378E-004	11	..........a	-327.68
	1527	1528	-1.64816E+000	-2.00191E-001	-2.33293E+000	-2.00025E+000	3.07294E-004	11	..........a	-327.68
	1528	1529	-1.64976E+000	-2.00191E-001	-2.35173E+000	-2.00025E+000	3.06244E-004	11	..........a	-327.68
	1529	1530	-1.64776E+000	-2.00191E-001	-2.36818E+000	-2.00025E+000	3.11594E-004	11	..........a	-327.68
	1530	1531	-1.65176E+000	-2.00191E-001	-2.37462E+000	-2.00025E+000	3.02678E-004	11	..........a	-327.68
	1531	1532	-1.65336E+000	-2.00190E-001	-2.38007E+000	-2.00025E+000	3.04028E-004	11	..........a	-327.68
	1532	1533	-1.65216E+000	-2.00190E-001	-2.39024E+000	-2.00025E+000	3.05911E-004	11	..........a	-327.68
	1533	1534	-1.65176E+000	-2.00191E-001	-2.39991E+000	-2.00025E+000	3.01328E-004	11	..........a	-327.68
	1534	1535	-1.65576E+000	-2.00191E-001	-2.40456E+000	-2.00025E+000	3.00194E-004	11	..........a	-327.68
	1535	1536	-1.65456E+000	-2.00191E-001	-2.41401E+000	-2.00025E+000	2.95761E-004	11	..........a	-327.68
	1536	1537	-1.65616E+000	-2.00191E-001	-2.41820E+000	-2.00025E+000	2.97244E-004	11	..........a	-327.68
	1537	1538	-1.65656E+000	-2.00191E-001	-2.42469E+000	-2.00025E+000	3.00811E-004	11	..........a	-327.68
	1538	1539	-1.65576E+000	-2.00191E-001	-2.43385E+000	-2.00025E+000	3.06228E-004	11	..........a	-327.68
	1539	1540	-1.65936E+000	-2.00191E-001	-2.43880E+000	-2.00025E+000	2.98011E-004	11	..........a	-327.68
	1540	1541	-1.65496E+000	-2.00191E-001	-2.45027E+000	-2.00025E+000	3.04728E-004	11	..........a	-327.68
	1541	1542	-1.65296E+000	-2.00191E-001	-2.46148E+000	-2.00025E+000	3.04428E-004	11	..........a	-327.68
	1542	1543	-1.65136E+000	-2.00191E-001	-2.46999E+000	-2.00025E+000	3.07344E-004	11	..........a	-327.68
	1543	1544	-1.65576E+000	-2.00191E-001	-2.47315E+000	-2.00025E+000	3.11361E-004	11	..........a	-327.68
	1544	1545	-1.65776E+000	-2.00191E-001	-2.47687E+000	-2.00025E+000	3.04578E-004	11	..........a	-327.68
	1545	1546	-1.65616E+000	-2.00191E-001	-2.48915E+000	-2.00025E+000	3.05778E-004	11	..........a	-327.68
	1546	1547	-1.65776E+000	-2.00190E-001	-2.49765E+000	-2.00025E+000	2.99978E-004	11	..........a	-327.68
	1547	1548	-1.65696E+000	-2.00191E-001	-2.50657E+000	-2.00025E+000	3.04061E-004	11	..........a	-327.68
	1548	1549	-1.65656E+000	-2.00191E-001	-2.51107E+000	-2.00025E+000	3.06378E-004	11	..........a	-327.68
	1549	1550	-1.65656E+000	-2.00191E-001	-2.51847E+000	-2.00025E+000	3.02978E-004	11	..........a	-327.68
	1550	1551	-1.65696E+000	-2.00191E-001	-2.51518E+000	-2.00025E+000	3.06028E-004	11	..........a	-327.68
	1551	1552	-1.65696E+000	-2.00191E-001	-2.51853E+000	-2.00025E+000	3.18378E-004	11	..........a	-327.68
	1552	1553	-1.65776E+000	-2.00191E-001	-2.51808E+000	-2.00025E+000	3.05194E-004	11	..........a	-327.68
	1553	1554	-1.65616E+000	-2.00191E-001	-2.52304E+000	-2.00025E+000	3.04961E-004	11	..........a	-327.68
	1554	1555	-1.65616E+000	-2.00191E-001	-2.51995E+000	-2.00025E+000	3.09711E-004	11	..........a	-327.68
	1555	1556	-1.65776E+000	-2.00191E-001	-2.51795E+000	-2.00025E+000	3.17428E-004	11	..........a	-327.68
	1556	1557	-1.65616E+000	-2.00191E-001	-2.52471E+000	-2.00025E+000	3.09778E-004	11	..........a	-327.68
	1557	1558	-1.65536E+000	-2.00191E-001	-2.52628E+000	-2.00025E+000	3.15961E-004	11	..........a	-327.68
	1558	1559	-1.65336E+000	-2.00191E-001	-2.53644E+000	-2.00025E+000	3.08178E-004	11	..........a	-327.68
	1559	1560	-1.65256E+000	-2.00191E-001	-2.54752E+000	-2.00025E+000	3.17328E-004	11	..........a	-327.68
	1560	1561	-1.65096E+000	-2.00191E-001	-2.55327E+000	-2.00025E+000	3.11744E-004	11	..........a	-327.68
	1561	1562	-1.65016E+000	-2.00191E-001	-2.55088E+000	-2.00025E+000	3.09961E-004	11	..........a	-327.68
	1562	1563	-1.65256E+000	-2.00191E-001	-2.54463E+000	-2.00025E+000	3.01744E-004	11	..........a	-327.68
	1563	1564	-1.65216E+000	-2.00191E-001	-2.54563E+000	-2.00025E+000	3.06778E-004	11	..........a	-327.68
	1564	1565	-1.65256E+000	-2.00191E-001	-2.54502E+000	-2.00025E+000	3.12161E-004	11	..........a	-327.68
	1565	1566	-1.65256E+000	-2.00191E-001	-2.54578E+000	-2.00025E+000	3.10261E-004	11	..........a	-327.68
	1566	1567	-1.65216E+000	-2.00191E-001	-2.54555E+000	-2.00025E+000	3.04828E-004	11	..........a	-327.68
	1567	1568	-1.64816E+000	-2.00191E-001	-2.33936E+000	-2.00025E+000	3.02878E-004	11	..........a	-327.68
	1568	1569	-1.64976E+000	-2.00191E-001	-2.34868E+000	-2.00025E+000	3.00311E-004	11	..........a	-327.68
	1569	1570	-1.64936E+000	-2.00192E-001	-2.36376E+000	-2.00025E+000	3.04694E-004	11	..........a	-327.68
	1570	1571	-1.65096E+000	-2.00191E-001	-2.37535E+000	-2.00025E+000	3.01961E-004	11	..........a	-327.68
	1571	1572	-1.64976E+000	-2.00191E-001	-2.38498E+000	-2.00025E+000	3.00578E-004	11	..........a	-327.68
	1572	1573	-1.65176E+000	-2.00191E-001	-2.38585E+000	-2.00025E+000	3.03694E-004	11	..........a	-327.68
	1573	1574	-1.65216E+000	-2.00191E-001	-2.38754E+000	-2.00025E+000	3.10044E-004	11	..........a	-327.68
	1574	1575	-1.65496E+000	-2.00191E-001	-2.38790E+000	-2.00025E+000	3.09044E-004	11	..........a	-327.68
	1575	1576	-1.65296E+000	-2.00191E-001	-2.39239E+000	-2.00025E+000	3.07561E-004	11	..........a	-327.68
	1576	1577	-1.65216E+000	-2.00191E-001	-2.39926E+000	-2.00025E+000	3.09644E-004	11	..........a	-327.68
	1577	1578	-1.65536E+000	-2.00191E-001	-2.40444E+000	-2.00025E+000	3.12678E-004	11	..........a	-327.68
	1578	1579	-1.65616E+000	-2.00191E-001	-2.40910E+000	-2.00025E+000	3.12911E-004	11	..........a	-327.68
	1579	1580	-1.65056E+000	-2.00191E-001	-2.41729E+000	-2.00025E+000	3.09428E-004	11	..........a	-327.68
	1580	1581	-1.65456E+000	-2.00192E-001	-2.41596E+000	-2.00025E+000	3.15094E-004	11	..........a	-327.68
	1581	1582	-1.65456E+000	-2.00192E-001	-2.41951E+000	-2.00025E+000	3.17511E-004	11	..........a	-327.68
	1582	1583	-1.65616E+000	-2.00192E-001	-2.42233E+000	-2.00025E+000	3.11528E-004	11	..........a	-327.68
	1583	1584	-1.65256E+000	-2.00192E-001	-2.42886E+000	-2.00025E+000	3.12894E-004	11	..........a	-327.68
	1584	1585	-1.65296E+000	-2.00192E-001	-2.43357E+000	-2.00025E+000	3.14411E-004	11	..........a	-327.68
	1585	1586	-1.65536E+000	-2.00192E-001	-2.43627E+000	-2.00025E+000	3.09244E-004	11	..........a	-327.68
	1586	1587	-1.65296E+000	-2.00192E-001	-2.44085E+000	-2.00025E+000	3.06011E-004	11	..........a	-327.68
	1587	1588	-1.65296E+000	-2.00192E-001	-2.44598E+000	-2.00025E+000	3.07878E-004	11	..........a	-327.68
	1588	1589	-1.65096E+000	-2.00192E-001	-2.45148E+000	-2.00025E+000	3.01728E-004	11	..........a	-327.68
	1589	1590	-1.65456E+000	-2.00191E-001	-2.44951E+000	-2.00025E+000	3.08044E-004	11	..........a	-327.68
	1590	1591	-1.65456E+000	-2.00191E-001	-2.45205E+000	-2.00025E+000	3.11394E-004	11	..........a	-327.68
	1591	1592	-1.65296E+000	-2.00191E-001	-2.45806E+000	-2.00025E+000	3.07394E-004	11	..........a	-327.68
	1592	1593	-1.65256E+000	-2.00192E-001	-2.46645E+000	-2.00025E+000	3.05461E-004	11	..........a	-327.68
	1593	1594	-1.65216E+000	-2.00191E-001	-2.47186E+000	-2.00025E+000	3.08611E-004	11	..........a	-327.68
	1594	1595	-1.65296E+000	-2.00191E-001	-2.47378E+000	-2.00025E+000	3.13478E-004	11	..........a	-327.68
	1595	1596	-1.65136E+000	-2.00192E-001	-2.47977E+000	-2.00025E+000	3.11228E-004	11	..........a	-327.68
	1596	1597	-1.65296E+000	-2.00191E-001	-2.48288E+000	-2.00025E+000	3.11978E-004	11	..........a	-327.68
	1597	1598	-1.65296E+000	-2.00192E-001	-2.48840E+000	-2.00025E+000	3.10844E-004	11	..........a	-327.68
	1598	1599	-1.65376E+000	-2.00192E-001	-2.49048E+000	-2.00025E+000	3.10011E-004	11	..........a	-327.68
	1599	1600	-1.65176E+000	-2.00191E-001	-2.49783E+000	-2.00025E+000	3.06561E-004	11	..........a	-327.68
	1600	1601	-1.65336E+000	-2.00191E-001	-2.50182E+000	-2.00025E+000	3.10661E-004	11	..........a	-327.68
	1601	1602	-1.65216E+000	-2.00192E-001	-2.50921E+000	-2.00025E+000	3.11161E-004	11	..........a	-327.68
	1602	1603	-1.65296E+000	-2.00192E-001	-2.51652E+000	-2.00025E+000	3.13661E-004	11	..........a	-327.68
	1603	1604	-1.64936E+000	-2.00191E-001	-2.53699E+000	-2.00025E+000	3.06144E-004	11	..........a	-327.68
	1604	1605	-1.64976E+000	-2.00191E-001	-2.53045E+000	-2.00025E+000	3.08978E-004	11	..........a	-327.68
	1605	1606	-1.65016E+000	-2.00192E-001	-2.52999E+000	-2.00025E+000	3.11761E-004	11	..........a	-327.68
	1606	1607	-1.65096E+000	-2.00191E-001	-2.53039E+000	-2.00025E+000	3.09028E-004	11	..........a	-327.68
	1607	1608	-1.65016E+000	-2.00192E-001	-2.52892E+000	-2.00025E+000	3.05011E-004	11	..........a	-327.68
	1608	1609	-1.65096E+000	-2.00191E-001	-2.53238E+000	-2.00025E+000	3.11794E-004	11	..........a	-327.68
	1609	1610	-1.64936E+000	-2.00192E-001	-2.53402E+000	-2.00025E+000	3.04394E-004	11	..........a	-327.68
	1610	1611	-1.65216E+000	-2.00192E-001	-2.53839E+000	-2.00025E+000	3.10561E-004	11	..........a	-327.68
	1611	1612	-1.65336E+000	-2.00191E-001	-2.53512E+000	-2.00025E+000	3.10511E-004	11	..........a	-327.68
	1612	1613	-1.65256E+000	-2.00191E-001	-2.53796E+000	-2.00025E+000	3.11578E-004	11	..........a	-327.68
	1613	1614	-1.65096E+000	-2.00191E-001	-2.53889E+000	-2.00025E+000	3.03828E-004	11	..........a	-327.68
	1614	1615	-1.65536E+000	-2.00191E-001	-2.53371E+000	-2.00025E+000	3.11561E-004	11	..........a	-327.68
	1615	1616	-1.65176E+000	-2.00191E-001	-2.53767E+000	-2.00025E+000	3.13744E-004	11	..........a	-327.68
	1616	1617	-1.65176E+000	-2.00191E-001	-2.34803E+000	-2.00025E+000	3.16411E-004	11	..........a	-327.68
	1617	1618	-1.65136E+000	-2.00191E-001	-2.36006E+000	-2.00025E+000	3.10544E-004	11	..........a	-327.68
	1618	1619	-1.65256E+000	-2.00192E-001	-2.36832E+000	-2.00025E+000	3.11861E-004	11	..........a	-327.68
	1619	1620	-1.65296E+000	-2.00191E-001	-2.37602E+000	-2.00025E+000	3.08478E-004	11	..........a	-327.68
	1620	1621	-1.65216E+000	-2.00192E-001	-2.38032E+000	-2.00025E+000	3.02628E-004	11	..........a	-327.68
	1621	1622	-1.65176E+000	-2.00192E-001	-2.38540E+000	-2.00025E+000	2.99794E-004	11	..........a	-327.68
	1622	1623	-1.65216E+000	-2.00192E-001	-2.39031E+000	-2.00025E+000	3.07711E-004	11	..........a	-327.68
	1623	1624	-1.65056E+000	-2.00191E-001	-2.39250E+000	-2.00025E+000	3.07061E-004	11	..........a	-327.68
	1624	1625	-1.65216E+000	-2.00192E-001	-2.39721E+000	-2.00025E+000	3.14578E-004	11	..........a	-327.68
	1625	1626	-1.65096E+000	-2.00192E-001	-2.40598E+000	-2.00025E+000	3.03144E-004	11	..........a	-327.68
	1626	1627	-1.65176E+000	-2.00192E-001	-2.40942E+000	-2.00025E+000	2.96778E-004	11	..........a	-327.68
	1627	1628	-1.65056E+000	-2.00192E-001	-2.41898E+000	-2.00025E+000	3.00828E-004	11	..........a	-327.68
	1628	1629	-1.64936E+000	-2.00192E-001	-2.42231E+000	-2.00025E+000	3.05211E-004	11	..........a	-327.68
	1629	1630	-1.64976E+000	-2.00192E-001	-2.42924E+000	-2.00025E+000	3.09428E-004	11	..........a	-327.68
	1630	1631	-1.65056E+000	-2.00192E-001	-2.43208E+000	-2.00025E+000	3.06944E-004	11	..........a	-327.68
	1631	1632	-1.65096E+000	-2.00191E-001	-2.43455E+000	-2.00025E+000	3.04661E-004	11	..........a	-327.68
	1632	1633	-1.65296E+000	-2.00192E-001	-2.43812E+000	-2.00025E+000	3.10661E-004	11	..........a	-327.68
	1633	1634	-1.64976E+000	-2.00192E-001	-2.44939E+000	-2.00025E+000	3.10394E-004	11	..........a	-327.68
	1634	1635	-1.64936E+000	-2.00192E-001	-2.45409E+000	-2.00025E+000	3.04378E-004	11	..........a	-327.68
	1635	1636	-1.64976E+000	-2.00192E-001	-2.45244E+000	-2.00025E+000	3.07878E-004	11	..........a	-327.68
	1636	1637	-1.65056E+000	-2.00191E-001	-2.45848E+000	-2.00025E+000	3.10328E-004	11	..........a	-327.68
	1637	1638	-1.64576E+000	-2.00192E-001	-2.48807E+000	-2.00025E+000	3.07828E-004	11	..........a	-327.68
	1638	1639	-1.64816E+000	-2.00192E-001	-2.47695E+000	-2.00025E+000	3.11611E-004	11	..........a	-327.68
	1639	1640	-1.64736E+000	-2.00192E-001	-2.47733E+000	-2.00025E+000	3.10078E-004	11	..........a	-327.68
	1640	1641	-1.64656E+000	-2.00192E-001	-2.48027E+000	-2.00025E+000	3.12811E-004	11	..........a	-327.68
	1641	1642	-1.64976E+000	-2.00192E-001	-2.47946E+000	-2.00025E+000	3.06361E-004	11	..........a	-327.68
	1642	1643	-1.64896E+000	-2.00192E-001	-2.48055E+000	-2.00025E+000	3.01644E-004	11	..........a	-327.68
	1643	1644	-1.64736E+000	-2.00191E-001	-2.48850E+000	-2.00025E+000	3.09378E-004	11	..........a	-327.68
	1644	1645	-1.64736E+000	-2.00192E-001	-2.49066E+000	-2.00025E+000	3.10178E-004	11	..........a	-327.68
	1645	1646	-1.64536E+000	-2.00192E-001	-2.49459E+000	-2.00025E+000	3.01728E-004	11	..........a	-327.68
	1646	1647	-1.65096E+000	-2.00192E-001	-2.49097E+000	-2.00025E+000	3.16261E-004	11	..........a	-327.68
	1647	1648	-1.65096E+000	-2.00192E-001	-2.49361E+000	-2.00025E+000	3.20661E-004	11	..........a	-327.68
	1648	1649	-1.64936E+000	-2.00192E-001	-2.49564E+000	-2.00025E+000	3.12978E-004	11	..........a	-327.68
	1649	1650	-1.65096E+000	-2.00192E-001	-2.49362E+000	-2.00025E+000	3.23511E-004	11	..........a	-327.68
	1650	1651	-1.64896E+000	-2.00192E-001	-2.34020E+000	-2.00025E+000	3.26961E-004	11	..........a	-327.68
	1651	1652	-1.64976E+000	-2.00192E-001	-2.35010E+000	-2.00025E+000	3.17211E-004	11	..........a	-327.68
	1652	1653	-1.65016E+000	-2.00192E-001	-2.36427E+000	-2.00025E+000	3.15344E-004	11	..........a	-327.68
	1653	1654	-1.64816E+000	-2.00192E-001	-2.37869E+000	-2.00025E+000	3.15378E-004	11	..........a	-327.68
	1654	1655	-1.64856E+000	-2.00192E-001	-2.38338E+000	-2.00025E+000	3.20194E-004	11	..........a	-327.68
	1655	1656	-1.65096E+000	-2.00192E-001	-2.38587E+000	-2.00025E+000	3.19961E-004	11	..........a	-327.68
	1656	1657	-1.65096E+000	-2.00192E-001	-2.39074E+000	-2.00025E+000	3.13694E-004	11	..........a	-327.68
	1657	1658	-1.65096E+000	-2.00192E-001	-2.39845E+000	-2.00025E+000	3.19378E-004	11	..........a	-327.68
	1658	1659	-1.65096E+000	-2.00192E-001	-2.40477E+000	-2.00025E+000	3.19594E-004	11	..........a	-327.68
	1659	1660	-1.65096E+000	-2.00192E-001	-2.40879E+000	-2.00025E+000	3.19161E-004	11	..........a	-327.68
	1660	1661	-1.65256E+000	-2.00192E-001	-2.41651E+000	-2.00025E+000	3.17128E-004	11	..........a	-327.68
	1661	1662	-1.64936E+000	-2.00192E-001	-2.42321E+000	-2.00025E+000	3.12794E-004	11	..........a	-327.68
	1662	1663	-1.65096E+000	-2.00192E-001	-2.42711E+000	-2.00025E+000	3.07911E-004	11	..........a	-327.68
	1663	1664	-1.65016E+000	-2.00192E-001	-2.43123E+000	-2.00025E+000	3.11978E-004	11	..........a	-327.68
	1664	1665	-1.65136E+000	-2.00192E-001	-2.43451E+000	-2.00025E+000	3.13328E-004	11	..........a	-327.68
	1665	1666	-1.65256E+000	-2.00192E-001	-2.44071E+000	-2.00025E+000	3.20344E-004	11	..........a	-327.68
	1666	1667	-1.65136E+000	-2.00192E-001	-2.44859E+000	-2.00025E+000	3.12611E-004	11	..........a	-327.68
	1667	1668	-1.65256E+000	-2.00192E-001	-2.45389E+000	-2.00025E+000	3.17628E-004	11	..........a	-327.68
	1668	1669	-1.65296E+000	-2.00192E-001	-2.45755E+000	-2.00025E+000	3.13328E-004	11	..........a	-327.68
	1669	1670	-1.65216E+000	-2.00192E-001	-2.46172E+000	-2.00025E+000	3.15644E-004	11	..........a	-327.68
	1670	1671	-1.65216E+000	-2.00192E-001	-2.46926E+000	-2.00025E+000	3.10911E-004	11	..........a	-327.68
	1671	1672	-1.65176E+000	-2.00192E-001	-2.47462E+000	-2.00025E+000	3.18628E-004	11	..........a	-327.68
	1672	1673	-1.65416E+000	-2.00192E-001	-2.47506E+000	-2.00025E+000	3.20644E-004	11	..........a	-327.68
	1673	1674	-1.64816E+000	-2.00192E-001	-2.50077E+000	-2.00025E+000	3.22344E-004	11	..........a	-327.68
	1674	1675	-1.64816E+000	-2.00192E-001	-2.49807E+000	-2.00025E+000	3.15511E-004	11	..........a	-327.68
	1675	1676	-1.64896E+000	-2.00191E-001	-2.49421E+000	-2.00025E+000	3.24461E-004	11	..........a	-327.68
	1676	1677	-1.64456E+000	-2.00191E-001	-2.50007E+000	-2.00025E+000	3.14144E-004	11	..........a	-327.68
	1677	1678	-1.64936E+000	-2.00191E-001	-2.50008E+000	-2.00025E+000	3.15494E-004	11	..........a	-327.68
	1678	1679	-1.64776E+000	-2.00192E-001	-2.50207E+000	-2.00025E+000	3.14194E-004	11	..........a	-327.68
	1679	1680	-1.64856E+000	-2.00192E-001	-2.49906E+000	-2.00025E+000	3.12711E-004	11	..........a	-327.68
	1680	1681	-1.65016E+000	-2.00192E-001	-2.49729E+000	-2.00025E+000	3.18444E-004	11	..........a	-327.68
	1681	1682	-1.64936E+000	-2.00192E-001	-2.50045E+000	-2.00025E+000	3.17094E-004	11	..........a	-327.68
	1682	1683	-1.64816E+000	-2.00194E-001	-2.33714E+000	-2.00025E+000	3.21194E-004	11	..........a	-327.68
	1683	1684	-1.64976E+000	-2.00192E-001	-2.31408E+000	-2.00025E+000	3.18578E-004	11	..........a	-327.68
	1684	1685	-1.64936E+000	-2.00192E-001	-2.32809E+000	-2.00025E+000	3.20011E-004	11	..........a	-327.68
	1685	1686	-1.64896E+000	-2.00192E-001	-2.34361E+000	-2.00025E+000	3.16944E-004	11	..........a	-327.68
	1686	1687	-1.65016E+000	-2.00193E-001	-2.34922E+000	-2.00025E+000	3.21944E-004	11	..........a	-327.68
	1687	1688	-1.65136E+000	-2.00192E-001	-2.35276E+000	-2.00025E+000	3.18494E-004	11	..........a	-327.68
	1688	1689	-1.65056E+000	-2.00192E-001	-2.35920E+000	-2.00025E+000	3.13244E-004	11	..........a	-327.68
	1689	1690	-1.64896E+000	-2.00193E-001	-2.36796E+000	-2.00025E+000	3.12294E-004	11	..........a	-327.68
	1690	1691	-1.65216E+000	-2.00192E-001	-2.37245E+000	-2.00025E+000	3.09811E-004	11	..........a	-327.68
	1691	1692	-1.65496E+000	-2.00192E-001	-2.37564E+000	-2.00025E+000	3.12094E-004	11	..........a	-327.68
	1692	1693	-1.64976E+000	-2.00192E-001	-2.38585E+000	-2.00025E+000	3.20528E-004	11	..........a	-327.68
	1693	1694	-1.65176E+000	-2.00192E-001	-2.38513E+000	-2.00025E+000	3.16344E-004	11	..........a	-327.68
	1694	1695	-1.65216E+000	-2.00192E-001	-2.38982E+000	-2.00025E+000	3.20628E-004	11	..........a	-327.68
	1695	1696	-1.65136E+000	-2.00192E-001	-2.39512E+000	-2.00025E+000	3.14028E-004	11	..........a	-327.68
	1696	1697	-1.65176E+000	-2.00193E-001	-2.40124E+000	-2.00025E+000	3.14744E-004	11	..........a	-327.68
	1697	1698	-1.65176E+000	-2.00193E-001	-2.40557E+000	-2.00025E+000	3.18894E-004	11	..........a	-327.68
	1698	1699	-1.65336E+000	-2.00193E-001	-2.40844E+000	-2.00025E+000	3.12828E-004	11	..........a	-327.68
	1699	1700	-1.65416E+000	-2.00193E-001	-2.41751E+000	-2.00025E+000	3.12561E-004	11	..........a	-327.68
	1700	1701	-1.65616E+000	-2.00193E-001	-2.41963E+000	-2.00025E+000	3.15578E-004	11	..........a	-327.68
	1701	1702	-1.65536E+000	-2.00193E-001	-2.42463E+000	-2.00025E+000	3.09194E-004	11	..........a	-327.68
	1702	1703	-1.65536E+000	-2.00192E-001	-2.42724E+000	-2.00025E+000	3.09861E-004	11	..........a	-327.68
	1703	1704	-1.65256E+000	-2.00193E-001	-2.43499E+000	-2.00025E+000	3.08378E-004	11	..........a	-327.68
	1704	1705	-1.64856E+000	-2.00192E-001	-2.44245E+000	-2.00025E+000	3.09311E-004	11	..........a	-327.68
	1705	1706	-1.64936E+000	-2.00193E-001	-2.44653E+000	-2.00025E+000	3.11528E-004	11	..........a	-327.68
	1706	1707	-1.64896E+000	-2.00192E-001	-2.45130E+000	-2.00025E+000	3.11861E-004	11	..........a	-327.68
	1707	1708	-1.65416E+000	-2.00192E-001	-2.45209E+000	-2.00025E+000	3.14461E-004	11	..........a	-327.68
	1708	1709	-1.65176E+000	-2.00192E-001	-2.45661E+000	-2.00025E+000	3.15994E-004	11	..........a	-327.68
	1709	1710	-1.65016E+000	-2.00192E-001	-2.46412E+000	-2.00025E+000	3.14861E-004	11	..........a	-327.68
	1710	1711	-1.65016E+000	-2.00192E-001	-2.46762E+000	-2.00025E+000	3.14044E-004	11	..........a	-327.68
	1711	1712	-1.64696E+000	-2.00192E-001	-2.49149E+000	-2.00025E+000	3.19728E-004	11	..........a	-327.68
	1712	1713	-1.64536E+000	-2.00192E-001	-2.49918E+000	-2.00025E+000	3.15461E-004	11	..........a	-327.68
	1713	1714	-1.64736E+000	-2.00193E-001	-2.49646E+000	-2.00025E+000	3.16661E-004	11	..........a	-327.68
	1714	1715	-1.64736E+000	-2.00193E-001	-2.49669E+000	-2.00025E+000	3.11694E-004	11	..........a	-327.68
	1715	1716	-1.64776E+000	-2.00224E-001	-2.49516E+000	-2.00025E+000	1.04543E-003	11	..........a	-327.68
	1716	1717	-1.64976E+000	-2.00224E-001	-2.48683E+000	-2.00025E+000	1.05941E-003	11	..........a	-327.68
	1717	1718	-1.64816E+000	-2.00224E-001	-2.49138E+000	-2.00025E+000	1.05521E-003	11	..........a	-327.68
	1718	1719	-1.64896E+000	-2.00225E-001	-2.38431E+000	-2.00025E+000	1.05116E-003	11	..........a	-327.68
	1719	1720	-1.64976E+000	-2.00224E-001	-2.31744E+000	-2.00025E+000	1.04156E-003	11	..........a	-327.68
	1720	1721	-1.64976E+000	-2.00224E-001	-2.33380E+000	-2.00025E+000	1.03921E-003	11	..........a	-327.68
	1721	1722	-1.65016E+000	-2.00224E-001	-2.34542E+000	-2.00025E+000	1.03983E-003	11	..........a	-327.68
	1722	1723	-1.65176E+000	-2.00225E-001	-2.35126E+000	-2.00025E+000	1.04246E-003	11	..........a	-327.68
	1723	1724	-1.65096E+000	-2.00225E-001	-2.36329E+000	-2.00025E+000	1.04686E-003	11	..........a	-327.68
	1724	1725	-1.65016E+000	-2.00225E-001	-2.37095E+000	-2.00025E+000	1.04759E-003	11	..........a	-327.68
	1725	1726	-1.65336E+000	-2.00224E-001	-2.37551E+000	-2.00025E+000	1.04543E-003	11	..........a	-327.68
	1726	1727	-1.65176E+000	-2.00224E-001	-2.38405E+000	-2.00025E+000	1.03614E-003	11	..........a	-327.68
	1727	1728	-1.65256E+000	-2.00224E-001	-2.38616E+000	-2.00025E+000	1.03254E-003	11	..........a	-327.68
	1728	1729	-1.65456E+000	-2.00224E-001	-2.38851E+000	-2.00025E+000	1.03539E-003	11	..........a	-327.68
	1729	1730	-1.65096E+000	-2.00224E-001	-2.39784E+000	-2.00025E+000	1.04949E-003	11	..........a	-327.68
	1730	1731	-1.65096E+000	-2.00224E-001	-2.40148E+000	-2.00025E+000	1.06321E-003	11	..........a	-327.68
	1731	1732	-1.65256E+000	-2.00224E-001	-2.40927E+000	-2.00025E+000	1.06798E-003	11	..........a	-327.68
	1732	1733	-1.65016E+000	-2.00224E-001	-2.41599E+000	-2.00025E+000	1.05313E-003	11	..........a	-327.68
	1733	1734	-1.65096E+000	-2.00224E-001	-2.41959E+000	-2.00025E+000	1.04709E-003	11	..........a	-327.68
	1734	1735	-1.65096E+000	-2.00224E-001	-2.42362E+000	-2.00025E+000	1.03856E-003	11	..........a	-327.68
	1735	1736	-1.65176E+000	-2.00224E-001	-2.42812E+000	-2.00025E+000	1.04958E-003	11	..........a	-327.68
	1736	1737	-1.65336E+000	-2.00224E-001	-2.43109E+000	-2.00025E+000	1.06006E-003	11	..........a	-327.68
	1737	1738	-1.65256E+000	-2.00224E-001	-2.43734E+000	-2.00025E+000	1.04949E-003	11	..........a	-327.68
	1738	1739	-1.65176E+000	-2.00225E-001	-2.44484E+000	-2.00025E+000	1.05006E-003	11	..........a	-327.68
	1739	1740	-1.65176E+000	-2.00224E-001	-2.44930E+000	-2.00025E+000	1.04684E-003	11	..........a	-327.68
	1740	1741	-1.65176E+000	-2.00224E-001	-2.45642E+000	-2.00025E+000	1.04853E-003	11	..........a	-327.68
	1741	1742	-1.65216E+000	-2.00224E-001	-2.46143E+000	-2.00025E+000	1.04091E-003	11	..........a	-327.68
	1742	1743	-1.65376E+000	-2.00224E-001	-2.46514E+000	-2.00025E+000	1.04729E-003	11	..........a	-327.68
	1743	1744	-1.65256E+000	-2.00224E-001	-2.47410E+000	-2.00025E+000	1.05039E-003	11	..........a	-327.68
	1744	1745	-1.65616E+000	-2.00225E-001	-2.47426E+000	-2.00025E+000	1.05694E-003	11	..........a	-327.68
	1745	1746	-1.65056E+000	-2.00224E-001	-2.48499E+000	-2.00025E+000	1.05091E-003	11	..........a	-327.68
	1746	1747	-1.65256E+000	-2.00224E-001	-2.48963E+000	-2.00025E+000	1.04351E-003	11	..........a	-327.68
	1747	1748	-1.65216E+000	-2.00224E-001	-2.49384E+000	-2.00025E+000	1.03546E-003	11	..........a	-327.68
	1748	1749	-1.65496E+000	-2.00224E-001	-2.50107E+000	-2.00025E+000	1.02903E-003	11	..........a	-327.68
	1749	1750	-1.64976E+000	-2.00224E-001	-2.51881E+000	-2.00025E+000	1.03701E-003	11	..........a	-327.68
	1750	1751	-1.64856E+000	-2.00224E-001	-2.51221E+000	-2.00025E+000	1.04511E-003	11	..........a	-327.68
	1751	1752	-1.64936E+000	-2.00225E-001	-2.51124E+000	-2.00025E+000	1.04594E-003	11	..........a	-327.68
	1752	1753	-1.65176E+000	-2.00224E-001	-2.51013E+000	-2.00025E+000	1.05014E-003	11	..........a	-327.68
	1753	1754	-1.65096E+000	-2.00224E-001	-2.51377E+000	-2.00025E+000	1.04681E-003	11	..........a	-327.68
	1754	1755	-1.65096E+000	-2.00224E-001	-2.52304E+000	-2.00025E+000	1.04571E-003	11	..........a	-327.68
	1755	1756	-1.65016E+000	-2.00224E-001	-2.52660E+000	-2.00025E+000	1.02481E-003	11	..........a	-327.68
	1756	1757	-1.65096E+000	-2.00224E-001	-2.53293E+000	-2.00025E+000	1.02578E-003	11	..........a	-327.68
	1757	1758	-1.65016E+000	-2.00224E-001	-2.53755E+000	-2.00025E+000	1.02346E-003	11	..........a	-327.68
	1758	1759	-1.65176E+000	-2.00224E-001	-2.53783E+000	-2.00025E+000	1.03238E-003	11	..........a	-327.68
	1759	1760	-1.65056E+000	-2.00225E-001	-2.53904E+000	-2.00025E+000	1.04504E-003	11	..........a	-327.68
	1760	1761	-1.65336E+000	-2.00224E-001	-2.53837E+000	-2.00025E+000	1.04364E-003	11	..........a	-327.68
	1761	1762	-1.65176E+000	-2.00224E-001	-2.53997E+000	-2.00025E+000	1.03476E-003	11	..........a	-327.68
	1762	1763	-1.65256E+000	-2.00224E-001	-2.53202E+000	-2.00025E+000	1.03319E-003	11	..........a	-327.68
	1763	1764	-1.65176E+000	-2.00224E-001	-2.35048E+000	-2.00025E+000	1.03398E-003	11	..........a	-327.68
	1764	1765	-1.65376E+000	-2.00224E-001	-2.36128E+000	-2.00025E+000	1.05384E-003	11	..........a	-327.68
	1765	1766	-1.65296E+000	-2.00224E-001	-2.38103E+000	-2.00025E+000	1.05273E-003	11	..........a	-327.68
	1766	1767	-1.65296E+000	-2.00224E-001	-2.39065E+000	-2.00025E+000	1.05618E-003	11	..........a	-327.68
	1767	1768	-1.65456E+000	-2.00224E-001	-2.39553E+000	-2.00025E+000	1.04634E-003	11	..........a	-327.68
	1768	1769	-1.65536E+000	-2.00224E-001	-2.40147E+000	-2.00025E+000	1.03933E-003	11	..........a	-327.68
	1769	1770	-1.65216E+000	-2.00224E-001	-2.40343E+000	-2.00025E+000	1.03926E-003	11	..........a	-327.68
	1770	1771	-1.65256E+000	-2.00223E-001	-2.40124E+000	-2.00025E+000	1.03554E-003	11	..........a	-327.68
	1771	1772	-1.65136E+000	-2.00224E-001	-2.40986E+000	-2.00025E+000	1.04409E-003	11	..........a	-327.68
	1772	1773	-1.65216E+000	-2.00223E-001	-2.41171E+000	-2.00025E+000	1.05069E-003	11	..........a	-327.68
	1773	1774	-1.65136E+000	-2.00223E-001	-2.41858E+000	-2.00025E+000	1.05704E-003	11	..........a	-327.68
	1774	1775	-1.65176E+000	-2.00223E-001	-2.42349E+000	-2.00025E+000	1.05919E-003	11	..........a	-327.68
	1775	1776	-1.65256E+000	-2.00223E-001	-2.42639E+000	-2.00025E+000	1.05241E-003	11	..........a	-327.68
	1776	1777	-1.65336E+000	-2.00223E-001	-2.42986E+000	-2.00025E+000	1.03966E-003	11	..........a	-327.68
	1777	1778	-1.65336E+000	-2.00223E-001	-2.43550E+000	-2.00025E+000	1.03571E-003	11	..........a	-327.68
	1778	1779	-1.65416E+000	-2.00223E-001	-2.43921E+000	-2.00025E+000	1.04878E-003	11	..........a	-327.68
	1779	1780	-1.65336E+000	-2.00223E-001	-2.44528E+000	-2.00025E+000	1.04339E-003	11	..........a	-327.68
	1780	1781	-1.65376E+000	-2.00223E-001	-2.45174E+000	-2.00025E+000	1.05259E-003	11	..........a	-327.68
	1781	1782	-1.65216E+000	-2.00224E-001	-2.46084E+000	-2.00025E+000	1.05558E-003	11	..........a	-327.68
	1782	1783	-1.65016E+000	-2.00223E-001	-2.46866E+000	-2.00025E+000	1.04611E-003	11	..........a	-327.68
	1783	1784	-1.65016E+000	-2.00223E-001	-2.47656E+000	-2.00025E+000	1.03646E-003	11	..........a	-327.68
	1784	1785	-1.65176E+000	-2.00188E-001	-2.48646E+000	-2.00025E+000	2.40011E-004	11	..........a	-327.68
	1785	1786	-1.64816E+000	-2.00189E-001	-2.51077E+000	-2.00025E+000	2.33678E-004	11	..........a	-327.68
	1786	1787	-1.64976E+000	-2.00189E-001	-2.50480E+000	-2.00025E+000	2.43828E-004	11	..........a	-327.68
	1787	1788	-1.64696E+000	-2.00188E-001	-2.50697E+000	-2.00025E+000	2.38861E-004	11	..........a	-327.68
	1788	1789	-1.64816E+000	-2.00188E-001	-2.50785E+000	-2.00025E+000	2.51428E-004	11	..........a	-327.68
	1789	1790	-1.65016E+000	-2.00188E-001	-2.50842E+000	-2.00025E+000	2.39178E-004	11	..........a	-327.68
	1790	1791	-1.64936E+000	-2.00188E-001	-2.51301E+000	-2.00025E+000	2.40411E-004	11	..........a	-327.68
	1791	1792	-1.64896E+000	-2.00188E-001	-2.51414E+000	-2.00025E+000	2.44594E-004	11	..........a	-327.68
	1792	1793	-1.65096E+000	-2.00188E-001	-2.51326E+000	-2.00025E+000	2.48011E-004	11	..........a	-327.68
	1793	1794	-1.65016E+000	-2.00189E-001	-2.51537E+000	-2.00025E+000	2.38094E-004	11	..........a	-327.68
	1794	1795	-1.64656E+000	-2.00189E-001	-2.31441E+000	-2.00025E+000	2.36478E-004	11	..........a	-327.68
	1795	1796	-1.64976E+000	-2.00189E-001	-2.32345E+000	-2.00025E+000	2.51944E-004	11	..........a	-327.68
	1796	1797	-1.64856E+000	-2.00189E-001	-2.34040E+000	-2.00025E+000	2.34894E-004	11	..........a	-327.68
	1797	1798	-1.64936E+000	-2.00189E-001	-2.35572E+000	-2.00025E+000	2.37761E-004	11	..........a	-327.68
	1798	1799	-1.65256E+000	-2.00189E-001	-2.36262E+000	-2.00025E+000	2.43194E-004	11	..........a	-327.68
	1799	1800	-1.65376E+000	-2.00189E-001	-2.36931E+000	-2.00025E+000	2.37944E-004	11	..........a	-327.68
	1800	1801	-1.65296E+000	-2.00189E-001	-2.37615E+000	-2.00025E+000	2.49878E-004	11	..........a	-327.68
	1801	1802	-1.65256E+000	-2.00189E-001	-2.38413E+000	-2.00025E+000	2.46544E-004	11	..........a	-327.68
	1802	1803	-1.65496E+000	-2.00189E-001	-2.38630E+000	-2.00025E+000	2.41978E-004	11	..........a	-327.68
	1803	1804	-1.65176E+000	-2.00189E-001	-2.39435E+000	-2.00025E+000	2.39211E-004	11	..........a	-327.68
	1804	1805	-1.65176E+000	-2.00189E-001	-2.39912E+000	-2.00025E+000	2.47544E-004	11	..........a	-327.68
	1805	1806	-1.65536E+000	-2.00189E-001	-2.39969E+000	-2.00025E+000	2.45478E-004	11	..........a	-327.68
	1806	1807	-1.65376E+000	-2.00189E-001	-2.40636E+000	-2.00025E+000	2.37661E-004	11	..........a	-327.68
	1807	1808	-1.65376E+000	-2.00189E-001	-2.41136E+000	-2.00025E+000	2.48644E-004	11	..........a	-327.68
	1808	1809	-1.65616E+000	-2.00189E-001	-2.41728E+000	-2.00025E+000	2.47678E-004	11	..........a	-327.68
	1809	1810	-1.65536E+000	-2.00189E-001	-2.42477E+000	-2.00025E+000	2.36828E-004	11	..........a	-327.68
	1810	1811	-1.65536E+000	-2.00192E-001	-2.43200E+000	-2.00025E+000	3.15378E-004	11	..........a	-327.68
	1811	1812	-1.65176E+000	-2.00192E-001	-2.44278E+000	-2.00025E+000	3.20511E-004	11	..........a	-327.68
	1812	1813	-1.65176E+000	-2.00193E-001	-2.44725E+000	-2.00025E+000	3.24461E-004	11	..........a	-327.68
	1813	1814	-1.65456E+000	-2.00192E-001	-2.44893E+000	-2.00025E+000	3.18611E-004	11	..........a	-327.68
	1814	1815	-1.65416E+000	-2.00192E-001	-2.45686E+000	-2.00025E+000	3.25078E-004	11	..........a	-327.68
	1815	1816	-1.65216E+000	-2.00192E-001	-2.46588E+000	-2.00025E+000	3.19428E-004	11	..........a	-327.68
	1816	1817	-1.65376E+000	-2.00192E-001	-2.46681E+000	-2.00025E+000	3.23411E-004	11	..........a	-327.68
	1817	1818	-1.65296E+000	-2.00193E-001	-2.47423E+000	-2.00025E+000	3.18811E-004	11	..........a	-327.68
	1818	1819	-1.65376E+000	-2.00192E-001	-2.47876E+000	-2.00025E+000	3.24661E-004	11	..........a	-327.68
	1819	1820	-1.65576E+000	-2.00192E-001	-2.48389E+000	-2.00025E+000	3.25628E-004	11	..........a	-327.68
	1820	1821	-1.65616E+000	-2.00192E-001	-2.48825E+000	-2.00025E+000	3.17644E-004	11	..........a	-327.68
	1821	1822	-1.65016E+000	-2.00193E-001	-2.51372E+000	-2.00025E+000	3.20611E-004	11	..........a	-327.68
	1822	1823	-1.64936E+000	-2.00193E-001	-2.51136E+000	-2.00025E+000	3.20711E-004	11	..........a	-327.68
	1823	1824	-1.64976E+000	-2.00193E-001	-2.51056E+000	-2.00025E+000	3.28928E-004	11	..........a	-327.68
	1824	1825	-1.64976E+000	-2.00193E-001	-2.51358E+000	-2.00025E+000	3.30328E-004	11	..........a	-327.68
	1825	1826	-1.64936E+000	-2.00193E-001	-2.51477E+000	-2.00025E+000	3.22511E-004	11	..........a	-327.68
	1826	1827	-1.65096E+000	-2.00192E-001	-2.51349E+000	-2.00025E+000	3.12844E-004	11	..........a	-327.68
	1827	1828	-1.65296E+000	-2.00192E-001	-2.51119E+000	-2.00025E+000	3.17328E-004	11	..........a	-327.68
	1828	1829	-1.64856E+000	-2.00193E-001	-2.45388E+000	-2.00025E+000	3.21761E-004	11	..........a	-327.68
	1829	1830	-1.65016E+000	-2.00192E-001	-2.32653E+000	-2.00025E+000	3.18061E-004	11	..........a	-327.68
	1830	1831	-1.65016E+000	-2.00192E-001	-2.33924E+000	-2.00025E+000	3.16728E-004	11	..........a	-327.68
	1831	1832	-1.65016E+000	-2.00193E-001	-2.35220E+000	-2.00025E+000	3.32928E-004	11	..........a	-327.68
	1832	1833	-1.65416E+000	-2.00192E-001	-2.35616E+000	-2.00025E+000	3.27211E-004	11	..........a	-327.68
	1833	1834	-1.65256E+000	-2.00192E-001	-2.36508E+000	-2.00025E+000	3.12511E-004	11	..........a	-327.68
	1834	1835	-1.65536E+000	-2.00192E-001	-2.37216E+000	-2.00025E+000	3.18528E-004	11	..........a	-327.68
	1835	1836	-1.65456E+000	-2.00192E-001	-2.37906E+000	-2.00025E+000	3.23928E-004	11	..........a	-327.68
	1836	1837	-1.65536E+000	-2.00192E-001	-2.38650E+000	-2.00025E+000	3.18894E-004	11	..........a	-327.68
	1837	1838	-1.65616E+000	-2.00192E-001	-2.39205E+000	-2.00025E+000	3.18761E-004	11	..........a	-327.68
	1838	1839	-1.65216E+000	-2.00192E-001	-2.39871E+000	-2.00025E+000	3.16461E-004	11	..........a	-327.68
	1839	1840	-1.65376E+000	-2.00192E-001	-2.40076E+000	-2.00025E+000	3.21828E-004	11	..........a	-327.68
	1840	1841	-1.65136E+000	-2.00192E-001	-2.40761E+000	-2.00025E+000	3.20628E-004	11	..........a	-327.68
	1841	1842	-1.65456E+000	-2.00192E-001	-2.40876E+000	-2.00025E+000	3.21044E-004	11	..........a	-327.68
	1842	1843	-1.65496E+000	-2.00192E-001	-2.41526E+000	-2.00025E+000	3.22011E-004	11	..........a	-327.68
	1843	1844	-1.65536E+000	-2.00192E-001	-2.41899E+000	-2.00025E+000	3.18894E-004	11	..........a	-327.68
	1844	1845	-1.65336E+000	-2.00192E-001	-2.43068E+000	-2.00025E+000	3.29328E-004	11	..........a	-327.68
	1845	1846	-1.65216E+000	-2.00192E-001	-2.43550E+000	-2.00025E+000	3.20644E-004	11	..........a	-327.68
	1846	1847	-1.65216E+000	-2.00192E-001	-2.44069E+000	-2.00025E+000	3.22378E-004	11	..........a	-327.68
	1847	1848	-1.65216E+000	-2.00192E-001	-2.44696E+000	-2.00025E+000	3.22111E-004	11	..........a	-327.68
	1848	1849	-1.65296E+000	-2.00192E-001	-2.44847E+000	-2.00025E+000	3.25261E-004	11	..........a	-327.68
	1849	1850	-1.65216E+000	-2.00192E-001	-2.45475E+000	-2.00025E+000	3.18778E-004	11	..........a	-327.68
	1850	1851	-1.65256E+000	-2.00192E-001	-2.45922E+000	-2.00025E+000	3.21511E-004	11	..........a	-327.68
	1851	1852	-1.65296E+000	-2.00192E-001	-2.46640E+000	-2.00025E+000	3.16761E-004	11	..........a	-327.68
	1852	1853	-1.65456E+000	-2.00192E-001	-2.47093E+000	-2.00025E+000	3.15994E-004	11	..........a	-327.68
	1853	1854	-1.65096E+000	-2.00192E-001	-2.48078E+000	-2.00025E+000	3.13661E-004	11	..........a	-327.68
	1854	1855	-1.65256E+000	-2.00192E-001	-2.48590E+000	-2.00025E+000	3.15861E-004	11	..........a	-327.68
	1855	1856	-1.64976E+000	-2.00192E-001	-2.49712E+000	-2.00025E+000	3.18811E-004	11	..........a	-327.68
	1856	1857	-1.65296E+000	-2.00192E-001	-2.49409E+000	-2.00025E+000	3.10094E-004	11	..........a	-327.68
	1857	1858	-1.65296E+000	-2.00192E-001	-2.48311E+000	-2.00025E+000	3.04461E-004	11	..........a	-327.68
	1858	1859	-1.65296E+000	-2.00192E-001	-2.49152E+000	-2.00025E+000	3.07411E-004	11	..........a	-327.68
	1859	1860	-1.65296E+000	-2.00192E-001	-2.49896E+000	-2.00025E+000	3.16794E-004	11	..........a	-327.68
	1860	1861	-1.65136E+000	-2.00193E-001	-2.50952E+000	-2.00025E+000	3.10378E-004	11	..........a	-327.68
	1861	1862	-1.65296E+000	-2.00192E-001	-2.51477E+000	-2.00025E+000	3.17878E-004	11	..........a	-327.68
	1862	1863	-1.65176E+000	-2.00192E-001	-2.52626E+000	-2.00025E+000	3.12911E-004	11	..........a	-327.68
	1863	1864	-1.65256E+000	-2.00192E-001	-2.53277E+000	-2.00025E+000	3.19761E-004	11	..........a	-327.68
	1864	1865	-1.65136E+000	-2.00192E-001	-2.53721E+000	-2.00025E+000	3.12111E-004	11	..........a	-327.68
	1865	1866	-1.64936E+000	-2.00192E-001	-2.30890E+000	-2.00025E+000	3.10094E-004	11	..........a	-327.68
	1866	1867	-1.65016E+000	-2.00193E-001	-2.32523E+000	-2.00025E+000	3.16211E-004	11	..........a	-327.68
	1867	1868	-1.64936E+000	-2.00192E-001	-2.34076E+000	-2.00025E+000	3.11428E-004	11	..........a	-327.68
	1868	1869	-1.64976E+000	-2.00192E-001	-2.35556E+000	-2.00025E+000	3.17761E-004	11	..........a	-327.68
	1869	1870	-1.65056E+000	-2.00192E-001	-2.37128E+000	-2.00025E+000	3.19478E-004	11	..........a	-327.68
	1870	1871	-1.65256E+000	-2.00192E-001	-2.37760E+000	-2.00025E+000	3.15928E-004	11	..........a	-327.68
	1871	1872	-1.65216E+000	-2.00192E-001	-2.38407E+000	-2.00025E+000	3.20144E-004	11	..........a	-327.68
	1872	1873	-1.65216E+000	-2.00192E-001	-2.38460E+000	-2.00025E+000	3.23244E-004	11	..........a	-327.68
	1873	1874	-1.65296E+000	-2.00192E-001	-2.38826E+000	-2.00025E+000	3.22961E-004	11	..........a	-327.68
	1874	1875	-1.65296E+000	-2.00193E-001	-2.39060E+000	-2.00025E+000	3.14161E-004	11	..........a	-327.68
	1875	1876	-1.65216E+000	-2.00192E-001	-2.39600E+000	-2.00025E+000	3.18728E-004	11	..........a	-327.68
	1876	1877	-1.65256E+000	-2.00192E-001	-2.39900E+000	-2.00025E+000	3.17928E-004	11	..........a	-327.68
	1877	1878	-1.65336E+000	-2.00192E-001	-2.40001E+000	-2.00025E+000	3.21661E-004	11	..........a	-327.68
	1878	1879	-1.65296E+000	-2.00193E-001	-2.40259E+000	-2.00025E+000	3.11844E-004	11	..........a	-327.68
	1879	1880	-1.65296E+000	-2.00192E-001	-2.40492E+000	-2.00025E+000	2.86411E-004	11	..........a	-327.68
	1880	1881	-1.65456E+000	-2.00192E-001	-2.41245E+000	-2.00025E+000	2.93661E-004	11	..........a	-327.68
	1881	1882	-1.65536E+000	-2.00192E-001	-2.42068E+000	-2.00025E+000	2.83811E-004	11	..........a	-327.68
	1882	1883	-1.65336E+000	-2.00192E-001	-2.42784E+000	-2.00025E+000	2.79928E-004	11	..........a	-327.68
	1883	1884	-1.65336E+000	-2.00192E-001	-2.43530E+000	-2.00025E+000	2.97778E-004	11	..........a	-327.68
	1884	1885	-1.65256E+000	-2.00192E-001	-2.44249E+000	-2.00025E+000	2.87361E-004	11	..........a	-327.68
	1885	1886	-1.65216E+000	-2.00192E-001	-2.44469E+000	-2.00025E+000	2.91194E-004	11	..........a	-327.68
	1886	1887	-1.65256E+000	-2.00192E-001	-2.45046E+000	-2.00025E+000	2.83128E-004	11	..........a	-327.68
	1887	1888	-1.65376E+000	-2.00192E-001	-2.44660E+000	-2.00025E+000	2.91828E-004	11	..........a	-327.68
	1888	1889	-1.65256E+000	-2.00192E-001	-2.45522E+000	-2.00025E+000	2.93411E-004	11	..........a	-327.68
	1889	1890	-1.65376E+000	-2.00192E-001	-2.46446E+000	-2.00025E+000	2.93261E-004	11	..........a	-327.68
	1890	1891	-1.65376E+000	-2.00192E-001	-2.46909E+000	-2.00025E+000	2.93994E-004	11	..........a	-327.68
	1891	1892	-1.65216E+000	-2.00192E-001	-2.47910E+000	-2.00025E+000	2.94828E-004	11	..........a	-327.68
	1892	1893	-1.65456E+000	-2.00192E-001	-2.48512E+000	-2.00025E+000	2.90511E-004	11	..........a	-327.68
	1893	1894	-1.65016E+000	-2.00192E-001	-2.52139E+000	-2.00025E+000	2.84178E-004	11	..........a	-327.68
	1894	1895	-1.65096E+000	-2.00192E-001	-2.51424E+000	-2.00025E+000	2.97128E-004	11	..........a	-327.68
	1895	1896	-1.65176E+000	-2.00192E-001	-2.51244E+000	-2.00025E+000	2.99094E-004	11	..........a	-327.68
	1896	1897	-1.65016E+000	-2.00192E-001	-2.51352E+000	-2.00025E+000	2.98244E-004	11	..........a	-327.68
	1897	1898	-1.65296E+000	-2.00192E-001	-2.51255E+000	-2.00025E+000	2.93811E-004	11	..........a	-327.68
	1898	1899	-1.65256E+000	-2.00192E-001	-2.51974E+000	-2.00025E+000	2.94928E-004	11	..........a	-327.68
	1899	1900	-1.65096E+000	-2.00192E-001	-2.52421E+000	-2.00025E+000	2.94228E-004	11	..........a	-327.68
	1900	1901	-1.65256E+000	-2.00192E-001	-2.52387E+000	-2.00025E+000	2.98094E-004	11	..........a	-327.68
	1901	1902	-1.65176E+000	-2.00192E-001	-2.52572E+000	-2.00025E+000	2.85578E-004	11	..........a	-327.68
	1902	1903	-1.65376E+000	-2.00192E-001	-2.52214E+000	-2.00025E+000	2.96561E-004	11	..........a	-327.68
	1903	1904	-1.64936E+000	-2.00192E-001	-2.32244E+000	-2.00025E+000	2.96711E-004	11	..........a	-327.68
	1904	1905	-1.65016E+000	-2.00192E-001	-2.33200E+000	-2.00025E+000	2.94328E-004	11	..........a	-327.68
	1905	1906	-1.65136E+000	-2.00192E-001	-2.34341E+000	-2.00025E+000	2.94594E-004	11	..........a	-327.68
	1906	1907	-1.65296E+000	-2.00192E-001	-2.35497E+000	-2.00025E+000	3.03294E-004	11	..........a	-327.68
	1907	1908	-1.65096E+000	-2.00192E-001	-2.36490E+000	-2.00025E+000	2.96394E-004	11	..........a	-327.68
	1908	1909	-1.65376E+000	-2.00192E-001	-2.36808E+000	-2.00025E+000	2.97644E-004	11	..........a	-327.68
	1909	1910	-1.65216E+000	-2.00192E-001	-2.37413E+000	-2.00025E+000	2.87044E-004	11	..........a	-327.68
	1910	1911	-1.65456E+000	-2.00192E-001	-2.37759E+000	-2.00025E+000	2.87711E-004	11	..........a	-327.68
	1911	1912	-1.65456E+000	-2.00192E-001	-2.38469E+000	-2.00025E+000	2.94394E-004	11	..........a	-327.68
	1912	1913	-1.65456E+000	-2.00192E-001	-2.38846E+000	-2.00025E+000	2.97478E-004	11	..........a	-327.68
	1913	1914	-1.65456E+000	-2.00192E-001	-2.39480E+000	-2.00025E+000	2.93311E-004	11	..........a	-327.68
	1914	1915	-1.65496E+000	-2.00192E-001	-2.40140E+000	-2.00025E+000	2.88528E-004	11	..........a	-327.68
	1915	1916	-1.65216E+000	-2.00192E-001	-2.40920E+000	-2.00025E+000	2.94728E-004	11	..........a	-327.68
	1916	1917	-1.65456E+000	-2.00192E-001	-2.41213E+000	-2.00025E+000	2.93844E-004	11	..........a	-327.68
	1917	1918	-1.65216E+000	-2.00192E-001	-2.42223E+000	-2.00025E+000	2.98711E-004	11	..........a	-327.68
	1918	1919	-1.65336E+000	-2.00192E-001	-2.42552E+000	-2.00025E+000	2.99228E-004	11	..........a	-327.68
	1919	1920	-1.65376E+000	-2.00192E-001	-2.43343E+000	-2.00025E+000	2.99028E-004	11	..........a	-327.68
	1920	1921	-1.65456E+000	-2.00192E-001	-2.45000E+000	-2.00025E+000	3.04894E-004	11	..........a	-327.68
	1921	1922	-1.65456E+000	-2.00192E-001	-2.45530E+000	-2.00025E+000	3.07061E-004	11	..........a	-327.68
	1922	1923	-1.65576E+000	-2.00192E-001	-2.46101E+000	-2.00025E+000	3.00178E-004	11	..........a	-327.68
	1923	1924	-1.65016E+000	-2.00192E-001	-2.47850E+000	-2.00025E+000	2.99711E-004	11	..........a	-327.68
	1924	1925	-1.64976E+000	-2.00192E-001	-2.50791E+000	-2.00025E+000	3.03944E-004	11	..........a	-327.68
	1925	1926	-1.64856E+000	-2.00192E-001	-2.50317E+000	-2.00025E+000	3.07361E-004	11	..........a	-327.68
	1926	1927	-1.65176E+000	-2.00192E-001	-2.49883E+000	-2.00025E+000	2.98778E-004	11	..........a	-327.68
	1927	1928	-1.65176E+000	-2.00192E-001	-2.49915E+000	-2.00025E+000	2.94594E-004	11	..........a	-327.68
	1928	1929	-1.65096E+000	-2.00192E-001	-2.50039E+000	-2.00025E+000	2.95711E-004	11	..........a	-327.68
	1929	1930	-1.65016E+000	-2.00192E-001	-2.51449E+000	-2.00025E+000	2.99961E-004	11	..........a	-327.68
	1930	1931	-1.65096E+000	-2.00192E-001	-2.51773E+000	-2.00025E+000	2.99094E-004	11	..........a	-327.68
	1931	1932	-1.65016E+000	-2.00192E-001	-2.52029E+000	-2.00025E+000	3.05211E-004	11	..........a	-327.68
	1932	1933	-1.65216E+000	-2.00192E-001	-2.32695E+000	-2.00025E+000	2.99744E-004	11	..........a	-327.68
	1933	1934	-1.65176E+000	-2.00192E-001	-2.33925E+000	-2.00025E+000	2.94428E-004	11	..........a	-327.68
	1934	1935	-1.65256E+000	-2.00192E-001	-2.35142E+000	-2.00025E+000	2.97711E-004	11	..........a	-327.68
	1935	1936	-1.65296E+000	-2.00192E-001	-2.36245E+000	-2.00025E+000	2.97361E-004	11	..........a	-327.68
	1936	1937	-1.65536E+000	-2.00192E-001	-2.36864E+000	-2.00025E+000	3.03894E-004	11	..........a	-327.68
	1937	1938	-1.65296E+000	-2.00192E-001	-2.37900E+000	-2.00025E+000	2.99094E-004	11	..........a	-327.68
	1938	1939	-1.65456E+000	-2.00192E-001	-2.38561E+000	-2.00025E+000	2.98078E-004	11	..........a	-327.68
	1939	1940	-1.65456E+000	-2.00192E-001	-2.39168E+000	-2.00025E+000	2.94578E-004	11	..........a	-327.68
	1940	1941	-1.65176E+000	-2.00192E-001	-2.39722E+000	-2.00025E+000	3.08644E-004	11	..........a	-327.68
	1941	1942	-1.65296E+000	-2.00191E-001	-2.39826E+000	-2.00025E+000	3.01261E-004	11	..........a	-327.68
	1942	1943	-1.65456E+000	-2.00192E-001	-2.40155E+000	-2.00025E+000	3.01578E-004	11	..........a	-327.68
	1943	1944	-1.65416E+000	-2.00192E-001	-2.41406E+000	-2.00025E+000	2.99028E-004	11	..........a	-327.68
	1944	1945	-1.65536E+000	-2.00192E-001	-2.41967E+000	-2.00025E+000	2.94694E-004	11	..........a	-327.68
	1945	1946	-1.65456E+000	-2.00192E-001	-2.43027E+000	-2.00025E+000	2.94278E-004	11	..........a	-327.68
	1946	1947	-1.65456E+000	-2.00191E-001	-2.43474E+000	-2.00025E+000	2.91244E-004	11	..........a	-327.68
	1947	1948	-1.65376E+000	-2.00192E-001	-2.44107E+000	-2.00025E+000	2.95428E-004	11	..........a	-327.68
	1948	1949	-1.65536E+000	-2.00192E-001	-2.44938E+000	-2.00025E+000	2.96544E-004	11	..........a	-327.68
	1949	1950	-1.65536E+000	-2.00192E-001	-2.45829E+000	-2.00025E+000	2.96344E-004	11	..........a	-327.68
	1950	1951	-1.65456E+000	-2.00192E-001	-2.47007E+000	-2.00025E+000	2.92161E-004	11	..........a	-327.68
	1951	1952	-1.65456E+000	-2.00192E-001	-2.47363E+000	-2.00025E+000	2.96644E-004	11	..........a	-327.68
	1952	1953	-1.65456E+000	-2.00192E-001	-2.48247E+000	-2.00025E+000	3.07094E-004	11	..........a	-327.68
	1953	1954	-1.65536E+000	-2.00192E-001	-2.48534E+000	-2.00025E+000	3.08628E-004	11	..........a	-327.68
	1954	1955	-1.65456E+000	-2.00192E-001	-2.49005E+000	-2.00025E+000	2.92261E-004	11	..........a	-327.68
	1955	1956	-1.65616E+000	-2.00192E-001	-2.49198E+000	-2.00025E+000	2.98961E-004	11	..........a	-327.68
	1956	1957	-1.65616E+000	-2.00192E-001	-2.50115E+000	-2.00025E+000	2.99994E-004	11	..........a	-327.68
	1957	1958	-1.65776E+000	-2.00191E-001	-2.50867E+000	-2.00025E+000	2.98878E-004	11	..........a	-327.68
	1958	1959	-1.65456E+000	-2.00191E-001	-2.52602E+000	-2.00025E+000	3.04761E-004	11	..........a	-327.68
	1959	1960	-1.65136E+000	-2.00192E-001	-2.53734E+000	-2.00025E+000	2.99578E-004	11	..........a	-327.68
	1960	1961	-1.65256E+000	-2.00192E-001	-2.53215E+000	-2.00025E+000	3.02494E-004	11	..........a	-327.68
	1961	1962	-1.65176E+000	-2.00191E-001	-2.52942E+000	-2.00025E+000	2.98261E-004	11	..........a	-327.68
	1962	1963	-1.65096E+000	-2.00191E-001	-2.53996E+000	-2.00025E+000	3.01911E-004	11	..........a	-327.68
	1963	1964	-1.65336E+000	-2.00192E-001	-2.54165E+000	-2.00025E+000	2.99428E-004	11	..........a	-327.68
	1964	1965	-1.65296E+000	-2.00192E-001	-2.54439E+000	-2.00025E+000	2.99128E-004	11	..........a	-327.68
	1965	1966	-1.65016E+000	-2.00192E-001	-2.55437E+000	-2.00025E+000	2.99961E-004	11	..........a	-327.68
	1966	1967	-1.65176E+000	-2.00192E-001	-2.34174E+000	-2.00025E+000	2.99778E-004	11	..........a	-327.68
	1967	1968	-1.64896E+000	-2.00192E-001	-2.34630E+000	-2.00025E+000	3.01444E-004	11	..........a	-327.68
	1968	1969	-1.64976E+000	-2.00192E-001	-2.36182E+000	-2.00025E+000	3.00628E-004	11	..........a	-327.68
	1969	1970	-1.65016E+000	-2.00191E-001	-2.37283E+000	-2.00025E+000	2.98811E-004	11	..........a	-327.68
	1970	1971	-1.65376E+000	-2.00192E-001	-2.38266E+000	-2.00025E+000	2.96561E-004	11	..........a	-327.68
	1971	1972	-1.65176E+000	-2.00192E-001	-2.39714E+000	-2.00025E+000	2.99078E-004	11	..........a	-327.68
	1972	1973	-1.65416E+000	-2.00192E-001	-2.39912E+000	-2.00025E+000	2.99844E-004	11	..........a	-327.68
	1973	1974	-1.65296E+000	-2.00192E-001	-2.40457E+000	-2.00025E+000	3.00728E-004	11	..........a	-327.68
	1974	1975	-1.65536E+000	-2.00192E-001	-2.40577E+000	-2.00025E+000	3.04378E-004	11	..........a	-327.68
	1975	1976	-1.65496E+000	-2.00192E-001	-2.41002E+000	-2.00025E+000	3.02278E-004	11	..........a	-327.68
	1976	1977	-1.65376E+000	-2.00192E-001	-2.41610E+000	-2.00025E+000	3.00378E-004	11	..........a	-327.68
	1977	1978	-1.65456E+000	-2.00192E-001	-2.42168E+000	-2.00025E+000	2.97994E-004	11	..........a	-327.68
	1978	1979	-1.65536E+000	-2.00192E-001	-2.42387E+000	-2.00025E+000	3.02661E-004	11	..........a	-327.68
	1979	1980	-1.65656E+000	-2.00191E-001	-2.42678E+000	-2.00025E+000	2.89461E-004	11	..........a	-327.68
	1980	1981	-1.65176E+000	-2.00192E-001	-2.43142E+000	-2.00025E+000	2.98044E-004	11	..........a	-327.68
	1981	1982	-1.65096E+000	-2.00192E-001	-2.43734E+000	-2.00025E+000	2.97344E-004	11	..........a	-327.68
	1982	1983	-1.64656E+000	-2.00191E-001	-2.46811E+000	-2.00025E+000	2.93661E-004	11	..........a	-327.68
	1983	1984	-1.64696E+000	-2.00192E-001	-2.47119E+000	-2.00025E+000	2.90844E-004	11	..........a	-327.68
	1984	1985	-1.64976E+000	-2.00191E-001	-2.46558E+000	-2.00025E+000	2.94211E-004	11	..........a	-327.68
	1985	1986	-1.64856E+000	-2.00192E-001	-2.46646E+000	-2.00025E+000	2.96278E-004	11	..........a	-327.68
	1986	1987	-1.64896E+000	-2.00192E-001	-2.46034E+000	-2.00025E+000	2.98778E-004	11	..........a	-327.68
	1987	1988	-1.64936E+000	-2.00192E-001	-2.31620E+000	-2.00025E+000	2.94428E-004	11	..........a	-327.68
	1988	1989	-1.65096E+000	-2.00192E-001	-2.32442E+000	-2.00025E+000	2.98594E-004	11	..........a	-327.68
	1989	1990	-1.65016E+000	-2.00191E-001	-2.33407E+000	-2.00025E+000	2.98494E-004	11	..........a	-327.68
	1990	1991	-1.65256E+000	-2.00192E-001	-2.33984E+000	-2.00025E+000	3.01861E-004	11	..........a	-327.68
	1991	1992	-1.65016E+000	-2.00192E-001	-2.34803E+000	-2.00025E+000	2.66611E-004	11	..........a	-327.68
	1992	1993	-1.65176E+000	-2.00191E-001	-2.35203E+000	-2.00025E+000	2.61878E-004	11	..........a	-327.68
	1993	1994	-1.65336E+000	-2.00191E-001	-2.35666E+000	-2.00025E+000	2.72478E-004	11	..........a	-327.68
	1994	1995	-1.65376E+000	-2.00191E-001	-2.36326E+000	-2.00025E+000	2.64694E-004	11	..........a	-327.68
	1995	1996	-1.65096E+000	-2.00192E-001	-2.37382E+000	-2.00025E+000	2.68511E-004	11	..........a	-327.68
	1996	1997	-1.65176E+000	-2.00191E-001	-2.38035E+000	-2.00025E+000	2.64528E-004	11	..........a	-327.68
	1997	1998	-1.65016E+000	-2.00191E-001	-2.39036E+000	-2.00025E+000	2.61911E-004	11	..........a	-327.68
	1998	1999	-1.65216E+000	-2.00192E-001	-2.39335E+000	-2.00025E+000	2.54794E-004	11	..........a	-327.68
	1999	2000	-1.65256E+000	-2.00191E-001	-2.39847E+000	-2.00025E+000	2.59911E-004	11	..........a	-327.68
	2000	2001	-1.65256E+000	-2.00192E-001	-2.40360E+000	-2.00025E+000	2.57628E-004	11	..........a	-327.68
	2001	2002	-1.65136E+000	-2.00191E-001	-2.40826E+000	-2.00025E+000	2.58278E-004	11	..........a	-327.68
	2002	2003	-1.65336E+000	-2.00191E-001	-2.41211E+000	-2.00025E+000	2.60528E-004	11	..........a	-327.68
	2003	2004	-1.65096E+000	-2.00192E-001	-2.42202E+000	-2.00025E+000	2.57278E-004	11	..........a	-327.68
	2004	2005	-1.65216E+000	-2.00192E-001	-2.42628E+000	-2.00025E+000	2.59261E-004	11	..........a	-327.68
	2005	2006	-1.65136E+000	-2.00192E-001	-2.43146E+000	-2.00025E+000	2.54311E-004	11	..........a	-327.68
	2006	2007	-1.65056E+000	-2.00192E-001	-2.43976E+000	-2.00025E+000	2.54978E-004	11	..........a	-327.68
	2007	2008	-1.65216E+000	-2.00191E-001	-2.44387E+000	-2.00025E+000	2.62111E-004	11	..........a	-327.68
	2008	2009	-1.65136E+000	-2.00192E-001	-2.45100E+000	-2.00025E+000	2.56244E-004	11	..........a	-327.68
	2009	2010	-1.65256E+000	-2.00191E-001	-2.45938E+000	-2.00025E+000	2.61911E-004	11	..........a	-327.68
	2010	2011	-1.65376E+000	-2.00192E-001	-2.46668E+000	-2.00025E+000	2.57528E-004	11	..........a	-327.68
	2011	2012	-1.65216E+000	-2.00191E-001	-2.47093E+000	-2.00025E+000	2.60894E-004	11	..........a	-327.68
	2012	2013	-1.65496E+000	-2.00191E-001	-2.47324E+000	-2.00025E+000	2.58878E-004	11	..........a	-327.68
	2013	2014	-1.65216E+000	-2.00192E-001	-2.48555E+000	-2.00025E+000	2.57994E-004	11	..........a	-327.68
	2014	2015	-1.65016E+000	-2.00192E-001	-2.49330E+000	-2.00025E+000	2.61961E-004	11	..........a	-327.68
	2015	2016	-1.65016E+000	-2.00192E-001	-2.50157E+000	-2.00025E+000	2.56578E-004	11	..........a	-327.68
	2016	2017	-1.65296E+000	-2.00191E-001	-2.50333E+000	-2.00025E+000	2.62978E-004	11	..........a	-327.68
	2017	2018	-1.65136E+000	-2.00192E-001	-2.51357E+000	-2.00025E+000	3.02228E-004	11	..........a	-327.68
	2018	2019	-1.65016E+000	-2.00192E-001	-2.52119E+000	-2.00025E+000	2.97094E-004	11	..........a	-327.68
	2019	2020	-1.65096E+000	-2.00192E-001	-2.54160E+000	-2.00025E+000	2.97661E-004	11	..........a	-327.68
	2020	2021	-1.64976E+000	-2.00192E-001	-2.53410E+000	-2.00025E+000	3.03028E-004	11	..........a	-327.68
	2021	2022	-1.64856E+000	-2.00192E-001	-2.53349E+000	-2.00025E+000	3.00278E-004	11	..........a	-327.68
	2022	2023	-1.64896E+000	-2.00192E-001	-2.53420E+000	-2.00025E+000	3.03794E-004	11	..........a	-327.68
	2023	2024	-1.65176E+000	-2.00192E-001	-2.53144E+000	-2.00025E+000	3.01778E-004	11	..........a	-327.68
	2024	2025	-1.65016E+000	-2.00192E-001	-2.32219E+000	-2.00025E+000	2.92294E-004	11	..........a	-327.68
	2025	2026	-1.65096E+000	-2.00191E-001	-2.33276E+000	-2.00025E+000	2.85211E-004	11	..........a	-327.68
	2026	2027	-1.65016E+000	-2.00192E-001	-2.34471E+000	-2.00025E+000	2.96078E-004	11	..........a	-327.68
	2027	2028	-1.65376E+000	-2.00191E-001	-2.35010E+000	-2.00025E+000	2.87828E-004	11	..........a	-327.68
	2028	2029	-1.65376E+000	-2.00192E-001	-2.36008E+000	-2.00025E+000	2.90961E-004	11	..........a	-327.68
	2029	2030	-1.65136E+000	-2.00192E-001	-2.37184E+000	-2.00025E+000	2.95061E-004	11	..........a	-327.68
	2030	2031	-1.65456E+000	-2.00192E-001	-2.38045E+000	-2.00025E+000	2.92244E-004	11	..........a	-327.68
	2031	2032	-1.65176E+000	-2.00192E-001	-2.38785E+000	-2.00025E+000	2.99178E-004	11	..........a	-327.68
	2032	2033	-1.65336E+000	-2.00192E-001	-2.39521E+000	-2.00025E+000	2.86111E-004	11	..........a	-327.68
	2033	2034	-1.65256E+000	-2.00192E-001	-2.40210E+000	-2.00025E+000	2.91811E-004	11	..........a	-327.68
	2034	2035	-1.65096E+000	-2.00192E-001	-2.41012E+000	-2.00025E+000	2.95844E-004	11	..........a	-327.68
	2035	2036	-1.65256E+000	-2.00192E-001	-2.41607E+000	-2.00025E+000	2.96911E-004	11	..........a	-327.68
	2036	2037	-1.65256E+000	-2.00192E-001	-2.42335E+000	-2.00025E+000	2.97744E-004	11	..........a	-327.68
	2037	2038	-1.65216E+000	-2.00192E-001	-2.42798E+000	-2.00025E+000	2.93544E-004	11	..........a	-327.68
	2038	2039	-1.65296E+000	-2.00191E-001	-2.43649E+000	-2.00025E+000	2.96994E-004	11	..........a	-327.68
	2039	2040	-1.65336E+000	-2.00192E-001	-2.44373E+000	-2.00025E+000	2.94078E-004	11	..........a	-327.68
	2040	2041	-1.65256E+000	-2.00192E-001	-2.45066E+000	-2.00025E+000	2.93711E-004	11	..........a	-327.68
	2041	2042	-1.65296E+000	-2.00192E-001	-2.45680E+000	-2.00025E+000	2.95694E-004	11	..........a	-327.68
	2042	2043	-1.65376E+000	-2.00191E-001	-2.46561E+000	-2.00025E+000	3.00628E-004	11	..........a	-327.68
	2043	2044	-1.65256E+000	-2.00192E-001	-2.47613E+000	-2.00025E+000	2.97094E-004	11	..........a	-327.68
	2044	2045	-1.65256E+000	-2.00192E-001	-2.48241E+000	-2.00025E+000	2.92111E-004	11	..........a	-327.68
	2045	2046	-1.65216E+000	-2.00192E-001	-2.49084E+000	-2.00025E+000	2.94028E-004	11	..........a	-327.68
	2046	2047	-1.65456E+000	-2.00192E-001	-2.49647E+000	-2.00025E+000	2.99394E-004	11	..........a	-327.68
	2047	2048	-1.65216E+000	-2.00193E-001	-2.50685E+000	-2.00025E+000	3.00278E-004	11	..........a	-327.68
	2048	2049	-1.65376E+000	-2.00192E-001	-2.51469E+000	-2.00025E+000	2.95028E-004	11	..........a	-327.68
	2049	2050	-1.65296E+000	-2.00192E-001	-2.52458E+000	-2.00025E+000	2.96028E-004	11	..........a	-327.68
	2050	2051	-1.64776E+000	-2.00192E-001	-2.53803E+000	-2.00025E+000	3.01778E-004	11	..........a	-327.68
	2051	2052	-1.65096E+000	-2.00192E-001	-2.52502E+000	-2.00025E+000	2.91594E-004	11	..........a	-327.68
	2052	2053	-1.65096E+000	-2.00192E-001	-2.52598E+000	-2.00025E+000	2.92794E-004	11	..........a	-327.68
	2053	2054	-1.65176E+000	-2.00192E-001	-2.52635E+000	-2.00025E+000	2.98344E-004	11	..........a	-327.68
	2054	2055	-1.65256E+000	-2.00192E-001	-2.52587E+000	-2.00025E+000	2.91044E-004	11	..........a	-327.68
	2055	2056	-1.65176E+000	-2.00192E-001	-2.53044E+000	-2.00025E+000	2.95861E-004	11	..........a	-327.68
	2056	2057	-1.65096E+000	-2.00192E-001	-2.53022E+000	-2.00025E+000	2.97394E-004	11	..........a	-327.68
	2057	2058	-1.65056E+000	-2.00192E-001	-2.52750E+000	-2.00025E+000	2.93794E-004	11	..........a	-327.68
	2058	2059	-1.65176E+000	-2.00192E-001	-2.33226E+000	-2.00025E+000	2.95728E-004	11	..........a	-327.68
	2059	2060	-1.65176E+000	-2.00192E-001	-2.34570E+000	-2.00025E+000	2.99328E-004	11	..........a	-327.68
	2060	2061	-1.65056E+000	-2.00192E-001	-2.36184E+000	-2.00025E+000	2.96561E-004	11	..........a	-327.68
	2061	2062	-1.65336E+000	-2.00192E-001	-2.37018E+000	-2.00025E+000	2.99994E-004	11	..........a	-327.68
	2062	2063	-1.65216E+000	-2.00192E-001	-2.37972E+000	-2.00025E+000	2.97144E-004	11	..........a	-327.68
	2063	2064	-1.65536E+000	-2.00192E-001	-2.38590E+000	-2.00025E+000	2.94778E-004	11	..........a	-327.68
	2064	2065	-1.65616E+000	-2.00192E-001	-2.39268E+000	-2.00025E+000	2.97511E-004	11	..........a	-327.68
	2065	2066	-1.65256E+000	-2.00192E-001	-2.40747E+000	-2.00025E+000	2.97944E-004	11	..........a	-327.68
	2066	2067	-1.65216E+000	-2.00192E-001	-2.41324E+000	-2.00025E+000	2.89078E-004	11	..........a	-327.68
	2067	2068	-1.65176E+000	-2.00192E-001	-2.42252E+000	-2.00025E+000	2.92878E-004	11	..........a	-327.68
	2068	2069	-1.65376E+000	-2.00192E-001	-2.42983E+000	-2.00025E+000	2.95711E-004	11	..........a	-327.68
	2069	2070	-1.65496E+000	-2.00192E-001	-2.43484E+000	-2.00025E+000	2.91294E-004	11	..........a	-327.68
	2070	2071	-1.65376E+000	-2.00192E-001	-2.44632E+000	-2.00025E+000	2.89928E-004	11	..........a	-327.68
	2071	2072	-1.65216E+000	-2.00192E-001	-2.45463E+000	-2.00025E+000	2.86794E-004	11	..........a	-327.68
	2072	2073	-1.65496E+000	-2.00192E-001	-2.46056E+000	-2.00025E+000	2.89811E-004	11	..........a	-327.68
	2073	2074	-1.65336E+000	-2.00192E-001	-2.47239E+000	-2.00025E+000	2.86044E-004	11	..........a	-327.68
	2074	2075	-1.65616E+000	-2.00191E-001	-2.48688E+000	-2.00025E+000	2.87528E-004	11	..........a	-327.68
	2075	2076	-1.65456E+000	-2.00192E-001	-2.48984E+000	-2.00025E+000	2.89361E-004	11	..........a	-327.68
	2076	2077	-1.65016E+000	-2.00192E-001	-2.51457E+000	-2.00025E+000	2.91494E-004	11	..........a	-327.68
	2077	2078	-1.65296E+000	-2.00192E-001	-2.51056E+000	-2.00025E+000	2.82444E-004	11	..........a	-327.68
	2078	2079	-1.65216E+000	-2.00192E-001	-2.51320E+000	-2.00025E+000	2.83494E-004	11	..........a	-327.68
	2079	2080	-1.65216E+000	-2.00192E-001	-2.51335E+000	-2.00025E+000	2.90361E-004	11	..........a	-327.68
	2080	2081	-1.65176E+000	-2.00192E-001	-2.51339E+000	-2.00025E+000	2.89644E-004	11	..........a	-327.68
	2081	2082	-1.65336E+000	-2.00192E-001	-2.52224E+000	-2.00025E+000	2.88844E-004	11	..........a	-327.68
	2082	2083	-1.65256E+000	-2.00192E-001	-2.52496E+000	-2.00025E+000	3.01711E-004	11	..........a	-327.68
	2083	2084	-1.65136E+000	-2.00192E-001	-2.34797E+000	-2.00025E+000	2.96678E-004	11	..........a	-327.68
	2084	2085	-1.64976E+000	-2.00192E-001	-2.36156E+000	-2.00025E+000	3.07161E-004	11	..........a	-327.68
	2085	2086	-1.65296E+000	-2.00192E-001	-2.37111E+000	-2.00025E+000	3.01328E-004	11	..........a	-327.68
	2086	2087	-1.65056E+000	-2.00193E-001	-2.38265E+000	-2.00025E+000	3.07311E-004	11	..........a	-327.68
	2087	2088	-1.65616E+000	-2.00193E-001	-2.38462E+000	-2.00025E+000	3.03028E-004	11	..........a	-327.68
	2088	2089	-1.65536E+000	-2.00193E-001	-2.39534E+000	-2.00025E+000	2.98194E-004	11	..........a	-327.68
	2089	2090	-1.65536E+000	-2.00192E-001	-2.40271E+000	-2.00025E+000	2.92294E-004	11	..........a	-327.68
	2090	2091	-1.65856E+000	-2.00193E-001	-2.40641E+000	-2.00025E+000	2.97311E-004	11	..........a	-327.68
	2091	2092	-1.65216E+000	-2.00192E-001	-2.42108E+000	-2.00025E+000	2.96461E-004	11	..........a	-327.68
	2092	2093	-1.65856E+000	-2.00193E-001	-2.42248E+000	-2.00025E+000	2.98111E-004	11	..........a	-327.68
	2093	2094	-1.65536E+000	-2.00193E-001	-2.43257E+000	-2.00025E+000	3.02511E-004	11	..........a	-327.68
	2094	2095	-1.65496E+000	-2.00192E-001	-2.44033E+000	-2.00025E+000	2.98344E-004	11	..........a	-327.68
	2095	2096	-1.65536E+000	-2.00192E-001	-2.44805E+000	-2.00025E+000	3.07261E-004	11	..........a	-327.68
	2096	2097	-1.65656E+000	-2.00192E-001	-2.45379E+000	-2.00025E+000	3.10244E-004	11	..........a	-327.68
	2097	2098	-1.65896E+000	-2.00193E-001	-2.45970E+000	-2.00025E+000	3.06978E-004	11	..........a	-327.68
	2098	2099	-1.65536E+000	-2.00192E-001	-2.47401E+000	-2.00025E+000	3.01978E-004	11	..........a	-327.68
	2099	2100	-1.65576E+000	-2.00192E-001	-2.48171E+000	-2.00025E+000	3.05294E-004	11	..........a	-327.68
	2100	2101	-1.65616E+000	-2.00192E-001	-2.48778E+000	-2.00025E+000	2.93944E-004	11	..........a	-327.68
	2101	2102	-1.65696E+000	-2.00192E-001	-2.49211E+000	-2.00025E+000	3.05711E-004	11	..........a	-327.68
	2102	2103	-1.65616E+000	-2.00193E-001	-2.50094E+000	-2.00025E+000	3.01661E-004	11	..........a	-327.68
	2103	2104	-1.65456E+000	-2.00192E-001	-2.51163E+000	-2.00025E+000	2.99028E-004	11	..........a	-327.68
	2104	2105	-1.65216E+000	-2.00192E-001	-2.53812E+000	-2.00025E+000	3.04428E-004	11	..........a	-327.68
	2105	2106	-1.65296E+000	-2.00193E-001	-2.54133E+000	-2.00025E+000	3.02678E-004	11	..........a	-327.68
	2106	2107	-1.65376E+000	-2.00193E-001	-2.53852E+000	-2.00025E+000	3.06844E-004	11	..........a	-327.68
	2107	2108	-1.65576E+000	-2.00192E-001	-2.53487E+000	-2.00025E+000	2.99661E-004	11	..........a	-327.68
	2108	2109	-1.65376E+000	-2.00192E-001	-2.54030E+000	-2.00025E+000	2.98811E-004	11	..........a	-327.68
	2109	2110	-1.65496E+000	-2.00192E-001	-2.54007E+000	-2.00025E+000	2.89011E-004	11	..........a	-327.68
	2110	2111	-1.65136E+000	-2.00192E-001	-2.55144E+000	-2.00025E+000	2.93244E-004	11	..........a	-327.68
	2111	2112	-1.65416E+000	-2.00192E-001	-2.36462E+000	-2.00025E+000	2.97011E-004	11	..........a	-327.68
	2112	2113	-1.65536E+000	-2.00192E-001	-2.37389E+000	-2.00025E+000	3.01794E-004	11	..........a	-327.68
	2113	2114	-1.65616E+000	-2.00192E-001	-2.38203E+000	-2.00025E+000	3.01694E-004	11	..........a	-327.68
	2114	2115	-1.65776E+000	-2.00192E-001	-2.39050E+000	-2.00025E+000	3.03994E-004	11	..........a	-327.68
	2115	2116	-1.65696E+000	-2.00192E-001	-2.39895E+000	-2.00025E+000	2.99378E-004	11	..........a	-327.68
	2116	2117	-1.65936E+000	-2.00193E-001	-2.40836E+000	-2.00025E+000	2.94844E-004	11	..........a	-327.68
	2117	2118	-1.65576E+000	-2.00193E-001	-2.41973E+000	-2.00025E+000	3.01978E-004	11	..........a	-327.68
	2118	2119	-1.65536E+000	-2.00193E-001	-2.42638E+000	-2.00025E+000	3.05044E-004	11	..........a	-327.68
	2119	2120	-1.65656E+000	-2.00193E-001	-2.43094E+000	-2.00025E+000	2.92294E-004	11	..........a	-327.68
	2120	2121	-1.65656E+000	-2.00192E-001	-2.43728E+000	-2.00025E+000	2.96794E-004	11	..........a	-327.68
	2121	2122	-1.65256E+000	-2.00192E-001	-2.44364E+000	-2.00025E+000	3.01828E-004	11	..........a	-327.68
	2122	2123	-1.65496E+000	-2.00193E-001	-2.45210E+000	-2.00025E+000	2.98594E-004	11	..........a	-327.68
	2123	2124	-1.65536E+000	-2.00192E-001	-2.45923E+000	-2.00025E+000	2.98361E-004	11	..........a	-327.68
	2124	2125	-1.65736E+000	-2.00192E-001	-2.46772E+000	-2.00025E+000	3.00961E-004	11	..........a	-327.68
	2125	2126	-1.65616E+000	-2.00192E-001	-2.47555E+000	-2.00025E+000	3.03128E-004	11	..........a	-327.68
	2126	2127	-1.65616E+000	-2.00192E-001	-2.48264E+000	-2.00025E+000	3.05294E-004	11	..........a	-327.68
	2127	2128	-1.65656E+000	-2.00192E-001	-2.48982E+000	-2.00025E+000	2.98278E-004	11	..........a	-327.68
	2128	2129	-1.65576E+000	-2.00193E-001	-2.49795E+000	-2.00025E+000	3.02228E-004	11	..........a	-327.68
	2129	2130	-1.65776E+000	-2.00193E-001	-2.50316E+000	-2.00025E+000	2.99661E-004	11	..........a	-327.68
	2130	2131	-1.65576E+000	-2.00192E-001	-2.51211E+000	-2.00025E+000	3.00211E-004	11	..........a	-327.68
	2131	2132	-1.65616E+000	-2.00192E-001	-2.51960E+000	-2.00025E+000	3.05911E-004	11	..........a	-327.68
	2132	2133	-1.65616E+000	-2.00192E-001	-2.52493E+000	-2.00025E+000	3.01044E-004	11	..........a	-327.68
	2133	2134	-1.65656E+000	-2.00192E-001	-2.53293E+000	-2.00025E+000	2.95478E-004	11	..........a	-327.68
	2134	2135	-1.65456E+000	-2.00197E-001	-2.54194E+000	-2.00025E+000	5.04944E-004	11	..........a	-327.68
	2135	2136	-1.65536E+000	-2.00197E-001	-2.54595E+000	-2.00025E+000	5.04644E-004	11	..........a	-327.68
	2136	2137	-1.65056E+000	-2.00197E-001	-2.57996E+000	-2.00025E+000	5.03778E-004	11	..........a	-327.68
	2137	2138	-1.65296E+000	-2.00197E-001	-2.57196E+000	-2.00025E+000	5.02461E-004	11	..........a	-327.68
	2138	2139	-1.64976E+000	-2.00197E-001	-2.56662E+000	-2.00025E+000	5.03328E-004	11	..........a	-327.68
	2139	2140	-1.65256E+000	-2.00197E-001	-2.55958E+000	-2.00025E+000	5.06094E-004	11	..........a	-327.68
	2140	2141	-1.65296E+000	-2.00197E-001	-2.35749E+000	-2.00025E+000	5.07278E-004	11	..........a	-327.68
	2141	2142	-1.65216E+000	-2.00197E-001	-2.36610E+000	-2.00025E+000	4.88328E-004	11	..........a	-327.68
	2142	2143	-1.65456E+000	-2.00197E-001	-2.37458E+000	-2.00025E+000	5.07761E-004	11	..........a	-327.68
	2143	2144	-1.65456E+000	-2.00197E-001	-2.38258E+000	-2.00025E+000	4.95428E-004	11	..........a	-327.68
	2144	2145	-1.65416E+000	-2.00197E-001	-2.38843E+000	-2.00025E+000	4.91511E-004	11	..........a	-327.68
	2145	2146	-1.65456E+000	-2.00197E-001	-2.39188E+000	-2.00025E+000	4.99778E-004	11	..........a	-327.68
	2146	2147	-1.65536E+000	-2.00197E-001	-2.39658E+000	-2.00025E+000	5.05528E-004	11	..........a	-327.68
	2147	2148	-1.65176E+000	-2.00193E-001	-2.40842E+000	-2.00025E+000	3.31528E-004	11	..........a	-327.68
	2148	2149	-1.65816E+000	-2.00193E-001	-2.40807E+000	-2.00025E+000	3.26228E-004	11	..........a	-327.68
	2149	2150	-1.65456E+000	-2.00193E-001	-2.41520E+000	-2.00025E+000	3.23728E-004	11	..........a	-327.68
	2150	2151	-1.65176E+000	-2.00192E-001	-2.42445E+000	-2.00025E+000	3.23378E-004	11	..........a	-327.68
	2151	2152	-1.65216E+000	-2.00193E-001	-2.42700E+000	-2.00025E+000	3.20094E-004	11	..........a	-327.68
	2152	2153	-1.65296E+000	-2.00192E-001	-2.43243E+000	-2.00025E+000	3.16094E-004	11	..........a	-327.68
	2153	2154	-1.65216E+000	-2.00193E-001	-2.43522E+000	-2.00025E+000	3.21861E-004	11	..........a	-327.68
	2154	2155	-1.65616E+000	-2.00193E-001	-2.44377E+000	-2.00025E+000	3.32544E-004	11	..........a	-327.68
	2155	2156	-1.65416E+000	-2.00193E-001	-2.45247E+000	-2.00025E+000	3.29328E-004	11	..........a	-327.68
	2156	2157	-1.65216E+000	-2.00193E-001	-2.45924E+000	-2.00025E+000	3.27811E-004	11	..........a	-327.68
	2157	2158	-1.65336E+000	-2.00193E-001	-2.46111E+000	-2.00025E+000	3.29361E-004	11	..........a	-327.68
	2158	2159	-1.65176E+000	-2.00193E-001	-2.47082E+000	-2.00025E+000	3.28778E-004	11	..........a	-327.68
	2159	2160	-1.65176E+000	-2.00193E-001	-2.47874E+000	-2.00025E+000	3.30511E-004	11	..........a	-327.68
	2160	2161	-1.65096E+000	-2.00193E-001	-2.48384E+000	-2.00025E+000	3.21244E-004	11	..........a	-327.68
	2161	2162	-1.65336E+000	-2.00192E-001	-2.48683E+000	-2.00025E+000	3.24311E-004	11	..........a	-327.68
	2162	2163	-1.65336E+000	-2.00192E-001	-2.49191E+000	-2.00025E+000	3.23961E-004	11	..........a	-327.68
	2163	2164	-1.65336E+000	-2.00192E-001	-2.49834E+000	-2.00025E+000	3.27994E-004	11	..........a	-327.68
	2164	2165	-1.65336E+000	-2.00192E-001	-2.50480E+000	-2.00025E+000	3.25761E-004	11	..........a	-327.68
	2165	2166	-1.65136E+000	-2.00192E-001	-2.50629E+000	-2.00025E+000	3.29611E-004	11	..........a	-327.68
	2166	2167	-1.65176E+000	-2.00192E-001	-2.51477E+000	-2.00025E+000	3.29944E-004	11	..........a	-327.68
	2167	2168	-1.65096E+000	-2.00192E-001	-2.52142E+000	-2.00025E+000	3.29561E-004	11	..........a	-327.68
	2168	2169	-1.65096E+000	-2.00192E-001	-2.53335E+000	-2.00025E+000	3.34744E-004	11	..........a	-327.68
	2169	2170	-1.64896E+000	-2.00193E-001	-2.53227E+000	-2.00025E+000	3.24894E-004	11	..........a	-327.68
	2170	2171	-1.65296E+000	-2.00193E-001	-2.53407E+000	-2.00025E+000	3.25511E-004	11	..........a	-327.68
	2171	2172	-1.65016E+000	-2.00193E-001	-2.53648E+000	-2.00025E+000	3.29961E-004	11	..........a	-327.68
	2172	2173	-1.65176E+000	-2.00193E-001	-2.34344E+000	-2.00025E+000	3.31694E-004	11	..........a	-327.68
	2173	2174	-1.64936E+000	-2.00197E-001	-2.35643E+000	-2.00025E+000	4.55811E-004	11	..........a	-327.68
	2174	2175	-1.65296E+000	-2.00198E-001	-2.36567E+000	-2.00025E+000	4.51444E-004	11	..........a	-327.68
	2175	2176	-1.65176E+000	-2.00197E-001	-2.37553E+000	-2.00025E+000	4.59161E-004	11	..........a	-327.68
	2176	2177	-1.65416E+000	-2.00198E-001	-2.37882E+000	-2.00025E+000	4.48211E-004	11	..........a	-327.68
	2177	2178	-1.65576E+000	-2.00198E-001	-2.38352E+000	-2.00025E+000	4.51878E-004	11	..........a	-327.68
	2178	2179	-1.65416E+000	-2.00198E-001	-2.39317E+000	-2.00025E+000	4.50961E-004	11	..........a	-327.68
	2179	2180	-1.65616E+000	-2.00198E-001	-2.40091E+000	-2.00025E+000	4.48628E-004	11	..........a	-327.68
	2180	2181	-1.65176E+000	-2.00198E-001	-2.41059E+000	-2.00025E+000	4.55611E-004	11	..........a	-327.68
	2181	2182	-1.65056E+000	-2.00198E-001	-2.41624E+000	-2.00025E+000	4.60394E-004	11	..........a	-327.68
	2182	2183	-1.65176E+000	-2.00198E-001	-2.42060E+000	-2.00025E+000	4.44928E-004	11	..........a	-327.68
	2183	2184	-1.65616E+000	-2.00198E-001	-2.42632E+000	-2.00025E+000	4.62711E-004	11	..........a	-327.68
	2184	2185	-1.65256E+000	-2.00198E-001	-2.43638E+000	-2.00025E+000	4.61378E-004	11	..........a	-327.68
	2185	2186	-1.65296E+000	-2.00198E-001	-2.44178E+000	-2.00025E+000	4.60661E-004	11	..........a	-327.68
	2186	2187	-1.65456E+000	-2.00198E-001	-2.45286E+000	-2.00025E+000	4.60694E-004	11	..........a	-327.68
	2187	2188	-1.65616E+000	-2.00197E-001	-2.45954E+000	-2.00025E+000	4.60944E-004	11	..........a	-327.68
	2188	2189	-1.65416E+000	-2.00198E-001	-2.47110E+000	-2.00025E+000	4.55544E-004	11	..........a	-327.68
	2189	2190	-1.65296E+000	-2.00197E-001	-2.47887E+000	-2.00025E+000	4.54294E-004	11	..........a	-327.68
	2190	2191	-1.65256E+000	-2.00197E-001	-2.48387E+000	-2.00025E+000	4.53344E-004	11	..........a	-327.68
	2191	2192	-1.65296E+000	-2.00197E-001	-2.49164E+000	-2.00025E+000	4.47728E-004	11	..........a	-327.68
	2192	2193	-1.65576E+000	-2.00197E-001	-2.49354E+000	-2.00025E+000	4.51778E-004	11	..........a	-327.68
	2193	2194	-1.65616E+000	-2.00197E-001	-2.50315E+000	-2.00025E+000	4.51711E-004	11	..........a	-327.68
	2194	2195	-1.65456E+000	-2.00197E-001	-2.51450E+000	-2.00025E+000	4.49128E-004	11	..........a	-327.68
	2195	2196	-1.65496E+000	-2.00197E-001	-2.52718E+000	-2.00025E+000	4.47411E-004	11	..........a	-327.68
	2196	2197	-1.65176E+000	-2.00197E-001	-2.55084E+000	-2.00025E+000	4.46628E-004	11	..........a	-327.68
	2197	2198	-1.65216E+000	-2.00197E-001	-2.55044E+000	-2.00025E+000	4.43894E-004	11	..........a	-327.68
	2198	2199	-1.65136E+000	-2.00197E-001	-2.54820E+000	-2.00025E+000	4.48078E-004	11	..........a	-327.68
	2199	2200	-1.65576E+000	-2.00191E-001	-2.54641E+000	-2.00025E+000	4.10061E-004	11	..........a	-327.68
	2200	2201	-1.65216E+000	-2.00191E-001	-2.55417E+000	-2.00025E+000	4.23778E-004	11	..........a	-327.68
	2201	2202	-1.65176E+000	-2.00191E-001	-2.55851E+000	-2.00025E+000	4.23461E-004	11	..........a	-327.68
	2202	2203	-1.65256E+000	-2.00191E-001	-2.36833E+000	-2.00025E+000	4.16744E-004	11	..........a	-327.68
	2203	2204	-1.65576E+000	-2.00192E-001	-2.37770E+000	-2.00025E+000	4.19944E-004	11	..........a	-327.68
	2204	2205	-1.65576E+000	-2.00192E-001	-2.38447E+000	-2.00025E+000	4.18244E-004	11	..........a	-327.68
	2205	2206	-1.65336E+000	-2.00191E-001	-2.39380E+000	-2.00025E+000	4.14611E-004	11	..........a	-327.68
	2206	2207	-1.65416E+000	-2.00191E-001	-2.39873E+000	-2.00025E+000	4.07244E-004	11	..........a	-327.68
	2207	2208	-1.65536E+000	-2.00192E-001	-2.40274E+000	-2.00025E+000	4.22094E-004	11	..........a	-327.68
	2208	2209	-1.65096E+000	-2.00192E-001	-2.41184E+000	-2.00025E+000	4.23228E-004	11	..........a	-327.68
	2209	2210	-1.65256E+000	-2.00192E-001	-2.41561E+000	-2.00025E+000	4.31711E-004	11	..........a	-327.68
	2210	2211	-1.65416E+000	-2.00192E-001	-2.42375E+000	-2.00025E+000	4.31644E-004	11	..........a	-327.68
	2211	2212	-1.65176E+000	-2.00192E-001	-2.43334E+000	-2.00025E+000	4.24461E-004	11	..........a	-327.68
	2212	2213	-1.65336E+000	-2.00192E-001	-2.43708E+000	-2.00025E+000	4.18228E-004	11	..........a	-327.68
	2213	2214	-1.65336E+000	-2.00192E-001	-2.44131E+000	-2.00025E+000	4.35661E-004	11	..........a	-327.68
	2214	2215	-1.65576E+000	-2.00192E-001	-2.44130E+000	-2.00025E+000	4.47344E-004	11	..........a	-327.68
	2215	2216	-1.65336E+000	-2.00192E-001	-2.44952E+000	-2.00025E+000	4.48161E-004	11	..........a	-327.68
	2216	2217	-1.65296E+000	-2.00192E-001	-2.45444E+000	-2.00025E+000	4.46428E-004	11	..........a	-327.68
	2217	2218	-1.65456E+000	-2.00192E-001	-2.45748E+000	-2.00025E+000	4.58678E-004	11	..........a	-327.68
	2218	2219	-1.65416E+000	-2.00191E-001	-2.46940E+000	-2.00025E+000	4.38411E-004	11	..........a	-327.68
	2219	2220	-1.65296E+000	-2.00192E-001	-2.47383E+000	-2.00025E+000	4.18428E-004	11	..........a	-327.68
	2220	2221	-1.65456E+000	-2.00192E-001	-2.47843E+000	-2.00025E+000	4.23094E-004	11	..........a	-327.68
	2221	2222	-1.65496E+000	-2.00192E-001	-2.48349E+000	-2.00025E+000	4.25011E-004	11	..........a	-327.68
	2222	2223	-1.65536E+000	-2.00192E-001	-2.49553E+000	-2.00025E+000	4.28278E-004	11	..........a	-327.68
	2223	2224	-1.65256E+000	-2.00192E-001	-2.50425E+000	-2.00025E+000	4.31128E-004	11	..........a	-327.68
	2224	2225	-1.65136E+000	-2.00192E-001	-2.51141E+000	-2.00025E+000	4.38578E-004	11	..........a	-327.68
	2225	2226	-1.65496E+000	-2.00192E-001	-2.51483E+000	-2.00025E+000	4.34144E-004	11	..........a	-327.68
	2226	2227	-1.64856E+000	-2.00192E-001	-2.54081E+000	-2.00025E+000	4.22278E-004	11	..........a	-327.68
	2227	2228	-1.64896E+000	-2.00191E-001	-2.53652E+000	-2.00025E+000	4.22028E-004	11	..........a	-327.68
	2228	2229	-1.64856E+000	-2.00192E-001	-2.53792E+000	-2.00025E+000	4.24694E-004	11	..........a	-327.68
	2229	2230	-1.65056E+000	-2.00192E-001	-2.53555E+000	-2.00025E+000	4.20844E-004	11	..........a	-327.68
	2230	2231	-1.65096E+000	-2.00192E-001	-2.53774E+000	-2.00025E+000	4.25561E-004	11	..........a	-327.68
	2231	2232	-1.64856E+000	-2.00192E-001	-2.33474E+000	-2.00025E+000	4.24928E-004	11	..........a	-327.68
	2232	2233	-1.65096E+000	-2.00192E-001	-2.34190E+000	-2.00025E+000	4.30678E-004	11	..........a	-327.68
	2233	2234	-1.65056E+000	-2.00192E-001	-2.34868E+000	-2.00025E+000	4.25044E-004	11	..........a	-327.68
	2234	2235	-1.65376E+000	-2.00192E-001	-2.35164E+000	-2.00025E+000	4.13111E-004	11	..........a	-327.68
	2235	2236	-1.65056E+000	-2.00192E-001	-2.36084E+000	-2.00025E+000	4.23561E-004	11	..........a	-327.68
	2236	2237	-1.65136E+000	-2.00191E-001	-2.36884E+000	-2.00025E+000	4.27178E-004	11	..........a	-327.68
	2237	2238	-1.65216E+000	-2.00192E-001	-2.37542E+000	-2.00025E+000	4.21011E-004	11	..........a	-327.68
	2238	2239	-1.65256E+000	-2.00190E-001	-2.38300E+000	-2.00025E+000	5.09528E-004	11	..........a	-327.68
	2239	2240	-1.65256E+000	-2.00190E-001	-2.38967E+000	-2.00025E+000	5.02878E-004	11	..........a	-327.68
	2240	2241	-1.65176E+000	-2.00190E-001	-2.39627E+000	-2.00025E+000	5.07361E-004	11	..........a	-327.68
	2241	2242	-1.65336E+000	-2.00190E-001	-2.39938E+000	-2.00025E+000	5.05311E-004	11	..........a	-327.68
	2242	2243	-1.65296E+000	-2.00190E-001	-2.40518E+000	-2.00025E+000	5.08944E-004	11	..........a	-327.68
	2243	2244	-1.65256E+000	-2.00190E-001	-2.41335E+000	-2.00025E+000	5.07128E-004	11	..........a	-327.68
	2244	2245	-1.65336E+000	-2.00190E-001	-2.42077E+000	-2.00025E+000	5.06578E-004	11	..........a	-327.68
	2245	2246	-1.65336E+000	-2.00190E-001	-2.43063E+000	-2.00025E+000	5.08428E-004	11	..........a	-327.68
	2246	2247	-1.65216E+000	-2.00190E-001	-2.44049E+000	-2.00025E+000	5.06678E-004	11	..........a	-327.68
	2247	2248	-1.65216E+000	-2.00190E-001	-2.44366E+000	-2.00025E+000	5.09628E-004	11	..........a	-327.68
	2248	2249	-1.65456E+000	-2.00190E-001	-2.45221E+000	-2.00025E+000	5.17044E-004	11	..........a	-327.68
	2249	2250	-1.65176E+000	-2.00190E-001	-2.46392E+000	-2.00025E+000	5.14861E-004	11	..........a	-327.68
	2250	2251	-1.65256E+000	-2.00190E-001	-2.47076E+000	-2.00025E+000	5.12444E-004	11	..........a	-327.68
	2251	2252	-1.65176E+000	-2.00190E-001	-2.48002E+000	-2.00025E+000	5.10594E-004	11	..........a	-327.68
	2252	2253	-1.65216E+000	-2.00190E-001	-2.48755E+000	-2.00025E+000	5.09111E-004	11	..........a	-327.68
	2253	2254	-1.65376E+000	-2.00190E-001	-2.49774E+000	-2.00025E+000	5.08928E-004	11	..........a	-327.68
	2254	2255	-1.65416E+000	-2.00190E-001	-2.50426E+000	-2.00025E+000	5.04244E-004	11	..........a	-327.68
	2255	2256	-1.65216E+000	-2.00190E-001	-2.50827E+000	-2.00025E+000	5.07644E-004	11	..........a	-327.68
	2256	2257	-1.65136E+000	-2.00190E-001	-2.51462E+000	-2.00025E+000	5.09778E-004	11	..........a	-327.68
	2257	2258	-1.65536E+000	-2.00190E-001	-2.51648E+000	-2.00025E+000	5.06078E-004	11	..........a	-327.68
	2258	2259	-1.65496E+000	-2.00190E-001	-2.52796E+000	-2.00025E+000	5.04828E-004	11	..........a	-327.68
	2259	2260	-1.64936E+000	-2.00190E-001	-2.55405E+000	-2.00025E+000	5.06794E-004	11	..........a	-327.68
	2260	2261	-1.64936E+000	-2.00190E-001	-2.54677E+000	-2.00025E+000	5.11811E-004	11	..........a	-327.68
	2261	2262	-1.65096E+000	-2.00190E-001	-2.54475E+000	-2.00025E+000	5.02361E-004	11	..........a	-327.68
	2262	2263	-1.65176E+000	-2.00190E-001	-2.32923E+000	-2.00025E+000	5.11528E-004	11	..........a	-327.68
	2263	2264	-1.65136E+000	-2.00190E-001	-2.34009E+000	-2.00025E+000	5.04994E-004	11	..........a	-327.68
	2264	2265	-1.65256E+000	-2.00190E-001	-2.35023E+000	-2.00025E+000	5.06144E-004	11	..........a	-327.68
	2265	2266	-1.65216E+000	-2.00190E-001	-2.36217E+000	-2.00025E+000	5.13578E-004	11	..........a	-327.68
	2266	2267	-1.65216E+000	-2.00190E-001	-2.36954E+000	-2.00025E+000	5.14861E-004	11	..........a	-327.68
	2267	2268	-1.65256E+000	-2.00190E-001	-2.37716E+000	-2.00025E+000	5.08694E-004	11	..........a	-327.68
	2268	2269	-1.65336E+000	-2.00190E-001	-2.38349E+000	-2.00025E+000	5.09044E-004	11	..........a	-327.68
	2269	2270	-1.65296E+000	-2.00190E-001	-2.39151E+000	-2.00025E+000	5.05094E-004	11	..........a	-327.68
	2270	2271	-1.65296E+000	-2.00190E-001	-2.39814E+000	-2.00025E+000	5.03311E-004	11	..........a	-327.68
	2271	2272	-1.65576E+000	-2.00190E-001	-2.40092E+000	-2.00025E+000	5.04194E-004	11	..........a	-327.68
	2272	2273	-1.65176E+000	-2.00190E-001	-2.40939E+000	-2.00025E+000	5.07061E-004	11	..........a	-327.68
	2273	2274	-1.65256E+000	-2.00190E-001	-2.41529E+000	-2.00025E+000	5.04744E-004	11	..........a	-327.68
	2274	2275	-1.64976E+000	-2.00190E-001	-2.42070E+000	-2.00025E+000	5.12561E-004	11	..........a	-327.68
	2275	2276	-1.65256E+000	-2.00190E-001	-2.42623E+000	-2.00025E+000	5.05594E-004	11	..........a	-327.68
	2276	2277	-1.65096E+000	-2.00190E-001	-2.43134E+000	-2.00025E+000	5.02128E-004	11	..........a	-327.68
	2277	2278	-1.65096E+000	-2.00190E-001	-2.43909E+000	-2.00025E+000	5.00178E-004	11	..........a	-327.68
	2278	2279	-1.65016E+000	-2.00190E-001	-2.44733E+000	-2.00025E+000	5.02061E-004	11	..........a	-327.68
	2279	2280	-1.65016E+000	-2.00190E-001	-2.45420E+000	-2.00025E+000	5.01978E-004	11	..........a	-327.68
	2280	2281	-1.65016E+000	-2.00190E-001	-2.46039E+000	-2.00025E+000	4.99411E-004	11	..........a	-327.68
	2281	2282	-1.65136E+000	-2.00190E-001	-2.46533E+000	-2.00025E+000	5.06911E-004	11	..........a	-327.68
	2282	2283	-1.64976E+000	-2.00190E-001	-2.48309E+000	-2.00025E+000	5.00444E-004	11	..........a	-327.68
	2283	2284	-1.64496E+000	-2.00190E-001	-2.48197E+000	-2.00025E+000	5.05044E-004	11	..........a	-327.68
	2284	2285	-1.64976E+000	-2.00190E-001	-2.47638E+000	-2.00025E+000	5.02828E-004	11	..........a	-327.68
	2285	2286	-1.64296E+000	-2.00190E-001	-2.48266E+000	-2.00025E+000	5.03661E-004	11	..........a	-327.68
	2286	2287	-1.64776E+000	-2.00190E-001	-2.48891E+000	-2.00025E+000	5.07444E-004	11	..........a	-327.68
	2287	2288	-1.64816E+000	-2.00193E-001	-2.30589E+000	-2.00025E+000	5.95777E-005	11	..........a	-327.68
	2288	2289	-1.64816E+000	-2.00193E-001	-2.32285E+000	-2.00025E+000	5.91777E-005	11	..........a	-327.68
	2289	2290	-1.65016E+000	-2.00193E-001	-2.34381E+000	-2.00025E+000	5.65111E-005	11	..........a	-327.68
	2290	2291	-1.65176E+000	-2.00192E-001	-2.36332E+000	-2.00025E+000	5.73611E-005	11	..........a	-327.68
	2291	2292	-1.65016E+000	-2.00192E-001	-2.37589E+000	-2.00025E+000	5.94777E-005	11	..........a	-327.68
	2292	2293	-1.65056E+000	-2.00192E-001	-2.38391E+000	-2.00025E+000	5.52777E-005	11	..........a	-327.68
	2293	2294	-1.65296E+000	-2.00192E-001	-2.38711E+000	-2.00025E+000	5.87944E-005	11	..........a	-327.68
	2294	2295	-1.65256E+000	-2.00192E-001	-2.39039E+000	-2.00025E+000	5.60944E-005	11	..........a	-327.68
	2295	2296	-1.65616E+000	-2.00192E-001	-2.39180E+000	-2.00025E+000	5.70444E-005	11	..........a	-327.68
	2296	2297	-1.65096E+000	-2.00192E-001	-2.40288E+000	-2.00025E+000	5.89777E-005	11	..........a	-327.68
	2297	2298	-1.65576E+000	-2.00192E-001	-2.40358E+000	-2.00025E+000	6.05944E-005	11	..........a	-327.68
	2298	2299	-1.65696E+000	-2.00192E-001	-2.40725E+000	-2.00025E+000	6.04777E-005	11	..........a	-327.68
	2299	2300	-1.65456E+000	-2.00192E-001	-2.41417E+000	-2.00025E+000	6.12111E-005	11	..........a	-327.68
	2300	2301	-1.65616E+000	-2.00192E-001	-2.41856E+000	-2.00025E+000	6.01944E-005	11	..........a	-327.68
	2301	2302	-1.65176E+000	-2.00193E-001	-2.43013E+000	-2.00025E+000	5.87111E-005	11	..........a	-327.68
	2302	2303	-1.65176E+000	-2.00193E-001	-2.43835E+000	-2.00025E+000	5.59611E-005	11	..........a	-327.68
	2303	2304	-1.65176E+000	-2.00192E-001	-2.44021E+000	-2.00025E+000	5.83277E-005	11	..........a	-327.68
	2304	2305	-1.65256E+000	-2.00192E-001	-2.44731E+000	-2.00025E+000	5.94944E-005	11	..........a	-327.68
	2305	2306	-1.65296E+000	-2.00193E-001	-2.45384E+000	-2.00025E+000	5.82944E-005	11	..........a	-327.68
	2306	2307	-1.65176E+000	-2.00193E-001	-2.46284E+000	-2.00025E+000	5.72277E-005	11	..........a	-327.68
	2307	2308	-1.65216E+000	-2.00192E-001	-2.46989E+000	-2.00025E+000	5.76277E-005	11	..........a	-327.68
	2308	2309	-1.65176E+000	-2.00192E-001	-2.47719E+000	-2.00025E+000	5.90611E-005	11	..........a	-327.68
	2309	2310	-1.64856E+000	-2.00191E-001	-2.50905E+000	-2.00025E+000	6.07277E-005	11	..........a	-327.68
	2310	2311	-1.65176E+000	-2.00192E-001	-2.50808E+000	-2.00025E+000	5.81111E-005	11	..........a	-327.68
	2311	2312	-1.65016E+000	-2.00192E-001	-2.50599E+000	-2.00025E+000	5.95444E-005	11	..........a	-327.68
	2312	2313	-1.65176E+000	-2.00192E-001	-2.50432E+000	-2.00025E+000	5.87944E-005	11	..........a	-327.68
	2313	2314	-1.65016E+000	-2.00192E-001	-2.50958E+000	-2.00025E+000	5.84611E-005	11	..........a	-327.68
	2314	2315	-1.64976E+000	-2.00192E-001	-2.51485E+000	-2.00025E+000	5.94777E-005	11	..........a	-327.68
	2315	2316	-1.64936E+000	-2.00192E-001	-2.32310E+000	-2.00025E+000	5.99777E-005	11	..........a	-327.68
	2316	2317	-1.65096E+000	-2.00192E-001	-2.33442E+000	-2.00025E+000	5.71444E-005	11	..........a	-327.68
	2317	2318	-1.65016E+000	-2.00192E-001	-2.34618E+000	-2.00025E+000	5.76611E-005	11	..........a	-327.68
	2318	2319	-1.65016E+000	-2.00192E-001	-2.35369E+000	-2.00025E+000	5.62111E-005	11	..........a	-327.68
	2319	2320	-1.65376E+000	-2.00192E-001	-2.35852E+000	-2.00025E+000	5.86444E-005	11	..........a	-327.68
	2320	2321	-1.65256E+000	-2.00192E-001	-2.36298E+000	-2.00025E+000	3.16228E-004	11	..........a	-327.68
	2321	2322	-1.65216E+000	-2.00192E-001	-2.36896E+000	-2.00025E+000	3.13178E-004	11	..........a	-327.68
	2322	2323	-1.65176E+000	-2.00191E-001	-2.37748E+000	-2.00025E+000	3.02628E-004	11	..........a	-327.68
	2323	2324	-1.65216E+000	-2.00191E-001	-2.38552E+000	-2.00025E+000	3.13294E-004	11	..........a	-327.68
	2324	2325	-1.65256E+000	-2.00192E-001	-2.39309E+000	-2.00025E+000	3.12361E-004	11	..........a	-327.68
	2325	2326	-1.65536E+000	-2.00192E-001	-2.39778E+000	-2.00025E+000	3.15511E-004	11	..........a	-327.68
	2326	2327	-1.65096E+000	-2.00191E-001	-2.41095E+000	-2.00025E+000	3.19628E-004	11	..........a	-327.68
	2327	2328	-1.65256E+000	-2.00192E-001	-2.41780E+000	-2.00025E+000	3.14444E-004	11	..........a	-327.68
	2328	2329	-1.65096E+000	-2.00192E-001	-2.42385E+000	-2.00025E+000	3.22711E-004	11	..........a	-327.68
	2329	2330	-1.65336E+000	-2.00192E-001	-2.42843E+000	-2.00025E+000	3.20044E-004	11	..........a	-327.68
	2330	2331	-1.65336E+000	-2.00192E-001	-2.43746E+000	-2.00025E+000	3.18894E-004	11	..........a	-327.68
	2331	2332	-1.65336E+000	-2.00192E-001	-2.44835E+000	-2.00025E+000	3.17161E-004	11	..........a	-327.68
	2332	2333	-1.65256E+000	-2.00192E-001	-2.45714E+000	-2.00025E+000	3.17211E-004	11	..........a	-327.68
	2333	2334	-1.65296E+000	-2.00192E-001	-2.46383E+000	-2.00025E+000	3.15828E-004	11	..........a	-327.68
	2334	2335	-1.65296E+000	-2.00192E-001	-2.47225E+000	-2.00025E+000	3.09828E-004	11	..........a	-327.68
	2335	2336	-1.65296E+000	-2.00192E-001	-2.48427E+000	-2.00025E+000	3.16061E-004	11	..........a	-327.68
	2336	2337	-1.65216E+000	-2.00192E-001	-2.48749E+000	-2.00025E+000	3.16361E-004	11	..........a	-327.68
	2337	2338	-1.65296E+000	-2.00192E-001	-2.49594E+000	-2.00025E+000	3.12161E-004	11	..........a	-327.68
	2338	2339	-1.65296E+000	-2.00192E-001	-2.50386E+000	-2.00025E+000	3.13861E-004	11	..........a	-327.68
	2339	2340	-1.65376E+000	-2.00192E-001	-2.51571E+000	-2.00025E+000	3.16511E-004	11	..........a	-327.68
	2340	2341	-1.65016E+000	-2.00192E-001	-2.53481E+000	-2.00025E+000	3.15311E-004	11	..........a	-327.68
	2341	2342	-1.65016E+000	-2.00192E-001	-2.53393E+000	-2.00025E+000	3.17944E-004	11	..........a	-327.68
	2342	2343	-1.65096E+000	-2.00192E-001	-2.53131E+000	-2.00025E+000	3.15628E-004	11	..........a	-327.68
	2343	2344	-1.65176E+000	-2.00193E-001	-2.52901E+000	-2.00025E+000	3.17378E-004	11	..........a	-327.68
	2344	2345	-1.65016E+000	-2.00193E-001	-2.53364E+000	-2.00025E+000	3.16078E-004	11	..........a	-327.68
	2345	2346	-1.64936E+000	-2.00193E-001	-2.33748E+000	-2.00025E+000	3.24628E-004	11	..........a	-327.68
	2346	2347	-1.65056E+000	-2.00193E-001	-2.34881E+000	-2.00025E+000	3.15394E-004	11	..........a	-327.68
	2347	2348	-1.65256E+000	-2.00193E-001	-2.36476E+000	-2.00025E+000	3.18444E-004	11	..........a	-327.68
	2348	2349	-1.65016E+000	-2.00192E-001	-2.38370E+000	-2.00025E+000	3.15411E-004	11	..........a	-327.68
	2349	2350	-1.65256E+000	-2.00193E-001	-2.39844E+000	-2.00025E+000	3.22028E-004	11	..........a	-327.68
	2350	2351	-1.65096E+000	-2.00192E-001	-2.41330E+000	-2.00025E+000	3.08844E-004	11	..........a	-327.68
	2351	2352	-1.65376E+000	-2.00193E-001	-2.42135E+000	-2.00025E+000	3.22294E-004	11	..........a	-327.68
	2352	2353	-1.65416E+000	-2.00192E-001	-2.43067E+000	-2.00025E+000	3.20644E-004	11	..........a	-327.68
	2353	2354	-1.65496E+000	-2.00193E-001	-2.43985E+000	-2.00025E+000	3.25628E-004	11	..........a	-327.68
	2354	2355	-1.65456E+000	-2.00192E-001	-2.45209E+000	-2.00025E+000	3.18911E-004	11	..........a	-327.68
	2355	2356	-1.65616E+000	-2.00192E-001	-2.46491E+000	-2.00025E+000	3.19811E-004	11	..........a	-327.68
	2356	2357	-1.65336E+000	-2.00192E-001	-2.47919E+000	-2.00025E+000	3.22744E-004	11	..........a	-327.68
	2357	2358	-1.65616E+000	-2.00192E-001	-2.48630E+000	-2.00025E+000	3.24094E-004	11	..........a	-327.68
	2358	2359	-1.65776E+000	-2.00192E-001	-2.49250E+000	-2.00025E+000	3.19611E-004	11	..........a	-327.68
	2359	2360	-1.65696E+000	-2.00192E-001	-2.49927E+000	-2.00025E+000	3.12078E-004	11	..........a	-327.68
	2360	2361	-1.65616E+000	-2.00192E-001	-2.50451E+000	-2.00025E+000	3.10061E-004	11	..........a	-327.68
	2361	2362	-1.65696E+000	-2.00192E-001	-2.51501E+000	-2.00025E+000	3.17411E-004	11	..........a	-327.68
	2362	2363	-1.65536E+000	-2.00192E-001	-2.52583E+000	-2.00025E+000	3.13694E-004	11	..........a	-327.68
	2363	2364	-1.65536E+000	-2.00192E-001	-2.53592E+000	-2.00025E+000	3.17828E-004	11	..........a	-327.68
	2364	2365	-1.65616E+000	-2.00192E-001	-2.54656E+000	-2.00025E+000	3.27161E-004	11	..........a	-327.68
	2365	2366	-1.65536E+000	-2.00192E-001	-2.55576E+000	-2.00025E+000	3.22644E-004	11	..........a	-327.68
	2366	2367	-1.65336E+000	-2.00192E-001	-2.57301E+000	-2.00025E+000	3.22494E-004	11	..........a	-327.68
	2367	2368	-1.65216E+000	-2.00192E-001	-2.56511E+000	-2.00025E+000	3.17794E-004	11	..........a	-327.68
	2368	2369	-1.65456E+000	-2.00191E-001	-2.56087E+000	-2.00025E+000	3.17411E-004	11	..........a	-327.68
	2369	2370	-1.65616E+000	-2.00192E-001	-2.55895E+000	-2.00025E+000	3.16044E-004	11	..........a	-327.68
	2370	2371	-1.65296E+000	-2.00192E-001	-2.56367E+000	-2.00025E+000	3.16528E-004	11	..........a	-327.68
	2371	2372	-1.65096E+000	-2.00192E-001	-2.38082E+000	-2.00025E+000	3.13878E-004	11	..........a	-327.68
	2372	2373	-1.65296E+000	-2.00192E-001	-2.38501E+000	-2.00025E+000	3.08944E-004	11	..........a	-327.68
	2373	2374	-1.65536E+000	-2.00192E-001	-2.39094E+000	-2.00025E+000	3.18711E-004	11	..........a	-327.68
	2374	2375	-1.65536E+000	-2.00193E-001	-2.39788E+000	-2.00025E+000	3.18628E-004	11	..........a	-327.68
	2375	2376	-1.65496E+000	-2.00192E-001	-2.40796E+000	-2.00025E+000	3.19694E-004	11	..........a	-327.68
	2376	2377	-1.65216E+000	-2.00192E-001	-2.42182E+000	-2.00025E+000	3.15294E-004	11	..........a	-327.68
	2377	2378	-1.65216E+000	-2.00192E-001	-2.43553E+000	-2.00025E+000	3.17511E-004	11	..........a	-327.68
	2378	2379	-1.65216E+000	-2.00192E-001	-2.44922E+000	-2.00025E+000	3.10644E-004	11	..........a	-327.68
	2379	2380	-1.65576E+000	-2.00192E-001	-2.45864E+000	-2.00025E+000	3.15644E-004	11	..........a	-327.68
	2380	2381	-1.65416E+000	-2.00192E-001	-2.46810E+000	-2.00025E+000	3.14894E-004	11	..........a	-327.68
	2381	2382	-1.65536E+000	-2.00192E-001	-2.48084E+000	-2.00025E+000	3.18228E-004	11	..........a	-327.68
	2382	2383	-1.65456E+000	-2.00192E-001	-2.49116E+000	-2.00025E+000	3.18761E-004	11	..........a	-327.68
	2383	2384	-1.65616E+000	-2.00192E-001	-2.49081E+000	-2.00025E+000	3.20428E-004	11	..........a	-327.68
	2384	2385	-1.65456E+000	-2.00192E-001	-2.49836E+000	-2.00025E+000	3.20561E-004	11	..........a	-327.68
	2385	2386	-1.65616E+000	-2.00192E-001	-2.50568E+000	-2.00025E+000	3.13044E-004	11	..........a	-327.68
	2386	2387	-1.65456E+000	-2.00193E-001	-2.52368E+000	-2.00025E+000	3.12644E-004	11	..........a	-327.68
	2387	2388	-1.65536E+000	-2.00193E-001	-2.52954E+000	-2.00025E+000	3.17578E-004	11	..........a	-327.68
	2388	2389	-1.65416E+000	-2.00193E-001	-2.53460E+000	-2.00025E+000	3.13544E-004	11	..........a	-327.68
	2389	2390	-1.65176E+000	-2.00192E-001	-2.52490E+000	-2.00025E+000	2.87044E-004	11	..........a	-327.68
	2390	2391	-1.65096E+000	-2.00192E-001	-2.55162E+000	-2.00025E+000	2.93161E-004	11	..........a	-327.68
	2391	2392	-1.65096E+000	-2.00192E-001	-2.55829E+000	-2.00025E+000	2.88878E-004	11	..........a	-327.68
	2392	2393	-1.65016E+000	-2.00192E-001	-2.55818E+000	-2.00025E+000	2.89111E-004	11	..........a	-327.68
	2393	2394	-1.65176E+000	-2.00192E-001	-2.55882E+000	-2.00025E+000	2.87078E-004	11	..........a	-327.68
	2394	2395	-1.65176E+000	-2.00192E-001	-2.55890E+000	-2.00025E+000	2.91194E-004	11	..........a	-327.68
	2395	2396	-1.65016E+000	-2.00192E-001	-2.54775E+000	-2.00025E+000	2.85294E-004	11	..........a	-327.68
	2396	2397	-1.65096E+000	-2.00192E-001	-2.37190E+000	-2.00025E+000	2.90794E-004	11	..........a	-327.68
	2397	2398	-1.65216E+000	-2.00191E-001	-2.38424E+000	-2.00025E+000	3.00444E-004	11	..........a	-327.68
	2398	2399	-1.65376E+000	-2.00191E-001	-2.39672E+000	-2.00025E+000	2.91944E-004	11	..........a	-327.68
	2399	2400	-1.65496E+000	-2.00192E-001	-2.40762E+000	-2.00025E+000	2.95711E-004	11	..........a	-327.68
	2400	2401	-1.65416E+000	-2.00191E-001	-2.41771E+000	-2.00025E+000	2.94678E-004	11	..........a	-327.68
	2401	2402	-1.65456E+000	-2.00192E-001	-2.42578E+000	-2.00025E+000	2.94311E-004	11	..........a	-327.68
	2402	2403	-1.65456E+000	-2.00192E-001	-2.43291E+000	-2.00025E+000	2.99961E-004	11	..........a	-327.68
	2403	2404	-1.65496E+000	-2.00191E-001	-2.44140E+000	-2.00025E+000	2.94761E-004	11	..........a	-327.68
	2404	2405	-1.65496E+000	-2.00192E-001	-2.44479E+000	-2.00025E+000	2.87911E-004	11	..........a	-327.68
	2405	2406	-1.65496E+000	-2.00192E-001	-2.45016E+000	-2.00025E+000	2.99278E-004	11	..........a	-327.68
	2406	2407	-1.65496E+000	-2.00192E-001	-2.45047E+000	-2.00025E+000	2.86711E-004	11	..........a	-327.68
	2407	2408	-1.65696E+000	-2.00191E-001	-2.45210E+000	-2.00025E+000	2.89828E-004	11	..........a	-327.68
	2408	2409	-1.65696E+000	-2.00192E-001	-2.45999E+000	-2.00025E+000	2.93511E-004	11	..........a	-327.68
	2409	2410	-1.65576E+000	-2.00192E-001	-2.46297E+000	-2.00025E+000	2.90878E-004	11	..........a	-327.68
	2410	2411	-1.65376E+000	-2.00192E-001	-2.46878E+000	-2.00025E+000	2.85644E-004	11	..........a	-327.68
	2411	2412	-1.65256E+000	-2.00192E-001	-2.47928E+000	-2.00025E+000	2.82461E-004	11	..........a	-327.68
	2412	2413	-1.65216E+000	-2.00192E-001	-2.47859E+000	-2.00025E+000	2.91561E-004	11	..........a	-327.68
	2413	2414	-1.65296E+000	-2.00192E-001	-2.48326E+000	-2.00025E+000	2.88778E-004	11	..........a	-327.68
	2414	2415	-1.65296E+000	-2.00192E-001	-2.48735E+000	-2.00025E+000	2.91361E-004	11	..........a	-327.68
	2415	2416	-1.65216E+000	-2.00192E-001	-2.49357E+000	-2.00025E+000	2.93444E-004	11	..........a	-327.68
	2416	2417	-1.65256E+000	-2.00192E-001	-2.49975E+000	-2.00025E+000	2.98994E-004	11	..........a	-327.68
	2417	2418	-1.65256E+000	-2.00192E-001	-2.50251E+000	-2.00025E+000	2.91944E-004	11	..........a	-327.68
	2418	2419	-1.65296E+000	-2.00192E-001	-2.50727E+000	-2.00025E+000	2.92228E-004	11	..........a	-327.68
	2419	2420	-1.65096E+000	-2.00192E-001	-2.51668E+000	-2.00025E+000	2.90144E-004	11	..........a	-327.68
	2420	2421	-1.64976E+000	-2.00192E-001	-2.52454E+000	-2.00025E+000	2.89311E-004	11	..........a	-327.68
	2421	2422	-1.65136E+000	-2.00192E-001	-2.52672E+000	-2.00025E+000	2.98078E-004	11	..........a	-327.68
	2422	2423	-1.65056E+000	-2.00192E-001	-2.53394E+000	-2.00025E+000	2.98794E-004	11	..........a	-327.68
	2423	2424	-1.65056E+000	-2.00192E-001	-2.54112E+000	-2.00025E+000	2.91911E-004	11	..........a	-327.68
	2424	2425	-1.65056E+000	-2.00192E-001	-2.54932E+000	-2.00025E+000	2.90028E-004	11	..........a	-327.68
	2425	2426	-1.64936E+000	-2.00192E-001	-2.55149E+000	-2.00025E+000	2.94211E-004	11	..........a	-327.68
	2426	2427	-1.64776E+000	-2.00192E-001	-2.57154E+000	-2.00025E+000	2.92111E-004	11	..........a	-327.68
	2427	2428	-1.64696E+000	-2.00192E-001	-2.30796E+000	-2.00025E+000	2.93678E-004	11	..........a	-327.68
	2428	2429	-1.64816E+000	-2.00192E-001	-2.31880E+000	-2.00025E+000	2.95628E-004	11	..........a	-327.68
	2429	2430	-1.65016E+000	-2.00192E-001	-2.32920E+000	-2.00025E+000	2.97094E-004	11	..........a	-327.68
	2430	2431	-1.65096E+000	-2.00192E-001	-2.33998E+000	-2.00025E+000	2.93528E-004	11	..........a	-327.68
	2431	2432	-1.65096E+000	-2.00192E-001	-2.34701E+000	-2.00025E+000	2.94161E-004	11	..........a	-327.68
	2432	2433	-1.65136E+000	-2.00191E-001	-2.35031E+000	-2.00025E+000	2.89961E-004	11	..........a	-327.68
	2433	2434	-1.65176E+000	-2.00191E-001	-2.35644E+000	-2.00025E+000	2.83178E-004	11	..........a	-327.68
	2434	2435	-1.65096E+000	-2.00191E-001	-2.36473E+000	-2.00025E+000	2.85494E-004	11	..........a	-327.68
	2435	2436	-1.65096E+000	-2.00192E-001	-2.37130E+000	-2.00025E+000	2.89328E-004	11	..........a	-327.68
	2436	2437	-1.65176E+000	-2.00191E-001	-2.37713E+000	-2.00025E+000	2.99611E-004	11	..........a	-327.68
	2437	2438	-1.65096E+000	-2.00192E-001	-2.38257E+000	-2.00025E+000	2.91594E-004	11	..........a	-327.68
	2438	2439	-1.65016E+000	-2.00192E-001	-2.38793E+000	-2.00025E+000	2.91411E-004	11	..........a	-327.68
	2439	2440	-1.65096E+000	-2.00192E-001	-2.39337E+000	-2.00025E+000	2.94411E-004	11	..........a	-327.68
	2440	2441	-1.65096E+000	-2.00192E-001	-2.39962E+000	-2.00025E+000	2.96128E-004	11	..........a	-327.68
	2441	2442	-1.65176E+000	-2.00192E-001	-2.40361E+000	-2.00025E+000	2.91911E-004	11	..........a	-327.68
	2442	2443	-1.65336E+000	-2.00192E-001	-2.41348E+000	-2.00025E+000	2.91211E-004	11	..........a	-327.68
	2443	2444	-1.65176E+000	-2.00192E-001	-2.42113E+000	-2.00025E+000	2.91678E-004	11	..........a	-327.68
	2444	2445	-1.65336E+000	-2.00192E-001	-2.42723E+000	-2.00025E+000	2.85728E-004	11	..........a	-327.68
	2445	2446	-1.65096E+000	-2.00192E-001	-2.43727E+000	-2.00025E+000	2.94378E-004	11	..........a	-327.68
	2446	2447	-1.65096E+000	-2.00192E-001	-2.44280E+000	-2.00025E+000	2.89211E-004	11	..........a	-327.68
	2447	2448	-1.64976E+000	-2.00192E-001	-2.44738E+000	-2.00025E+000	2.95761E-004	11	..........a	-327.68
	2448	2449	-1.65136E+000	-2.00191E-001	-2.45519E+000	-2.00025E+000	2.89828E-004	11	..........a	-327.68
	2449	2450	-1.65056E+000	-2.00192E-001	-2.46268E+000	-2.00025E+000	2.94961E-004	11	..........a	-327.68
	2450	2451	-1.65096E+000	-2.00192E-001	-2.46866E+000	-2.00025E+000	2.90311E-004	11	..........a	-327.68
	2451	2452	-1.65176E+000	-2.00192E-001	-2.47330E+000	-2.00025E+000	2.88994E-004	11	..........a	-327.68
	2452	2453	-1.65256E+000	-2.00192E-001	-2.47895E+000	-2.00025E+000	2.92578E-004	11	..........a	-327.68
	2453	2454	-1.65096E+000	-2.00192E-001	-2.48887E+000	-2.00025E+000	2.93444E-004	11	..........a	-327.68
	2454	2455	-1.64816E+000	-2.00192E-001	-2.51813E+000	-2.00025E+000	2.97561E-004	11	..........a	-327.68
	2455	2456	-1.64816E+000	-2.00192E-001	-2.51495E+000	-2.00025E+000	2.92444E-004	11	..........a	-327.68
	2456	2457	-1.64936E+000	-2.00192E-001	-2.51254E+000	-2.00025E+000	2.88778E-004	11	..........a	-327.68
	2457	2458	-1.65056E+000	-2.00192E-001	-2.51897E+000	-2.00025E+000	2.95828E-004	11	..........a	-327.68
	2458	2459	-1.65016E+000	-2.00193E-001	-2.52541E+000	-2.00025E+000	2.98844E-004	11	..........a	-327.68
	2459	2460	-1.64936E+000	-2.00194E-001	-2.40570E+000	-2.00025E+000	3.00728E-004	11	..........a	-327.68
	2460	2461	-1.65096E+000	-2.00192E-001	-2.34276E+000	-2.00025E+000	2.99194E-004	11	..........a	-327.68
	2461	2462	-1.65096E+000	-2.00193E-001	-2.35031E+000	-2.00025E+000	3.02628E-004	11	..........a	-327.68
	2462	2463	-1.65136E+000	-2.00193E-001	-2.36081E+000	-2.00025E+000	2.99844E-004	11	..........a	-327.68
	2463	2464	-1.65256E+000	-2.00193E-001	-2.36632E+000	-2.00025E+000	2.98994E-004	11	..........a	-327.68
	2464	2465	-1.65296E+000	-2.00193E-001	-2.36872E+000	-2.00025E+000	3.00411E-004	11	..........a	-327.68
	2465	2466	-1.65016E+000	-2.00193E-001	-2.37734E+000	-2.00025E+000	3.01161E-004	11	..........a	-327.68
	2466	2467	-1.65096E+000	-2.00192E-001	-2.38470E+000	-2.00025E+000	3.00878E-004	11	..........a	-327.68
	2467	2468	-1.65256E+000	-2.00193E-001	-2.39176E+000	-2.00025E+000	3.00128E-004	11	..........a	-327.68
	2468	2469	-1.65416E+000	-2.00193E-001	-2.39876E+000	-2.00025E+000	3.08378E-004	11	..........a	-327.68
	2469	2470	-1.65176E+000	-2.00193E-001	-2.40549E+000	-2.00025E+000	3.06444E-004	11	..........a	-327.68
	2470	2471	-1.65176E+000	-2.00193E-001	-2.41634E+000	-2.00025E+000	3.01978E-004	11	..........a	-327.68
	2471	2472	-1.65256E+000	-2.00192E-001	-2.42536E+000	-2.00025E+000	2.96944E-004	11	..........a	-327.68
	2472	2473	-1.65456E+000	-2.00192E-001	-2.44098E+000	-2.00025E+000	3.01161E-004	11	..........a	-327.68
	2473	2474	-1.65016E+000	-2.00193E-001	-2.45738E+000	-2.00025E+000	3.00728E-004	11	..........a	-327.68
	2474	2475	-1.65296E+000	-2.00192E-001	-2.45993E+000	-2.00025E+000	2.99461E-004	11	..........a	-327.68
	2475	2476	-1.65056E+000	-2.00192E-001	-2.46648E+000	-2.00025E+000	3.02711E-004	11	..........a	-327.68
	2476	2477	-1.65096E+000	-2.00192E-001	-2.47521E+000	-2.00025E+000	2.98811E-004	11	..........a	-327.68
	2477	2478	-1.65016E+000	-2.00192E-001	-2.48500E+000	-2.00025E+000	2.97961E-004	11	..........a	-327.68
	2478	2479	-1.65016E+000	-2.00192E-001	-2.48853E+000	-2.00025E+000	3.06728E-004	11	..........a	-327.68
	2479	2480	-1.65256E+000	-2.00192E-001	-2.49344E+000	-2.00025E+000	3.00811E-004	11	..........a	-327.68
	2480	2481	-1.65176E+000	-2.00192E-001	-2.50747E+000	-2.00025E+000	2.99211E-004	11	..........a	-327.68
	2481	2482	-1.65176E+000	-2.00193E-001	-2.50962E+000	-2.00025E+000	3.14061E-004	11	..........a	-327.68
	2482	2483	-1.65136E+000	-2.00192E-001	-2.52496E+000	-2.00025E+000	3.04394E-004	11	..........a	-327.68
	2483	2484	-1.65056E+000	-2.00192E-001	-2.54684E+000	-2.00025E+000	3.02311E-004	11	..........a	-327.68
	2484	2485	-1.64816E+000	-2.00193E-001	-2.54350E+000	-2.00025E+000	3.03178E-004	11	..........a	-327.68
	2485	2486	-1.64816E+000	-2.00193E-001	-2.32517E+000	-2.00025E+000	2.95844E-004	11	..........a	-327.68
	2486	2487	-1.64856E+000	-2.00193E-001	-2.33130E+000	-2.00025E+000	2.97444E-004	11	..........a	-327.68
	2487	2488	-1.65136E+000	-2.00193E-001	-2.34120E+000	-2.00025E+000	3.03061E-004	11	..........a	-327.68
	2488	2489	-1.65016E+000	-2.00193E-001	-2.34760E+000	-2.00025E+000	2.97794E-004	11	..........a	-327.68
	2489	2490	-1.65056E+000	-2.00193E-001	-2.35176E+000	-2.00025E+000	3.00211E-004	11	..........a	-327.68
	2490	2491	-1.65056E+000	-2.00194E-001	-2.35600E+000	-2.00025E+000	3.05211E-004	11	..........a	-327.68
	2491	2492	-1.65016E+000	-2.00193E-001	-2.36205E+000	-2.00025E+000	3.10294E-004	11	..........a	-327.68
	2492	2493	-1.65056E+000	-2.00193E-001	-2.36914E+000	-2.00025E+000	2.98928E-004	11	..........a	-327.68
	2493	2494	-1.65176E+000	-2.00193E-001	-2.37125E+000	-2.00025E+000	2.96111E-004	11	..........a	-327.68
	2494	2495	-1.65016E+000	-2.00193E-001	-2.38315E+000	-2.00025E+000	2.98911E-004	11	..........a	-327.68
	2495	2496	-1.65056E+000	-2.00193E-001	-2.38789E+000	-2.00025E+000	3.02761E-004	11	..........a	-327.68
	2496	2497	-1.65136E+000	-2.00193E-001	-2.39728E+000	-2.00025E+000	3.07794E-004	11	..........a	-327.68
	2497	2498	-1.64736E+000	-2.00193E-001	-2.40798E+000	-2.00025E+000	3.04478E-004	11	..........a	-327.68
	2498	2499	-1.65136E+000	-2.00194E-001	-2.41018E+000	-2.00025E+000	2.99644E-004	11	..........a	-327.68
	2499	2500	-1.65056E+000	-2.00194E-001	-2.41402E+000	-2.00025E+000	3.08344E-004	11	..........a	-327.68
	2500	2501	-1.65056E+000	-2.00194E-001	-2.42429E+000	-2.00025E+000	3.03744E-004	11	..........a	-327.68
	2501	2502	-1.64856E+000	-2.00194E-001	-2.43556E+000	-2.00025E+000	3.02411E-004	11	..........a	-327.68
	2502	2503	-1.65016E+000	-2.00194E-001	-2.44520E+000	-2.00025E+000	3.05211E-004	11	..........a	-327.68
	2503	2504	-1.65016E+000	-2.00193E-001	-2.45454E+000	-2.00025E+000	3.00611E-004	11	..........a	-327.68
	2504	2505	-1.65056E+000	-2.00194E-001	-2.46431E+000	-2.00025E+000	3.07161E-004	11	..........a	-327.68
	2505	2506	-1.65136E+000	-2.00193E-001	-2.47248E+000	-2.00025E+000	3.07578E-004	11	..........a	-327.68
	2506	2507	-1.64576E+000	-2.00194E-001	-2.48996E+000	-2.00025E+000	3.02494E-004	11	..........a	-327.68
	2507	2508	-1.64736E+000	-2.00193E-001	-2.50361E+000	-2.00025E+000	3.01594E-004	11	..........a	-327.68
	2508	2509	-1.64896E+000	-2.00193E-001	-2.49762E+000	-2.00025E+000	3.03978E-004	11	..........a	-327.68
	2509	2510	-1.65016E+000	-2.00193E-001	-2.49739E+000	-2.00025E+000	3.02044E-004	11	..........a	-327.68
	2510	2511	-1.64976E+000	-2.00193E-001	-2.49767E+000	-2.00025E+000	3.01661E-004	11	..........a	-327.68
	2511	2512	-1.65136E+000	-2.00193E-001	-2.50082E+000	-2.00025E+000	3.07544E-004	11	..........a	-327.68
	2512	2513	-1.64896E+000	-2.00193E-001	-2.50853E+000	-2.00025E+000	3.07694E-004	11	..........a	-327.68
	2513	2514	-1.64816E+000	-2.00193E-001	-2.50390E+000	-2.00025E+000	3.03311E-004	11	..........a	-327.68
	2514	2515	-1.64656E+000	-2.00194E-001	-2.35936E+000	-2.00025E+000	3.00928E-004	11	..........a	-327.68
	2515	2516	-1.64976E+000	-2.00193E-001	-2.36463E+000	-2.00025E+000	2.98244E-004	11	..........a	-327.68
	2516	2517	-1.64896E+000	-2.00193E-001	-2.37006E+000	-2.00025E+000	2.97661E-004	11	..........a	-327.68
	2517	2518	-1.65136E+000	-2.00194E-001	-2.37612E+000	-2.00025E+000	2.99428E-004	11	..........a	-327.68
	2518	2519	-1.65056E+000	-2.00194E-001	-2.38219E+000	-2.00025E+000	3.02761E-004	11	..........a	-327.68
	2519	2520	-1.65136E+000	-2.00193E-001	-2.38901E+000	-2.00025E+000	3.00544E-004	11	..........a	-327.68
	2520	2521	-1.65096E+000	-2.00193E-001	-2.40352E+000	-2.00025E+000	3.04461E-004	11	..........a	-327.68
	2521	2522	-1.65096E+000	-2.00193E-001	-2.41866E+000	-2.00025E+000	3.01394E-004	11	..........a	-327.68
	2522	2523	-1.65056E+000	-2.00194E-001	-2.42798E+000	-2.00025E+000	3.06361E-004	11	..........a	-327.68
	2523	2524	-1.65256E+000	-2.00193E-001	-2.43343E+000	-2.00025E+000	3.15794E-004	11	..........a	-327.68
	2524	2525	-1.65256E+000	-2.00194E-001	-2.43687E+000	-2.00025E+000	3.15394E-004	11	..........a	-327.68
	2525	2526	-1.65256E+000	-2.00193E-001	-2.44417E+000	-2.00025E+000	3.17628E-004	11	..........a	-327.68
	2526	2527	-1.65256E+000	-2.00193E-001	-2.44905E+000	-2.00025E+000	3.12461E-004	11	..........a	-327.68
	2527	2528	-1.65016E+000	-2.00193E-001	-2.45918E+000	-2.00025E+000	3.19544E-004	11	..........a	-327.68
	2528	2529	-1.64896E+000	-2.00193E-001	-2.48551E+000	-2.00025E+000	3.17628E-004	11	..........a	-327.68
	2529	2530	-1.65056E+000	-2.00193E-001	-2.48001E+000	-2.00025E+000	3.22261E-004	11	..........a	-327.68
	2530	2531	-1.64816E+000	-2.00193E-001	-2.48232E+000	-2.00025E+000	3.14944E-004	11	..........a	-327.68
	2531	2532	-1.64816E+000	-2.00193E-001	-2.48232E+000	-2.00025E+000	3.16194E-004	11	..........a	-327.68
	2532	2533	-1.65056E+000	-2.00192E-001	-2.48335E+000	-2.00025E+000	3.19561E-004	11	..........a	-327.68
	2533	2534	-1.64856E+000	-2.00193E-001	-2.49610E+000	-2.00025E+000	3.09794E-004	11	..........a	-327.68
	2534	2535	-1.64976E+000	-2.00192E-001	-2.51096E+000	-2.00025E+000	3.15144E-004	11	..........a	-327.68
	2535	2536	-1.64976E+000	-2.00194E-001	-2.36379E+000	-2.00025E+000	3.19778E-004	11	..........a	-327.68
	2536	2537	-1.64976E+000	-2.00192E-001	-2.34474E+000	-2.00025E+000	3.18378E-004	11	..........a	-327.68
	2537	2538	-1.65016E+000	-2.00193E-001	-2.34973E+000	-2.00025E+000	3.19511E-004	11	..........a	-327.68
	2538	2539	-1.64936E+000	-2.00193E-001	-2.35425E+000	-2.00025E+000	3.20928E-004	11	..........a	-327.68
	2539	2540	-1.65176E+000	-2.00193E-001	-2.35668E+000	-2.00025E+000	3.22544E-004	11	..........a	-327.68
	2540	2541	-1.65056E+000	-2.00193E-001	-2.36600E+000	-2.00025E+000	3.18594E-004	11	..........a	-327.68
	2541	2542	-1.65176E+000	-2.00193E-001	-2.37287E+000	-2.00025E+000	3.17878E-004	11	..........a	-327.68
	2542	2543	-1.65096E+000	-2.00193E-001	-2.37942E+000	-2.00025E+000	3.16761E-004	11	..........a	-327.68
	2543	2544	-1.65256E+000	-2.00193E-001	-2.38393E+000	-2.00025E+000	3.12444E-004	11	..........a	-327.68
	2544	2545	-1.65336E+000	-2.00193E-001	-2.39149E+000	-2.00025E+000	3.11594E-004	11	..........a	-327.68
	2545	2546	-1.65136E+000	-2.00193E-001	-2.39810E+000	-2.00025E+000	3.13178E-004	11	..........a	-327.68
	2546	2547	-1.64816E+000	-2.00193E-001	-2.40328E+000	-2.00025E+000	3.07978E-004	11	..........a	-327.68
	2547	2548	-1.64776E+000	-2.00193E-001	-2.41757E+000	-2.00025E+000	3.15994E-004	11	..........a	-327.68
	2548	2549	-1.65096E+000	-2.00193E-001	-2.41888E+000	-2.00025E+000	3.13194E-004	11	..........a	-327.68
	2549	2550	-1.65096E+000	-2.00222E-001	-2.42252E+000	-2.00025E+000	1.02619E-003	11	..........a	-327.68
	2550	2551	-1.65176E+000	-2.00222E-001	-2.43091E+000	-2.00025E+000	1.02684E-003	11	..........a	-327.68
	2551	2552	-1.65016E+000	-2.00223E-001	-2.43263E+000	-2.00025E+000	1.02211E-003	11	..........a	-327.68
	2552	2553	-1.64936E+000	-2.00223E-001	-2.45695E+000	-2.00025E+000	1.02329E-003	11	..........a	-327.68
	2553	2554	-1.64496E+000	-2.00223E-001	-2.45588E+000	-2.00025E+000	1.01849E-003	11	..........a	-327.68
	2554	2555	-1.64816E+000	-2.00223E-001	-2.45267E+000	-2.00025E+000	1.00881E-003	11	..........a	-327.68
	2555	2556	-1.64816E+000	-2.00222E-001	-2.45733E+000	-2.00025E+000	1.01821E-003	11	..........a	-327.68
	2556	2557	-1.64736E+000	-2.00222E-001	-2.45955E+000	-2.00025E+000	1.02499E-003	11	..........a	-327.68
	2557	2558	-1.64976E+000	-2.00222E-001	-2.46000E+000	-2.00025E+000	1.02918E-003	11	..........a	-327.68
	2558	2559	-1.64856E+000	-2.00222E-001	-2.46334E+000	-2.00025E+000	1.02398E-003	11	..........a	-327.68
	2559	2560	-1.64816E+000	-2.00221E-001	-2.31705E+000	-2.00025E+000	1.02296E-003	11	..........a	-327.68
	2560	2561	-1.64976E+000	-2.00221E-001	-2.32852E+000	-2.00025E+000	1.01591E-003	11	..........a	-327.68
	2561	2562	-1.64936E+000	-2.00221E-001	-2.34163E+000	-2.00025E+000	1.01816E-003	11	..........a	-327.68
	2562	2563	-1.64856E+000	-2.00222E-001	-2.35690E+000	-2.00025E+000	1.01993E-003	11	..........a	-327.68
	2563	2564	-1.65016E+000	-2.00222E-001	-2.36054E+000	-2.00025E+000	1.01389E-003	11	..........a	-327.68
	2564	2565	-1.65016E+000	-2.00223E-001	-2.36450E+000	-2.00025E+000	1.02003E-003	11	..........a	-327.68
	2565	2566	-1.64936E+000	-2.00222E-001	-2.37270E+000	-2.00025E+000	1.02769E-003	11	..........a	-327.68
	2566	2567	-1.64616E+000	-2.00222E-001	-2.38202E+000	-2.00025E+000	1.02749E-003	11	..........a	-327.68
	2567	2568	-1.65136E+000	-2.00223E-001	-2.38619E+000	-2.00025E+000	1.01441E-003	11	..........a	-327.68
	2568	2569	-1.65096E+000	-2.00222E-001	-2.39294E+000	-2.00025E+000	1.01563E-003	11	..........a	-327.68
	2569	2570	-1.65176E+000	-2.00222E-001	-2.40158E+000	-2.00025E+000	1.01484E-003	11	..........a	-327.68
	2570	2571	-1.65296E+000	-2.00222E-001	-2.40900E+000	-2.00025E+000	1.02858E-003	11	..........a	-327.68
	2571	2572	-1.65016E+000	-2.00223E-001	-2.42061E+000	-2.00025E+000	1.03234E-003	11	..........a	-327.68
	2572	2573	-1.65256E+000	-2.00222E-001	-2.42558E+000	-2.00025E+000	1.03064E-003	11	..........a	-327.68
	2573	2574	-1.65176E+000	-2.00222E-001	-2.43588E+000	-2.00025E+000	1.03169E-003	11	..........a	-327.68
	2574	2575	-1.65176E+000	-2.00222E-001	-2.44983E+000	-2.00025E+000	1.02668E-003	11	..........a	-327.68
	2575	2576	-1.65176E+000	-2.00189E-001	-2.45975E+000	-2.00025E+000	2.38378E-004	11	..........a	-327.68
	2576	2577	-1.65176E+000	-2.00189E-001	-2.46522E+000	-2.00025E+000	2.38278E-004	11	..........a	-327.68
	2577	2578	-1.65336E+000	-2.00189E-001	-2.46922E+000	-2.00025E+000	2.40028E-004	11	..........a	-327.68
	2578	2579	-1.65176E+000	-2.00189E-001	-2.48723E+000	-2.00025E+000	2.43111E-004	11	..........a	-327.68
	2579	2580	-1.64976E+000	-2.00189E-001	-2.50900E+000	-2.00025E+000	2.46561E-004	11	..........a	-327.68
	2580	2581	-1.65136E+000	-2.00189E-001	-2.50642E+000	-2.00025E+000	2.48328E-004	11	..........a	-327.68
	2581	2582	-1.65056E+000	-2.00189E-001	-2.50840E+000	-2.00025E+000	2.44211E-004	11	..........a	-327.68
	2582	2583	-1.65016E+000	-2.00189E-001	-2.50866E+000	-2.00025E+000	2.42144E-004	11	..........a	-327.68
	2583	2584	-1.65056E+000	-2.00189E-001	-2.50920E+000	-2.00025E+000	2.50444E-004	11	..........a	-327.68
	2584	2585	-1.64936E+000	-2.00189E-001	-2.51696E+000	-2.00025E+000	2.55344E-004	11	..........a	-327.68
	2585	2586	-1.65016E+000	-2.00190E-001	-2.40336E+000	-2.00025E+000	2.45878E-004	11	..........a	-327.68
	2586	2587	-1.64896E+000	-2.00189E-001	-2.34389E+000	-2.00025E+000	2.42011E-004	11	..........a	-327.68
	2587	2588	-1.64936E+000	-2.00189E-001	-2.34915E+000	-2.00025E+000	2.41678E-004	11	..........a	-327.68
	2588	2589	-1.65056E+000	-2.00189E-001	-2.35533E+000	-2.00025E+000	2.46228E-004	11	..........a	-327.68
	2589	2590	-1.65176E+000	-2.00190E-001	-2.35828E+000	-2.00025E+000	2.39311E-004	11	..........a	-327.68
	2590	2591	-1.65096E+000	-2.00189E-001	-2.36444E+000	-2.00025E+000	2.35061E-004	11	..........a	-327.68
	2591	2592	-1.65016E+000	-2.00189E-001	-2.37262E+000	-2.00025E+000	2.48078E-004	11	..........a	-327.68
	2592	2593	-1.64656E+000	-2.00189E-001	-2.38414E+000	-2.00025E+000	2.46961E-004	11	..........a	-327.68
	2593	2594	-1.64896E+000	-2.00189E-001	-2.39191E+000	-2.00025E+000	2.61861E-004	11	..........a	-327.68
	2594	2595	-1.64656E+000	-2.00189E-001	-2.41459E+000	-2.00025E+000	2.50194E-004	11	..........a	-327.68
	2595	2596	-1.64736E+000	-2.00189E-001	-2.41768E+000	-2.00025E+000	2.48911E-004	11	..........a	-327.68
	2596	2597	-1.64976E+000	-2.00189E-001	-2.41538E+000	-2.00025E+000	2.55811E-004	11	..........a	-327.68
	2597	2598	-1.64816E+000	-2.00189E-001	-2.41853E+000	-2.00025E+000	2.54161E-004	11	..........a	-327.68
	2598	2599	-1.65056E+000	-2.00189E-001	-2.42280E+000	-2.00025E+000	2.51994E-004	11	..........a	-327.68
	2599	2600	-1.64896E+000	-2.00189E-001	-2.42367E+000	-2.00025E+000	2.59511E-004	11	..........a	-327.68
	2600	2601	-1.65056E+000	-2.00189E-001	-2.42720E+000	-2.00025E+000	2.62044E-004	11	..........a	-327.68
	2601	2602	-1.64896E+000	-2.00193E-001	-2.45412E+000	-2.00025E+000	3.26994E-004	11	..........a	-327.68
	2602	2603	-1.64896E+000	-2.00193E-001	-2.44939E+000	-2.00025E+000	3.31961E-004	11	..........a	-327.68
	2603	2604	-1.64416E+000	-2.00193E-001	-2.45329E+000	-2.00025E+000	3.36061E-004	11	..........a	-327.68
	2604	2605	-1.64816E+000	-2.00193E-001	-2.44791E+000	-2.00025E+000	3.30178E-004	11	..........a	-327.68
	2605	2606	-1.64816E+000	-2.00193E-001	-2.44905E+000	-2.00025E+000	3.31094E-004	11	..........a	-327.68
	2606	2607	-1.64976E+000	-2.00193E-001	-2.44792E+000	-2.00025E+000	3.39694E-004	11	..........a	-327.68
	2607	2608	-1.65096E+000	-2.00193E-001	-2.31915E+000	-2.00025E+000	3.31811E-004	11	..........a	-327.68
	2608	2609	-1.65016E+000	-2.00193E-001	-2.32902E+000	-2.00025E+000	3.24361E-004	11	..........a	-327.68
	2609	2610	-1.65016E+000	-2.00193E-001	-2.33980E+000	-2.00025E+000	3.26811E-004	11	..........a	-327.68
	2610	2611	-1.65016E+000	-2.00193E-001	-2.34777E+000	-2.00025E+000	3.23344E-004	11	..........a	-327.68
	2611	2612	-1.65016E+000	-2.00193E-001	-2.35618E+000	-2.00025E+000	3.34728E-004	11	..........a	-327.68
	2612	2613	-1.65136E+000	-2.00193E-001	-2.36105E+000	-2.00025E+000	3.32128E-004	11	..........a	-327.68
	2613	2614	-1.65056E+000	-2.00193E-001	-2.37102E+000	-2.00025E+000	3.30611E-004	11	..........a	-327.68
	2614	2615	-1.65056E+000	-2.00193E-001	-2.37924E+000	-2.00025E+000	3.32978E-004	11	..........a	-327.68
	2615	2616	-1.65256E+000	-2.00193E-001	-2.38620E+000	-2.00025E+000	3.33261E-004	11	..........a	-327.68
	2616	2617	-1.64736E+000	-2.00193E-001	-2.40165E+000	-2.00025E+000	3.36528E-004	11	..........a	-327.68
	2617	2618	-1.65176E+000	-2.00193E-001	-2.40527E+000	-2.00025E+000	3.32061E-004	11	..........a	-327.68
	2618	2619	-1.65016E+000	-2.00193E-001	-2.41747E+000	-2.00025E+000	3.22278E-004	11	..........a	-327.68
	2619	2620	-1.65096E+000	-2.00193E-001	-2.42702E+000	-2.00025E+000	3.28628E-004	11	..........a	-327.68
	2620	2621	-1.65096E+000	-2.00193E-001	-2.43989E+000	-2.00025E+000	3.28911E-004	11	..........a	-327.68
	2621	2622	-1.65096E+000	-2.00192E-001	-2.44711E+000	-2.00025E+000	3.21611E-004	11	..........a	-327.68
	2622	2623	-1.65096E+000	-2.00193E-001	-2.46052E+000	-2.00025E+000	3.25978E-004	11	..........a	-327.68
	2623	2624	-1.65056E+000	-2.00193E-001	-2.47127E+000	-2.00025E+000	3.23061E-004	11	..........a	-327.68
	2624	2625	-1.65216E+000	-2.00193E-001	-2.47670E+000	-2.00025E+000	3.17744E-004	11	..........a	-327.68
	2625	2626	-1.65296E+000	-2.00193E-001	-2.48368E+000	-2.00025E+000	3.26228E-004	11	..........a	-327.68
	2626	2627	-1.65176E+000	-2.00193E-001	-2.49630E+000	-2.00025E+000	3.29344E-004	11	..........a	-327.68
	2627	2628	-1.65176E+000	-2.00193E-001	-2.48991E+000	-2.00025E+000	3.30178E-004	11	..........a	-327.68
	2628	2629	-1.64816E+000	-2.00193E-001	-2.52646E+000	-2.00025E+000	3.29461E-004	11	..........a	-327.68
	2629	2630	-1.64816E+000	-2.00193E-001	-2.52439E+000	-2.00025E+000	3.30594E-004	11	..........a	-327.68
	2630	2631	-1.64816E+000	-2.00193E-001	-2.51868E+000	-2.00025E+000	3.35978E-004	11	..........a	-327.68
	2631	2632	-1.64856E+000	-2.00193E-001	-2.51616E+000	-2.00025E+000	3.26228E-004	11	..........a	-327.68
	2632	2633	-1.65096E+000	-2.00194E-001	-2.38709E+000	-2.00025E+000	3.33478E-004	11	..........a	-327.68
	2633	2634	-1.65016E+000	-2.00193E-001	-2.32915E+000	-2.00025E+000	3.36461E-004	11	..........a	-327.68
	2634	2635	-1.65056E+000	-2.00193E-001	-2.33547E+000	-2.00025E+000	3.29578E-004	11	..........a	-327.68
	2635	2636	-1.65016E+000	-2.00193E-001	-2.34280E+000	-2.00025E+000	3.25528E-004	11	..........a	-327.68
	2636	2637	-1.65176E+000	-2.00193E-001	-2.35062E+000	-2.00025E+000	3.27861E-004	11	..........a	-327.68
	2637	2638	-1.65216E+000	-2.00192E-001	-2.35794E+000	-2.00025E+000	3.18544E-004	11	..........a	-327.68
	2638	2639	-1.64976E+000	-2.00193E-001	-2.37105E+000	-2.00025E+000	3.25678E-004	11	..........a	-327.68
	2639	2640	-1.65016E+000	-2.00192E-001	-2.37991E+000	-2.00025E+000	3.18311E-004	11	..........a	-327.68
	2640	2641	-1.65256E+000	-2.00192E-001	-2.38166E+000	-2.00025E+000	3.26544E-004	11	..........a	-327.68
	2641	2642	-1.65096E+000	-2.00192E-001	-2.38725E+000	-2.00025E+000	3.17428E-004	11	..........a	-327.68
	2642	2643	-1.65136E+000	-2.00192E-001	-2.39216E+000	-2.00025E+000	3.19028E-004	11	..........a	-327.68
	2643	2644	-1.65016E+000	-2.00192E-001	-2.40139E+000	-2.00025E+000	3.14661E-004	11	..........a	-327.68
	2644	2645	-1.65016E+000	-2.00192E-001	-2.40926E+000	-2.00025E+000	3.24928E-004	11	..........a	-327.68
	2645	2646	-1.65056E+000	-2.00193E-001	-2.41231E+000	-2.00025E+000	3.12111E-004	11	..........a	-327.68
	2646	2647	-1.64696E+000	-2.00193E-001	-2.42627E+000	-2.00025E+000	3.34294E-004	11	..........a	-327.68
	2647	2648	-1.64976E+000	-2.00193E-001	-2.43256E+000	-2.00025E+000	3.35628E-004	11	..........a	-327.68
	2648	2649	-1.64976E+000	-2.00193E-001	-2.44134E+000	-2.00025E+000	3.21661E-004	11	..........a	-327.68
	2649	2650	-1.64736E+000	-2.00193E-001	-2.45562E+000	-2.00025E+000	3.39044E-004	11	..........a	-327.68
	2650	2651	-1.64656E+000	-2.00193E-001	-2.45562E+000	-2.00025E+000	3.43094E-004	11	..........a	-327.68
	2651	2652	-1.64816E+000	-2.00193E-001	-2.45688E+000	-2.00025E+000	3.33678E-004	11	..........a	-327.68
	2652	2653	-1.64736E+000	-2.00193E-001	-2.45852E+000	-2.00025E+000	3.30311E-004	11	..........a	-327.68
	2653	2654	-1.64616E+000	-2.00193E-001	-2.30098E+000	-2.00025E+000	3.24461E-004	11	..........a	-327.68
	2654	2655	-1.64576E+000	-2.00193E-001	-2.30934E+000	-2.00025E+000	3.33428E-004	11	..........a	-327.68
	2655	2656	-1.64576E+000	-2.00193E-001	-2.32054E+000	-2.00025E+000	3.34394E-004	11	..........a	-327.68
	2656	2657	-1.64816E+000	-2.00193E-001	-2.32936E+000	-2.00025E+000	3.29644E-004	11	..........a	-327.68
	2657	2658	-1.64896E+000	-2.00193E-001	-2.33838E+000	-2.00025E+000	3.18078E-004	11	..........a	-327.68
	2658	2659	-1.65096E+000	-2.00193E-001	-2.34186E+000	-2.00025E+000	3.21578E-004	11	..........a	-327.68
	2659	2660	-1.65016E+000	-2.00193E-001	-2.34834E+000	-2.00025E+000	3.21478E-004	11	..........a	-327.68
	2660	2661	-1.65056E+000	-2.00193E-001	-2.35307E+000	-2.00025E+000	3.34861E-004	11	..........a	-327.68
	2661	2662	-1.65176E+000	-2.00193E-001	-2.35911E+000	-2.00025E+000	3.27228E-004	11	..........a	-327.68
	2662	2663	-1.65096E+000	-2.00193E-001	-2.36724E+000	-2.00025E+000	3.22311E-004	11	..........a	-327.68
	2663	2664	-1.65016E+000	-2.00193E-001	-2.37516E+000	-2.00025E+000	3.25994E-004	11	..........a	-327.68
	2664	2665	-1.65096E+000	-2.00193E-001	-2.38118E+000	-2.00025E+000	3.27761E-004	11	..........a	-327.68
	2665	2666	-1.65176E+000	-2.00193E-001	-2.38155E+000	-2.00025E+000	3.28761E-004	11	..........a	-327.68
	2666	2667	-1.65056E+000	-2.00193E-001	-2.39089E+000	-2.00025E+000	3.23544E-004	11	..........a	-327.68
	2667	2668	-1.65096E+000	-2.00193E-001	-2.39725E+000	-2.00025E+000	3.18511E-004	11	..........a	-327.68
	2668	2669	-1.64936E+000	-2.00193E-001	-2.40982E+000	-2.00025E+000	3.24828E-004	11	..........a	-327.68
	2669	2670	-1.65096E+000	-2.00193E-001	-2.41452E+000	-2.00025E+000	3.24378E-004	11	..........a	-327.68
	2670	2671	-1.65176E+000	-2.00193E-001	-2.41764E+000	-2.00025E+000	2.94428E-004	11	..........a	-327.68
	2671	2672	-1.64976E+000	-2.00192E-001	-2.43022E+000	-2.00025E+000	2.99778E-004	11	..........a	-327.68
	2672	2673	-1.64936E+000	-2.00192E-001	-2.44239E+000	-2.00025E+000	2.90411E-004	11	..........a	-327.68
	2673	2674	-1.64896E+000	-2.00193E-001	-2.45218E+000	-2.00025E+000	2.97928E-004	11	..........a	-327.68
	2674	2675	-1.64896E+000	-2.00192E-001	-2.45869E+000	-2.00025E+000	2.87578E-004	11	..........a	-327.68
	2675	2676	-1.65136E+000	-2.00192E-001	-2.46227E+000	-2.00025E+000	2.86794E-004	11	..........a	-327.68
	2676	2677	-1.64776E+000	-2.00193E-001	-2.48593E+000	-2.00025E+000	2.88844E-004	11	..........a	-327.68
	2677	2678	-1.64656E+000	-2.00193E-001	-2.48387E+000	-2.00025E+000	3.00711E-004	11	..........a	-327.68
	2678	2679	-1.64576E+000	-2.00193E-001	-2.48096E+000	-2.00025E+000	2.97828E-004	11	..........a	-327.68
	2679	2680	-1.64656E+000	-2.00192E-001	-2.48045E+000	-2.00025E+000	2.99561E-004	11	..........a	-327.68
	2680	2681	-1.64656E+000	-2.00192E-001	-2.48376E+000	-2.00025E+000	2.98711E-004	11	..........a	-327.68
	2681	2682	-1.64816E+000	-2.00192E-001	-2.48306E+000	-2.00025E+000	2.99444E-004	11	..........a	-327.68
	2682	2683	-1.64576E+000	-2.00192E-001	-2.31912E+000	-2.00025E+000	2.91178E-004	11	..........a	-327.68
	2683	2684	-1.64816E+000	-2.00192E-001	-2.32913E+000	-2.00025E+000	2.53128E-004	11	..........a	-327.68
	2684	2685	-1.64976E+000	-2.00192E-001	-2.34169E+000	-2.00025E+000	2.50494E-004	11	..........a	-327.68
	2685	2686	-1.64736E+000	-2.00192E-001	-2.35333E+000	-2.00025E+000	2.47378E-004	11	..........a	-327.68
	2686	2687	-1.65056E+000	-2.00192E-001	-2.35748E+000	-2.00025E+000	2.52894E-004	11	..........a	-327.68
	2687	2688	-1.65176E+000	-2.00191E-001	-2.35979E+000	-2.00025E+000	2.49028E-004	11	..........a	-327.68
	2688	2689	-1.64976E+000	-2.00191E-001	-2.36854E+000	-2.00025E+000	2.50861E-004	11	..........a	-327.68
	2689	2690	-1.64936E+000	-2.00191E-001	-2.37808E+000	-2.00025E+000	2.42261E-004	11	..........a	-327.68
	2690	2691	-1.64936E+000	-2.00192E-001	-2.38297E+000	-2.00025E+000	2.48994E-004	11	..........a	-327.68
	2691	2692	-1.65136E+000	-2.00192E-001	-2.38657E+000	-2.00025E+000	2.53311E-004	11	..........a	-327.68
	2692	2693	-1.65016E+000	-2.00192E-001	-2.39683E+000	-2.00025E+000	2.51261E-004	11	..........a	-327.68
	2693	2694	-1.65096E+000	-2.00192E-001	-2.41070E+000	-2.00025E+000	2.54111E-004	11	..........a	-327.68
	2694	2695	-1.65016E+000	-2.00192E-001	-2.42510E+000	-2.00025E+000	2.47861E-004	11	..........a	-327.68
	2695	2696	-1.65136E+000	-2.00191E-001	-2.43274E+000	-2.00025E+000	2.43678E-004	11	..........a	-327.68
	2696	2697	-1.65176E+000	-2.00191E-001	-2.43831E+000	-2.00025E+000	2.44694E-004	11	..........a	-327.68
	2697	2698	-1.64936E+000	-2.00191E-001	-2.44942E+000	-2.00025E+000	2.45628E-004	11	..........a	-327.68
	2698	2699	-1.65096E+000	-2.00191E-001	-2.45593E+000	-2.00025E+000	2.46578E-004	11	..........a	-327.68
	2699	2700	-1.64976E+000	-2.00191E-001	-2.46066E+000	-2.00025E+000	2.54311E-004	11	..........a	-327.68
	2700	2701	-1.64896E+000	-2.00191E-001	-2.46338E+000	-2.00025E+000	2.52711E-004	11	..........a	-327.68
	2701	2702	-1.64736E+000	-2.00191E-001	-2.47360E+000	-2.00025E+000	2.44061E-004	11	..........a	-327.68
	2702	2703	-1.65136E+000	-2.00191E-001	-2.47729E+000	-2.00025E+000	2.52128E-004	11	..........a	-327.68
	2703	2704	-1.64816E+000	-2.00191E-001	-2.48234E+000	-2.00025E+000	2.43928E-004	11	..........a	-327.68
	2704	2705	-1.64776E+000	-2.00191E-001	-2.49082E+000	-2.00025E+000	2.45911E-004	11	..........a	-327.68
	2705	2706	-1.64576E+000	-2.00191E-001	-2.50834E+000	-2.00025E+000	2.41878E-004	11	..........a	-327.68
	2706	2707	-1.64656E+000	-2.00191E-001	-2.50414E+000	-2.00025E+000	2.46361E-004	11	..........a	-327.68
	2707	2708	-1.64616E+000	-2.00192E-001	-2.50445E+000	-2.00025E+000	2.53394E-004	11	..........a	-327.68
	2708	2709	-1.64576E+000	-2.00193E-001	-2.42920E+000	-2.00025E+000	2.50111E-004	11	..........a	-327.68
	2709	2710	-1.64576E+000	-2.00192E-001	-2.32042E+000	-2.00025E+000	2.47294E-004	11	..........a	-327.68
	2710	2711	-1.64736E+000	-2.00192E-001	-2.33036E+000	-2.00025E+000	2.54611E-004	11	..........a	-327.68
	2711	2712	-1.64736E+000	-2.00191E-001	-2.34610E+000	-2.00025E+000	2.51178E-004	11	..........a	-327.68
	2712	2713	-1.64936E+000	-2.00191E-001	-2.35784E+000	-2.00025E+000	2.48644E-004	11	..........a	-327.68
	2713	2714	-1.65056E+000	-2.00191E-001	-2.37052E+000	-2.00025E+000	2.55828E-004	11	..........a	-327.68
	2714	2715	-1.65096E+000	-2.00192E-001	-2.38018E+000	-2.00025E+000	2.49194E-004	11	..........a	-327.68
	2715	2716	-1.65016E+000	-2.00191E-001	-2.38759E+000	-2.00025E+000	2.54011E-004	11	..........a	-327.68
	2716	2717	-1.65176E+000	-2.00191E-001	-2.38981E+000	-2.00025E+000	2.51744E-004	11	..........a	-327.68
	2717	2718	-1.65096E+000	-2.00191E-001	-2.39839E+000	-2.00025E+000	2.52944E-004	11	..........a	-327.68
	2718	2719	-1.65096E+000	-2.00191E-001	-2.40262E+000	-2.00025E+000	2.58428E-004	11	..........a	-327.68
	2719	2720	-1.65016E+000	-2.00191E-001	-2.41662E+000	-2.00025E+000	2.53411E-004	11	..........a	-327.68
	2720	2721	-1.65256E+000	-2.00191E-001	-2.42796E+000	-2.00025E+000	2.48978E-004	11	..........a	-327.68
	2721	2722	-1.64896E+000	-2.00191E-001	-2.44258E+000	-2.00025E+000	2.51994E-004	11	..........a	-327.68
	2722	2723	-1.65096E+000	-2.00191E-001	-2.45121E+000	-2.00025E+000	2.51161E-004	11	..........a	-327.68
	2723	2724	-1.64976E+000	-2.00191E-001	-2.45401E+000	-2.00025E+000	2.56011E-004	11	..........a	-327.68
	2724	2725	-1.65176E+000	-2.00192E-001	-2.45979E+000	-2.00025E+000	2.47994E-004	11	..........a	-327.68
	2725	2726	-1.65016E+000	-2.00191E-001	-2.47082E+000	-2.00025E+000	2.54628E-004	11	..........a	-327.68
	2726	2727	-1.65216E+000	-2.00191E-001	-2.47752E+000	-2.00025E+000	2.49711E-004	11	..........a	-327.68
	2727	2728	-1.65216E+000	-2.00191E-001	-2.48938E+000	-2.00025E+000	2.44844E-004	11	..........a	-327.68
	2728	2729	-1.65256E+000	-2.00191E-001	-2.50154E+000	-2.00025E+000	2.45394E-004	11	..........a	-327.68
	2729	2730	-1.65176E+000	-2.00191E-001	-2.51424E+000	-2.00025E+000	2.48961E-004	11	..........a	-327.68
	2730	2731	-1.65616E+000	-2.00192E-001	-2.51818E+000	-2.00025E+000	2.49561E-004	11	..........a	-327.68
	2731	2732	-1.65456E+000	-2.00192E-001	-2.53222E+000	-2.00025E+000	2.49128E-004	11	..........a	-327.68
	2732	2733	-1.65616E+000	-2.00192E-001	-2.54083E+000	-2.00025E+000	2.50894E-004	11	..........a	-327.68
	2733	2734	-1.65016E+000	-2.00191E-001	-2.56386E+000	-2.00025E+000	2.53828E-004	11	..........a	-327.68
	2734	2735	-1.65056E+000	-2.00191E-001	-2.56157E+000	-2.00025E+000	2.54761E-004	11	..........a	-327.68
	2735	2736	-1.65176E+000	-2.00191E-001	-2.55664E+000	-2.00025E+000	2.47911E-004	11	..........a	-327.68
	2736	2737	-1.65176E+000	-2.00192E-001	-2.55852E+000	-2.00025E+000	2.55044E-004	11	..........a	-327.68
	2737	2738	-1.65336E+000	-2.00192E-001	-2.55888E+000	-2.00025E+000	2.56511E-004	11	..........a	-327.68
	2738	2739	-1.65016E+000	-2.00191E-001	-2.37302E+000	-2.00025E+000	2.51078E-004	11	..........a	-327.68
	2739	2740	-1.65256E+000	-2.00191E-001	-2.37904E+000	-2.00025E+000	2.47928E-004	11	..........a	-327.68
	2740	2741	-1.65336E+000	-2.00191E-001	-2.39026E+000	-2.00025E+000	2.53628E-004	11	..........a	-327.68
	2741	2742	-1.64896E+000	-2.00191E-001	-2.40315E+000	-2.00025E+000	2.51461E-004	11	..........a	-327.68
	2742	2743	-1.65216E+000	-2.00191E-001	-2.40549E+000	-2.00025E+000	2.55828E-004	11	..........a	-327.68
	2743	2744	-1.65176E+000	-2.00191E-001	-2.41382E+000	-2.00025E+000	2.48978E-004	11	..........a	-327.68
	2744	2745	-1.65176E+000	-2.00192E-001	-2.42062E+000	-2.00025E+000	2.54311E-004	11	..........a	-327.68
	2745	2746	-1.65296E+000	-2.00191E-001	-2.42636E+000	-2.00025E+000	2.48394E-004	11	..........a	-327.68
	2746	2747	-1.65136E+000	-2.00191E-001	-2.43591E+000	-2.00025E+000	2.46744E-004	11	..........a	-327.68
	2747	2748	-1.65016E+000	-2.00191E-001	-2.44883E+000	-2.00025E+000	2.41711E-004	11	..........a	-327.68
	2748	2749	-1.64936E+000	-2.00191E-001	-2.47672E+000	-2.00025E+000	2.46661E-004	11	..........a	-327.68
	2749	2750	-1.65016E+000	-2.00191E-001	-2.47896E+000	-2.00025E+000	2.44694E-004	11	..........a	-327.68
	2750	2751	-1.64976E+000	-2.00191E-001	-2.48182E+000	-2.00025E+000	2.41644E-004	11	..........a	-327.68
	2751	2752	-1.65096E+000	-2.00191E-001	-2.48754E+000	-2.00025E+000	2.36928E-004	11	..........a	-327.68
	2752	2753	-1.65376E+000	-2.00192E-001	-2.49035E+000	-2.00025E+000	2.79494E-004	11	..........a	-327.68
	2753	2754	-1.65256E+000	-2.00192E-001	-2.49712E+000	-2.00025E+000	2.79411E-004	11	..........a	-327.68
	2754	2755	-1.65216E+000	-2.00192E-001	-2.50024E+000	-2.00025E+000	2.82678E-004	11	..........a	-327.68
	2755	2756	-1.64976E+000	-2.00192E-001	-2.35338E+000	-2.00025E+000	2.76811E-004	11	..........a	-327.68
	2756	2757	-1.64856E+000	-2.00192E-001	-2.36095E+000	-2.00025E+000	2.81161E-004	11	..........a	-327.68
	2757	2758	-1.65096E+000	-2.00192E-001	-2.36483E+000	-2.00025E+000	2.76511E-004	11	..........a	-327.68
	2758	2759	-1.65056E+000	-2.00192E-001	-2.37198E+000	-2.00025E+000	2.75528E-004	11	..........a	-327.68
	2759	2760	-1.65216E+000	-2.00192E-001	-2.37577E+000	-2.00025E+000	2.81461E-004	11	..........a	-327.68
	2760	2761	-1.65096E+000	-2.00192E-001	-2.38611E+000	-2.00025E+000	2.80461E-004	11	..........a	-327.68
	2761	2762	-1.65016E+000	-2.00192E-001	-2.39571E+000	-2.00025E+000	2.83644E-004	11	..........a	-327.68
	2762	2763	-1.65136E+000	-2.00192E-001	-2.40134E+000	-2.00025E+000	2.75061E-004	11	..........a	-327.68
	2763	2764	-1.65216E+000	-2.00192E-001	-2.40951E+000	-2.00025E+000	2.84994E-004	11	..........a	-327.68
	2764	2765	-1.65176E+000	-2.00192E-001	-2.41766E+000	-2.00025E+000	2.77594E-004	11	..........a	-327.68
	2765	2766	-1.65136E+000	-2.00192E-001	-2.42481E+000	-2.00025E+000	2.85878E-004	11	..........a	-327.68
	2766	2767	-1.65216E+000	-2.00192E-001	-2.43143E+000	-2.00025E+000	2.83394E-004	11	..........a	-327.68
	2767	2768	-1.64856E+000	-2.00191E-001	-2.44479E+000	-2.00025E+000	2.79794E-004	11	..........a	-327.68
	2768	2769	-1.65296E+000	-2.00192E-001	-2.45313E+000	-2.00025E+000	2.82294E-004	11	..........a	-327.68
	2769	2770	-1.65176E+000	-2.00192E-001	-2.46289E+000	-2.00025E+000	2.80128E-004	11	..........a	-327.68
	2770	2771	-1.65296E+000	-2.00191E-001	-2.46839E+000	-2.00025E+000	2.83728E-004	11	..........a	-327.68
	2771	2772	-1.65176E+000	-2.00192E-001	-2.47994E+000	-2.00025E+000	2.83778E-004	11	..........a	-327.68
	2772	2773	-1.65176E+000	-2.00192E-001	-2.49281E+000	-2.00025E+000	2.85994E-004	11	..........a	-327.68
	2773	2774	-1.65096E+000	-2.00192E-001	-2.51212E+000	-2.00025E+000	2.88944E-004	11	..........a	-327.68
	2774	2775	-1.65016E+000	-2.00192E-001	-2.51584E+000	-2.00025E+000	2.81911E-004	11	..........a	-327.68
	2775	2776	-1.65016E+000	-2.00192E-001	-2.51534E+000	-2.00025E+000	2.82661E-004	11	..........a	-327.68
	2776	2777	-1.65096E+000	-2.00192E-001	-2.53056E+000	-2.00025E+000	2.88194E-004	11	..........a	-327.68
	2777	2778	-1.65096E+000	-2.00191E-001	-2.53746E+000	-2.00025E+000	2.78978E-004	11	..........a	-327.68
	2778	2779	-1.65096E+000	-2.00191E-001	-2.54444E+000	-2.00025E+000	2.84328E-004	11	..........a	-327.68
	2779	2780	-1.65296E+000	-2.00191E-001	-2.54902E+000	-2.00025E+000	2.90511E-004	11	..........a	-327.68
	2780	2781	-1.65056E+000	-2.00192E-001	-2.55676E+000	-2.00025E+000	2.80578E-004	11	..........a	-327.68
	2781	2782	-1.65256E+000	-2.00193E-001	-2.42954E+000	-2.00025E+000	2.87644E-004	11	..........a	-327.68
	2782	2783	-1.65056E+000	-2.00191E-001	-2.41832E+000	-2.00025E+000	2.80444E-004	11	..........a	-327.68
	2783	2784	-1.65416E+000	-2.00192E-001	-2.41994E+000	-2.00025E+000	2.90344E-004	11	..........a	-327.68
	2784	2785	-1.65416E+000	-2.00191E-001	-2.42567E+000	-2.00025E+000	2.84044E-004	11	..........a	-327.68
	2785	2786	-1.65256E+000	-2.00191E-001	-2.43778E+000	-2.00025E+000	2.81728E-004	11	..........a	-327.68
	2786	2787	-1.65576E+000	-2.00191E-001	-2.44469E+000	-2.00025E+000	2.81278E-004	11	..........a	-327.68
	2787	2788	-1.65016E+000	-2.00192E-001	-2.46164E+000	-2.00025E+000	2.84961E-004	11	..........a	-327.68
	2788	2789	-1.65296E+000	-2.00191E-001	-2.46383E+000	-2.00025E+000	2.84561E-004	11	..........a	-327.68
	2789	2790	-1.64936E+000	-2.00191E-001	-2.49561E+000	-2.00025E+000	2.82661E-004	11	..........a	-327.68
	2790	2791	-1.65176E+000	-2.00191E-001	-2.49509E+000	-2.00025E+000	2.86511E-004	11	..........a	-327.68
	2791	2792	-1.64856E+000	-2.00190E-001	-2.49735E+000	-2.00025E+000	2.87211E-004	11	..........a	-327.68
	2792	2793	-1.65176E+000	-2.00190E-001	-2.49940E+000	-2.00025E+000	2.88528E-004	11	..........a	-327.68
	2793	2794	-1.65016E+000	-2.00191E-001	-2.50786E+000	-2.00025E+000	2.86461E-004	11	..........a	-327.68
	2794	2795	-1.65176E+000	-2.00191E-001	-2.51280E+000	-2.00025E+000	2.92028E-004	11	..........a	-327.68
	2795	2796	-1.64856E+000	-2.00191E-001	-2.54515E+000	-2.00025E+000	2.84911E-004	11	..........a	-327.68
	2796	2797	-1.65016E+000	-2.00191E-001	-2.54339E+000	-2.00025E+000	2.82828E-004	11	..........a	-327.68
	2797	2798	-1.65016E+000	-2.00191E-001	-2.37575E+000	-2.00025E+000	2.85294E-004	11	..........a	-327.68
	2798	2799	-1.65056E+000	-2.00190E-001	-2.38185E+000	-2.00025E+000	2.81911E-004	11	..........a	-327.68
	2799	2800	-1.65056E+000	-2.00191E-001	-2.38673E+000	-2.00025E+000	2.84478E-004	11	..........a	-327.68
	2800	2801	-1.65256E+000	-2.00191E-001	-2.39258E+000	-2.00025E+000	2.83144E-004	11	..........a	-327.68
	2801	2802	-1.65176E+000	-2.00191E-001	-2.39892E+000	-2.00025E+000	2.82444E-004	11	..........a	-327.68
	2802	2803	-1.65216E+000	-2.00191E-001	-2.40589E+000	-2.00025E+000	2.83111E-004	11	..........a	-327.68
	2803	2804	-1.65376E+000	-2.00191E-001	-2.41082E+000	-2.00025E+000	2.83811E-004	11	..........a	-327.68
	2804	2805	-1.65296E+000	-2.00192E-001	-2.41682E+000	-2.00025E+000	2.89278E-004	11	..........a	-327.68
	2805	2806	-1.65216E+000	-2.00192E-001	-2.42293E+000	-2.00025E+000	2.88644E-004	11	..........a	-327.68
	2806	2807	-1.65216E+000	-2.00191E-001	-2.43172E+000	-2.00025E+000	2.86828E-004	11	..........a	-327.68
	2807	2808	-1.65416E+000	-2.00191E-001	-2.43533E+000	-2.00025E+000	2.82978E-004	11	..........a	-327.68
	2808	2809	-1.65096E+000	-2.00191E-001	-2.44487E+000	-2.00025E+000	2.82244E-004	11	..........a	-327.68
	2809	2810	-1.65336E+000	-2.00192E-001	-2.45010E+000	-2.00025E+000	2.80361E-004	11	..........a	-327.68
	2810	2811	-1.65016E+000	-2.00191E-001	-2.46040E+000	-2.00025E+000	2.83511E-004	11	..........a	-327.68
	2811	2812	-1.65176E+000	-2.00191E-001	-2.46761E+000	-2.00025E+000	2.80044E-004	11	..........a	-327.68
	2812	2813	-1.64896E+000	-2.00191E-001	-2.48595E+000	-2.00025E+000	2.80044E-004	11	..........a	-327.68
	2813	2814	-1.65096E+000	-2.00191E-001	-2.49846E+000	-2.00025E+000	2.87594E-004	11	..........a	-327.68
	2814	2815	-1.64976E+000	-2.00192E-001	-2.52861E+000	-2.00025E+000	2.88978E-004	11	..........a	-327.68
	2815	2816	-1.65096E+000	-2.00191E-001	-2.53134E+000	-2.00025E+000	2.81778E-004	11	..........a	-327.68
	2816	2817	-1.65296E+000	-2.00192E-001	-2.53716E+000	-2.00025E+000	2.81861E-004	11	..........a	-327.68
	2817	2818	-1.65176E+000	-2.00192E-001	-2.54414E+000	-2.00025E+000	2.96311E-004	11	..........a	-327.68
	2818	2819	-1.64936E+000	-2.00192E-001	-2.53439E+000	-2.00025E+000	2.95961E-004	11	..........a	-327.68
	2819	2820	-1.64976E+000	-2.00192E-001	-2.37214E+000	-2.00025E+000	2.92511E-004	11	..........a	-327.68
	2820	2821	-1.65176E+000	-2.00192E-001	-2.37570E+000	-2.00025E+000	2.88894E-004	11	..........a	-327.68
	2821	2822	-1.65016E+000	-2.00192E-001	-2.38221E+000	-2.00025E+000	2.92728E-004	11	..........a	-327.68
	2822	2823	-1.65216E+000	-2.00192E-001	-2.38544E+000	-2.00025E+000	2.89761E-004	11	..........a	-327.68
	2823	2824	-1.65536E+000	-2.00192E-001	-2.38725E+000	-2.00025E+000	2.91528E-004	11	..........a	-327.68
	2824	2825	-1.64936E+000	-2.00192E-001	-2.40062E+000	-2.00025E+000	2.90644E-004	11	..........a	-327.68
	2825	2826	-1.65136E+000	-2.00192E-001	-2.40399E+000	-2.00025E+000	2.94994E-004	11	..........a	-327.68
	2826	2827	-1.65096E+000	-2.00193E-001	-2.41431E+000	-2.00025E+000	2.95011E-004	11	..........a	-327.68
	2827	2828	-1.65576E+000	-2.00192E-001	-2.42064E+000	-2.00025E+000	2.98811E-004	11	..........a	-327.68
	2828	2829	-1.65176E+000	-2.00192E-001	-2.43518E+000	-2.00025E+000	2.95644E-004	11	..........a	-327.68
	2829	2830	-1.65376E+000	-2.00192E-001	-2.43720E+000	-2.00025E+000	2.85561E-004	11	..........a	-327.68
	2830	2831	-1.65176E+000	-2.00193E-001	-2.44408E+000	-2.00025E+000	2.95028E-004	11	..........a	-327.68
	2831	2832	-1.65376E+000	-2.00193E-001	-2.45447E+000	-2.00025E+000	2.96711E-004	11	..........a	-327.68
	2832	2833	-1.65376E+000	-2.00193E-001	-2.46235E+000	-2.00025E+000	2.93461E-004	11	..........a	-327.68
	2833	2834	-1.64856E+000	-2.00193E-001	-2.47526E+000	-2.00025E+000	2.94394E-004	11	..........a	-327.68
	2834	2835	-1.64816E+000	-2.00193E-001	-2.48347E+000	-2.00025E+000	2.89894E-004	11	..........a	-327.68
	2835	2836	-1.65016E+000	-2.00193E-001	-2.49103E+000	-2.00025E+000	2.93144E-004	11	..........a	-327.68
	2836	2837	-1.65296E+000	-2.00193E-001	-2.49219E+000	-2.00025E+000	2.92328E-004	11	..........a	-327.68
	2837	2838	-1.65096E+000	-2.00193E-001	-2.50123E+000	-2.00025E+000	2.95778E-004	11	..........a	-327.68
	2838	2839	-1.65056E+000	-2.00193E-001	-2.51140E+000	-2.00025E+000	3.00078E-004	11	..........a	-327.68
	2839	2840	-1.65176E+000	-2.00192E-001	-2.52084E+000	-2.00025E+000	2.99328E-004	11	..........a	-327.68
	2840	2841	-1.64936E+000	-2.00193E-001	-2.53512E+000	-2.00025E+000	2.93944E-004	11	..........a	-327.68
	2841	2842	-1.64976E+000	-2.00193E-001	-2.53937E+000	-2.00025E+000	2.96961E-004	11	..........a	-327.68
	2842	2843	-1.64736E+000	-2.00192E-001	-2.56385E+000	-2.00025E+000	2.93878E-004	11	..........a	-327.68
	2843	2844	-1.64736E+000	-2.00193E-001	-2.56184E+000	-2.00025E+000	2.96078E-004	11	..........a	-327.68
	2844	2845	-1.64816E+000	-2.00192E-001	-2.56347E+000	-2.00025E+000	2.99078E-004	11	..........a	-327.68
	2845	2846	-1.64816E+000	-2.00192E-001	-2.56217E+000	-2.00025E+000	2.99428E-004	11	..........a	-327.68
	2846	2847	-1.65096E+000	-2.00192E-001	-2.36336E+000	-2.00025E+000	3.03261E-004	11	..........a	-327.68
	2847	2848	-1.64496E+000	-2.00192E-001	-2.37834E+000	-2.00025E+000	2.96711E-004	11	..........a	-327.68
	2848	2849	-1.65336E+000	-2.00192E-001	-2.37598E+000	-2.00025E+000	2.96661E-004	11	..........a	-327.68
	2849	2850	-1.64896E+000	-2.00192E-001	-2.38644E+000	-2.00025E+000	2.99611E-004	11	..........a	-327.68
	2850	2851	-1.65256E+000	-2.00192E-001	-2.38783E+000	-2.00025E+000	3.01478E-004	11	..........a	-327.68
	2851	2852	-1.64696E+000	-2.00192E-001	-2.40145E+000	-2.00025E+000	3.01094E-004	11	..........a	-327.68
	2852	2853	-1.65056E+000	-2.00192E-001	-2.40810E+000	-2.00025E+000	2.97628E-004	11	..........a	-327.68
	2853	2854	-1.65176E+000	-2.00192E-001	-2.41571E+000	-2.00025E+000	2.96294E-004	11	..........a	-327.68
	2854	2855	-1.65016E+000	-2.00193E-001	-2.42303E+000	-2.00025E+000	2.99528E-004	11	..........a	-327.68
	2855	2856	-1.64776E+000	-2.00193E-001	-2.42903E+000	-2.00025E+000	2.96711E-004	11	..........a	-327.68
	2856	2857	-1.64776E+000	-2.00193E-001	-2.43557E+000	-2.00025E+000	2.99661E-004	11	..........a	-327.68
	2857	2858	-1.64936E+000	-2.00193E-001	-2.44396E+000	-2.00025E+000	2.96328E-004	11	..........a	-327.68
	2858	2859	-1.65296E+000	-2.00193E-001	-2.45725E+000	-2.00025E+000	2.96494E-004	11	..........a	-327.68
	2859	2860	-1.65216E+000	-2.00193E-001	-2.46714E+000	-2.00025E+000	2.95794E-004	11	..........a	-327.68
	2860	2861	-1.65096E+000	-2.00193E-001	-2.47485E+000	-2.00025E+000	3.01261E-004	11	..........a	-327.68
	2861	2862	-1.65576E+000	-2.00193E-001	-2.48157E+000	-2.00025E+000	2.94928E-004	11	..........a	-327.68
	2862	2863	-1.65136E+000	-2.00192E-001	-2.49480E+000	-2.00025E+000	2.94711E-004	11	..........a	-327.68
	2863	2864	-1.64856E+000	-2.00193E-001	-2.50722E+000	-2.00025E+000	2.95428E-004	11	..........a	-327.68
	2864	2865	-1.65056E+000	-2.00193E-001	-2.51368E+000	-2.00025E+000	3.00378E-004	11	..........a	-327.68
	2865	2866	-1.64856E+000	-2.00193E-001	-2.52799E+000	-2.00025E+000	2.95711E-004	11	..........a	-327.68
	2866	2867	-1.65216E+000	-2.00193E-001	-2.53490E+000	-2.00025E+000	2.98178E-004	11	..........a	-327.68
	2867	2868	-1.65576E+000	-2.00193E-001	-2.54331E+000	-2.00025E+000	3.02711E-004	11	..........a	-327.68
	2868	2869	-1.65096E+000	-2.00193E-001	-2.56264E+000	-2.00025E+000	3.04994E-004	11	..........a	-327.68
	2869	2870	-1.65456E+000	-2.00192E-001	-2.57232E+000	-2.00025E+000	2.99878E-004	11	..........a	-327.68
	2870	2871	-1.64696E+000	-2.00192E-001	-2.58891E+000	-2.00025E+000	3.05828E-004	11	..........a	-327.68
	2871	2872	-1.64816E+000	-2.00193E-001	-2.60397E+000	-2.00025E+000	3.01044E-004	11	..........a	-327.68
	2872	2873	-1.64536E+000	-2.00192E-001	-2.59783E+000	-2.00025E+000	3.00161E-004	11	..........a	-327.68
	2873	2874	-1.64536E+000	-2.00192E-001	-2.37615E+000	-2.00025E+000	3.03911E-004	11	..........a	-327.68
	2874	2875	-1.65096E+000	-2.00193E-001	-2.37746E+000	-2.00025E+000	3.05228E-004	11	..........a	-327.68
	2875	2876	-1.64816E+000	-2.00192E-001	-2.38821E+000	-2.00025E+000	3.06728E-004	11	..........a	-327.68
	2876	2877	-1.65136E+000	-2.00192E-001	-2.39137E+000	-2.00025E+000	3.01011E-004	11	..........a	-327.68
	2877	2878	-1.65136E+000	-2.00193E-001	-2.39682E+000	-2.00025E+000	3.02811E-004	11	..........a	-327.68
	2878	2879	-1.64736E+000	-2.00193E-001	-2.40878E+000	-2.00025E+000	3.04011E-004	11	..........a	-327.68
	2879	2880	-1.65056E+000	-2.00193E-001	-2.41181E+000	-2.00025E+000	3.06378E-004	11	..........a	-327.68
	2880	2881	-1.64776E+000	-2.00193E-001	-2.41938E+000	-2.00025E+000	3.12278E-004	11	..........a	-327.68
	2881	2882	-1.64936E+000	-2.00192E-001	-2.42546E+000	-2.00025E+000	3.06644E-004	11	..........a	-327.68
	2882	2883	-1.64896E+000	-2.00192E-001	-2.43359E+000	-2.00025E+000	3.07244E-004	11	..........a	-327.68
	2883	2884	-1.65536E+000	-2.00192E-001	-2.43558E+000	-2.00025E+000	3.01478E-004	11	..........a	-327.68
	2884	2885	-1.65096E+000	-2.00192E-001	-2.44790E+000	-2.00025E+000	2.99461E-004	11	..........a	-327.68
	2885	2886	-1.65056E+000	-2.00192E-001	-2.45579E+000	-2.00025E+000	2.99828E-004	11	..........a	-327.68
	2886	2887	-1.64976E+000	-2.00192E-001	-2.46388E+000	-2.00025E+000	3.02711E-004	11	..........a	-327.68
	2887	2888	-1.64976E+000	-2.00192E-001	-2.47451E+000	-2.00025E+000	2.94361E-004	11	..........a	-327.68
	2888	2889	-1.65376E+000	-2.00192E-001	-2.47822E+000	-2.00025E+000	2.95628E-004	11	..........a	-327.68
	2889	2890	-1.64616E+000	-2.00192E-001	-2.50422E+000	-2.00025E+000	2.91828E-004	11	..........a	-327.68
	2890	2891	-1.64736E+000	-2.00192E-001	-2.52722E+000	-2.00025E+000	2.94028E-004	11	..........a	-327.68
	2891	2892	-1.64896E+000	-2.00192E-001	-2.52877E+000	-2.00025E+000	3.02194E-004	11	..........a	-327.68
	2892	2893	-1.64936E+000	-2.00192E-001	-2.53088E+000	-2.00025E+000	3.02344E-004	11	..........a	-327.68
	2893	2894	-1.64976E+000	-2.00193E-001	-2.52320E+000	-2.00025E+000	3.02228E-004	11	..........a	-327.68
	2894	2895	-1.65296E+000	-2.00192E-001	-2.51877E+000	-2.00025E+000	2.96011E-004	11	..........a	-327.68
	2895	2896	-1.64816E+000	-2.00192E-001	-2.52671E+000	-2.00025E+000	2.97911E-004	11	..........a	-327.68
	2896	2897	-1.64896E+000	-2.00193E-001	-2.37855E+000	-2.00025E+000	2.99361E-004	11	..........a	-327.68
	2897	2898	-1.64976E+000	-2.00192E-001	-2.38626E+000	-2.00025E+000	2.95228E-004	11	..........a	-327.68
	2898	2899	-1.65176E+000	-2.00192E-001	-2.39335E+000	-2.00025E+000	2.93678E-004	11	..........a	-327.68
	2899	2900	-1.65536E+000	-2.00192E-001	-2.40153E+000	-2.00025E+000	2.96311E-004	11	..........a	-327.68
	2900	2901	-1.64776E+000	-2.00192E-001	-2.41187E+000	-2.00025E+000	3.06428E-004	11	..........a	-327.68
	2901	2902	-1.64976E+000	-2.00193E-001	-2.41412E+000	-2.00025E+000	3.01044E-004	11	..........a	-327.68
	2902	2903	-1.65056E+000	-2.00193E-001	-2.42113E+000	-2.00025E+000	2.93778E-004	11	..........a	-327.68
	2903	2904	-1.65216E+000	-2.00192E-001	-2.42939E+000	-2.00025E+000	2.90828E-004	11	..........a	-327.68
	2904	2905	-1.65136E+000	-2.00192E-001	-2.44208E+000	-2.00025E+000	2.97544E-004	11	..........a	-327.68
	2905	2906	-1.65056E+000	-2.00192E-001	-2.45761E+000	-2.00025E+000	2.94761E-004	11	..........a	-327.68
	2906	2907	-1.65416E+000	-2.00192E-001	-2.46515E+000	-2.00025E+000	2.97428E-004	11	..........a	-327.68
	2907	2908	-1.64776E+000	-2.00192E-001	-2.48207E+000	-2.00025E+000	2.97294E-004	11	..........a	-327.68
	2908	2909	-1.65136E+000	-2.00192E-001	-2.48483E+000	-2.00025E+000	2.98078E-004	11	..........a	-327.68
	2909	2910	-1.65176E+000	-2.00192E-001	-2.48717E+000	-2.00025E+000	3.01244E-004	11	..........a	-327.68
	2910	2911	-1.65256E+000	-2.00192E-001	-2.48969E+000	-2.00025E+000	2.94528E-004	11	..........a	-327.68
	2911	2912	-1.64936E+000	-2.00193E-001	-2.49813E+000	-2.00025E+000	2.98411E-004	11	..........a	-327.68
	2912	2913	-1.65096E+000	-2.00192E-001	-2.50182E+000	-2.00025E+000	3.02678E-004	11	..........a	-327.68
	2913	2914	-1.64816E+000	-2.00193E-001	-2.51609E+000	-2.00025E+000	3.01594E-004	11	..........a	-327.68
	2914	2915	-1.64976E+000	-2.00193E-001	-2.52376E+000	-2.00025E+000	2.99961E-004	11	..........a	-327.68
	2915	2916	-1.64816E+000	-2.00193E-001	-2.52130E+000	-2.00025E+000	2.99728E-004	11	..........a	-327.68
	2916	2917	-1.64816E+000	-2.00192E-001	-2.51846E+000	-2.00025E+000	2.99944E-004	11	..........a	-327.68
	2917	2918	-1.64976E+000	-2.00193E-001	-2.51000E+000	-2.00025E+000	3.01961E-004	11	..........a	-327.68
	2918	2919	-1.65056E+000	-2.00193E-001	-2.50845E+000	-2.00025E+000	3.03994E-004	11	..........a	-327.68
	2919	2920	-1.65056E+000	-2.00193E-001	-2.35027E+000	-2.00025E+000	3.04928E-004	11	..........a	-327.68
	2920	2921	-1.64896E+000	-2.00192E-001	-2.36221E+000	-2.00025E+000	3.03694E-004	11	..........a	-327.68
	2921	2922	-1.65176E+000	-2.00192E-001	-2.37347E+000	-2.00025E+000	3.10011E-004	11	..........a	-327.68
	2922	2923	-1.65016E+000	-2.00193E-001	-2.38331E+000	-2.00025E+000	3.00361E-004	11	..........a	-327.68
	2923	2924	-1.65096E+000	-2.00192E-001	-2.39036E+000	-2.00025E+000	3.02611E-004	11	..........a	-327.68
	2924	2925	-1.65176E+000	-2.00192E-001	-2.39630E+000	-2.00025E+000	2.99861E-004	11	..........a	-327.68
	2925	2926	-1.65016E+000	-2.00193E-001	-2.40643E+000	-2.00025E+000	3.00594E-004	11	..........a	-327.68
	2926	2927	-1.65176E+000	-2.00192E-001	-2.41294E+000	-2.00025E+000	3.06861E-004	11	..........a	-327.68
	2927	2928	-1.65016E+000	-2.00197E-001	-2.42422E+000	-2.00025E+000	4.80061E-004	11	..........a	-327.68
	2928	2929	-1.65016E+000	-2.00197E-001	-2.42730E+000	-2.00025E+000	4.84978E-004	11	..........a	-327.68
	2929	2930	-1.65096E+000	-2.00197E-001	-2.42999E+000	-2.00025E+000	4.85828E-004	11	..........a	-327.68
	2930	2931	-1.65096E+000	-2.00196E-001	-2.43565E+000	-2.00025E+000	4.86944E-004	11	..........a	-327.68
	2931	2932	-1.65256E+000	-2.00197E-001	-2.44405E+000	-2.00025E+000	4.78978E-004	11	..........a	-327.68
	2932	2933	-1.65016E+000	-2.00197E-001	-2.45450E+000	-2.00025E+000	4.88511E-004	11	..........a	-327.68
	2933	2934	-1.65136E+000	-2.00197E-001	-2.45984E+000	-2.00025E+000	4.85044E-004	11	..........a	-327.68
	2934	2935	-1.65096E+000	-2.00196E-001	-2.46293E+000	-2.00025E+000	4.82861E-004	11	..........a	-327.68
	2935	2936	-1.65176E+000	-2.00197E-001	-2.46959E+000	-2.00025E+000	4.82661E-004	11	..........a	-327.68
	2936	2937	-1.64776E+000	-2.00197E-001	-2.49155E+000	-2.00025E+000	4.77861E-004	11	..........a	-327.68
	2937	2938	-1.64976E+000	-2.00197E-001	-2.48745E+000	-2.00025E+000	4.83961E-004	11	..........a	-327.68
	2938	2939	-1.64976E+000	-2.00197E-001	-2.48909E+000	-2.00025E+000	4.84644E-004	11	..........a	-327.68
	2939	2940	-1.64976E+000	-2.00197E-001	-2.48942E+000	-2.00025E+000	4.82044E-004	11	..........a	-327.68
	2940	2941	-1.65056E+000	-2.00196E-001	-2.49231E+000	-2.00025E+000	4.80878E-004	11	..........a	-327.68
	2941	2942	-1.65056E+000	-2.00197E-001	-2.47632E+000	-2.00025E+000	4.82944E-004	11	..........a	-327.68
	2942	2943	-1.65096E+000	-2.00197E-001	-2.36107E+000	-2.00025E+000	4.77678E-004	11	..........a	-327.68
	2943	2944	-1.65056E+000	-2.00197E-001	-2.37337E+000	-2.00025E+000	4.84394E-004	11	..........a	-327.68
	2944	2945	-1.65136E+000	-2.00197E-001	-2.37940E+000	-2.00025E+000	4.85261E-004	11	..........a	-327.68
	2945	2946	-1.65096E+000	-2.00197E-001	-2.38746E+000	-2.00025E+000	4.75878E-004	11	..........a	-327.68
	2946	2947	-1.65176E+000	-2.00198E-001	-2.39733E+000	-2.00025E+000	4.91744E-004	11	..........a	-327.68
	2947	2948	-1.65336E+000	-2.00198E-001	-2.40616E+000	-2.00025E+000	4.92444E-004	11	..........a	-327.68
	2948	2949	-1.65296E+000	-2.00197E-001	-2.41723E+000	-2.00025E+000	4.80628E-004	11	..........a	-327.68
	2949	2950	-1.64856E+000	-2.00197E-001	-2.42961E+000	-2.00025E+000	4.83528E-004	11	..........a	-327.68
	2950	2951	-1.64896E+000	-2.00198E-001	-2.43559E+000	-2.00025E+000	4.90061E-004	11	..........a	-327.68
	2951	2952	-1.65016E+000	-2.00197E-001	-2.43994E+000	-2.00025E+000	4.99144E-004	11	..........a	-327.68
	2952	2953	-1.64976E+000	-2.00197E-001	-2.45858E+000	-2.00025E+000	4.75711E-004	11	..........a	-327.68
	2953	2954	-1.65136E+000	-2.00197E-001	-2.45920E+000	-2.00025E+000	4.85478E-004	11	..........a	-327.68
	2954	2955	-1.65056E+000	-2.00197E-001	-2.46072E+000	-2.00025E+000	4.85444E-004	11	..........a	-327.68
	2955	2956	-1.65056E+000	-2.00197E-001	-2.46650E+000	-2.00025E+000	4.95944E-004	11	..........a	-327.68
	2956	2957	-1.64976E+000	-2.00198E-001	-2.47970E+000	-2.00025E+000	4.87844E-004	11	..........a	-327.68
	2957	2958	-1.64496E+000	-2.00197E-001	-2.49100E+000	-2.00025E+000	4.75278E-004	11	..........a	-327.68
	2958	2959	-1.64856E+000	-2.00197E-001	-2.49177E+000	-2.00025E+000	4.92778E-004	11	..........a	-327.68
	2959	2960	-1.64896E+000	-2.00197E-001	-2.49463E+000	-2.00025E+000	4.86894E-004	11	..........a	-327.68
	2960	2961	-1.65096E+000	-2.00198E-001	-2.49434E+000	-2.00025E+000	4.91944E-004	11	..........a	-327.68
	2961	2962	-1.65256E+000	-2.00197E-001	-2.50225E+000	-2.00025E+000	4.73011E-004	11	..........a	-327.68
	2962	2963	-1.65096E+000	-2.00197E-001	-2.37804E+000	-2.00025E+000	4.80478E-004	11	..........a	-327.68
	2963	2964	-1.65176E+000	-2.00197E-001	-2.38730E+000	-2.00025E+000	4.81778E-004	11	..........a	-327.68
	2964	2965	-1.65016E+000	-2.00197E-001	-2.39754E+000	-2.00025E+000	4.80928E-004	11	..........a	-327.68
	2965	2966	-1.64856E+000	-2.00197E-001	-2.40396E+000	-2.00025E+000	4.85328E-004	11	..........a	-327.68
	2966	2967	-1.65096E+000	-2.00197E-001	-2.41289E+000	-2.00025E+000	4.82211E-004	11	..........a	-327.68
	2967	2968	-1.64936E+000	-2.00198E-001	-2.42412E+000	-2.00025E+000	4.88011E-004	11	..........a	-327.68
	2968	2969	-1.64936E+000	-2.00197E-001	-2.43024E+000	-2.00025E+000	4.79428E-004	11	..........a	-327.68
	2969	2970	-1.65136E+000	-2.00197E-001	-2.43687E+000	-2.00025E+000	4.93694E-004	11	..........a	-327.68
	2970	2971	-1.64856E+000	-2.00197E-001	-2.44642E+000	-2.00025E+000	4.87928E-004	11	..........a	-327.68
	2971	2972	-1.65176E+000	-2.00197E-001	-2.45126E+000	-2.00025E+000	4.97094E-004	11	..........a	-327.68
	2972	2973	-1.64896E+000	-2.00197E-001	-2.47873E+000	-2.00025E+000	4.87128E-004	11	..........a	-327.68
	2973	2974	-1.64936E+000	-2.00197E-001	-2.47312E+000	-2.00025E+000	4.71744E-004	11	..........a	-327.68
	2974	2975	-1.65056E+000	-2.00197E-001	-2.47858E+000	-2.00025E+000	4.82528E-004	11	..........a	-327.68
	2975	2976	-1.64936E+000	-2.00197E-001	-2.48556E+000	-2.00025E+000	4.82261E-004	11	..........a	-327.68
	2976	2977	-1.65016E+000	-2.00197E-001	-2.49388E+000	-2.00025E+000	4.89994E-004	11	..........a	-327.68
	2977	2978	-1.64936E+000	-2.00197E-001	-2.50074E+000	-2.00025E+000	4.81144E-004	11	..........a	-327.68
	2978	2979	-1.65096E+000	-2.00197E-001	-2.50190E+000	-2.00025E+000	4.80828E-004	11	..........a	-327.68
	2979	2980	-1.65256E+000	-2.00197E-001	-2.51178E+000	-2.00025E+000	4.91394E-004	11	..........a	-327.68
	2980	2981	-1.65216E+000	-2.00197E-001	-2.51959E+000	-2.00025E+000	4.77778E-004	11	..........a	-327.68
	2981	2982	-1.65256E+000	-2.00197E-001	-2.52406E+000	-2.00025E+000	4.89311E-004	11	..........a	-327.68
	2982	2983	-1.65016E+000	-2.00197E-001	-2.37567E+000	-2.00025E+000	4.81594E-004	11	..........a	-327.68
	2983	2984	-1.65056E+000	-2.00197E-001	-2.38414E+000	-2.00025E+000	4.80711E-004	11	..........a	-327.68
	2984	2985	-1.65256E+000	-2.00197E-001	-2.41226E+000	-2.00025E+000	4.85294E-004	11	..........a	-327.68
	2985	2986	-1.64976E+000	-2.00197E-001	-2.44671E+000	-2.00025E+000	4.95844E-004	11	..........a	-327.68
	2986	2987	-1.65256E+000	-2.00197E-001	-2.44661E+000	-2.00025E+000	4.93894E-004	11	..........a	-327.68
	2987	2988	-1.64976E+000	-2.00197E-001	-2.45514E+000	-2.00025E+000	4.86294E-004	11	..........a	-327.68
	2988	2989	-1.65296E+000	-2.00197E-001	-2.46045E+000	-2.00025E+000	4.83328E-004	11	..........a	-327.68
	2989	2990	-1.64976E+000	-2.00197E-001	-2.47294E+000	-2.00025E+000	4.87661E-004	11	..........a	-327.68
	2990	2991	-1.65136E+000	-2.00197E-001	-2.48091E+000	-2.00025E+000	4.80128E-004	11	..........a	-327.68
	2991	2992	-1.65096E+000	-2.00197E-001	-2.48366E+000	-2.00025E+000	4.85394E-004	11	..........a	-327.68
	2992	2993	-1.65016E+000	-2.00196E-001	-2.48186E+000	-2.00025E+000	4.77378E-004	11	..........a	-327.68
	2993	2994	-1.65176E+000	-2.00196E-001	-2.49019E+000	-2.00025E+000	4.88294E-004	11	..........a	-327.68
	2994	2995	-1.65456E+000	-2.00197E-001	-2.49743E+000	-2.00025E+000	4.83194E-004	11	..........a	-327.68
	2995	2996	-1.65256E+000	-2.00197E-001	-2.50857E+000	-2.00025E+000	4.85511E-004	11	..........a	-327.68
	2996	2997	-1.65216E+000	-2.00197E-001	-2.51368E+000	-2.00025E+000	4.85194E-004	11	..........a	-327.68
	2997	2998	-1.65176E+000	-2.00197E-001	-2.52015E+000	-2.00025E+000	4.76178E-004	11	..........a	-327.68
	2998	2999	-1.65296E+000	-2.00197E-001	-2.52397E+000	-2.00025E+000	4.84078E-004	11	..........a	-327.68
	2999	3000	-1.65256E+000	-2.00196E-001	-2.53422E+000	-2.00025E+000	4.70761E-004	11	..........a	-327.68
	3000	3001	-1.64896E+000	-2.00197E-001	-2.56275E+000	-2.00025E+000	4.77861E-004	11	..........a	-327.68
	3001	3002	-1.64936E+000	-2.00197E-001	-2.55603E+000	-2.00025E+000	4.89594E-004	11	..........a	-327.68
	3002	3003	-1.65016E+000	-2.00197E-001	-2.55095E+000	-2.00025E+000	4.92378E-004	11	..........a	-327.68
	3003	3004	-1.65016E+000	-2.00196E-001	-2.55183E+000	-2.00025E+000	4.75761E-004	11	..........a	-327.68
	3004	3005	-1.64816E+000	-2.00197E-001	-2.40078E+000	-2.00025E+000	4.79111E-004	11	..........a	-327.68
	3005	3006	-1.64896E+000	-2.00196E-001	-2.41158E+000	-2.00025E+000	4.84861E-004	11	..........a	-327.68
	3006	3007	-1.64936E+000	-2.00196E-001	-2.41954E+000	-2.00025E+000	4.80344E-004	11	..........a	-327.68
	3007	3008	-1.64896E+000	-2.00198E-001	-2.42714E+000	-2.00025E+000	4.96178E-004	11	..........a	-327.68
	3008	3009	-1.64856E+000	-2.00198E-001	-2.43323E+000	-2.00025E+000	4.93428E-004	11	..........a	-327.68
	3009	3010	-1.64856E+000	-2.00198E-001	-2.44001E+000	-2.00025E+000	4.91361E-004	11	..........a	-327.68
	3010	3011	-1.65016E+000	-2.00198E-001	-2.44532E+000	-2.00025E+000	4.94411E-004	11	..........a	-327.68
	3011	3012	-1.65216E+000	-2.00198E-001	-2.45066E+000	-2.00025E+000	4.89228E-004	11	..........a	-327.68
	3012	3013	-1.65096E+000	-2.00198E-001	-2.46208E+000	-2.00025E+000	5.03194E-004	11	..........a	-327.68
	3013	3014	-1.65176E+000	-2.00197E-001	-2.46481E+000	-2.00025E+000	4.98578E-004	11	..........a	-327.68
	3014	3015	-1.64856E+000	-2.00198E-001	-2.47498E+000	-2.00025E+000	5.03528E-004	11	..........a	-327.68
	3015	3016	-1.64936E+000	-2.00197E-001	-2.48204E+000	-2.00025E+000	4.92611E-004	11	..........a	-327.68
	3016	3017	-1.65176E+000	-2.00197E-001	-2.48459E+000	-2.00025E+000	4.80444E-004	11	..........a	-327.68
	3017	3018	-1.65096E+000	-2.00197E-001	-2.49510E+000	-2.00025E+000	4.92911E-004	11	..........a	-327.68
	3018	3019	-1.65216E+000	-2.00197E-001	-2.50068E+000	-2.00025E+000	4.90161E-004	11	..........a	-327.68
	3019	3020	-1.65096E+000	-2.00198E-001	-2.50812E+000	-2.00025E+000	4.93578E-004	11	..........a	-327.68
	3020	3021	-1.64976E+000	-2.00197E-001	-2.52518E+000	-2.00025E+000	4.92194E-004	11	..........a	-327.68
	3021	3022	-1.65096E+000	-2.00197E-001	-2.53244E+000	-2.00025E+000	5.06011E-004	11	..........a	-327.68
	3022	3023	-1.65016E+000	-2.00198E-001	-2.54387E+000	-2.00025E+000	4.88478E-004	11	..........a	-327.68
	3023	3024	-1.64856E+000	-2.00198E-001	-2.55540E+000	-2.00025E+000	4.98278E-004	11	..........a	-327.68
	3024	3025	-1.64976E+000	-2.00197E-001	-2.57599E+000	-2.00025E+000	4.92761E-004	11	..........a	-327.68
	3025	3026	-1.65136E+000	-2.00197E-001	-2.57398E+000	-2.00025E+000	4.87461E-004	11	..........a	-327.68
	3026	3027	-1.64976E+000	-2.00197E-001	-2.56699E+000	-2.00025E+000	4.72878E-004	11	..........a	-327.68
	3027	3028	-1.64896E+000	-2.00198E-001	-2.56647E+000	-2.00025E+000	4.85978E-004	11	..........a	-327.68
	3028	3029	-1.64976E+000	-2.00198E-001	-2.44911E+000	-2.00025E+000	4.80461E-004	11	..........a	-327.68
	3029	3030	-1.64976E+000	-2.00198E-001	-2.41188E+000	-2.00025E+000	4.94961E-004	11	..........a	-327.68
	3030	3031	-1.65136E+000	-2.00198E-001	-2.41719E+000	-2.00025E+000	4.86061E-004	11	..........a	-327.68
	3031	3032	-1.65096E+000	-2.00197E-001	-2.42290E+000	-2.00025E+000	4.82044E-004	11	..........a	-327.68
	3032	3033	-1.64896E+000	-2.00197E-001	-2.42822E+000	-2.00025E+000	4.84844E-004	11	..........a	-327.68
	3033	3034	-1.65016E+000	-2.00198E-001	-2.43402E+000	-2.00025E+000	4.89461E-004	11	..........a	-327.68
	3034	3035	-1.64896E+000	-2.00198E-001	-2.44431E+000	-2.00025E+000	4.84078E-004	11	..........a	-327.68
	3035	3036	-1.64896E+000	-2.00197E-001	-2.45286E+000	-2.00025E+000	4.83411E-004	11	..........a	-327.68
	3036	3037	-1.65136E+000	-2.00198E-001	-2.45395E+000	-2.00025E+000	4.86028E-004	11	..........a	-327.68
	3037	3038	-1.65216E+000	-2.00198E-001	-2.45842E+000	-2.00025E+000	4.92811E-004	11	..........a	-327.68
	3038	3039	-1.65256E+000	-2.00197E-001	-2.46332E+000	-2.00025E+000	4.84544E-004	11	..........a	-327.68
	3039	3040	-1.65096E+000	-2.00197E-001	-2.47679E+000	-2.00025E+000	4.84144E-004	11	..........a	-327.68
	3040	3041	-1.65056E+000	-2.00197E-001	-2.48544E+000	-2.00025E+000	4.74511E-004	11	..........a	-327.68
	3041	3042	-1.65136E+000	-2.00197E-001	-2.49277E+000	-2.00025E+000	4.83611E-004	11	..........a	-327.68
	3042	3043	-1.65096E+000	-2.00197E-001	-2.49947E+000	-2.00025E+000	4.91228E-004	11	..........a	-327.68
	3043	3044	-1.64936E+000	-2.00197E-001	-2.50877E+000	-2.00025E+000	4.85344E-004	11	..........a	-327.68
	3044	3045	-1.65136E+000	-2.00197E-001	-2.51754E+000	-2.00025E+000	4.91728E-004	11	..........a	-327.68
	3045	3046	-1.65016E+000	-2.00197E-001	-2.52800E+000	-2.00025E+000	4.93611E-004	11	..........a	-327.68
	3046	3047	-1.65336E+000	-2.00197E-001	-2.52898E+000	-2.00025E+000	4.81178E-004	11	..........a	-327.68
	3047	3048	-1.65176E+000	-2.00197E-001	-2.54167E+000	-2.00025E+000	4.72644E-004	11	..........a	-327.68
	3048	3049	-1.64736E+000	-2.00197E-001	-2.57044E+000	-2.00025E+000	4.71744E-004	11	..........a	-327.68
	3049	3050	-1.64896E+000	-2.00197E-001	-2.57168E+000	-2.00025E+000	4.83661E-004	11	..........a	-327.68
	3050	3051	-1.65056E+000	-2.00198E-001	-2.56463E+000	-2.00025E+000	4.82794E-004	11	..........a	-327.68
	3051	3052	-1.64976E+000	-2.00198E-001	-2.56894E+000	-2.00025E+000	4.96544E-004	11	..........a	-327.68
	3052	3053	-1.64976E+000	-2.00197E-001	-2.57612E+000	-2.00025E+000	4.78844E-004	11	..........a	-327.68
	3053	3054	-1.65016E+000	-2.00197E-001	-2.41448E+000	-2.00025E+000	4.78894E-004	11	..........a	-327.68
	3054	3055	-1.65056E+000	-2.00194E-001	-2.42364E+000	-2.00025E+000	3.39394E-004	11	..........a	-327.68
	3055	3056	-1.65256E+000	-2.00194E-001	-2.42710E+000	-2.00025E+000	3.30961E-004	11	..........a	-327.68
	3056	3057	-1.64936E+000	-2.00194E-001	-2.43818E+000	-2.00025E+000	3.31844E-004	11	..........a	-327.68
	3057	3058	-1.65256E+000	-2.00194E-001	-2.44340E+000	-2.00025E+000	3.47561E-004	11	..........a	-327.68
	3058	3059	-1.65176E+000	-2.00194E-001	-2.45213E+000	-2.00025E+000	3.38811E-004	11	..........a	-327.68
	3059	3060	-1.65136E+000	-2.00194E-001	-2.46195E+000	-2.00025E+000	3.36728E-004	11	..........a	-327.68
	3060	3061	-1.65256E+000	-2.00194E-001	-2.46775E+000	-2.00025E+000	3.34178E-004	11	..........a	-327.68
	3061	3062	-1.65176E+000	-2.00194E-001	-2.47718E+000	-2.00025E+000	3.37511E-004	11	..........a	-327.68
	3062	3063	-1.65176E+000	-2.00194E-001	-2.48343E+000	-2.00025E+000	3.41094E-004	11	..........a	-327.68
	3063	3064	-1.64896E+000	-2.00194E-001	-2.49260E+000	-2.00025E+000	3.34728E-004	11	..........a	-327.68
	3064	3065	-1.65016E+000	-2.00194E-001	-2.49368E+000	-2.00025E+000	3.37894E-004	11	..........a	-327.68
	3065	3066	-1.65256E+000	-2.00194E-001	-2.50155E+000	-2.00025E+000	3.41844E-004	11	..........a	-327.68
	3066	3067	-1.65256E+000	-2.00194E-001	-2.51291E+000	-2.00025E+000	3.38144E-004	11	..........a	-327.68
	3067	3068	-1.65176E+000	-2.00194E-001	-2.51812E+000	-2.00025E+000	3.31461E-004	11	..........a	-327.68
	3068	3069	-1.65016E+000	-2.00194E-001	-2.52657E+000	-2.00025E+000	3.38244E-004	11	..........a	-327.68
	3069	3070	-1.65256E+000	-2.00194E-001	-2.53319E+000	-2.00025E+000	3.48561E-004	11	..........a	-327.68
	3070	3071	-1.65096E+000	-2.00194E-001	-2.55744E+000	-2.00025E+000	3.46361E-004	11	..........a	-327.68
	3071	3072	-1.64976E+000	-2.00194E-001	-2.55704E+000	-2.00025E+000	3.49211E-004	11	..........a	-327.68
	3072	3073	-1.65296E+000	-2.00193E-001	-2.54867E+000	-2.00025E+000	3.45494E-004	11	..........a	-327.68
	3073	3074	-1.65256E+000	-2.00194E-001	-2.54862E+000	-2.00025E+000	3.49178E-004	11	..........a	-327.68
	3074	3075	-1.65256E+000	-2.00194E-001	-2.55298E+000	-2.00025E+000	3.42061E-004	11	..........a	-327.68
	3075	3076	-1.65296E+000	-2.00194E-001	-2.56064E+000	-2.00025E+000	3.38128E-004	11	..........a	-327.68
	3076	3077	-1.65216E+000	-2.00194E-001	-2.56559E+000	-2.00025E+000	3.37294E-004	11	..........a	-327.68
	3077	3078	-1.65096E+000	-2.00194E-001	-2.57255E+000	-2.00025E+000	3.37544E-004	11	..........a	-327.68
	3078	3079	-1.65256E+000	-2.00193E-001	-2.43401E+000	-2.00025E+000	3.37111E-004	11	..........a	-327.68
	3079	3080	-1.65096E+000	-2.00193E-001	-2.43856E+000	-2.00025E+000	3.44561E-004	11	..........a	-327.68
	3080	3081	-1.65096E+000	-2.00198E-001	-2.44586E+000	-2.00025E+000	4.82261E-004	11	..........a	-327.68
	3081	3082	-1.64936E+000	-2.00197E-001	-2.45390E+000	-2.00025E+000	4.75961E-004	11	..........a	-327.68
	3082	3083	-1.65176E+000	-2.00197E-001	-2.46092E+000	-2.00025E+000	4.77894E-004	11	..........a	-327.68
	3083	3084	-1.65016E+000	-2.00197E-001	-2.46915E+000	-2.00025E+000	4.78911E-004	11	..........a	-327.68
	3084	3085	-1.65136E+000	-2.00197E-001	-2.47511E+000	-2.00025E+000	4.78794E-004	11	..........a	-327.68
	3085	3086	-1.65256E+000	-2.00197E-001	-2.47816E+000	-2.00025E+000	4.86478E-004	11	..........a	-327.68
	3086	3087	-1.65096E+000	-2.00197E-001	-2.48618E+000	-2.00025E+000	4.75078E-004	11	..........a	-327.68
	3087	3088	-1.65136E+000	-2.00198E-001	-2.49429E+000	-2.00025E+000	4.74594E-004	11	..........a	-327.68
	3088	3089	-1.65096E+000	-2.00198E-001	-2.50687E+000	-2.00025E+000	4.78128E-004	11	..........a	-327.68
	3089	3090	-1.65056E+000	-2.00198E-001	-2.51956E+000	-2.00025E+000	4.75344E-004	11	..........a	-327.68
	3090	3091	-1.64976E+000	-2.00197E-001	-2.54349E+000	-2.00025E+000	4.63978E-004	11	..........a	-327.68
	3091	3092	-1.64936E+000	-2.00197E-001	-2.53449E+000	-2.00025E+000	4.75294E-004	11	..........a	-327.68
	3092	3093	-1.64976E+000	-2.00197E-001	-2.53318E+000	-2.00025E+000	4.77278E-004	11	..........a	-327.68
	3093	3094	-1.65096E+000	-2.00197E-001	-2.53801E+000	-2.00025E+000	4.66661E-004	11	..........a	-327.68
	3094	3095	-1.65256E+000	-2.00197E-001	-2.54174E+000	-2.00025E+000	4.77294E-004	11	..........a	-327.68
	3095	3096	-1.64776E+000	-2.00197E-001	-2.55184E+000	-2.00025E+000	4.62378E-004	11	..........a	-327.68
	3096	3097	-1.65016E+000	-2.00197E-001	-2.41372E+000	-2.00025E+000	4.77044E-004	11	..........a	-327.68
	3097	3098	-1.64936E+000	-2.00197E-001	-2.42403E+000	-2.00025E+000	4.74928E-004	11	..........a	-327.68
	3098	3099	-1.65016E+000	-2.00197E-001	-2.43308E+000	-2.00025E+000	4.66511E-004	11	..........a	-327.68
	3099	3100	-1.64976E+000	-2.00197E-001	-2.43579E+000	-2.00025E+000	4.68828E-004	11	..........a	-327.68
	3100	3101	-1.64896E+000	-2.00197E-001	-2.44003E+000	-2.00025E+000	4.56644E-004	11	..........a	-327.68
	3101	3102	-1.65056E+000	-2.00197E-001	-2.44665E+000	-2.00025E+000	4.63144E-004	11	..........a	-327.68
	3102	3103	-1.64976E+000	-2.00197E-001	-2.45453E+000	-2.00025E+000	4.67728E-004	11	..........a	-327.68
	3103	3104	-1.65176E+000	-2.00197E-001	-2.45782E+000	-2.00025E+000	4.75111E-004	11	..........a	-327.68
	3104	3105	-1.65176E+000	-2.00197E-001	-2.46313E+000	-2.00025E+000	4.71678E-004	11	..........a	-327.68
	3105	3106	-1.65256E+000	-2.00197E-001	-2.46843E+000	-2.00025E+000	4.64361E-004	11	..........a	-327.68
	3106	3107	-1.65016E+000	-2.00197E-001	-2.47834E+000	-2.00025E+000	4.69461E-004	11	..........a	-327.68
	3107	3108	-1.65176E+000	-2.00197E-001	-2.48196E+000	-2.00025E+000	4.67378E-004	11	..........a	-327.68
	3108	3109	-1.64856E+000	-2.00197E-001	-2.49109E+000	-2.00025E+000	4.68511E-004	11	..........a	-327.68
	3109	3110	-1.65056E+000	-2.00198E-001	-2.50159E+000	-2.00025E+000	4.69811E-004	11	..........a	-327.68
	3110	3111	-1.64856E+000	-2.00197E-001	-2.51414E+000	-2.00025E+000	4.66028E-004	11	..........a	-327.68
	3111	3112	-1.64936E+000	-2.00198E-001	-2.51953E+000	-2.00025E+000	4.79278E-004	11	..........a	-327.68
	3112	3113	-1.65016E+000	-2.00198E-001	-2.52502E+000	-2.00025E+000	4.73744E-004	11	..........a	-327.68
	3113	3114	-1.65176E+000	-2.00198E-001	-2.53409E+000	-2.00025E+000	4.72078E-004	11	..........a	-327.68
	3114	3115	-1.65056E+000	-2.00198E-001	-2.54374E+000	-2.00025E+000	4.69744E-004	11	..........a	-327.68
	3115	3116	-1.64936E+000	-2.00198E-001	-2.55002E+000	-2.00025E+000	4.79178E-004	11	..........a	-327.68
	3116	3117	-1.65016E+000	-2.00198E-001	-2.55370E+000	-2.00025E+000	4.76744E-004	11	..........a	-327.68
	3117	3118	-1.65096E+000	-2.00197E-001	-2.56712E+000	-2.00025E+000	4.71611E-004	11	..........a	-327.68
	3118	3119	-1.64976E+000	-2.00197E-001	-2.57928E+000	-2.00025E+000	4.72828E-004	11	..........a	-327.68
	3119	3120	-1.65176E+000	-2.00198E-001	-2.58395E+000	-2.00025E+000	4.68344E-004	11	..........a	-327.68
	3120	3121	-1.65016E+000	-2.00198E-001	-2.59689E+000	-2.00025E+000	4.72778E-004	11	..........a	-327.68
	3121	3122	-1.64816E+000	-2.00198E-001	-2.61029E+000	-2.00025E+000	4.75411E-004	11	..........a	-327.68
	3122	3123	-1.65136E+000	-2.00198E-001	-2.59808E+000	-2.00025E+000	4.66878E-004	11	..........a	-327.68
	3123	3124	-1.64416E+000	-2.00198E-001	-2.40334E+000	-2.00025E+000	4.63361E-004	11	..........a	-327.68
	3124	3125	-1.65096E+000	-2.00198E-001	-2.40646E+000	-2.00025E+000	4.71844E-004	11	..........a	-327.68
	3125	3126	-1.65096E+000	-2.00198E-001	-2.41785E+000	-2.00025E+000	4.59594E-004	11	..........a	-327.68
	3126	3127	-1.65096E+000	-2.00198E-001	-2.41342E+000	-2.00025E+000	4.70761E-004	11	..........a	-327.68
	3127	3128	-1.65176E+000	-2.00197E-001	-2.42088E+000	-2.00025E+000	4.63694E-004	11	..........a	-327.68
	3128	3129	-1.65176E+000	-2.00197E-001	-2.42633E+000	-2.00025E+000	4.66061E-004	11	..........a	-327.68
	3129	3130	-1.65016E+000	-2.00197E-001	-2.43285E+000	-2.00025E+000	4.52611E-004	11	..........a	-327.68
	3130	3131	-1.65096E+000	-2.00197E-001	-2.43650E+000	-2.00025E+000	4.68794E-004	11	..........a	-327.68
	3131	3132	-1.65096E+000	-2.00198E-001	-2.44350E+000	-2.00025E+000	4.59494E-004	11	..........a	-327.68
	3132	3133	-1.65176E+000	-2.00197E-001	-2.44963E+000	-2.00025E+000	4.58578E-004	11	..........a	-327.68
	3133	3134	-1.65096E+000	-2.00197E-001	-2.45982E+000	-2.00025E+000	4.65461E-004	11	..........a	-327.68
	3134	3135	-1.64936E+000	-2.00198E-001	-2.46930E+000	-2.00025E+000	4.62811E-004	11	..........a	-327.68
	3135	3136	-1.65056E+000	-2.00197E-001	-2.47550E+000	-2.00025E+000	4.53311E-004	11	..........a	-327.68
	3136	3137	-1.65256E+000	-2.00198E-001	-2.47942E+000	-2.00025E+000	4.70378E-004	11	..........a	-327.68
	3137	3138	-1.65376E+000	-2.00197E-001	-2.49822E+000	-2.00025E+000	4.70311E-004	11	..........a	-327.68
	3138	3139	-1.65096E+000	-2.00197E-001	-2.49659E+000	-2.00025E+000	4.60328E-004	11	..........a	-327.68
	3139	3140	-1.65336E+000	-2.00197E-001	-2.50346E+000	-2.00025E+000	4.76094E-004	11	..........a	-327.68
	3140	3141	-1.65216E+000	-2.00197E-001	-2.51118E+000	-2.00025E+000	4.60078E-004	11	..........a	-327.68
	3141	3142	-1.65296E+000	-2.00197E-001	-2.51717E+000	-2.00025E+000	4.57644E-004	11	..........a	-327.68
	3142	3143	-1.65176E+000	-2.00197E-001	-2.52421E+000	-2.00025E+000	4.56261E-004	11	..........a	-327.68
	3143	3144	-1.65096E+000	-2.00197E-001	-2.52769E+000	-2.00025E+000	4.67628E-004	11	..........a	-327.68
	3144	3145	-1.65056E+000	-2.00197E-001	-2.53942E+000	-2.00025E+000	4.57194E-004	11	..........a	-327.68
	3145	3146	-1.65016E+000	-2.00198E-001	-2.54481E+000	-2.00025E+000	4.63928E-004	11	..........a	-327.68
	3146	3147	-1.65016E+000	-2.00197E-001	-2.55219E+000	-2.00025E+000	4.72094E-004	11	..........a	-327.68
	3147	3148	-1.65096E+000	-2.00197E-001	-2.55819E+000	-2.00025E+000	4.77878E-004	11	..........a	-327.68
	3148	3149	-1.65096E+000	-2.00197E-001	-2.57093E+000	-2.00025E+000	4.71444E-004	11	..........a	-327.68
	3149	3150	-1.65096E+000	-2.00197E-001	-2.57030E+000	-2.00025E+000	4.74278E-004	11	..........a	-327.68
	3150	3151	-1.65096E+000	-2.00197E-001	-2.57943E+000	-2.00025E+000	4.69178E-004	11	..........a	-327.68
	3151	3152	-1.64576E+000	-2.00198E-001	-2.60787E+000	-2.00025E+000	4.70911E-004	11	..........a	-327.68
	3152	3153	-1.64936E+000	-2.00198E-001	-2.59176E+000	-2.00025E+000	4.69761E-004	11	..........a	-327.68
	3153	3154	-1.64536E+000	-2.00197E-001	-2.40114E+000	-2.00025E+000	4.71594E-004	11	..........a	-327.68
	3154	3155	-1.65016E+000	-2.00197E-001	-2.40192E+000	-2.00025E+000	4.69661E-004	11	..........a	-327.68
	3155	3156	-1.65016E+000	-2.00197E-001	-2.40932E+000	-2.00025E+000	4.76261E-004	11	..........a	-327.68
	3156	3157	-1.65176E+000	-2.00197E-001	-2.40510E+000	-2.00025E+000	4.71278E-004	11	..........a	-327.68
	3157	3158	-1.65176E+000	-2.00197E-001	-2.41231E+000	-2.00025E+000	4.70078E-004	11	..........a	-327.68
	3158	3159	-1.65056E+000	-2.00197E-001	-2.41738E+000	-2.00025E+000	4.72644E-004	11	..........a	-327.68
	3159	3160	-1.65176E+000	-2.00197E-001	-2.42501E+000	-2.00025E+000	4.69328E-004	11	..........a	-327.68
	3160	3161	-1.64976E+000	-2.00197E-001	-2.43343E+000	-2.00025E+000	4.78694E-004	11	..........a	-327.68
	3161	3162	-1.65296E+000	-2.00197E-001	-2.43807E+000	-2.00025E+000	4.68511E-004	11	..........a	-327.68
	3162	3163	-1.65096E+000	-2.00198E-001	-2.44735E+000	-2.00025E+000	4.69394E-004	11	..........a	-327.68
	3163	3164	-1.65176E+000	-2.00197E-001	-2.45522E+000	-2.00025E+000	4.79211E-004	11	..........a	-327.68
	3164	3165	-1.65096E+000	-2.00197E-001	-2.46474E+000	-2.00025E+000	4.71028E-004	11	..........a	-327.68
	3165	3166	-1.65296E+000	-2.00197E-001	-2.47088E+000	-2.00025E+000	4.67428E-004	11	..........a	-327.68
	3166	3167	-1.64416E+000	-2.00198E-001	-2.50377E+000	-2.00025E+000	4.65311E-004	11	..........a	-327.68
	3167	3168	-1.64816E+000	-2.00198E-001	-2.50061E+000	-2.00025E+000	4.64361E-004	11	..........a	-327.68
	3168	3169	-1.64536E+000	-2.00197E-001	-2.50595E+000	-2.00025E+000	4.57944E-004	11	..........a	-327.68
	3169	3170	-1.65016E+000	-2.00198E-001	-2.50720E+000	-2.00025E+000	4.62994E-004	11	..........a	-327.68
	3170	3171	-1.65096E+000	-2.00197E-001	-2.52018E+000	-2.00025E+000	4.67494E-004	11	..........a	-327.68
	3171	3172	-1.65176E+000	-2.00198E-001	-2.52006E+000	-2.00025E+000	4.72978E-004	11	..........a	-327.68
	3172	3173	-1.65016E+000	-2.00197E-001	-2.52530E+000	-2.00025E+000	4.55861E-004	11	..........a	-327.68
	3173	3174	-1.65096E+000	-2.00197E-001	-2.52687E+000	-2.00025E+000	4.67961E-004	11	..........a	-327.68
	3174	3175	-1.65016E+000	-2.00198E-001	-2.53568E+000	-2.00025E+000	4.78044E-004	11	..........a	-327.68
	3175	3176	-1.65016E+000	-2.00197E-001	-2.53752E+000	-2.00025E+000	4.68761E-004	11	..........a	-327.68
	3176	3177	-1.65016E+000	-2.00197E-001	-2.54666E+000	-2.00025E+000	4.80261E-004	11	..........a	-327.68
	3177	3178	-1.65136E+000	-2.00198E-001	-2.43989E+000	-2.00025E+000	4.73228E-004	11	..........a	-327.68
	3178	3179	-1.65016E+000	-2.00198E-001	-2.44862E+000	-2.00025E+000	4.74494E-004	11	..........a	-327.68
	3179	3180	-1.65256E+000	-2.00198E-001	-2.45709E+000	-2.00025E+000	4.79061E-004	11	..........a	-327.68
	3180	3181	-1.65296E+000	-2.00198E-001	-2.46490E+000	-2.00025E+000	4.72494E-004	11	..........a	-327.68
	3181	3182	-1.65176E+000	-2.00198E-001	-2.47440E+000	-2.00025E+000	4.73778E-004	11	..........a	-327.68
	3182	3183	-1.64976E+000	-2.00198E-001	-2.48523E+000	-2.00025E+000	4.83011E-004	11	..........a	-327.68
	3183	3184	-1.65016E+000	-2.00198E-001	-2.49640E+000	-2.00025E+000	4.63644E-004	11	..........a	-327.68
	3184	3185	-1.65176E+000	-2.00198E-001	-2.49526E+000	-2.00025E+000	4.77044E-004	11	..........a	-327.68
	3185	3186	-1.64936E+000	-2.00198E-001	-2.50311E+000	-2.00025E+000	4.79511E-004	11	..........a	-327.68
	3186	3187	-1.65056E+000	-2.00198E-001	-2.50831E+000	-2.00025E+000	4.79378E-004	11	..........a	-327.68
	3187	3188	-1.65056E+000	-2.00199E-001	-2.51201E+000	-2.00025E+000	4.68228E-004	11	..........a	-327.68
	3188	3189	-1.64776E+000	-2.00198E-001	-2.53182E+000	-2.00025E+000	4.75378E-004	11	..........a	-327.68
	3189	3190	-1.64896E+000	-2.00198E-001	-2.53744E+000	-2.00025E+000	4.70678E-004	11	..........a	-327.68
	3190	3191	-1.65096E+000	-2.00198E-001	-2.53456E+000	-2.00025E+000	4.65044E-004	11	..........a	-327.68
	3191	3192	-1.65096E+000	-2.00198E-001	-2.53415E+000	-2.00025E+000	4.72194E-004	11	..........a	-327.68
	3192	3193	-1.64856E+000	-2.00192E-001	-2.53822E+000	-2.00025E+000	3.63644E-004	11	..........a	-327.68
	3193	3194	-1.64936E+000	-2.00192E-001	-2.40971E+000	-2.00025E+000	3.61278E-004	11	..........a	-327.68
	3194	3195	-1.64856E+000	-2.00192E-001	-2.42313E+000	-2.00025E+000	3.62928E-004	11	..........a	-327.68
	3195	3196	-1.65096E+000	-2.00192E-001	-2.43078E+000	-2.00025E+000	3.60294E-004	11	..........a	-327.68
	3196	3197	-1.65136E+000	-2.00192E-001	-2.43887E+000	-2.00025E+000	4.98028E-004	11	..........a	-327.68
	3197	3198	-1.65096E+000	-2.00192E-001	-2.44916E+000	-2.00025E+000	4.91394E-004	11	..........a	-327.68
	3198	3199	-1.65216E+000	-2.00192E-001	-2.44808E+000	-2.00025E+000	4.89994E-004	11	..........a	-327.68
	3199	3200	-1.65136E+000	-2.00192E-001	-2.45468E+000	-2.00025E+000	4.94694E-004	11	..........a	-327.68
	3200	3201	-1.65056E+000	-2.00192E-001	-2.46239E+000	-2.00025E+000	4.99978E-004	11	..........a	-327.68
	3201	3202	-1.65016E+000	-2.00192E-001	-2.45924E+000	-2.00025E+000	4.95728E-004	11	..........a	-327.68
	3202	3203	-1.65176E+000	-2.00192E-001	-2.46374E+000	-2.00025E+000	4.85494E-004	11	..........a	-327.68
	3203	3204	-1.65096E+000	-2.00192E-001	-2.46848E+000	-2.00025E+000	4.93278E-004	11	..........a	-327.68
	3204	3205	-1.65176E+000	-2.00192E-001	-2.48078E+000	-2.00025E+000	4.94711E-004	11	..........a	-327.68
	3205	3206	-1.64936E+000	-2.00191E-001	-2.49395E+000	-2.00025E+000	4.92544E-004	11	..........a	-327.68
	3206	3207	-1.65096E+000	-2.00191E-001	-2.49783E+000	-2.00025E+000	4.98511E-004	11	..........a	-327.68
	3207	3208	-1.65096E+000	-2.00191E-001	-2.50778E+000	-2.00025E+000	4.93628E-004	11	..........a	-327.68
	3208	3209	-1.65176E+000	-2.00191E-001	-2.51130E+000	-2.00025E+000	4.91711E-004	11	..........a	-327.68
	3209	3210	-1.65016E+000	-2.00191E-001	-2.52470E+000	-2.00025E+000	4.93628E-004	11	..........a	-327.68
	3210	3211	-1.65176E+000	-2.00191E-001	-2.53023E+000	-2.00025E+000	4.95861E-004	11	..........a	-327.68
	3211	3212	-1.65336E+000	-2.00191E-001	-2.53563E+000	-2.00025E+000	4.97711E-004	11	..........a	-327.68
	3212	3213	-1.65216E+000	-2.00191E-001	-2.54043E+000	-2.00025E+000	5.01094E-004	11	..........a	-327.68
	3213	3214	-1.65176E+000	-2.00191E-001	-2.54558E+000	-2.00025E+000	4.89011E-004	11	..........a	-327.68
	3214	3215	-1.65016E+000	-2.00191E-001	-2.55169E+000	-2.00025E+000	4.97694E-004	11	..........a	-327.68
	3215	3216	-1.65176E+000	-2.00191E-001	-2.57048E+000	-2.00025E+000	4.97244E-004	11	..........a	-327.68
	3216	3217	-1.65016E+000	-2.00191E-001	-2.56774E+000	-2.00025E+000	4.96928E-004	11	..........a	-327.68
	3217	3218	-1.64856E+000	-2.00191E-001	-2.56353E+000	-2.00025E+000	5.00311E-004	11	..........a	-327.68
	3218	3219	-1.64976E+000	-2.00192E-001	-2.52939E+000	-2.00025E+000	4.99794E-004	11	..........a	-327.68
	3219	3220	-1.65016E+000	-2.00191E-001	-2.46299E+000	-2.00025E+000	5.02594E-004	11	..........a	-327.68
	3220	3221	-1.64936E+000	-2.00191E-001	-2.47183E+000	-2.00025E+000	4.99261E-004	11	..........a	-327.68
	3221	3222	-1.65176E+000	-2.00191E-001	-2.47992E+000	-2.00025E+000	4.93678E-004	11	..........a	-327.68
	3222	3223	-1.65176E+000	-2.00191E-001	-2.48694E+000	-2.00025E+000	5.00894E-004	11	..........a	-327.68
	3223	3224	-1.65016E+000	-2.00191E-001	-2.48560E+000	-2.00025E+000	4.92444E-004	11	..........a	-327.68
	3224	3225	-1.65136E+000	-2.00191E-001	-2.49112E+000	-2.00025E+000	4.92378E-004	11	..........a	-327.68
	3225	3226	-1.65136E+000	-2.00191E-001	-2.50138E+000	-2.00025E+000	4.92961E-004	11	..........a	-327.68
	3226	3227	-1.65256E+000	-2.00191E-001	-2.50862E+000	-2.00025E+000	4.97878E-004	11	..........a	-327.68
	3227	3228	-1.65216E+000	-2.00191E-001	-2.51581E+000	-2.00025E+000	4.96761E-004	11	..........a	-327.68
	3228	3229	-1.65216E+000	-2.00191E-001	-2.52491E+000	-2.00025E+000	4.99761E-004	11	..........a	-327.68
	3229	3230	-1.64856E+000	-2.00191E-001	-2.53215E+000	-2.00025E+000	4.96544E-004	11	..........a	-327.68
	3230	3231	-1.64656E+000	-2.00191E-001	-2.56269E+000	-2.00025E+000	4.95811E-004	11	..........a	-327.68
	3231	3232	-1.64736E+000	-2.00191E-001	-2.56364E+000	-2.00025E+000	5.01078E-004	11	..........a	-327.68
	3232	3233	-1.64976E+000	-2.00191E-001	-2.55407E+000	-2.00025E+000	4.99294E-004	11	..........a	-327.68
	3233	3234	-1.65136E+000	-2.00191E-001	-2.55275E+000	-2.00025E+000	4.93428E-004	11	..........a	-327.68
	3234	3235	-1.64976E+000	-2.00191E-001	-2.55689E+000	-2.00025E+000	4.95794E-004	11	..........a	-327.68
	3235	3236	-1.65016E+000	-2.00191E-001	-2.44122E+000	-2.00025E+000	5.00111E-004	11	..........a	-327.68
	3236	3237	-1.64976E+000	-2.00191E-001	-2.44758E+000	-2.00025E+000	4.89911E-004	11	..........a	-327.68
	3237	3238	-1.64936E+000	-2.00191E-001	-2.45257E+000	-2.00025E+000	4.93061E-004	11	..........a	-327.68
	3238	3239	-1.65176E+000	-2.00191E-001	-2.44218E+000	-2.00025E+000	4.91528E-004	11	..........a	-327.68
	3239	3240	-1.65016E+000	-2.00191E-001	-2.44952E+000	-2.00025E+000	4.99244E-004	11	..........a	-327.68
	3240	3241	-1.64936E+000	-2.00191E-001	-2.45593E+000	-2.00025E+000	4.91928E-004	11	..........a	-327.68
	3241	3242	-1.65096E+000	-2.00191E-001	-2.46364E+000	-2.00025E+000	4.88011E-004	11	..........a	-327.68
	3242	3243	-1.64936E+000	-2.00191E-001	-2.47163E+000	-2.00025E+000	4.86711E-004	11	..........a	-327.68
	3243	3244	-1.65016E+000	-2.00191E-001	-2.48240E+000	-2.00025E+000	4.88578E-004	11	..........a	-327.68
	3244	3245	-1.65096E+000	-2.00194E-001	-2.48567E+000	-2.00025E+000	7.23611E-005	11	..........a	-327.68
	3245	3246	-1.65016E+000	-2.00194E-001	-2.49885E+000	-2.00025E+000	7.74777E-005	11	..........a	-327.68
	3246	3247	-1.65016E+000	-2.00194E-001	-2.50531E+000	-2.00025E+000	7.79277E-005	11	..........a	-327.68
	3247	3248	-1.64856E+000	-2.00194E-001	-2.51487E+000	-2.00025E+000	8.03777E-005	11	..........a	-327.68
	3248	3249	-1.65176E+000	-2.00194E-001	-2.51873E+000	-2.00025E+000	8.11277E-005	11	..........a	-327.68
	3249	3250	-1.65176E+000	-2.00194E-001	-2.52420E+000	-2.00025E+000	8.53944E-005	11	..........a	-327.68
	3250	3251	-1.64936E+000	-2.00194E-001	-2.53798E+000	-2.00025E+000	9.07111E-005	11	..........a	-327.68
	3251	3252	-1.65176E+000	-2.00194E-001	-2.54208E+000	-2.00025E+000	9.06111E-005	11	..........a	-327.68
	3252	3253	-1.65176E+000	-2.00195E-001	-2.55011E+000	-2.00025E+000	8.68111E-005	11	..........a	-327.68
	3253	3254	-1.65136E+000	-2.00194E-001	-2.55625E+000	-2.00025E+000	8.73611E-005	11	..........a	-327.68
	3254	3255	-1.65176E+000	-2.00194E-001	-2.56471E+000	-2.00025E+000	9.07277E-005	11	..........a	-327.68
	3255	3256	-1.65016E+000	-2.00194E-001	-2.57758E+000	-2.00025E+000	9.86277E-005	11	..........a	-327.68
	3256	3257	-1.65376E+000	-2.00195E-001	-2.58646E+000	-2.00025E+000	9.54611E-005	11	..........a	-327.68
	3257	3258	-1.65016E+000	-2.00195E-001	-2.59460E+000	-2.00025E+000	8.60277E-005	11	..........a	-327.68
	3258	3259	-1.65136E+000	-2.00195E-001	-2.59484E+000	-2.00025E+000	8.20444E-005	11	..........a	-327.68
	3259	3260	-1.65096E+000	-2.00195E-001	-2.60336E+000	-2.00025E+000	7.59944E-005	11	..........a	-327.68
	3260	3261	-1.65256E+000	-2.00194E-001	-2.60965E+000	-2.00025E+000	7.96277E-005	11	..........a	-327.68
	3261	3262	-1.64776E+000	-2.00194E-001	-2.63476E+000	-2.00025E+000	9.04944E-005	11	..........a	-327.68
	3262	3263	-1.64936E+000	-2.00194E-001	-2.62809E+000	-2.00025E+000	9.36944E-005	11	..........a	-327.68
	3263	3264	-1.65096E+000	-2.00195E-001	-2.62109E+000	-2.00025E+000	9.09611E-005	11	..........a	-327.68
	3264	3265	-1.65016E+000	-2.00195E-001	-2.48021E+000	-2.00025E+000	9.49277E-005	11	..........a	-327.68
	3265	3266	-1.65176E+000	-2.00194E-001	-2.45508E+000	-2.00025E+000	8.30777E-005	11	..........a	-327.68
	3266	3267	-1.65096E+000	-2.00194E-001	-2.46324E+000	-2.00025E+000	7.80111E-005	11	..........a	-327.68
	3267	3268	-1.65016E+000	-2.00194E-001	-2.47426E+000	-2.00025E+000	7.84777E-005	11	..........a	-327.68
	3268	3269	-1.65056E+000	-2.00194E-001	-2.46598E+000	-2.00025E+000	8.82277E-005	11	..........a	-327.68
	3269	3270	-1.65296E+000	-2.00194E-001	-2.46705E+000	-2.00025E+000	8.99444E-005	11	..........a	-327.68
	3270	3271	-1.65096E+000	-2.00194E-001	-2.47470E+000	-2.00025E+000	3.23511E-004	11	..........a	-327.68
	3271	3272	-1.65176E+000	-2.00193E-001	-2.48208E+000	-2.00025E+000	3.23261E-004	11	..........a	-327.68
	3272	3273	-1.65136E+000	-2.00194E-001	-2.48297E+000	-2.00025E+000	3.30978E-004	11	..........a	-327.68
	3273	3274	-1.65296E+000	-2.00194E-001	-2.49388E+000	-2.00025E+000	3.26344E-004	11	..........a	-327.68
	3274	3275	-1.64896E+000	-2.00194E-001	-2.49819E+000	-2.00025E+000	3.25278E-004	11	..........a	-327.68
	3275	3276	-1.65096E+000	-2.00194E-001	-2.50178E+000	-2.00025E+000	3.23878E-004	11	..........a	-327.68
	3276	3277	-1.65216E+000	-2.00194E-001	-2.51343E+000	-2.00025E+000	3.25011E-004	11	..........a	-327.68
	3277	3278	-1.65096E+000	-2.00194E-001	-2.52602E+000	-2.00025E+000	3.25044E-004	11	..........a	-327.68
	3278	3279	-1.65176E+000	-2.00194E-001	-2.54332E+000	-2.00025E+000	3.22244E-004	11	..........a	-327.68
	3279	3280	-1.65176E+000	-2.00194E-001	-2.55468E+000	-2.00025E+000	3.26994E-004	11	..........a	-327.68
	3280	3281	-1.65136E+000	-2.00194E-001	-2.56340E+000	-2.00025E+000	3.26828E-004	11	..........a	-327.68
	3281	3282	-1.65176E+000	-2.00194E-001	-2.56395E+000	-2.00025E+000	3.26994E-004	11	..........a	-327.68
	3282	3283	-1.65216E+000	-2.00194E-001	-2.56844E+000	-2.00025E+000	3.28911E-004	11	..........a	-327.68
	3283	3284	-1.65016E+000	-2.00193E-001	-2.57943E+000	-2.00025E+000	3.28744E-004	11	..........a	-327.68
	3284	3285	-1.65176E+000	-2.00193E-001	-2.58342E+000	-2.00025E+000	3.29194E-004	11	..........a	-327.68
	3285	3286	-1.64696E+000	-2.00193E-001	-2.59430E+000	-2.00025E+000	3.29444E-004	11	..........a	-327.68
	3286	3287	-1.65256E+000	-2.00193E-001	-2.60255E+000	-2.00025E+000	3.34511E-004	11	..........a	-327.68
	3287	3288	-1.64776E+000	-2.00194E-001	-2.63280E+000	-2.00025E+000	3.32228E-004	11	..........a	-327.68
	3288	3289	-1.65056E+000	-2.00193E-001	-2.61989E+000	-2.00025E+000	3.28728E-004	11	..........a	-327.68
	3289	3290	-1.65136E+000	-2.00194E-001	-2.60836E+000	-2.00025E+000	3.25428E-004	11	..........a	-327.68
	3290	3291	-1.64976E+000	-2.00193E-001	-2.44527E+000	-2.00025E+000	3.20344E-004	11	..........a	-327.68
	3291	3292	-1.64896E+000	-2.00193E-001	-2.45125E+000	-2.00025E+000	3.33828E-004	11	..........a	-327.68
	3292	3293	-1.65016E+000	-2.00194E-001	-2.46282E+000	-2.00025E+000	3.28378E-004	11	..........a	-327.68
	3293	3294	-1.65096E+000	-2.00193E-001	-2.47120E+000	-2.00025E+000	3.27944E-004	11	..........a	-327.68
	3294	3295	-1.65096E+000	-2.00193E-001	-2.47541E+000	-2.00025E+000	3.25378E-004	11	..........a	-327.68
	3295	3296	-1.65096E+000	-2.00193E-001	-2.48093E+000	-2.00025E+000	3.21744E-004	11	..........a	-327.68
	3296	3297	-1.65176E+000	-2.00193E-001	-2.48686E+000	-2.00025E+000	3.03478E-004	11	..........a	-327.68
	3297	3298	-1.65096E+000	-2.00193E-001	-2.47858E+000	-2.00025E+000	3.04978E-004	11	..........a	-327.68
	3298	3299	-1.65016E+000	-2.00193E-001	-2.48578E+000	-2.00025E+000	3.07978E-004	11	..........a	-327.68
	3299	3300	-1.65096E+000	-2.00193E-001	-2.49208E+000	-2.00025E+000	2.96828E-004	11	..........a	-327.68
	3300	3301	-1.65056E+000	-2.00193E-001	-2.49823E+000	-2.00025E+000	3.07061E-004	11	..........a	-327.68
	3301	3302	-1.65096E+000	-2.00193E-001	-2.50634E+000	-2.00025E+000	3.02828E-004	11	..........a	-327.68
	3302	3303	-1.65176E+000	-2.00193E-001	-2.51264E+000	-2.00025E+000	3.00278E-004	11	..........a	-327.68
	3303	3304	-1.65216E+000	-2.00193E-001	-2.52183E+000	-2.00025E+000	3.02878E-004	11	..........a	-327.68
	3304	3305	-1.65096E+000	-2.00193E-001	-2.54001E+000	-2.00025E+000	3.00961E-004	11	..........a	-327.68
	3305	3306	-1.64976E+000	-2.00193E-001	-2.54997E+000	-2.00025E+000	3.06644E-004	11	..........a	-327.68
	3306	3307	-1.65176E+000	-2.00193E-001	-2.55158E+000	-2.00025E+000	3.02994E-004	11	..........a	-327.68
	3307	3308	-1.65176E+000	-2.00193E-001	-2.54874E+000	-2.00025E+000	3.05594E-004	11	..........a	-327.68
	3308	3309	-1.65176E+000	-2.00193E-001	-2.55847E+000	-2.00025E+000	3.08561E-004	11	..........a	-327.68
	3309	3310	-1.65216E+000	-2.00193E-001	-2.56813E+000	-2.00025E+000	3.05894E-004	11	..........a	-327.68
	3310	3311	-1.64776E+000	-2.00193E-001	-2.59440E+000	-2.00025E+000	3.12961E-004	11	..........a	-327.68
	3311	3312	-1.65016E+000	-2.00193E-001	-2.59013E+000	-2.00025E+000	3.02994E-004	11	..........a	-327.68
	3312	3313	-1.65016E+000	-2.00193E-001	-2.58879E+000	-2.00025E+000	3.07294E-004	11	..........a	-327.68
	3313	3314	-1.64816E+000	-2.00193E-001	-2.58491E+000	-2.00025E+000	2.98811E-004	11	..........a	-327.68
	3314	3315	-1.65016E+000	-2.00193E-001	-2.44866E+000	-2.00025E+000	2.99878E-004	11	..........a	-327.68
	3315	3316	-1.65016E+000	-2.00193E-001	-2.45731E+000	-2.00025E+000	3.08344E-004	11	..........a	-327.68
	3316	3317	-1.65176E+000	-2.00194E-001	-2.46130E+000	-2.00025E+000	3.02444E-004	11	..........a	-327.68
	3317	3318	-1.65016E+000	-2.00193E-001	-2.47217E+000	-2.00025E+000	3.01411E-004	11	..........a	-327.68
	3318	3319	-1.65016E+000	-2.00193E-001	-2.47993E+000	-2.00025E+000	3.06844E-004	11	..........a	-327.68
	3319	3320	-1.64936E+000	-2.00193E-001	-2.48568E+000	-2.00025E+000	3.04944E-004	11	..........a	-327.68
	3320	3321	-1.65176E+000	-2.00193E-001	-2.49112E+000	-2.00025E+000	3.11144E-004	11	..........a	-327.68
	3321	3322	-1.64936E+000	-2.00193E-001	-2.49017E+000	-2.00025E+000	3.02261E-004	11	..........a	-327.68
	3322	3323	-1.64856E+000	-2.00193E-001	-2.49316E+000	-2.00025E+000	3.03028E-004	11	..........a	-327.68
	3323	3324	-1.65216E+000	-2.00194E-001	-2.49498E+000	-2.00025E+000	3.03178E-004	11	..........a	-327.68
	3324	3325	-1.65016E+000	-2.00193E-001	-2.50794E+000	-2.00025E+000	3.08844E-004	11	..........a	-327.68
	3325	3326	-1.65176E+000	-2.00193E-001	-2.51140E+000	-2.00025E+000	3.09161E-004	11	..........a	-327.68
	3326	3327	-1.64856E+000	-2.00193E-001	-2.51734E+000	-2.00025E+000	3.04578E-004	11	..........a	-327.68
	3327	3328	-1.65256E+000	-2.00193E-001	-2.52252E+000	-2.00025E+000	3.08861E-004	11	..........a	-327.68
	3328	3329	-1.65096E+000	-2.00193E-001	-2.53033E+000	-2.00025E+000	3.05161E-004	11	..........a	-327.68
	3329	3330	-1.65056E+000	-2.00193E-001	-2.54215E+000	-2.00025E+000	3.10111E-004	11	..........a	-327.68
	3330	3331	-1.65016E+000	-2.00193E-001	-2.55298E+000	-2.00025E+000	3.11378E-004	11	..........a	-327.68
	3331	3332	-1.65216E+000	-2.00193E-001	-2.55839E+000	-2.00025E+000	3.05011E-004	11	..........a	-327.68
	3332	3333	-1.65056E+000	-2.00193E-001	-2.57120E+000	-2.00025E+000	3.06594E-004	11	..........a	-327.68
	3333	3334	-1.64936E+000	-2.00193E-001	-2.58216E+000	-2.00025E+000	3.00311E-004	11	..........a	-327.68
	3334	3335	-1.64976E+000	-2.00193E-001	-2.58317E+000	-2.00025E+000	2.97528E-004	11	..........a	-327.68
	3335	3336	-1.65096E+000	-2.00193E-001	-2.58379E+000	-2.00025E+000	3.01211E-004	11	..........a	-327.68
	3336	3337	-1.65016E+000	-2.00193E-001	-2.59074E+000	-2.00025E+000	2.95678E-004	11	..........a	-327.68
	3337	3338	-1.65016E+000	-2.00193E-001	-2.59185E+000	-2.00025E+000	2.89411E-004	11	..........a	-327.68
	3338	3339	-1.65056E+000	-2.00193E-001	-2.59695E+000	-2.00025E+000	2.99244E-004	11	..........a	-327.68
	3339	3340	-1.64896E+000	-2.00193E-001	-2.47260E+000	-2.00025E+000	3.00094E-004	11	..........a	-327.68
	3340	3341	-1.65176E+000	-2.00193E-001	-2.47521E+000	-2.00025E+000	3.02628E-004	11	..........a	-327.68
	3341	3342	-1.65416E+000	-2.00193E-001	-2.48399E+000	-2.00025E+000	3.03361E-004	11	..........a	-327.68
	3342	3343	-1.65016E+000	-2.00193E-001	-2.49448E+000	-2.00025E+000	2.97644E-004	11	..........a	-327.68
	3343	3344	-1.65176E+000	-2.00193E-001	-2.49580E+000	-2.00025E+000	3.02511E-004	11	..........a	-327.68
	3344	3345	-1.65176E+000	-2.00193E-001	-2.50535E+000	-2.00025E+000	3.00461E-004	11	..........a	-327.68
	3345	3346	-1.65256E+000	-2.00193E-001	-2.51231E+000	-2.00025E+000	3.08378E-004	11	..........a	-327.68
	3346	3347	-1.65376E+000	-2.00193E-001	-2.50400E+000	-2.00025E+000	3.00461E-004	11	..........a	-327.68
	3347	3348	-1.65136E+000	-2.00193E-001	-2.51194E+000	-2.00025E+000	3.01661E-004	11	..........a	-327.68
	3348	3349	-1.65256E+000	-2.00193E-001	-2.52154E+000	-2.00025E+000	2.90294E-004	11	..........a	-327.68
	3349	3350	-1.65016E+000	-2.00193E-001	-2.53441E+000	-2.00025E+000	2.98444E-004	11	..........a	-327.68
	3350	3351	-1.65056E+000	-2.00193E-001	-2.53672E+000	-2.00025E+000	2.98194E-004	11	..........a	-327.68
	3351	3352	-1.65136E+000	-2.00193E-001	-2.54537E+000	-2.00025E+000	2.98528E-004	11	..........a	-327.68
	3352	3353	-1.64816E+000	-2.00193E-001	-2.56196E+000	-2.00025E+000	2.93978E-004	11	..........a	-327.68
	3353	3354	-1.64976E+000	-2.00193E-001	-2.55969E+000	-2.00025E+000	3.03511E-004	11	..........a	-327.68
	3354	3355	-1.64776E+000	-2.00193E-001	-2.56480E+000	-2.00025E+000	3.02994E-004	11	..........a	-327.68
	3355	3356	-1.65016E+000	-2.00193E-001	-2.56390E+000	-2.00025E+000	2.99261E-004	11	..........a	-327.68
	3356	3357	-1.64896E+000	-2.00193E-001	-2.56356E+000	-2.00025E+000	3.05128E-004	11	..........a	-327.68
	3357	3358	-1.65136E+000	-2.00193E-001	-2.56498E+000	-2.00025E+000	3.07328E-004	11	..........a	-327.68
	3358	3359	-1.65016E+000	-2.00193E-001	-2.46384E+000	-2.00025E+000	3.09044E-004	11	..........a	-327.68
	3359	3360	-1.65016E+000	-2.00193E-001	-2.46952E+000	-2.00025E+000	2.95478E-004	11	..........a	-327.68
	3360	3361	-1.64936E+000	-2.00192E-001	-2.47977E+000	-2.00025E+000	2.91728E-004	11	..........a	-327.68
	3361	3362	-1.65056E+000	-2.00193E-001	-2.48540E+000	-2.00025E+000	2.96678E-004	11	..........a	-327.68
	3362	3363	-1.64936E+000	-2.00193E-001	-2.47766E+000	-2.00025E+000	3.02694E-004	11	..........a	-327.68
	3363	3364	-1.65096E+000	-2.00194E-001	-2.48175E+000	-2.00025E+000	3.02561E-004	11	..........a	-327.68
	3364	3365	-1.64856E+000	-2.00193E-001	-2.49134E+000	-2.00025E+000	3.02678E-004	11	..........a	-327.68
	3365	3366	-1.64616E+000	-2.00194E-001	-2.50169E+000	-2.00025E+000	3.07878E-004	11	..........a	-327.68
	3366	3367	-1.65096E+000	-2.00194E-001	-2.50593E+000	-2.00025E+000	3.15061E-004	11	..........a	-327.68
	3367	3368	-1.65176E+000	-2.00194E-001	-2.51292E+000	-2.00025E+000	3.10061E-004	11	..........a	-327.68
	3368	3369	-1.65056E+000	-2.00194E-001	-2.52315E+000	-2.00025E+000	3.11128E-004	11	..........a	-327.68
	3369	3370	-1.65096E+000	-2.00194E-001	-2.53307E+000	-2.00025E+000	3.07461E-004	11	..........a	-327.68
	3370	3371	-1.65056E+000	-2.00194E-001	-2.54353E+000	-2.00025E+000	3.09428E-004	11	..........a	-327.68
	3371	3372	-1.65176E+000	-2.00194E-001	-2.54862E+000	-2.00025E+000	3.07594E-004	11	..........a	-327.68
	3372	3373	-1.65176E+000	-2.00194E-001	-2.55763E+000	-2.00025E+000	3.11294E-004	11	..........a	-327.68
	3373	3374	-1.65136E+000	-2.00193E-001	-2.55843E+000	-2.00025E+000	3.15828E-004	11	..........a	-327.68
	3374	3375	-1.65096E+000	-2.00194E-001	-2.56246E+000	-2.00025E+000	3.12678E-004	11	..........a	-327.68
	3375	3376	-1.65096E+000	-2.00193E-001	-2.57039E+000	-2.00025E+000	3.09578E-004	11	..........a	-327.68
	3376	3377	-1.64856E+000	-2.00194E-001	-2.59908E+000	-2.00025E+000	3.11361E-004	11	..........a	-327.68
	3377	3378	-1.64936E+000	-2.00194E-001	-2.59355E+000	-2.00025E+000	3.18111E-004	11	..........a	-327.68
	3378	3379	-1.65136E+000	-2.00194E-001	-2.59178E+000	-2.00025E+000	3.11061E-004	11	..........a	-327.68
	3379	3380	-1.64816E+000	-2.00194E-001	-2.59717E+000	-2.00025E+000	3.09561E-004	11	..........a	-327.68
	3380	3381	-1.65136E+000	-2.00194E-001	-2.59977E+000	-2.00025E+000	3.08694E-004	11	..........a	-327.68
	3381	3382	-1.65096E+000	-2.00193E-001	-2.60427E+000	-2.00025E+000	3.08494E-004	11	..........a	-327.68
	3382	3383	-1.65096E+000	-2.00193E-001	-2.45801E+000	-2.00025E+000	3.07944E-004	11	..........a	-327.68
	3383	3384	-1.65016E+000	-2.00193E-001	-2.46734E+000	-2.00025E+000	3.15044E-004	11	..........a	-327.68
	3384	3385	-1.65056E+000	-2.00194E-001	-2.47774E+000	-2.00025E+000	3.09828E-004	11	..........a	-327.68
	3385	3386	-1.64976E+000	-2.00194E-001	-2.48438E+000	-2.00025E+000	3.08911E-004	11	..........a	-327.68
	3386	3387	-1.65056E+000	-2.00194E-001	-2.47085E+000	-2.00025E+000	3.11144E-004	11	..........a	-327.68
	3387	3388	-1.64936E+000	-2.00194E-001	-2.48002E+000	-2.00025E+000	3.13361E-004	11	..........a	-327.68
	3388	3389	-1.65256E+000	-2.00194E-001	-2.48255E+000	-2.00025E+000	3.14794E-004	11	..........a	-327.68
	3389	3390	-1.65136E+000	-2.00194E-001	-2.49002E+000	-2.00025E+000	3.15361E-004	11	..........a	-327.68
	3390	3391	-1.65216E+000	-2.00194E-001	-2.49851E+000	-2.00025E+000	3.06144E-004	11	..........a	-327.68
	3391	3392	-1.65296E+000	-2.00195E-001	-2.50419E+000	-2.00025E+000	3.11661E-004	11	..........a	-327.68
	3392	3393	-1.65096E+000	-2.00194E-001	-2.51339E+000	-2.00025E+000	3.11111E-004	11	..........a	-327.68
	3393	3394	-1.64936E+000	-2.00194E-001	-2.52674E+000	-2.00025E+000	3.14344E-004	11	..........a	-327.68
	3394	3395	-1.65096E+000	-2.00194E-001	-2.52785E+000	-2.00025E+000	3.15961E-004	11	..........a	-327.68
	3395	3396	-1.65016E+000	-2.00194E-001	-2.53592E+000	-2.00025E+000	3.13328E-004	11	..........a	-327.68
	3396	3397	-1.65096E+000	-2.00194E-001	-2.54398E+000	-2.00025E+000	3.09961E-004	11	..........a	-327.68
	3397	3398	-1.65016E+000	-2.00193E-001	-2.56080E+000	-2.00025E+000	3.10844E-004	11	..........a	-327.68
	3398	3399	-1.65016E+000	-2.00193E-001	-2.57052E+000	-2.00025E+000	3.05894E-004	11	..........a	-327.68
	3399	3400	-1.65016E+000	-2.00193E-001	-2.56604E+000	-2.00025E+000	3.09844E-004	11	..........a	-327.68
	3400	3401	-1.65096E+000	-2.00193E-001	-2.56402E+000	-2.00025E+000	3.05461E-004	11	..........a	-327.68
	3401	3402	-1.65256E+000	-2.00194E-001	-2.56896E+000	-2.00025E+000	3.07511E-004	11	..........a	-327.68
	3402	3403	-1.65296E+000	-2.00194E-001	-2.56975E+000	-2.00025E+000	3.07244E-004	11	..........a	-327.68
	3403	3404	-1.65176E+000	-2.00194E-001	-2.57679E+000	-2.00025E+000	3.11294E-004	11	..........a	-327.68
	3404	3405	-1.65016E+000	-2.00194E-001	-2.58059E+000	-2.00025E+000	3.14511E-004	11	..........a	-327.68
	3405	3406	-1.65216E+000	-2.00194E-001	-2.47482E+000	-2.00025E+000	3.09361E-004	11	..........a	-327.68
	3406	3407	-1.65256E+000	-2.00194E-001	-2.48184E+000	-2.00025E+000	3.08344E-004	11	..........a	-327.68
	3407	3408	-1.65176E+000	-2.00194E-001	-2.48986E+000	-2.00025E+000	3.07678E-004	11	..........a	-327.68
	3408	3409	-1.65056E+000	-2.00194E-001	-2.50135E+000	-2.00025E+000	3.04294E-004	11	..........a	-327.68
	3409	3410	-1.65296E+000	-2.00194E-001	-2.49337E+000	-2.00025E+000	3.13778E-004	11	..........a	-327.68
	3410	3411	-1.65296E+000	-2.00194E-001	-2.50217E+000	-2.00025E+000	3.09828E-004	11	..........a	-327.68
	3411	3412	-1.65216E+000	-2.00194E-001	-2.51064E+000	-2.00025E+000	3.03494E-004	11	..........a	-327.68
	3412	3413	-1.64896E+000	-2.00194E-001	-2.52210E+000	-2.00025E+000	3.04544E-004	11	..........a	-327.68
	3413	3414	-1.64856E+000	-2.00194E-001	-2.52999E+000	-2.00025E+000	3.14361E-004	11	..........a	-327.68
	3414	3415	-1.65216E+000	-2.00194E-001	-2.53321E+000	-2.00025E+000	3.07444E-004	11	..........a	-327.68
	3415	3416	-1.65256E+000	-2.00193E-001	-2.54403E+000	-2.00025E+000	3.08728E-004	11	..........a	-327.68
	3416	3417	-1.64936E+000	-2.00194E-001	-2.56086E+000	-2.00025E+000	3.11161E-004	11	..........a	-327.68
	3417	3418	-1.64856E+000	-2.00194E-001	-2.55597E+000	-2.00025E+000	3.14661E-004	11	..........a	-327.68
	3418	3419	-1.65016E+000	-2.00194E-001	-2.54914E+000	-2.00025E+000	3.06728E-004	11	..........a	-327.68
	3419	3420	-1.65016E+000	-2.00194E-001	-2.55064E+000	-2.00025E+000	3.05778E-004	11	..........a	-327.68
	3420	3421	-1.64976E+000	-2.00195E-001	-2.55710E+000	-2.00025E+000	3.10111E-004	11	..........a	-327.68
	3421	3422	-1.64936E+000	-2.00194E-001	-2.56372E+000	-2.00025E+000	3.08078E-004	11	..........a	-327.68
	3422	3423	-1.64936E+000	-2.00194E-001	-2.56558E+000	-2.00025E+000	3.08061E-004	11	..........a	-327.68
	3423	3424	-1.64776E+000	-2.00194E-001	-2.46403E+000	-2.00025E+000	3.05511E-004	11	..........a	-327.68
	3424	3425	-1.65136E+000	-2.00194E-001	-2.46559E+000	-2.00025E+000	3.04778E-004	11	..........a	-327.68
	3425	3426	-1.65016E+000	-2.00194E-001	-2.47356E+000	-2.00025E+000	3.09178E-004	11	..........a	-327.68
	3426	3427	-1.65096E+000	-2.00194E-001	-2.48139E+000	-2.00025E+000	3.08278E-004	11	..........a	-327.68
	3427	3428	-1.64936E+000	-2.00194E-001	-2.49414E+000	-2.00025E+000	3.05761E-004	11	..........a	-327.68
	3428	3429	-1.65176E+000	-2.00194E-001	-2.50269E+000	-2.00025E+000	3.15194E-004	11	..........a	-327.68
	3429	3430	-1.65176E+000	-2.00194E-001	-2.50646E+000	-2.00025E+000	3.04961E-004	11	..........a	-327.68
	3430	3431	-1.65216E+000	-2.00194E-001	-2.51043E+000	-2.00025E+000	3.06378E-004	11	..........a	-327.68
	3431	3432	-1.65016E+000	-2.00194E-001	-2.51918E+000	-2.00025E+000	2.95544E-004	11	..........a	-327.68
	3432	3433	-1.65176E+000	-2.00194E-001	-2.52363E+000	-2.00025E+000	3.00278E-004	11	..........a	-327.68
	3433	3434	-1.65376E+000	-2.00194E-001	-2.52834E+000	-2.00025E+000	3.06778E-004	11	..........a	-327.68
	3434	3435	-1.65256E+000	-2.00194E-001	-2.53581E+000	-2.00025E+000	2.98928E-004	11	..........a	-327.68
	3435	3436	-1.65096E+000	-2.00195E-001	-2.54380E+000	-2.00025E+000	2.98961E-004	11	..........a	-327.68
	3436	3437	-1.64976E+000	-2.00194E-001	-2.54210E+000	-2.00025E+000	3.08428E-004	11	..........a	-327.68
	3437	3438	-1.65296E+000	-2.00195E-001	-2.54650E+000	-2.00025E+000	3.03461E-004	11	..........a	-327.68
	3438	3439	-1.65216E+000	-2.00194E-001	-2.55173E+000	-2.00025E+000	3.05644E-004	11	..........a	-327.68
	3439	3440	-1.65016E+000	-2.00194E-001	-2.56211E+000	-2.00025E+000	3.03611E-004	11	..........a	-327.68
	3440	3441	-1.65056E+000	-2.00195E-001	-2.57203E+000	-2.00025E+000	2.99144E-004	11	..........a	-327.68
	3441	3442	-1.65056E+000	-2.00195E-001	-2.58170E+000	-2.00025E+000	3.02828E-004	11	..........a	-327.68
	3442	3443	-1.65096E+000	-2.00194E-001	-2.59075E+000	-2.00025E+000	3.02178E-004	11	..........a	-327.68
	3443	3444	-1.65416E+000	-2.00194E-001	-2.59441E+000	-2.00025E+000	3.06028E-004	11	..........a	-327.68
	3444	3445	-1.65376E+000	-2.00195E-001	-2.60499E+000	-2.00025E+000	3.06544E-004	11	..........a	-327.68
	3445	3446	-1.65096E+000	-2.00194E-001	-2.61067E+000	-2.00025E+000	3.06428E-004	11	..........a	-327.68
	3446	3447	-1.65136E+000	-2.00194E-001	-2.61916E+000	-2.00025E+000	3.12978E-004	11	..........a	-327.68
	3447	3448	-1.64976E+000	-2.00194E-001	-2.63275E+000	-2.00025E+000	3.05028E-004	11	..........a	-327.68
	3448	3449	-1.65136E+000	-2.00194E-001	-2.62668E+000	-2.00025E+000	3.08694E-004	11	..........a	-327.68
	3449	3450	-1.64976E+000	-2.00194E-001	-2.62434E+000	-2.00025E+000	3.07911E-004	11	..........a	-327.68
	3450	3451	-1.65136E+000	-2.00194E-001	-2.62281E+000	-2.00025E+000	3.05994E-004	11	..........a	-327.68
	3451	3452	-1.64976E+000	-2.00194E-001	-2.46932E+000	-2.00025E+000	3.06011E-004	11	..........a	-327.68
	3452	3453	-1.64936E+000	-2.00195E-001	-2.47964E+000	-2.00025E+000	3.02128E-004	11	..........a	-327.68
	3453	3454	-1.65016E+000	-2.00194E-001	-2.48893E+000	-2.00025E+000	2.98178E-004	11	..........a	-327.68
	3454	3455	-1.65056E+000	-2.00194E-001	-2.49365E+000	-2.00025E+000	3.00144E-004	11	..........a	-327.68
	3455	3456	-1.65096E+000	-2.00194E-001	-2.50181E+000	-2.00025E+000	3.04611E-004	11	..........a	-327.68
	3456	3457	-1.64856E+000	-2.00194E-001	-2.51027E+000	-2.00025E+000	2.98794E-004	11	..........a	-327.68
	3457	3458	-1.65016E+000	-2.00194E-001	-2.51831E+000	-2.00025E+000	3.01144E-004	11	..........a	-327.68
	3458	3459	-1.65176E+000	-2.00194E-001	-2.52225E+000	-2.00025E+000	3.05961E-004	11	..........a	-327.68
	3459	3460	-1.65096E+000	-2.00194E-001	-2.52963E+000	-2.00025E+000	3.11694E-004	11	..........a	-327.68
	3460	3461	-1.65376E+000	-2.00195E-001	-2.53025E+000	-2.00025E+000	3.25978E-004	11	..........a	-327.68
	3461	3462	-1.65136E+000	-2.00194E-001	-2.53852E+000	-2.00025E+000	3.24528E-004	11	..........a	-327.68
	3462	3463	-1.64856E+000	-2.00195E-001	-2.54533E+000	-2.00025E+000	3.26578E-004	11	..........a	-327.68
	3463	3464	-1.64896E+000	-2.00195E-001	-2.56514E+000	-2.00025E+000	3.21378E-004	11	..........a	-327.68
	3464	3465	-1.65096E+000	-2.00194E-001	-2.56038E+000	-2.00025E+000	3.22394E-004	11	..........a	-327.68
	3465	3466	-1.65056E+000	-2.00195E-001	-2.55766E+000	-2.00025E+000	3.23644E-004	11	..........a	-327.68
	3466	3467	-1.65016E+000	-2.00195E-001	-2.55191E+000	-2.00025E+000	3.21128E-004	11	..........a	-327.68
	3467	3468	-1.65296E+000	-2.00195E-001	-2.54530E+000	-2.00025E+000	3.25094E-004	11	..........a	-327.68
	3468	3469	-1.64936E+000	-2.00195E-001	-2.55112E+000	-2.00025E+000	3.22544E-004	11	..........a	-327.68
	3469	3470	-1.65176E+000	-2.00195E-001	-2.53237E+000	-2.00025E+000	3.19744E-004	11	..........a	-327.68
	3470	3471	-1.65016E+000	-2.00194E-001	-2.48179E+000	-2.00025E+000	3.19044E-004	11	..........a	-327.68
	3471	3472	-1.64856E+000	-2.00219E-001	-2.46980E+000	-2.00025E+000	9.81578E-004	11	..........a	-327.68
	3472	3473	-1.64936E+000	-2.00218E-001	-2.48075E+000	-2.00025E+000	9.77194E-004	11	..........a	-327.68
	3473	3474	-1.65016E+000	-2.00218E-001	-2.48718E+000	-2.00025E+000	9.78311E-004	11	..........a	-327.68
	3474	3475	-1.65256E+000	-2.00219E-001	-2.49364E+000	-2.00025E+000	9.78111E-004	11	..........a	-327.68
	3475	3476	-1.65096E+000	-2.00220E-001	-2.50216E+000	-2.00025E+000	9.85661E-004	11	..........a	-327.68
	3476	3477	-1.65016E+000	-2.00219E-001	-2.50473E+000	-2.00025E+000	9.80328E-004	11	..........a	-327.68
	3477	3478	-1.65096E+000	-2.00219E-001	-2.50760E+000	-2.00025E+000	9.80194E-004	11	..........a	-327.68
	3478	3479	-1.65096E+000	-2.00220E-001	-2.51244E+000	-2.00025E+000	9.86961E-004	11	..........a	-327.68
	3479	3480	-1.65016E+000	-2.00219E-001	-2.52094E+000	-2.00025E+000	9.82728E-004	11	..........a	-327.68
	3480	3481	-1.65176E+000	-2.00219E-001	-2.53903E+000	-2.00025E+000	9.81344E-004	11	..........a	-327.68
	3481	3482	-1.65296E+000	-2.00219E-001	-2.54474E+000	-2.00025E+000	9.79294E-004	11	..........a	-327.68
	3482	3483	-1.65096E+000	-2.00219E-001	-2.55256E+000	-2.00025E+000	9.79478E-004	11	..........a	-327.68
	3483	3484	-1.65336E+000	-2.00219E-001	-2.55603E+000	-2.00025E+000	9.79261E-004	11	..........a	-327.68
	3484	3485	-1.65256E+000	-2.00219E-001	-2.56398E+000	-2.00025E+000	9.75261E-004	11	..........a	-327.68
	3485	3486	-1.65376E+000	-2.00218E-001	-2.56528E+000	-2.00025E+000	9.73078E-004	11	..........a	-327.68
	3486	3487	-1.65256E+000	-2.00218E-001	-2.57405E+000	-2.00025E+000	9.64661E-004	11	..........a	-327.68
	3487	3488	-1.65096E+000	-2.00218E-001	-2.57910E+000	-2.00025E+000	9.69661E-004	11	..........a	-327.68
	3488	3489	-1.65016E+000	-2.00219E-001	-2.58270E+000	-2.00025E+000	9.70994E-004	11	..........a	-327.68
	3489	3490	-1.65096E+000	-2.00220E-001	-2.58492E+000	-2.00025E+000	9.80094E-004	11	..........a	-327.68
	3490	3491	-1.65256E+000	-2.00219E-001	-2.58789E+000	-2.00025E+000	9.84544E-004	11	..........a	-327.68
	3491	3492	-1.65096E+000	-2.00219E-001	-2.59619E+000	-2.00025E+000	9.74028E-004	11	..........a	-327.68
	3492	3493	-1.65136E+000	-2.00220E-001	-2.59672E+000	-2.00025E+000	9.78244E-004	11	..........a	-327.68
	3493	3494	-1.64896E+000	-2.00220E-001	-2.61209E+000	-2.00025E+000	9.79661E-004	11	..........a	-327.68
	3494	3495	-1.64976E+000	-2.00219E-001	-2.59574E+000	-2.00025E+000	9.79361E-004	11	..........a	-327.68
	3495	3496	-1.64816E+000	-2.00220E-001	-2.44905E+000	-2.00025E+000	9.81111E-004	11	..........a	-327.68
	3496	3497	-1.64856E+000	-2.00219E-001	-2.45561E+000	-2.00025E+000	9.75211E-004	11	..........a	-327.68
	3497	3498	-1.65016E+000	-2.00220E-001	-2.45888E+000	-2.00025E+000	9.79744E-004	11	..........a	-327.68
	3498	3499	-1.65016E+000	-2.00220E-001	-2.46731E+000	-2.00025E+000	9.71411E-004	11	..........a	-327.68
	3499	3500	-1.65096E+000	-2.00219E-001	-2.47335E+000	-2.00025E+000	9.72028E-004	11	..........a	-327.68
	3500	3501	-1.65096E+000	-2.00218E-001	-2.47855E+000	-2.00025E+000	9.69628E-004	11	..........a	-327.68
	3501	3502	-1.64856E+000	-2.00218E-001	-2.49035E+000	-2.00025E+000	9.74628E-004	11	..........a	-327.68
	3502	3503	-1.65016E+000	-2.00219E-001	-2.49566E+000	-2.00025E+000	9.83744E-004	11	..........a	-327.68
	3503	3504	-1.65096E+000	-2.00220E-001	-2.50163E+000	-2.00025E+000	9.87744E-004	11	..........a	-327.68
	3504	3505	-1.65176E+000	-2.00220E-001	-2.50297E+000	-2.00025E+000	9.83128E-004	11	..........a	-327.68
	3505	3506	-1.65016E+000	-2.00219E-001	-2.49408E+000	-2.00025E+000	9.69628E-004	11	..........a	-327.68
	3506	3507	-1.65096E+000	-2.00219E-001	-2.49987E+000	-2.00025E+000	9.73561E-004	11	..........a	-327.68
	3507	3508	-1.65096E+000	-2.00219E-001	-2.50354E+000	-2.00025E+000	9.80094E-004	11	..........a	-327.68
	3508	3509	-1.65096E+000	-2.00219E-001	-2.51685E+000	-2.00025E+000	9.78594E-004	11	..........a	-327.68
	3509	3510	-1.65016E+000	-2.00219E-001	-2.52235E+000	-2.00025E+000	9.78928E-004	11	..........a	-327.68
	3510	3511	-1.65016E+000	-2.00219E-001	-2.52879E+000	-2.00025E+000	9.74644E-004	11	..........a	-327.68
	3511	3512	-1.64936E+000	-2.00219E-001	-2.53745E+000	-2.00025E+000	9.77094E-004	11	..........a	-327.68
	3512	3513	-1.65176E+000	-2.00220E-001	-2.54467E+000	-2.00025E+000	9.79611E-004	11	..........a	-327.68
	3513	3514	-1.65136E+000	-2.00219E-001	-2.55407E+000	-2.00025E+000	9.75944E-004	11	..........a	-327.68
	3514	3515	-1.64856E+000	-2.00219E-001	-2.55988E+000	-2.00025E+000	9.83928E-004	11	..........a	-327.68
	3515	3516	-1.65096E+000	-2.00220E-001	-2.56643E+000	-2.00025E+000	9.90928E-004	11	..........a	-327.68
	3516	3517	-1.65136E+000	-2.00220E-001	-2.58395E+000	-2.00025E+000	9.86094E-004	11	..........a	-327.68
	3517	3518	-1.64936E+000	-2.00220E-001	-2.58788E+000	-2.00025E+000	9.79244E-004	11	..........a	-327.68
	3518	3519	-1.65176E+000	-2.00220E-001	-2.58825E+000	-2.00025E+000	9.74594E-004	11	..........a	-327.68
	3519	3520	-1.65176E+000	-2.00219E-001	-2.58127E+000	-2.00025E+000	9.84061E-004	11	..........a	-327.68
	3520	3521	-1.64936E+000	-2.00220E-001	-2.58190E+000	-2.00025E+000	9.83578E-004	11	..........a	-327.68
	3521	3522	-1.65016E+000	-2.00219E-001	-2.58082E+000	-2.00025E+000	9.77828E-004	11	..........a	-327.68
	3522	3523	-1.65016E+000	-2.00220E-001	-2.57543E+000	-2.00025E+000	9.84811E-004	11	..........a	-327.68
	3523	3524	-1.65256E+000	-2.00220E-001	-2.47526E+000	-2.00025E+000	9.83644E-004	11	..........a	-327.68
	3524	3525	-1.65136E+000	-2.00220E-001	-2.48670E+000	-2.00025E+000	9.88728E-004	11	..........a	-327.68
	3525	3526	-1.65096E+000	-2.00221E-001	-2.49725E+000	-2.00025E+000	9.83344E-004	11	..........a	-327.68
	3526	3527	-1.65096E+000	-2.00220E-001	-2.50374E+000	-2.00025E+000	9.88394E-004	11	..........a	-327.68
	3527	3528	-1.65176E+000	-2.00220E-001	-2.51008E+000	-2.00025E+000	9.93578E-004	11	..........a	-327.68
	3528	3529	-1.64936E+000	-2.00219E-001	-2.51900E+000	-2.00025E+000	9.80378E-004	11	..........a	-327.68
	3529	3530	-1.65016E+000	-2.00219E-001	-2.50538E+000	-2.00025E+000	9.73278E-004	11	..........a	-327.68
	3530	3531	-1.65096E+000	-2.00219E-001	-2.50917E+000	-2.00025E+000	9.76878E-004	11	..........a	-327.68
	3531	3532	-1.65256E+000	-2.00220E-001	-2.51492E+000	-2.00025E+000	9.82561E-004	11	..........a	-327.68
	3532	3533	-1.65016E+000	-2.00219E-001	-2.52084E+000	-2.00025E+000	9.85428E-004	11	..........a	-327.68
	3533	3534	-1.65096E+000	-2.00219E-001	-2.53024E+000	-2.00025E+000	9.87811E-004	11	..........a	-327.68
	3534	3535	-1.65056E+000	-2.00218E-001	-2.53817E+000	-2.00025E+000	9.74228E-004	11	..........a	-327.68
	3535	3536	-1.65416E+000	-2.00218E-001	-2.54045E+000	-2.00025E+000	9.76578E-004	11	..........a	-327.68
	3536	3537	-1.65096E+000	-2.00218E-001	-2.55153E+000	-2.00025E+000	9.76328E-004	11	..........a	-327.68
	3537	3538	-1.65096E+000	-2.00219E-001	-2.56189E+000	-2.00025E+000	9.77911E-004	11	..........a	-327.68
	3538	3539	-1.65136E+000	-2.00219E-001	-2.57050E+000	-2.00025E+000	9.84828E-004	11	..........a	-327.68
	3539	3540	-1.65176E+000	-2.00219E-001	-2.57873E+000	-2.00025E+000	9.74911E-004	11	..........a	-327.68
	3540	3541	-1.65096E+000	-2.00219E-001	-2.58769E+000	-2.00025E+000	9.76028E-004	11	..........a	-327.68
	3541	3542	-1.65256E+000	-2.00219E-001	-2.59192E+000	-2.00025E+000	9.79578E-004	11	..........a	-327.68
	3542	3543	-1.65016E+000	-2.00219E-001	-2.59503E+000	-2.00025E+000	9.73778E-004	11	..........a	-327.68
	3543	3544	-1.65096E+000	-2.00218E-001	-2.59143E+000	-2.00025E+000	9.72478E-004	11	..........a	-327.68
	3544	3545	-1.65176E+000	-2.00218E-001	-2.59494E+000	-2.00025E+000	9.75794E-004	11	..........a	-327.68
	3545	3546	-1.65096E+000	-2.00219E-001	-2.59431E+000	-2.00025E+000	9.73494E-004	11	..........a	-327.68
	3546	3547	-1.65016E+000	-2.00219E-001	-2.51001E+000	-2.00025E+000	9.84844E-004	11	..........a	-327.68
	3547	3548	-1.65296E+000	-2.00219E-001	-2.50667E+000	-2.00025E+000	9.78761E-004	11	..........a	-327.68
	3548	3549	-1.65296E+000	-2.00219E-001	-2.50994E+000	-2.00025E+000	9.81161E-004	11	..........a	-327.68
	3549	3550	-1.65176E+000	-2.00219E-001	-2.51987E+000	-2.00025E+000	9.80578E-004	11	..........a	-327.68
	3550	3551	-1.65176E+000	-2.00218E-001	-2.53033E+000	-2.00025E+000	9.80594E-004	11	..........a	-327.68
	3551	3552	-1.65456E+000	-2.00218E-001	-2.53526E+000	-2.00025E+000	9.73378E-004	11	..........a	-327.68
	3552	3553	-1.65016E+000	-2.00219E-001	-2.54526E+000	-2.00025E+000	9.83344E-004	11	..........a	-327.68
	3553	3554	-1.65016E+000	-2.00219E-001	-2.55023E+000	-2.00025E+000	9.91694E-004	11	..........a	-327.68
	3554	3555	-1.65376E+000	-2.00219E-001	-2.53319E+000	-2.00025E+000	9.91344E-004	11	..........a	-327.68
	3555	3556	-1.65016E+000	-2.00190E-001	-2.54934E+000	-2.00025E+000	2.39628E-004	11	..........a	-327.68
	3556	3557	-1.65216E+000	-2.00190E-001	-2.55430E+000	-2.00025E+000	2.35761E-004	11	..........a	-327.68
	3557	3558	-1.65016E+000	-2.00190E-001	-2.55804E+000	-2.00025E+000	2.23211E-004	11	..........a	-327.68
	3558	3559	-1.65096E+000	-2.00190E-001	-2.55921E+000	-2.00025E+000	2.33844E-004	11	..........a	-327.68
	3559	3560	-1.64976E+000	-2.00190E-001	-2.56680E+000	-2.00025E+000	2.23378E-004	11	..........a	-327.68
	3560	3561	-1.65096E+000	-2.00191E-001	-2.57779E+000	-2.00025E+000	2.40411E-004	11	..........a	-327.68
	3561	3562	-1.65296E+000	-2.00190E-001	-2.58349E+000	-2.00025E+000	2.37344E-004	11	..........a	-327.68
	3562	3563	-1.65336E+000	-2.00190E-001	-2.58927E+000	-2.00025E+000	2.29311E-004	11	..........a	-327.68
	3563	3564	-1.65216E+000	-2.00191E-001	-2.59755E+000	-2.00025E+000	2.28544E-004	11	..........a	-327.68
	3564	3565	-1.65136E+000	-2.00190E-001	-2.60446E+000	-2.00025E+000	2.30611E-004	11	..........a	-327.68
	3565	3566	-1.65016E+000	-2.00190E-001	-2.60977E+000	-2.00025E+000	2.28561E-004	11	..........a	-327.68
	3566	3567	-1.65096E+000	-2.00190E-001	-2.60612E+000	-2.00025E+000	2.24644E-004	11	..........a	-327.68
	3567	3568	-1.65176E+000	-2.00191E-001	-2.60167E+000	-2.00025E+000	2.24344E-004	11	..........a	-327.68
	3568	3569	-1.65016E+000	-2.00191E-001	-2.57962E+000	-2.00025E+000	2.27161E-004	11	..........a	-327.68
	3569	3570	-1.65016E+000	-2.00191E-001	-2.50746E+000	-2.00025E+000	2.22544E-004	11	..........a	-327.68
	3570	3571	-1.64776E+000	-2.00190E-001	-2.51526E+000	-2.00025E+000	2.27294E-004	11	..........a	-327.68
	3571	3572	-1.65096E+000	-2.00191E-001	-2.50639E+000	-2.00025E+000	2.19461E-004	11	..........a	-327.68
	3572	3573	-1.65056E+000	-2.00190E-001	-2.49916E+000	-2.00025E+000	2.34594E-004	11	..........a	-327.68
	3573	3574	-1.65256E+000	-2.00190E-001	-2.50268E+000	-2.00025E+000	2.35344E-004	11	..........a	-327.68
	3574	3575	-1.65256E+000	-2.00190E-001	-2.50974E+000	-2.00025E+000	2.36544E-004	11	..........a	-327.68
	3575	3576	-1.65296E+000	-2.00191E-001	-2.51755E+000	-2.00025E+000	2.31578E-004	11	..........a	-327.68
	3576	3577	-1.65296E+000	-2.00191E-001	-2.52427E+000	-2.00025E+000	2.29094E-004	11	..........a	-327.68
	3577	3578	-1.65296E+000	-2.00190E-001	-2.53472E+000	-2.00025E+000	2.28228E-004	11	..........a	-327.68
	3578	3579	-1.65296E+000	-2.00191E-001	-2.54299E+000	-2.00025E+000	2.14361E-004	11	..........a	-327.68
	3579	3580	-1.64936E+000	-2.00191E-001	-2.54843E+000	-2.00025E+000	2.17628E-004	11	..........a	-327.68
	3580	3581	-1.65016E+000	-2.00190E-001	-2.55417E+000	-2.00025E+000	2.16761E-004	11	..........a	-327.68
	3581	3582	-1.65176E+000	-2.00195E-001	-2.56233E+000	-2.00025E+000	3.09244E-004	11	..........a	-327.68
	3582	3583	-1.65256E+000	-2.00195E-001	-2.57203E+000	-2.00025E+000	3.09578E-004	11	..........a	-327.68
	3583	3584	-1.64736E+000	-2.00195E-001	-2.58735E+000	-2.00025E+000	3.08961E-004	11	..........a	-327.68
	3584	3585	-1.65056E+000	-2.00195E-001	-2.58724E+000	-2.00025E+000	3.07961E-004	11	..........a	-327.68
	3585	3586	-1.65096E+000	-2.00195E-001	-2.58412E+000	-2.00025E+000	3.21694E-004	11	..........a	-327.68
	3586	3587	-1.65016E+000	-2.00195E-001	-2.58899E+000	-2.00025E+000	3.20144E-004	11	..........a	-327.68
	3587	3588	-1.65256E+000	-2.00195E-001	-2.58977E+000	-2.00025E+000	3.13328E-004	11	..........a	-327.68
	3588	3589	-1.65256E+000	-2.00194E-001	-2.59416E+000	-2.00025E+000	3.10328E-004	11	..........a	-327.68
	3589	3590	-1.65256E+000	-2.00195E-001	-2.60028E+000	-2.00025E+000	3.09328E-004	11	..........a	-327.68
	3590	3591	-1.65256E+000	-2.00195E-001	-2.59948E+000	-2.00025E+000	3.21361E-004	11	..........a	-327.68
	3591	3592	-1.65136E+000	-2.00195E-001	-2.57204E+000	-2.00025E+000	3.05061E-004	11	..........a	-327.68
	3592	3593	-1.65216E+000	-2.00195E-001	-2.57084E+000	-2.00025E+000	3.12611E-004	11	..........a	-327.68
	3593	3594	-1.65096E+000	-2.00195E-001	-2.57445E+000	-2.00025E+000	3.16961E-004	11	..........a	-327.68
	3594	3595	-1.65216E+000	-2.00195E-001	-2.57633E+000	-2.00025E+000	3.19144E-004	11	..........a	-327.68
	3595	3596	-1.65056E+000	-2.00195E-001	-2.57671E+000	-2.00025E+000	3.16878E-004	11	..........a	-327.68
	3596	3597	-1.65336E+000	-2.00195E-001	-2.56972E+000	-2.00025E+000	3.13228E-004	11	..........a	-327.68
	3597	3598	-1.65056E+000	-2.00195E-001	-2.56924E+000	-2.00025E+000	3.10028E-004	11	..........a	-327.68
	3598	3599	-1.64856E+000	-2.00195E-001	-2.56935E+000	-2.00025E+000	3.18961E-004	11	..........a	-327.68
	3599	3600	-1.65016E+000	-2.00195E-001	-2.53374E+000	-2.00025E+000	3.13461E-004	11	..........a	-327.68
