EXPLAIN
TAG	GALVANOSTATIC
TITLE	LABEL	Galvanostatic Scan	Test Identifier
DATE	LABEL	7.2.2023	Date
TIME	LABEL	13:34:35	Time
NOTES	NOTES	1	Notes...
	
PSTAT	PSTAT	REF3000-19129	Potentiostat
IINIT	QUANT	-2.00000E+002	Initial I (mA/cm^2)
TINIT	QUANT	3.60000E+003	Initial Time (s)
IFINAL	QUANT	-2.00000E+002	Final I (mA/cm^2)
TFINAL	QUANT	0.00000E+000	Final Time (s)
SAMPLETIME	QUANT	1.00000E+000	Sample Period (s)
AREA	QUANT	1.00000E+000	Sample Area (cm^2)
DENSITY	QUANT	7.87000E+000	Density (g/cm^3)
EQUIV	QUANT	2.79200E+001	Equiv. Wt
IRCOMP	TOGGLE	T	IR Comp
EOC	QUANT	0	Open Circuit (V)
SEQUENCER	TOGGLE	TRUE	Run as Sequence
PSTATMODEL	IQUANT	5	Pstat Model
PSTATSECTION	LABEL	REF3000-19129	Pstat Section
PSTATSERIALNO	LABEL	19129	Pstat Serial Number
CTRLMODE	IQUANT	0	Control Mode
ELECTROMETER	IQUANT	0	RE=0 or CS=1
IESTAB	IQUANT	0	I/E Stability
CASPEED	IQUANT	4	Control Amp Speed
CONVENTION	IQUANT	1	Current Convention
ICHRANGE	IQUANT	2	Ich Range
ICHRANGEMODE	TOGGLE	T	Ich Auto Range
ICHOFFSETENABLE	TOGGLE	F	Ich Offset Enable
ICHOFFSET	QUANT	0	Ich Offset (V)
ICHFILTER	IQUANT	3	Ich Filter
VCHRANGE	IQUANT	3	Vch Range
VCHRANGEMODE	TOGGLE	T	Vch Auto Range
VCHOFFSETENABLE	TOGGLE	F	Vch Offset Enable
VCHOFFSET	QUANT	0	Vch Offset (V)
VCHFILTER	IQUANT	1	Vch Filter
ACHRANGE	IQUANT	2	Ach Range
ACHOFFSETENABLE	TOGGLE	F	Ach Offset Enable
ACHOFFSET	QUANT	0	Ach Offset (V)
ACHFILTER	IQUANT	1	Ach Filter
IERANGELOWERLIMIT	IQUANT	4	I/E Range Lower Limit
IERANGEMODE	TOGGLE	F	I/E AutoRange
IERANGE	IQUANT	11	I/E Range
POSFEEDENABLE	TOGGLE	F	Positive Feedback IR Comp
POSFEEDRESISTANCE	QUANT	0	Positive Feedback Resistance (ohm)
ACHSELECT	IQUANT	0	Ach Select
SENSECABLEID	IQUANT	14	Sense Cable ID
PWRCABLEID	IQUANT	13	Power Cable ID
DCCALDATE	LABEL	11/22/2022	DC Calibration Date
ACCALDATE	LABEL		AC Calibration Date
THERMOSELECT	IQUANT	1	Thermo Select
FRAMEWORKVERSION	QUANT	7.07	Framework Version
INSTRUMENTVERSION	LABEL	4.35	Instrument Version
COMPLIANCEVOLTAGE	IQUANT	0	Compliance Voltage
CURVE	TABLE	3600
	Pt	T	Vf	Im	Vu	Sig	Ach	IERange	Over	Temp
	#	s	V vs. Ref.	A	V	V	V	#	bits	deg C
	0	1	-1.58216E+000	-2.00175E-001	-2.12163E+000	-2.00025E+000	3.20544E-004	11	..........a	-327.68
	1	2	-1.58576E+000	-2.00183E-001	-2.11492E+000	-2.00025E+000	3.05028E-004	11	..........a	-327.68
	2	3	-1.58576E+000	-2.00188E-001	-2.11249E+000	-2.00025E+000	3.07444E-004	11	..........a	-327.68
	3	4	-1.58216E+000	-2.00190E-001	-2.11200E+000	-2.00025E+000	3.15228E-004	11	..........a	-327.68
	4	5	-1.58696E+000	-2.00192E-001	-2.10496E+000	-2.00025E+000	3.18511E-004	11	..........a	-327.68
	5	6	-1.58536E+000	-2.00193E-001	-2.10109E+000	-2.00025E+000	3.13061E-004	11	..........a	-327.68
	6	7	-1.58296E+000	-2.00193E-001	-2.10154E+000	-2.00025E+000	3.18578E-004	11	..........a	-327.68
	7	8	-1.58376E+000	-2.00193E-001	-2.09646E+000	-2.00025E+000	3.19361E-004	11	..........a	-327.68
	8	9	-1.58416E+000	-2.00194E-001	-2.09477E+000	-2.00025E+000	3.22611E-004	11	..........a	-327.68
	9	10	-1.58376E+000	-2.00194E-001	-2.09262E+000	-2.00025E+000	3.19294E-004	11	..........a	-327.68
	10	11	-1.58296E+000	-2.00194E-001	-2.09027E+000	-2.00025E+000	3.21078E-004	11	..........a	-327.68
	11	12	-1.58496E+000	-2.00194E-001	-2.08675E+000	-2.00025E+000	3.14794E-004	11	..........a	-327.68
	12	13	-1.58456E+000	-2.00195E-001	-2.08390E+000	-2.00025E+000	3.20994E-004	11	..........a	-327.68
	13	14	-1.58496E+000	-2.00195E-001	-2.08163E+000	-2.00025E+000	3.23861E-004	11	..........a	-327.68
	14	15	-1.58416E+000	-2.00194E-001	-2.08002E+000	-2.00025E+000	3.22494E-004	11	..........a	-327.68
	15	16	-1.58496E+000	-2.00195E-001	-2.07883E+000	-2.00025E+000	3.21911E-004	11	..........a	-327.68
	16	17	-1.58336E+000	-2.00195E-001	-2.07696E+000	-2.00025E+000	3.14744E-004	11	..........a	-327.68
	17	18	-1.58376E+000	-2.00195E-001	-2.07655E+000	-2.00025E+000	3.13278E-004	11	..........a	-327.68
	18	19	-1.58136E+000	-2.00195E-001	-2.07623E+000	-2.00025E+000	3.15494E-004	11	..........a	-327.68
	19	20	-1.58376E+000	-2.00195E-001	-2.07269E+000	-2.00025E+000	3.25294E-004	11	..........a	-327.68
	20	21	-1.58136E+000	-2.00194E-001	-2.07349E+000	-2.00025E+000	3.25311E-004	11	..........a	-327.68
	21	22	-1.58416E+000	-2.00195E-001	-2.06899E+000	-2.00025E+000	3.24961E-004	11	..........a	-327.68
	22	23	-1.58336E+000	-2.00194E-001	-2.06667E+000	-2.00025E+000	3.27061E-004	11	..........a	-327.68
	23	24	-1.58336E+000	-2.00195E-001	-2.06592E+000	-2.00025E+000	3.21478E-004	11	..........a	-327.68
	24	25	-1.58496E+000	-2.00195E-001	-2.06325E+000	-2.00025E+000	3.17728E-004	11	..........a	-327.68
	25	26	-1.58336E+000	-2.00195E-001	-2.06204E+000	-2.00025E+000	3.13761E-004	11	..........a	-327.68
	26	27	-1.58336E+000	-2.00195E-001	-2.06120E+000	-2.00025E+000	3.24961E-004	11	..........a	-327.68
	27	28	-1.58336E+000	-2.00194E-001	-2.05807E+000	-2.00025E+000	3.12378E-004	11	..........a	-327.68
	28	29	-1.58416E+000	-2.00195E-001	-2.05655E+000	-2.00025E+000	3.13778E-004	11	..........a	-327.68
	29	30	-1.58176E+000	-2.00194E-001	-2.05673E+000	-2.00025E+000	3.05544E-004	11	..........a	-327.68
	30	31	-1.58096E+000	-2.00194E-001	-2.05821E+000	-2.00025E+000	3.11294E-004	11	..........a	-327.68
	31	32	-1.58216E+000	-2.00195E-001	-2.05307E+000	-2.00025E+000	3.14394E-004	11	..........a	-327.68
	32	33	-1.58256E+000	-2.00195E-001	-2.05198E+000	-2.00025E+000	3.11561E-004	11	..........a	-327.68
	33	34	-1.58176E+000	-2.00195E-001	-2.05276E+000	-2.00025E+000	3.11844E-004	11	..........a	-327.68
	34	35	-1.58256E+000	-2.00195E-001	-2.05195E+000	-2.00025E+000	3.07561E-004	11	..........a	-327.68
	35	36	-1.58256E+000	-2.00195E-001	-2.05092E+000	-2.00025E+000	3.06594E-004	11	..........a	-327.68
	36	37	-1.58256E+000	-2.00194E-001	-2.04884E+000	-2.00025E+000	3.08561E-004	11	..........a	-327.68
	37	38	-1.58096E+000	-2.00194E-001	-2.04985E+000	-2.00025E+000	3.08378E-004	11	..........a	-327.68
	38	39	-1.58176E+000	-2.00194E-001	-2.04665E+000	-2.00025E+000	3.13878E-004	11	..........a	-327.68
	39	40	-1.58256E+000	-2.00194E-001	-2.04635E+000	-2.00025E+000	3.05561E-004	11	..........a	-327.68
	40	41	-1.58256E+000	-2.00194E-001	-2.04582E+000	-2.00025E+000	3.11111E-004	11	..........a	-327.68
	41	42	-1.58016E+000	-2.00194E-001	-2.04817E+000	-2.00025E+000	3.10894E-004	11	..........a	-327.68
	42	43	-1.58336E+000	-2.00194E-001	-2.04472E+000	-2.00025E+000	3.06378E-004	11	..........a	-327.68
	43	44	-1.58256E+000	-2.00195E-001	-2.04550E+000	-2.00025E+000	3.01844E-004	11	..........a	-327.68
	44	45	-1.58176E+000	-2.00194E-001	-2.04486E+000	-2.00025E+000	3.36661E-004	11	..........a	-327.68
	45	46	-1.58336E+000	-2.00194E-001	-2.04381E+000	-2.00025E+000	3.43528E-004	11	..........a	-327.68
	46	47	-1.58016E+000	-2.00194E-001	-2.04657E+000	-2.00025E+000	3.40578E-004	11	..........a	-327.68
	47	48	-1.58336E+000	-2.00194E-001	-2.04277E+000	-2.00025E+000	3.42594E-004	11	..........a	-327.68
	48	49	-1.58336E+000	-2.00194E-001	-2.04238E+000	-2.00025E+000	3.32028E-004	11	..........a	-327.68
	49	50	-1.58336E+000	-2.00194E-001	-2.04220E+000	-2.00025E+000	3.38844E-004	11	..........a	-327.68
	50	51	-1.58336E+000	-2.00194E-001	-2.04332E+000	-2.00025E+000	3.37461E-004	11	..........a	-327.68
	51	52	-1.58416E+000	-2.00194E-001	-2.04109E+000	-2.00025E+000	3.38478E-004	11	..........a	-327.68
	52	53	-1.58416E+000	-2.00194E-001	-2.04152E+000	-2.00025E+000	3.39144E-004	11	..........a	-327.68
	53	54	-1.58336E+000	-2.00194E-001	-2.04063E+000	-2.00025E+000	3.39311E-004	11	..........a	-327.68
	54	55	-1.58536E+000	-2.00194E-001	-2.04025E+000	-2.00025E+000	3.36028E-004	11	..........a	-327.68
	55	56	-1.58496E+000	-2.00194E-001	-2.03869E+000	-2.00025E+000	3.41061E-004	11	..........a	-327.68
	56	57	-1.58456E+000	-2.00194E-001	-2.04014E+000	-2.00025E+000	3.33694E-004	11	..........a	-327.68
	57	58	-1.58456E+000	-2.00194E-001	-2.04098E+000	-2.00025E+000	3.43211E-004	11	..........a	-327.68
	58	59	-1.58456E+000	-2.00194E-001	-2.03972E+000	-2.00025E+000	3.47828E-004	11	..........a	-327.68
	59	60	-1.58216E+000	-2.00194E-001	-2.04226E+000	-2.00025E+000	3.30694E-004	11	..........a	-327.68
	60	61	-1.58416E+000	-2.00194E-001	-2.03764E+000	-2.00025E+000	3.38811E-004	11	..........a	-327.68
	61	62	-1.58736E+000	-2.00194E-001	-2.03600E+000	-2.00025E+000	3.41028E-004	11	..........a	-327.68
	62	63	-1.58736E+000	-2.00194E-001	-2.03441E+000	-2.00025E+000	3.40628E-004	11	..........a	-327.68
	63	64	-1.58256E+000	-2.00194E-001	-2.04172E+000	-2.00025E+000	3.45311E-004	11	..........a	-327.68
	64	65	-1.58736E+000	-2.00194E-001	-2.03459E+000	-2.00025E+000	3.37178E-004	11	..........a	-327.68
	65	66	-1.59696E+000	-2.00194E-001	-2.02667E+000	-2.00025E+000	3.39461E-004	11	..........a	-327.68
	66	67	-1.58896E+000	-2.00194E-001	-2.03411E+000	-2.00025E+000	3.44294E-004	11	..........a	-327.68
	67	68	-1.58936E+000	-2.00194E-001	-2.03574E+000	-2.00025E+000	3.36078E-004	11	..........a	-327.68
	68	69	-1.58736E+000	-2.00194E-001	-2.03672E+000	-2.00025E+000	3.37244E-004	11	..........a	-327.68
	69	70	-1.58816E+000	-2.00194E-001	-2.03583E+000	-2.00025E+000	3.39578E-004	11	..........a	-327.68
	70	71	-1.58736E+000	-2.00193E-001	-2.03809E+000	-2.00025E+000	3.10378E-004	11	..........a	-327.68
	71	72	-1.58976E+000	-2.00194E-001	-2.03372E+000	-2.00025E+000	3.24294E-004	11	..........a	-327.68
	72	73	-1.58816E+000	-2.00194E-001	-2.03785E+000	-2.00025E+000	3.10894E-004	11	..........a	-327.68
	73	74	-1.59056E+000	-2.00193E-001	-2.03556E+000	-2.00025E+000	3.10778E-004	11	..........a	-327.68
	74	75	-1.59056E+000	-2.00194E-001	-2.03614E+000	-2.00025E+000	3.13878E-004	11	..........a	-327.68
	75	76	-1.58976E+000	-2.00193E-001	-2.03500E+000	-2.00025E+000	3.08011E-004	11	..........a	-327.68
	76	77	-1.59136E+000	-2.00194E-001	-2.03603E+000	-2.00025E+000	3.13228E-004	11	..........a	-327.68
	77	78	-1.59056E+000	-2.00193E-001	-2.03756E+000	-2.00025E+000	3.12311E-004	11	..........a	-327.68
	78	79	-1.59056E+000	-2.00194E-001	-2.03696E+000	-2.00025E+000	3.13528E-004	11	..........a	-327.68
	79	80	-1.59376E+000	-2.00194E-001	-2.03429E+000	-2.00025E+000	3.15861E-004	11	..........a	-327.68
	80	81	-1.59376E+000	-2.00194E-001	-2.03484E+000	-2.00025E+000	3.18261E-004	11	..........a	-327.68
	81	82	-1.59616E+000	-2.00194E-001	-2.03307E+000	-2.00025E+000	3.13428E-004	11	..........a	-327.68
	82	83	-1.59536E+000	-2.00193E-001	-2.03515E+000	-2.00025E+000	3.03728E-004	11	..........a	-327.68
	83	84	-1.59656E+000	-2.00194E-001	-2.03697E+000	-2.00025E+000	3.08578E-004	11	..........a	-327.68
	84	85	-1.59656E+000	-2.00194E-001	-2.03590E+000	-2.00025E+000	3.08561E-004	11	..........a	-327.68
	85	86	-1.59496E+000	-2.00194E-001	-2.04117E+000	-2.00025E+000	3.08744E-004	11	..........a	-327.68
	86	87	-1.59976E+000	-2.00194E-001	-2.03716E+000	-2.00025E+000	3.09944E-004	11	..........a	-327.68
	87	88	-1.59816E+000	-2.00194E-001	-2.04139E+000	-2.00025E+000	3.08461E-004	11	..........a	-327.68
	88	89	-1.60336E+000	-2.00194E-001	-2.03685E+000	-2.00025E+000	3.07611E-004	11	..........a	-327.68
	89	90	-1.60376E+000	-2.00194E-001	-2.04019E+000	-2.00025E+000	3.06678E-004	11	..........a	-327.68
	90	91	-1.60616E+000	-2.00194E-001	-2.03715E+000	-2.00025E+000	3.05728E-004	11	..........a	-327.68
	91	92	-1.60616E+000	-2.00194E-001	-2.03827E+000	-2.00025E+000	3.02711E-004	11	..........a	-327.68
	92	93	-1.60936E+000	-2.00194E-001	-2.03574E+000	-2.00025E+000	3.01811E-004	11	..........a	-327.68
	93	94	-1.60936E+000	-2.00194E-001	-2.03826E+000	-2.00025E+000	3.06844E-004	11	..........a	-327.68
	94	95	-1.61176E+000	-2.00194E-001	-2.03471E+000	-2.00025E+000	3.07161E-004	11	..........a	-327.68
	95	96	-1.61416E+000	-2.00194E-001	-2.03363E+000	-2.00025E+000	3.09494E-004	11	..........a	-327.68
	96	97	-1.61416E+000	-2.00194E-001	-2.03499E+000	-2.00025E+000	3.08011E-004	11	..........a	-327.68
	97	98	-1.61416E+000	-2.00194E-001	-2.03516E+000	-2.00025E+000	3.06628E-004	11	..........a	-327.68
	98	99	-1.61616E+000	-2.00194E-001	-2.03583E+000	-2.00025E+000	3.03928E-004	11	..........a	-327.68
	99	100	-1.61736E+000	-2.00194E-001	-2.03433E+000	-2.00025E+000	3.07694E-004	11	..........a	-327.68
	100	101	-1.61736E+000	-2.00194E-001	-2.03772E+000	-2.00025E+000	3.06144E-004	11	..........a	-327.68
	101	102	-1.61856E+000	-2.00194E-001	-2.03718E+000	-2.00025E+000	3.05994E-004	11	..........a	-327.68
	102	103	-1.62216E+000	-2.00194E-001	-2.03708E+000	-2.00025E+000	3.02961E-004	11	..........a	-327.68
	103	104	-1.62056E+000	-2.00194E-001	-2.03587E+000	-2.00025E+000	3.07144E-004	11	..........a	-327.68
	104	105	-1.62216E+000	-2.00194E-001	-2.03764E+000	-2.00025E+000	3.07828E-004	11	..........a	-327.68
	105	106	-1.62696E+000	-2.00194E-001	-2.03380E+000	-2.00025E+000	3.07511E-004	11	..........a	-327.68
	106	107	-1.62656E+000	-2.00194E-001	-2.03501E+000	-2.00025E+000	3.08178E-004	11	..........a	-327.68
	107	108	-1.62856E+000	-2.00195E-001	-2.03245E+000	-2.00025E+000	3.15494E-004	11	..........a	-327.68
	108	109	-1.62616E+000	-2.00194E-001	-2.03715E+000	-2.00025E+000	3.16411E-004	11	..........a	-327.68
	109	110	-1.62776E+000	-2.00194E-001	-2.03616E+000	-2.00025E+000	3.17461E-004	11	..........a	-327.68
	110	111	-1.62936E+000	-2.00194E-001	-2.03488E+000	-2.00025E+000	3.12394E-004	11	..........a	-327.68
	111	112	-1.63136E+000	-2.00194E-001	-2.03434E+000	-2.00025E+000	3.10528E-004	11	..........a	-327.68
	112	113	-1.63296E+000	-2.00194E-001	-2.03381E+000	-2.00025E+000	3.21794E-004	11	..........a	-327.68
	113	114	-1.63456E+000	-2.00194E-001	-2.03212E+000	-2.00025E+000	3.08794E-004	11	..........a	-327.68
	114	115	-1.63336E+000	-2.00194E-001	-2.03327E+000	-2.00025E+000	3.14194E-004	11	..........a	-327.68
	115	116	-1.63496E+000	-2.00194E-001	-2.03521E+000	-2.00025E+000	3.15411E-004	11	..........a	-327.68
	116	117	-1.63696E+000	-2.00195E-001	-2.03439E+000	-2.00025E+000	3.12778E-004	11	..........a	-327.68
	117	118	-1.63816E+000	-2.00194E-001	-2.03482E+000	-2.00025E+000	3.06428E-004	11	..........a	-327.68
	118	119	-1.63896E+000	-2.00194E-001	-2.03384E+000	-2.00025E+000	3.06561E-004	11	..........a	-327.68
	119	120	-1.63896E+000	-2.00194E-001	-2.03477E+000	-2.00025E+000	3.08861E-004	11	..........a	-327.68
	120	121	-1.63976E+000	-2.00194E-001	-2.03247E+000	-2.00025E+000	3.06478E-004	11	..........a	-327.68
	121	122	-1.64056E+000	-2.00194E-001	-2.03562E+000	-2.00025E+000	3.06044E-004	11	..........a	-327.68
	122	123	-1.63896E+000	-2.00194E-001	-2.03825E+000	-2.00025E+000	3.09411E-004	11	..........a	-327.68
	123	124	-1.63896E+000	-2.00194E-001	-2.03711E+000	-2.00025E+000	3.07711E-004	11	..........a	-327.68
	124	125	-1.64136E+000	-2.00193E-001	-2.03551E+000	-2.00025E+000	3.05578E-004	11	..........a	-327.68
	125	126	-1.64096E+000	-2.00194E-001	-2.03684E+000	-2.00025E+000	3.08578E-004	11	..........a	-327.68
	126	127	-1.64136E+000	-2.00194E-001	-2.03491E+000	-2.00025E+000	3.05928E-004	11	..........a	-327.68
	127	128	-1.64456E+000	-2.00194E-001	-2.03205E+000	-2.00025E+000	3.11644E-004	11	..........a	-327.68
	128	129	-1.64256E+000	-2.00194E-001	-2.03772E+000	-2.00025E+000	3.04794E-004	11	..........a	-327.68
	129	130	-1.64496E+000	-2.00194E-001	-2.03403E+000	-2.00025E+000	3.17261E-004	11	..........a	-327.68
	130	131	-1.64576E+000	-2.00194E-001	-2.03303E+000	-2.00025E+000	3.13178E-004	11	..........a	-327.68
	131	132	-1.64656E+000	-2.00195E-001	-2.03272E+000	-2.00025E+000	3.05461E-004	11	..........a	-327.68
	132	133	-1.64736E+000	-2.00194E-001	-2.03418E+000	-2.00025E+000	3.12344E-004	11	..........a	-327.68
	133	134	-1.64776E+000	-2.00195E-001	-2.03363E+000	-2.00025E+000	3.09794E-004	11	..........a	-327.68
	134	135	-1.64696E+000	-2.00194E-001	-2.03212E+000	-2.00025E+000	3.06028E-004	11	..........a	-327.68
	135	136	-1.64696E+000	-2.00194E-001	-2.03187E+000	-2.00025E+000	3.06844E-004	11	..........a	-327.68
	136	137	-1.64616E+000	-2.00194E-001	-2.03426E+000	-2.00025E+000	2.96244E-004	11	..........a	-327.68
	137	138	-1.64976E+000	-2.00194E-001	-2.03110E+000	-2.00025E+000	2.99194E-004	11	..........a	-327.68
	138	139	-1.64976E+000	-2.00194E-001	-2.03253E+000	-2.00025E+000	3.09828E-004	11	..........a	-327.68
	139	140	-1.65096E+000	-2.00194E-001	-2.03202E+000	-2.00025E+000	3.11144E-004	11	..........a	-327.68
	140	141	-1.65136E+000	-2.00194E-001	-2.03225E+000	-2.00025E+000	3.09778E-004	11	..........a	-327.68
	141	142	-1.65056E+000	-2.00195E-001	-2.03534E+000	-2.00025E+000	3.09011E-004	11	..........a	-327.68
	142	143	-1.65336E+000	-2.00195E-001	-2.03377E+000	-2.00025E+000	3.10561E-004	11	..........a	-327.68
	143	144	-1.65176E+000	-2.00194E-001	-2.03883E+000	-2.00025E+000	3.18378E-004	11	..........a	-327.68
	144	145	-1.65336E+000	-2.00195E-001	-2.03745E+000	-2.00025E+000	3.13311E-004	11	..........a	-327.68
	145	146	-1.65496E+000	-2.00194E-001	-2.04047E+000	-2.00025E+000	3.13261E-004	11	..........a	-327.68
	146	147	-1.65616E+000	-2.00195E-001	-2.03394E+000	-2.00025E+000	3.13528E-004	11	..........a	-327.68
	147	148	-1.65736E+000	-2.00194E-001	-2.03009E+000	-2.00025E+000	3.03611E-004	11	..........a	-327.68
	148	149	-1.65696E+000	-2.00194E-001	-2.03193E+000	-2.00025E+000	3.04461E-004	11	..........a	-327.68
	149	150	-1.65776E+000	-2.00194E-001	-2.03412E+000	-2.00025E+000	3.09378E-004	11	..........a	-327.68
	150	151	-1.65696E+000	-2.00194E-001	-2.03445E+000	-2.00025E+000	3.03294E-004	11	..........a	-327.68
	151	152	-1.65696E+000	-2.00194E-001	-2.03554E+000	-2.00025E+000	3.06044E-004	11	..........a	-327.68
	152	153	-1.65816E+000	-2.00194E-001	-2.03717E+000	-2.00025E+000	3.10244E-004	11	..........a	-327.68
	153	154	-1.65896E+000	-2.00195E-001	-2.03680E+000	-2.00025E+000	3.15294E-004	11	..........a	-327.68
	154	155	-1.65576E+000	-2.00195E-001	-2.03881E+000	-2.00025E+000	3.07678E-004	11	..........a	-327.68
	155	156	-1.65976E+000	-2.00195E-001	-2.03685E+000	-2.00025E+000	3.04144E-004	11	..........a	-327.68
	156	157	-1.65856E+000	-2.00195E-001	-2.04012E+000	-2.00025E+000	3.03728E-004	11	..........a	-327.68
	157	158	-1.66016E+000	-2.00195E-001	-2.03960E+000	-2.00025E+000	3.10178E-004	11	..........a	-327.68
	158	159	-1.66256E+000	-2.00195E-001	-2.03824E+000	-2.00025E+000	3.10211E-004	11	..........a	-327.68
	159	160	-1.66056E+000	-2.00194E-001	-2.04062E+000	-2.00025E+000	3.11311E-004	11	..........a	-327.68
	160	161	-1.66176E+000	-2.00194E-001	-2.04146E+000	-2.00025E+000	3.11811E-004	11	..........a	-327.68
	161	162	-1.66416E+000	-2.00194E-001	-2.03840E+000	-2.00025E+000	3.10044E-004	11	..........a	-327.68
	162	163	-1.66416E+000	-2.00195E-001	-2.04025E+000	-2.00025E+000	3.08428E-004	11	..........a	-327.68
	163	164	-1.66416E+000	-2.00195E-001	-2.04204E+000	-2.00025E+000	3.12828E-004	11	..........a	-327.68
	164	165	-1.66496E+000	-2.00195E-001	-2.04309E+000	-2.00025E+000	3.14811E-004	11	..........a	-327.68
	165	166	-1.66536E+000	-2.00195E-001	-2.04337E+000	-2.00025E+000	3.10211E-004	11	..........a	-327.68
	166	167	-1.66536E+000	-2.00195E-001	-2.03988E+000	-2.00025E+000	3.21261E-004	11	..........a	-327.68
	167	168	-1.66616E+000	-2.00194E-001	-2.04308E+000	-2.00025E+000	3.14228E-004	11	..........a	-327.68
	168	169	-1.66496E+000	-2.00194E-001	-2.04646E+000	-2.00025E+000	3.19428E-004	11	..........a	-327.68
	169	170	-1.66496E+000	-2.00194E-001	-2.04848E+000	-2.00025E+000	3.14811E-004	11	..........a	-327.68
	170	171	-1.66656E+000	-2.00195E-001	-2.04454E+000	-2.00025E+000	3.06611E-004	11	..........a	-327.68
	171	172	-1.66656E+000	-2.00194E-001	-2.04489E+000	-2.00025E+000	3.09544E-004	11	..........a	-327.68
	172	173	-1.66736E+000	-2.00195E-001	-2.04515E+000	-2.00025E+000	3.07294E-004	11	..........a	-327.68
	173	174	-1.67056E+000	-2.00195E-001	-2.04171E+000	-2.00025E+000	3.10061E-004	11	..........a	-327.68
	174	175	-1.66816E+000	-2.00194E-001	-2.04157E+000	-2.00025E+000	3.15994E-004	11	..........a	-327.68
	175	176	-1.67056E+000	-2.00195E-001	-2.04347E+000	-2.00025E+000	3.15244E-004	11	..........a	-327.68
	176	177	-1.67136E+000	-2.00194E-001	-2.04479E+000	-2.00025E+000	3.10978E-004	11	..........a	-327.68
	177	178	-1.67216E+000	-2.00194E-001	-2.04516E+000	-2.00025E+000	3.20644E-004	11	..........a	-327.68
	178	179	-1.66896E+000	-2.00194E-001	-2.04965E+000	-2.00025E+000	3.16411E-004	11	..........a	-327.68
	179	180	-1.67056E+000	-2.00195E-001	-2.05015E+000	-2.00025E+000	3.04178E-004	11	..........a	-327.68
	180	181	-1.67136E+000	-2.00195E-001	-2.04481E+000	-2.00025E+000	3.15261E-004	11	..........a	-327.68
	181	182	-1.67136E+000	-2.00195E-001	-2.04516E+000	-2.00025E+000	3.05694E-004	11	..........a	-327.68
	182	183	-1.67176E+000	-2.00194E-001	-2.04318E+000	-2.00025E+000	3.05728E-004	11	..........a	-327.68
	183	184	-1.67016E+000	-2.00194E-001	-2.04609E+000	-2.00025E+000	3.07461E-004	11	..........a	-327.68
	184	185	-1.67136E+000	-2.00195E-001	-2.04662E+000	-2.00025E+000	3.12661E-004	11	..........a	-327.68
	185	186	-1.67216E+000	-2.00195E-001	-2.04587E+000	-2.00025E+000	3.12528E-004	11	..........a	-327.68
	186	187	-1.67376E+000	-2.00195E-001	-2.04649E+000	-2.00025E+000	3.04178E-004	11	..........a	-327.68
	187	188	-1.67256E+000	-2.00195E-001	-2.04796E+000	-2.00025E+000	3.04394E-004	11	..........a	-327.68
	188	189	-1.67296E+000	-2.00195E-001	-2.05122E+000	-2.00025E+000	3.05878E-004	11	..........a	-327.68
	189	190	-1.67656E+000	-2.00194E-001	-2.04765E+000	-2.00025E+000	3.10278E-004	11	..........a	-327.68
	190	191	-1.67176E+000	-2.00195E-001	-2.05268E+000	-2.00025E+000	3.06094E-004	11	..........a	-327.68
	191	192	-1.67376E+000	-2.00195E-001	-2.04995E+000	-2.00025E+000	3.05328E-004	11	..........a	-327.68
	192	193	-1.67376E+000	-2.00195E-001	-2.05066E+000	-2.00025E+000	3.05161E-004	11	..........a	-327.68
	193	194	-1.67216E+000	-2.00195E-001	-2.05160E+000	-2.00025E+000	3.13694E-004	11	..........a	-327.68
	194	195	-1.67776E+000	-2.00195E-001	-2.04224E+000	-2.00025E+000	3.00844E-004	11	..........a	-327.68
	195	196	-1.67136E+000	-2.00195E-001	-2.05183E+000	-2.00025E+000	3.04228E-004	11	..........a	-327.68
	196	197	-1.67656E+000	-2.00195E-001	-2.04723E+000	-2.00025E+000	3.10678E-004	11	..........a	-327.68
	197	198	-1.67776E+000	-2.00194E-001	-2.03911E+000	-2.00025E+000	3.21594E-004	11	..........a	-327.68
	198	199	-1.67456E+000	-2.00195E-001	-2.04202E+000	-2.00025E+000	3.13144E-004	11	..........a	-327.68
	199	200	-1.67656E+000	-2.00195E-001	-2.04313E+000	-2.00025E+000	3.10728E-004	11	..........a	-327.68
	200	201	-1.67536E+000	-2.00195E-001	-2.04495E+000	-2.00025E+000	2.99911E-004	11	..........a	-327.68
	201	202	-1.67576E+000	-2.00195E-001	-2.04709E+000	-2.00025E+000	3.00511E-004	11	..........a	-327.68
	202	203	-1.67936E+000	-2.00195E-001	-2.04392E+000	-2.00025E+000	3.09094E-004	11	..........a	-327.68
	203	204	-1.67656E+000	-2.00195E-001	-2.04564E+000	-2.00025E+000	3.04011E-004	11	..........a	-327.68
	204	205	-1.67656E+000	-2.00196E-001	-2.04695E+000	-2.00025E+000	3.19044E-004	11	..........a	-327.68
	205	206	-1.67856E+000	-2.00196E-001	-2.04251E+000	-2.00025E+000	3.38894E-004	11	..........a	-327.68
	206	207	-1.67656E+000	-2.00196E-001	-2.04728E+000	-2.00025E+000	3.38394E-004	11	..........a	-327.68
	207	208	-1.67736E+000	-2.00196E-001	-2.04601E+000	-2.00025E+000	3.32161E-004	11	..........a	-327.68
	208	209	-1.67736E+000	-2.00196E-001	-2.05013E+000	-2.00025E+000	3.32344E-004	11	..........a	-327.68
	209	210	-1.67696E+000	-2.00195E-001	-2.04934E+000	-2.00025E+000	3.32194E-004	11	..........a	-327.68
	210	211	-1.67896E+000	-2.00196E-001	-2.05006E+000	-2.00025E+000	3.42144E-004	11	..........a	-327.68
	211	212	-1.67976E+000	-2.00195E-001	-2.04871E+000	-2.00025E+000	3.36394E-004	11	..........a	-327.68
	212	213	-1.67936E+000	-2.00195E-001	-2.04947E+000	-2.00025E+000	3.35778E-004	11	..........a	-327.68
	213	214	-1.67816E+000	-2.00196E-001	-2.04912E+000	-2.00025E+000	3.34461E-004	11	..........a	-327.68
	214	215	-1.67856E+000	-2.00195E-001	-2.05120E+000	-2.00025E+000	3.42261E-004	11	..........a	-327.68
	215	216	-1.67736E+000	-2.00195E-001	-2.05281E+000	-2.00025E+000	3.31111E-004	11	..........a	-327.68
	216	217	-1.67856E+000	-2.00196E-001	-2.05099E+000	-2.00025E+000	3.36161E-004	11	..........a	-327.68
	217	218	-1.67696E+000	-2.00196E-001	-2.04391E+000	-2.00025E+000	3.32311E-004	11	..........a	-327.68
	218	219	-1.67856E+000	-2.00196E-001	-2.04329E+000	-2.00025E+000	3.36411E-004	11	..........a	-327.68
	219	220	-1.67576E+000	-2.00196E-001	-2.04800E+000	-2.00025E+000	3.26744E-004	11	..........a	-327.68
	220	221	-1.67976E+000	-2.00195E-001	-2.04627E+000	-2.00025E+000	3.25828E-004	11	..........a	-327.68
	221	222	-1.67576E+000	-2.00196E-001	-2.05207E+000	-2.00025E+000	3.38078E-004	11	..........a	-327.68
	222	223	-1.67896E+000	-2.00196E-001	-2.05037E+000	-2.00025E+000	3.31011E-004	11	..........a	-327.68
	223	224	-1.67656E+000	-2.00196E-001	-2.05793E+000	-2.00025E+000	3.33644E-004	11	..........a	-327.68
	224	225	-1.67856E+000	-2.00196E-001	-2.05702E+000	-2.00025E+000	3.41911E-004	11	..........a	-327.68
	225	226	-1.67776E+000	-2.00196E-001	-2.05455E+000	-2.00025E+000	3.34194E-004	11	..........a	-327.68
	226	227	-1.67936E+000	-2.00196E-001	-2.05273E+000	-2.00025E+000	3.28528E-004	11	..........a	-327.68
	227	228	-1.68096E+000	-2.00196E-001	-2.05118E+000	-2.00025E+000	3.33061E-004	11	..........a	-327.68
	228	229	-1.68016E+000	-2.00195E-001	-2.04947E+000	-2.00025E+000	3.27878E-004	11	..........a	-327.68
	229	230	-1.67816E+000	-2.00196E-001	-2.05447E+000	-2.00025E+000	3.26528E-004	11	..........a	-327.68
	230	231	-1.67896E+000	-2.00196E-001	-2.05326E+000	-2.00025E+000	3.35444E-004	11	..........a	-327.68
	231	232	-1.67936E+000	-2.00196E-001	-2.05533E+000	-2.00025E+000	3.40678E-004	11	..........a	-327.68
	232	233	-1.68056E+000	-2.00197E-001	-2.05535E+000	-2.00025E+000	3.35978E-004	11	..........a	-327.68
	233	234	-1.67896E+000	-2.00197E-001	-2.05725E+000	-2.00025E+000	3.39828E-004	11	..........a	-327.68
	234	235	-1.68016E+000	-2.00196E-001	-2.05909E+000	-2.00025E+000	3.41094E-004	11	..........a	-327.68
	235	236	-1.68016E+000	-2.00196E-001	-2.05854E+000	-2.00025E+000	3.30694E-004	11	..........a	-327.68
	236	237	-1.68056E+000	-2.00196E-001	-2.05944E+000	-2.00025E+000	3.39911E-004	11	..........a	-327.68
	237	238	-1.67936E+000	-2.00196E-001	-2.05959E+000	-2.00025E+000	3.36561E-004	11	..........a	-327.68
	238	239	-1.67816E+000	-2.00196E-001	-2.05756E+000	-2.00025E+000	3.33561E-004	11	..........a	-327.68
	239	240	-1.67736E+000	-2.00196E-001	-2.05178E+000	-2.00025E+000	3.36428E-004	11	..........a	-327.68
	240	241	-1.67736E+000	-2.00196E-001	-2.05165E+000	-2.00025E+000	3.37028E-004	11	..........a	-327.68
	241	242	-1.67976E+000	-2.00195E-001	-2.04818E+000	-2.00025E+000	3.38011E-004	11	..........a	-327.68
	242	243	-1.67896E+000	-2.00195E-001	-2.04824E+000	-2.00025E+000	3.31811E-004	11	..........a	-327.68
	243	244	-1.67816E+000	-2.00196E-001	-2.04576E+000	-2.00025E+000	3.30178E-004	11	..........a	-327.68
	244	245	-1.67776E+000	-2.00195E-001	-2.04796E+000	-2.00025E+000	3.28011E-004	11	..........a	-327.68
	245	246	-1.67816E+000	-2.00196E-001	-2.04666E+000	-2.00025E+000	3.23811E-004	11	..........a	-327.68
	246	247	-1.67736E+000	-2.00196E-001	-2.04993E+000	-2.00025E+000	3.25611E-004	11	..........a	-327.68
	247	248	-1.67896E+000	-2.00195E-001	-2.05112E+000	-2.00025E+000	3.23828E-004	11	..........a	-327.68
	248	249	-1.68056E+000	-2.00195E-001	-2.04910E+000	-2.00025E+000	3.24828E-004	11	..........a	-327.68
	249	250	-1.67736E+000	-2.00195E-001	-2.05546E+000	-2.00025E+000	3.32478E-004	11	..........a	-327.68
	250	251	-1.67896E+000	-2.00195E-001	-2.05372E+000	-2.00025E+000	3.32794E-004	11	..........a	-327.68
	251	252	-1.68016E+000	-2.00196E-001	-2.05548E+000	-2.00025E+000	3.28478E-004	11	..........a	-327.68
	252	253	-1.67936E+000	-2.00196E-001	-2.05529E+000	-2.00025E+000	3.29494E-004	11	..........a	-327.68
	253	254	-1.68016E+000	-2.00196E-001	-2.05709E+000	-2.00025E+000	3.31444E-004	11	..........a	-327.68
	254	255	-1.67856E+000	-2.00195E-001	-2.05872E+000	-2.00025E+000	3.33244E-004	11	..........a	-327.68
	255	256	-1.68016E+000	-2.00195E-001	-2.05917E+000	-2.00025E+000	3.27461E-004	11	..........a	-327.68
	256	257	-1.67856E+000	-2.00196E-001	-2.06118E+000	-2.00025E+000	3.29394E-004	11	..........a	-327.68
	257	258	-1.67856E+000	-2.00195E-001	-2.06433E+000	-2.00025E+000	3.37161E-004	11	..........a	-327.68
	258	259	-1.67856E+000	-2.00196E-001	-2.06413E+000	-2.00025E+000	3.24461E-004	11	..........a	-327.68
	259	260	-1.68136E+000	-2.00196E-001	-2.06458E+000	-2.00025E+000	3.30878E-004	11	..........a	-327.68
	260	261	-1.67816E+000	-2.00210E-001	-2.06827E+000	-2.00025E+000	8.08811E-004	11	..........a	-327.68
	261	262	-1.67976E+000	-2.00211E-001	-2.06636E+000	-2.00025E+000	8.23944E-004	11	..........a	-327.68
	262	263	-1.67936E+000	-2.00211E-001	-2.05091E+000	-2.00025E+000	8.23278E-004	11	..........a	-327.68
	263	264	-1.67816E+000	-2.00210E-001	-2.05272E+000	-2.00025E+000	8.04711E-004	11	..........a	-327.68
	264	265	-1.67736E+000	-2.00208E-001	-2.05481E+000	-2.00025E+000	7.92811E-004	11	..........a	-327.68
	265	266	-1.67736E+000	-2.00209E-001	-2.04590E+000	-2.00025E+000	7.88311E-004	11	..........a	-327.68
	266	267	-1.67776E+000	-2.00208E-001	-2.05006E+000	-2.00025E+000	7.89061E-004	11	..........a	-327.68
	267	268	-1.67936E+000	-2.00210E-001	-2.04908E+000	-2.00025E+000	8.05078E-004	11	..........a	-327.68
	268	269	-1.67856E+000	-2.00211E-001	-2.05162E+000	-2.00025E+000	8.30044E-004	11	..........a	-327.68
	269	270	-1.67816E+000	-2.00211E-001	-2.05164E+000	-2.00025E+000	8.28761E-004	11	..........a	-327.68
	270	271	-1.67896E+000	-2.00210E-001	-2.05149E+000	-2.00025E+000	8.05244E-004	11	..........a	-327.68
	271	272	-1.67896E+000	-2.00191E-001	-2.05489E+000	-2.00025E+000	2.15578E-004	11	..........a	-327.68
	272	273	-1.67816E+000	-2.00191E-001	-2.05714E+000	-2.00025E+000	2.11111E-004	11	..........a	-327.68
	273	274	-1.67576E+000	-2.00191E-001	-2.06108E+000	-2.00025E+000	2.15128E-004	11	..........a	-327.68
	274	275	-1.67896E+000	-2.00190E-001	-2.05802E+000	-2.00025E+000	2.11161E-004	11	..........a	-327.68
	275	276	-1.67976E+000	-2.00190E-001	-2.05814E+000	-2.00025E+000	2.14528E-004	11	..........a	-327.68
	276	277	-1.67976E+000	-2.00191E-001	-2.05675E+000	-2.00025E+000	2.10261E-004	11	..........a	-327.68
	277	278	-1.68016E+000	-2.00191E-001	-2.05892E+000	-2.00025E+000	2.05544E-004	11	..........a	-327.68
	278	279	-1.67856E+000	-2.00190E-001	-2.06156E+000	-2.00025E+000	2.25161E-004	11	..........a	-327.68
	279	280	-1.68016E+000	-2.00191E-001	-2.06252E+000	-2.00025E+000	2.17711E-004	11	..........a	-327.68
	280	281	-1.67856E+000	-2.00191E-001	-2.06442E+000	-2.00025E+000	2.15194E-004	11	..........a	-327.68
	281	282	-1.67976E+000	-2.00191E-001	-2.06655E+000	-2.00025E+000	2.15961E-004	11	..........a	-327.68
	282	283	-1.67936E+000	-2.00191E-001	-2.07025E+000	-2.00025E+000	2.11561E-004	11	..........a	-327.68
	283	284	-1.68016E+000	-2.00191E-001	-2.07074E+000	-2.00025E+000	2.15594E-004	11	..........a	-327.68
	284	285	-1.67976E+000	-2.00191E-001	-2.06812E+000	-2.00025E+000	2.09861E-004	11	..........a	-327.68
	285	286	-1.67936E+000	-2.00190E-001	-2.07022E+000	-2.00025E+000	2.04511E-004	11	..........a	-327.68
	286	287	-1.67776E+000	-2.00191E-001	-2.07394E+000	-2.00025E+000	2.15844E-004	11	..........a	-327.68
	287	288	-1.68216E+000	-2.00191E-001	-2.06887E+000	-2.00025E+000	2.12428E-004	11	..........a	-327.68
	288	289	-1.67856E+000	-2.00191E-001	-2.07359E+000	-2.00025E+000	2.11228E-004	11	..........a	-327.68
	289	290	-1.67976E+000	-2.00191E-001	-2.07163E+000	-2.00025E+000	2.12344E-004	11	..........a	-327.68
	290	291	-1.68176E+000	-2.00191E-001	-2.07369E+000	-2.00025E+000	2.15578E-004	11	..........a	-327.68
	291	292	-1.68136E+000	-2.00191E-001	-2.06744E+000	-2.00025E+000	2.08461E-004	11	..........a	-327.68
	292	293	-1.68056E+000	-2.00190E-001	-2.07388E+000	-2.00025E+000	2.07278E-004	11	..........a	-327.68
	293	294	-1.68096E+000	-2.00190E-001	-2.07333E+000	-2.00025E+000	2.11294E-004	11	..........a	-327.68
	294	295	-1.67896E+000	-2.00191E-001	-2.07652E+000	-2.00025E+000	2.12978E-004	11	..........a	-327.68
	295	296	-1.68176E+000	-2.00191E-001	-2.07421E+000	-2.00025E+000	2.14594E-004	11	..........a	-327.68
	296	297	-1.68096E+000	-2.00191E-001	-2.07839E+000	-2.00025E+000	2.14844E-004	11	..........a	-327.68
	297	298	-1.68056E+000	-2.00190E-001	-2.08084E+000	-2.00025E+000	2.20394E-004	11	..........a	-327.68
	298	299	-1.68056E+000	-2.00191E-001	-2.06646E+000	-2.00025E+000	2.14544E-004	11	..........a	-327.68
	299	300	-1.68096E+000	-2.00191E-001	-2.06775E+000	-2.00025E+000	2.13211E-004	11	..........a	-327.68
	300	301	-1.67816E+000	-2.00191E-001	-2.06871E+000	-2.00025E+000	2.14094E-004	11	..........a	-327.68
	301	302	-1.67696E+000	-2.00191E-001	-2.07150E+000	-2.00025E+000	2.07128E-004	11	..........a	-327.68
	302	303	-1.67936E+000	-2.00191E-001	-2.06825E+000	-2.00025E+000	2.16644E-004	11	..........a	-327.68
	303	304	-1.67856E+000	-2.00191E-001	-2.07287E+000	-2.00025E+000	2.17344E-004	11	..........a	-327.68
	304	305	-1.68176E+000	-2.00191E-001	-2.07038E+000	-2.00025E+000	2.19428E-004	11	..........a	-327.68
	305	306	-1.68096E+000	-2.00191E-001	-2.07379E+000	-2.00025E+000	2.11228E-004	11	..........a	-327.68
	306	307	-1.68096E+000	-2.00191E-001	-2.06806E+000	-2.00025E+000	2.12894E-004	11	..........a	-327.68
	307	308	-1.68096E+000	-2.00191E-001	-2.07143E+000	-2.00025E+000	2.17161E-004	11	..........a	-327.68
	308	309	-1.68096E+000	-2.00191E-001	-2.07367E+000	-2.00025E+000	2.10328E-004	11	..........a	-327.68
	309	310	-1.68136E+000	-2.00191E-001	-2.07603E+000	-2.00025E+000	2.18778E-004	11	..........a	-327.68
	310	311	-1.68256E+000	-2.00191E-001	-2.07443E+000	-2.00025E+000	2.25361E-004	11	..........a	-327.68
	311	312	-1.67896E+000	-2.00191E-001	-2.07677E+000	-2.00025E+000	2.22928E-004	11	..........a	-327.68
	312	313	-1.67936E+000	-2.00191E-001	-2.07870E+000	-2.00025E+000	2.17694E-004	11	..........a	-327.68
	313	314	-1.68176E+000	-2.00191E-001	-2.07694E+000	-2.00025E+000	2.14428E-004	11	..........a	-327.68
	314	315	-1.68016E+000	-2.00191E-001	-2.08156E+000	-2.00025E+000	2.17144E-004	11	..........a	-327.68
	315	316	-1.68016E+000	-2.00191E-001	-2.08147E+000	-2.00025E+000	2.23094E-004	11	..........a	-327.68
	316	317	-1.67856E+000	-2.00191E-001	-2.08572E+000	-2.00025E+000	2.00411E-004	11	..........a	-327.68
	317	318	-1.68176E+000	-2.00190E-001	-2.08097E+000	-2.00025E+000	2.17844E-004	11	..........a	-327.68
	318	319	-1.68176E+000	-2.00191E-001	-2.08245E+000	-2.00025E+000	2.18511E-004	11	..........a	-327.68
	319	320	-1.68256E+000	-2.00191E-001	-2.08136E+000	-2.00025E+000	2.17661E-004	11	..........a	-327.68
	320	321	-1.68336E+000	-2.00190E-001	-2.08416E+000	-2.00025E+000	2.10478E-004	11	..........a	-327.68
	321	322	-1.68096E+000	-2.00191E-001	-2.08681E+000	-2.00025E+000	2.07528E-004	11	..........a	-327.68
	322	323	-1.68096E+000	-2.00191E-001	-2.08950E+000	-2.00025E+000	2.09378E-004	11	..........a	-327.68
	323	324	-1.67816E+000	-2.00191E-001	-2.06821E+000	-2.00025E+000	2.17028E-004	11	..........a	-327.68
	324	325	-1.67976E+000	-2.00191E-001	-2.06300E+000	-2.00025E+000	2.12061E-004	11	..........a	-327.68
	325	326	-1.67936E+000	-2.00196E-001	-2.06427E+000	-2.00025E+000	3.12461E-004	11	..........a	-327.68
	326	327	-1.67976E+000	-2.00196E-001	-2.06371E+000	-2.00025E+000	3.19211E-004	11	..........a	-327.68
	327	328	-1.67856E+000	-2.00196E-001	-2.06708E+000	-2.00025E+000	3.16344E-004	11	..........a	-327.68
	328	329	-1.67936E+000	-2.00196E-001	-2.05942E+000	-2.00025E+000	3.14211E-004	11	..........a	-327.68
	329	330	-1.67816E+000	-2.00196E-001	-2.06344E+000	-2.00025E+000	3.03061E-004	11	..........a	-327.68
	330	331	-1.67976E+000	-2.00196E-001	-2.06049E+000	-2.00025E+000	3.09361E-004	11	..........a	-327.68
	331	332	-1.67896E+000	-2.00196E-001	-2.06575E+000	-2.00025E+000	3.17778E-004	11	..........a	-327.68
	332	333	-1.67856E+000	-2.00196E-001	-2.05223E+000	-2.00025E+000	3.16761E-004	11	..........a	-327.68
	333	334	-1.68056E+000	-2.00196E-001	-2.05488E+000	-2.00025E+000	3.18494E-004	11	..........a	-327.68
	334	335	-1.68016E+000	-2.00196E-001	-2.05549E+000	-2.00025E+000	3.12094E-004	11	..........a	-327.68
	335	336	-1.67936E+000	-2.00196E-001	-2.06007E+000	-2.00025E+000	3.11594E-004	11	..........a	-327.68
	336	337	-1.68016E+000	-2.00196E-001	-2.06165E+000	-2.00025E+000	3.15461E-004	11	..........a	-327.68
	337	338	-1.67936E+000	-2.00196E-001	-2.06313E+000	-2.00025E+000	3.13894E-004	11	..........a	-327.68
	338	339	-1.68016E+000	-2.00196E-001	-2.06346E+000	-2.00025E+000	3.12644E-004	11	..........a	-327.68
	339	340	-1.67936E+000	-2.00196E-001	-2.06475E+000	-2.00025E+000	3.15178E-004	11	..........a	-327.68
	340	341	-1.67896E+000	-2.00196E-001	-2.06822E+000	-2.00025E+000	3.11428E-004	11	..........a	-327.68
	341	342	-1.68096E+000	-2.00196E-001	-2.06790E+000	-2.00025E+000	3.28294E-004	11	..........a	-327.68
	342	343	-1.67936E+000	-2.00196E-001	-2.07191E+000	-2.00025E+000	3.22744E-004	11	..........a	-327.68
	343	344	-1.67896E+000	-2.00196E-001	-2.07125E+000	-2.00025E+000	3.26528E-004	11	..........a	-327.68
	344	345	-1.68016E+000	-2.00196E-001	-2.07166E+000	-2.00025E+000	3.24761E-004	11	..........a	-327.68
	345	346	-1.67936E+000	-2.00196E-001	-2.06970E+000	-2.00025E+000	3.18994E-004	11	..........a	-327.68
	346	347	-1.67776E+000	-2.00196E-001	-2.07466E+000	-2.00025E+000	3.20661E-004	11	..........a	-327.68
	347	348	-1.67816E+000	-2.00196E-001	-2.07367E+000	-2.00025E+000	3.26528E-004	11	..........a	-327.68
	348	349	-1.67896E+000	-2.00196E-001	-2.07307E+000	-2.00025E+000	3.25961E-004	11	..........a	-327.68
	349	350	-1.67736E+000	-2.00196E-001	-2.06037E+000	-2.00025E+000	3.17578E-004	11	..........a	-327.68
	350	351	-1.67816E+000	-2.00196E-001	-2.04624E+000	-2.00025E+000	3.30094E-004	11	..........a	-327.68
	351	352	-1.67816E+000	-2.00196E-001	-2.05035E+000	-2.00025E+000	3.20461E-004	11	..........a	-327.68
	352	353	-1.67816E+000	-2.00197E-001	-2.05117E+000	-2.00025E+000	3.21828E-004	11	..........a	-327.68
	353	354	-1.68016E+000	-2.00196E-001	-2.05241E+000	-2.00025E+000	3.10011E-004	11	..........a	-327.68
	354	355	-1.68056E+000	-2.00196E-001	-2.05220E+000	-2.00025E+000	3.22511E-004	11	..........a	-327.68
	355	356	-1.67976E+000	-2.00196E-001	-2.05789E+000	-2.00025E+000	3.09578E-004	11	..........a	-327.68
	356	357	-1.68016E+000	-2.00196E-001	-2.05707E+000	-2.00025E+000	3.10428E-004	11	..........a	-327.68
	357	358	-1.67736E+000	-2.00196E-001	-2.06129E+000	-2.00025E+000	3.08228E-004	11	..........a	-327.68
	358	359	-1.67896E+000	-2.00196E-001	-2.06222E+000	-2.00025E+000	3.17328E-004	11	..........a	-327.68
	359	360	-1.68176E+000	-2.00196E-001	-2.06083E+000	-2.00025E+000	3.18811E-004	11	..........a	-327.68
	360	361	-1.67936E+000	-2.00196E-001	-2.06442E+000	-2.00025E+000	3.16961E-004	11	..........a	-327.68
	361	362	-1.67856E+000	-2.00196E-001	-2.06501E+000	-2.00025E+000	3.16478E-004	11	..........a	-327.68
	362	363	-1.68256E+000	-2.00196E-001	-2.06238E+000	-2.00025E+000	3.19444E-004	11	..........a	-327.68
	363	364	-1.68016E+000	-2.00196E-001	-2.06593E+000	-2.00025E+000	3.22594E-004	11	..........a	-327.68
	364	365	-1.68256E+000	-2.00196E-001	-2.06730E+000	-2.00025E+000	3.20994E-004	11	..........a	-327.68
	365	366	-1.68176E+000	-2.00196E-001	-2.06873E+000	-2.00025E+000	3.26044E-004	11	..........a	-327.68
	366	367	-1.68176E+000	-2.00196E-001	-2.07218E+000	-2.00025E+000	3.18044E-004	11	..........a	-327.68
	367	368	-1.68176E+000	-2.00196E-001	-2.07156E+000	-2.00025E+000	3.22828E-004	11	..........a	-327.68
	368	369	-1.68176E+000	-2.00196E-001	-2.07780E+000	-2.00025E+000	3.12561E-004	11	..........a	-327.68
	369	370	-1.68176E+000	-2.00196E-001	-2.07894E+000	-2.00025E+000	3.21411E-004	11	..........a	-327.68
	370	371	-1.68096E+000	-2.00196E-001	-2.08562E+000	-2.00025E+000	3.17678E-004	11	..........a	-327.68
	371	372	-1.68096E+000	-2.00196E-001	-2.08666E+000	-2.00025E+000	3.13928E-004	11	..........a	-327.68
	372	373	-1.67656E+000	-2.00196E-001	-2.08593E+000	-2.00025E+000	3.19328E-004	11	..........a	-327.68
	373	374	-1.67856E+000	-2.00196E-001	-2.04716E+000	-2.00025E+000	3.21894E-004	11	..........a	-327.68
	374	375	-1.67896E+000	-2.00196E-001	-2.05038E+000	-2.00025E+000	3.17711E-004	11	..........a	-327.68
	375	376	-1.67976E+000	-2.00196E-001	-2.05033E+000	-2.00025E+000	3.16444E-004	11	..........a	-327.68
	376	377	-1.67816E+000	-2.00196E-001	-2.05434E+000	-2.00025E+000	3.23994E-004	11	..........a	-327.68
	377	378	-1.67816E+000	-2.00196E-001	-2.05595E+000	-2.00025E+000	3.17378E-004	11	..........a	-327.68
	378	379	-1.67816E+000	-2.00196E-001	-2.05710E+000	-2.00025E+000	3.14594E-004	11	..........a	-327.68
	379	380	-1.67856E+000	-2.00196E-001	-2.05847E+000	-2.00025E+000	3.17028E-004	11	..........a	-327.68
	380	381	-1.68016E+000	-2.00196E-001	-2.05778E+000	-2.00025E+000	3.15928E-004	11	..........a	-327.68
	381	382	-1.67696E+000	-2.00196E-001	-2.06396E+000	-2.00025E+000	3.22328E-004	11	..........a	-327.68
	382	383	-1.68016E+000	-2.00196E-001	-2.06268E+000	-2.00025E+000	3.18228E-004	11	..........a	-327.68
	383	384	-1.67936E+000	-2.00196E-001	-2.06615E+000	-2.00025E+000	3.23161E-004	11	..........a	-327.68
	384	385	-1.68096E+000	-2.00196E-001	-2.06548E+000	-2.00025E+000	3.18778E-004	11	..........a	-327.68
	385	386	-1.67776E+000	-2.00196E-001	-2.07265E+000	-2.00025E+000	3.25611E-004	11	..........a	-327.68
	386	387	-1.68256E+000	-2.00196E-001	-2.07103E+000	-2.00025E+000	3.17378E-004	11	..........a	-327.68
	387	388	-1.67896E+000	-2.00196E-001	-2.07189E+000	-2.00025E+000	3.20311E-004	11	..........a	-327.68
	388	389	-1.67856E+000	-2.00196E-001	-2.05245E+000	-2.00025E+000	3.21544E-004	11	..........a	-327.68
	389	390	-1.67896E+000	-2.00196E-001	-2.05761E+000	-2.00025E+000	3.11711E-004	11	..........a	-327.68
	390	391	-1.67856E+000	-2.00196E-001	-2.06327E+000	-2.00025E+000	3.24694E-004	11	..........a	-327.68
	391	392	-1.67856E+000	-2.00196E-001	-2.06436E+000	-2.00025E+000	3.23028E-004	11	..........a	-327.68
	392	393	-1.67856E+000	-2.00196E-001	-2.06900E+000	-2.00025E+000	3.16661E-004	11	..........a	-327.68
	393	394	-1.68256E+000	-2.00196E-001	-2.06309E+000	-2.00025E+000	3.21628E-004	11	..........a	-327.68
	394	395	-1.68096E+000	-2.00196E-001	-2.06740E+000	-2.00025E+000	3.21911E-004	11	..........a	-327.68
	395	396	-1.67856E+000	-2.00196E-001	-2.06966E+000	-2.00025E+000	3.27361E-004	11	..........a	-327.68
	396	397	-1.67936E+000	-2.00196E-001	-2.07238E+000	-2.00025E+000	3.25178E-004	11	..........a	-327.68
	397	398	-1.68256E+000	-2.00196E-001	-2.07033E+000	-2.00025E+000	3.20378E-004	11	..........a	-327.68
	398	399	-1.67856E+000	-2.00196E-001	-2.07740E+000	-2.00025E+000	3.19011E-004	11	..........a	-327.68
	399	400	-1.67896E+000	-2.00196E-001	-2.08056E+000	-2.00025E+000	3.25128E-004	11	..........a	-327.68
	400	401	-1.67696E+000	-2.00196E-001	-2.08401E+000	-2.00025E+000	3.24161E-004	11	..........a	-327.68
	401	402	-1.68096E+000	-2.00196E-001	-2.08304E+000	-2.00025E+000	3.26244E-004	11	..........a	-327.68
	402	403	-1.68056E+000	-2.00196E-001	-2.08747E+000	-2.00025E+000	3.19344E-004	11	..........a	-327.68
	403	404	-1.67936E+000	-2.00196E-001	-2.09003E+000	-2.00025E+000	3.15811E-004	11	..........a	-327.68
	404	405	-1.68176E+000	-2.00196E-001	-2.08708E+000	-2.00025E+000	3.21261E-004	11	..........a	-327.68
	405	406	-1.67936E+000	-2.00196E-001	-2.09197E+000	-2.00025E+000	3.17428E-004	11	..........a	-327.68
	406	407	-1.68016E+000	-2.00196E-001	-2.09160E+000	-2.00025E+000	3.19061E-004	11	..........a	-327.68
	407	408	-1.68176E+000	-2.00196E-001	-2.09445E+000	-2.00025E+000	3.16144E-004	11	..........a	-327.68
	408	409	-1.67816E+000	-2.00196E-001	-2.09845E+000	-2.00025E+000	3.20678E-004	11	..........a	-327.68
	409	410	-1.67856E+000	-2.00194E-001	-2.10196E+000	-2.00025E+000	2.91344E-004	11	..........a	-327.68
	410	411	-1.67936E+000	-2.00195E-001	-2.10212E+000	-2.00025E+000	2.89744E-004	11	..........a	-327.68
	411	412	-1.67736E+000	-2.00195E-001	-2.10749E+000	-2.00025E+000	2.93378E-004	11	..........a	-327.68
	412	413	-1.67976E+000	-2.00195E-001	-2.10764E+000	-2.00025E+000	2.94978E-004	11	..........a	-327.68
	413	414	-1.67896E+000	-2.00195E-001	-2.11395E+000	-2.00025E+000	2.87128E-004	11	..........a	-327.68
	414	415	-1.67776E+000	-2.00195E-001	-2.11650E+000	-2.00025E+000	2.94078E-004	11	..........a	-327.68
	415	416	-1.68136E+000	-2.00195E-001	-2.11459E+000	-2.00025E+000	2.85494E-004	11	..........a	-327.68
	416	417	-1.68256E+000	-2.00195E-001	-2.11608E+000	-2.00025E+000	2.90078E-004	11	..........a	-327.68
	417	418	-1.68016E+000	-2.00196E-001	-2.12079E+000	-2.00025E+000	2.94478E-004	11	..........a	-327.68
	418	419	-1.67816E+000	-2.00195E-001	-2.12788E+000	-2.00025E+000	2.93078E-004	11	..........a	-327.68
	419	420	-1.67816E+000	-2.00196E-001	-2.09968E+000	-2.00025E+000	3.01444E-004	11	..........a	-327.68
	420	421	-1.67736E+000	-2.00195E-001	-2.07065E+000	-2.00025E+000	2.97594E-004	11	..........a	-327.68
	421	422	-1.67816E+000	-2.00195E-001	-2.07003E+000	-2.00025E+000	2.98511E-004	11	..........a	-327.68
	422	423	-1.67936E+000	-2.00195E-001	-2.07174E+000	-2.00025E+000	2.94011E-004	11	..........a	-327.68
	423	424	-1.67776E+000	-2.00195E-001	-2.07526E+000	-2.00025E+000	2.91428E-004	11	..........a	-327.68
	424	425	-1.67576E+000	-2.00195E-001	-2.07199E+000	-2.00025E+000	2.90111E-004	11	..........a	-327.68
	425	426	-1.67856E+000	-2.00194E-001	-2.07013E+000	-2.00025E+000	2.92394E-004	11	..........a	-327.68
	426	427	-1.68016E+000	-2.00194E-001	-2.07035E+000	-2.00025E+000	2.83928E-004	11	..........a	-327.68
	427	428	-1.67816E+000	-2.00194E-001	-2.07525E+000	-2.00025E+000	2.77261E-004	11	..........a	-327.68
	428	429	-1.68016E+000	-2.00194E-001	-2.07404E+000	-2.00025E+000	2.90878E-004	11	..........a	-327.68
	429	430	-1.67936E+000	-2.00194E-001	-2.07960E+000	-2.00025E+000	2.84678E-004	11	..........a	-327.68
	430	431	-1.67816E+000	-2.00194E-001	-2.08309E+000	-2.00025E+000	2.77994E-004	11	..........a	-327.68
	431	432	-1.67936E+000	-2.00195E-001	-2.08794E+000	-2.00025E+000	2.89111E-004	11	..........a	-327.68
	432	433	-1.67816E+000	-2.00195E-001	-2.08833E+000	-2.00025E+000	2.92561E-004	11	..........a	-327.68
	433	434	-1.67856E+000	-2.00195E-001	-2.09230E+000	-2.00025E+000	2.86378E-004	11	..........a	-327.68
	434	435	-1.67936E+000	-2.00195E-001	-2.09162E+000	-2.00025E+000	2.85578E-004	11	..........a	-327.68
	435	436	-1.68056E+000	-2.00194E-001	-2.09429E+000	-2.00025E+000	2.82811E-004	11	..........a	-327.68
	436	437	-1.67896E+000	-2.00194E-001	-2.09751E+000	-2.00025E+000	2.73811E-004	11	..........a	-327.68
	437	438	-1.67816E+000	-2.00195E-001	-2.10014E+000	-2.00025E+000	2.90744E-004	11	..........a	-327.68
	438	439	-1.67936E+000	-2.00195E-001	-2.06512E+000	-2.00025E+000	2.81928E-004	11	..........a	-327.68
	439	440	-1.67896E+000	-2.00195E-001	-2.06847E+000	-2.00025E+000	2.88194E-004	11	..........a	-327.68
	440	441	-1.67976E+000	-2.00195E-001	-2.07005E+000	-2.00025E+000	2.88094E-004	11	..........a	-327.68
	441	442	-1.68016E+000	-2.00195E-001	-2.07033E+000	-2.00025E+000	2.84261E-004	11	..........a	-327.68
	442	443	-1.68016E+000	-2.00195E-001	-2.07280E+000	-2.00025E+000	2.94378E-004	11	..........a	-327.68
	443	444	-1.67856E+000	-2.00195E-001	-2.07307E+000	-2.00025E+000	2.93778E-004	11	..........a	-327.68
	444	445	-1.67736E+000	-2.00194E-001	-2.07740E+000	-2.00025E+000	2.85311E-004	11	..........a	-327.68
	445	446	-1.67816E+000	-2.00194E-001	-2.07661E+000	-2.00025E+000	2.90044E-004	11	..........a	-327.68
	446	447	-1.67816E+000	-2.00194E-001	-2.08004E+000	-2.00025E+000	2.88744E-004	11	..........a	-327.68
	447	448	-1.67896E+000	-2.00195E-001	-2.08177E+000	-2.00025E+000	2.97561E-004	11	..........a	-327.68
	448	449	-1.67856E+000	-2.00195E-001	-2.08567E+000	-2.00025E+000	2.91344E-004	11	..........a	-327.68
	449	450	-1.68016E+000	-2.00195E-001	-2.08610E+000	-2.00025E+000	2.85578E-004	11	..........a	-327.68
	450	451	-1.67936E+000	-2.00195E-001	-2.08812E+000	-2.00025E+000	2.97578E-004	11	..........a	-327.68
	451	452	-1.67816E+000	-2.00195E-001	-2.09241E+000	-2.00025E+000	2.86844E-004	11	..........a	-327.68
	452	453	-1.67656E+000	-2.00195E-001	-2.09638E+000	-2.00025E+000	2.80628E-004	11	..........a	-327.68
	453	454	-1.67936E+000	-2.00195E-001	-2.09595E+000	-2.00025E+000	2.85594E-004	11	..........a	-327.68
	454	455	-1.67696E+000	-2.00194E-001	-2.10245E+000	-2.00025E+000	2.88144E-004	11	..........a	-327.68
	455	456	-1.67896E+000	-2.00194E-001	-2.09825E+000	-2.00025E+000	2.89894E-004	11	..........a	-327.68
	456	457	-1.67656E+000	-2.00195E-001	-2.10111E+000	-2.00025E+000	2.90861E-004	11	..........a	-327.68
	457	458	-1.67816E+000	-2.00194E-001	-2.10170E+000	-2.00025E+000	2.90628E-004	11	..........a	-327.68
	458	459	-1.67896E+000	-2.00195E-001	-2.10252E+000	-2.00025E+000	2.95211E-004	11	..........a	-327.68
	459	460	-1.67816E+000	-2.00195E-001	-2.10702E+000	-2.00025E+000	2.93661E-004	11	..........a	-327.68
	460	461	-1.67736E+000	-2.00195E-001	-2.11064E+000	-2.00025E+000	2.87944E-004	11	..........a	-327.68
	461	462	-1.67856E+000	-2.00194E-001	-2.11543E+000	-2.00025E+000	2.90628E-004	11	..........a	-327.68
	462	463	-1.67976E+000	-2.00194E-001	-2.11559E+000	-2.00025E+000	2.91844E-004	11	..........a	-327.68
	463	464	-1.67816E+000	-2.00194E-001	-2.11991E+000	-2.00025E+000	2.89978E-004	11	..........a	-327.68
	464	465	-1.67856E+000	-2.00195E-001	-2.12358E+000	-2.00025E+000	2.97711E-004	11	..........a	-327.68
	465	466	-1.67936E+000	-2.00194E-001	-2.12463E+000	-2.00025E+000	2.89994E-004	11	..........a	-327.68
	466	467	-1.67936E+000	-2.00195E-001	-2.12628E+000	-2.00025E+000	2.91028E-004	11	..........a	-327.68
	467	468	-1.67736E+000	-2.00195E-001	-2.12642E+000	-2.00025E+000	2.79811E-004	11	..........a	-327.68
	468	469	-1.67696E+000	-2.00195E-001	-2.12452E+000	-2.00025E+000	2.82611E-004	11	..........a	-327.68
	469	470	-1.67376E+000	-2.00194E-001	-2.12675E+000	-2.00025E+000	2.80894E-004	11	..........a	-327.68
	470	471	-1.67896E+000	-2.00194E-001	-2.12390E+000	-2.00025E+000	2.76978E-004	11	..........a	-327.68
	471	472	-1.67736E+000	-2.00195E-001	-2.12435E+000	-2.00025E+000	2.84311E-004	11	..........a	-327.68
	472	473	-1.67776E+000	-2.00195E-001	-2.05477E+000	-2.00025E+000	2.88211E-004	11	..........a	-327.68
	473	474	-1.67736E+000	-2.00195E-001	-2.05789E+000	-2.00025E+000	2.91811E-004	11	..........a	-327.68
	474	475	-1.67776E+000	-2.00195E-001	-2.06080E+000	-2.00025E+000	2.91911E-004	11	..........a	-327.68
	475	476	-1.67656E+000	-2.00195E-001	-2.06615E+000	-2.00025E+000	2.94344E-004	11	..........a	-327.68
	476	477	-1.67816E+000	-2.00195E-001	-2.06601E+000	-2.00025E+000	3.01678E-004	11	..........a	-327.68
	477	478	-1.67816E+000	-2.00195E-001	-2.06855E+000	-2.00025E+000	2.95478E-004	11	..........a	-327.68
	478	479	-1.67816E+000	-2.00194E-001	-2.07120E+000	-2.00025E+000	2.51828E-004	11	..........a	-327.68
	479	480	-1.67816E+000	-2.00195E-001	-2.07649E+000	-2.00025E+000	2.58928E-004	11	..........a	-327.68
	480	481	-1.67776E+000	-2.00194E-001	-2.07824E+000	-2.00025E+000	2.48928E-004	11	..........a	-327.68
	481	482	-1.67776E+000	-2.00194E-001	-2.08488E+000	-2.00025E+000	2.52411E-004	11	..........a	-327.68
	482	483	-1.67696E+000	-2.00194E-001	-2.08477E+000	-2.00025E+000	2.56978E-004	11	..........a	-327.68
	483	484	-1.67856E+000	-2.00194E-001	-2.08352E+000	-2.00025E+000	2.50094E-004	11	..........a	-327.68
	484	485	-1.67696E+000	-2.00195E-001	-2.08633E+000	-2.00025E+000	2.51794E-004	11	..........a	-327.68
	485	486	-1.67736E+000	-2.00194E-001	-2.09070E+000	-2.00025E+000	2.49711E-004	11	..........a	-327.68
	486	487	-1.67896E+000	-2.00194E-001	-2.09090E+000	-2.00025E+000	2.46978E-004	11	..........a	-327.68
	487	488	-1.67736E+000	-2.00194E-001	-2.09544E+000	-2.00025E+000	2.42261E-004	11	..........a	-327.68
	488	489	-1.67816E+000	-2.00194E-001	-2.09910E+000	-2.00025E+000	2.41511E-004	11	..........a	-327.68
	489	490	-1.67656E+000	-2.00195E-001	-2.10324E+000	-2.00025E+000	2.46094E-004	11	..........a	-327.68
	490	491	-1.67776E+000	-2.00194E-001	-2.10690E+000	-2.00025E+000	2.45928E-004	11	..........a	-327.68
	491	492	-1.67816E+000	-2.00194E-001	-2.10788E+000	-2.00025E+000	2.44928E-004	11	..........a	-327.68
	492	493	-1.67816E+000	-2.00194E-001	-2.11647E+000	-2.00025E+000	2.53411E-004	11	..........a	-327.68
	493	494	-1.67736E+000	-2.00194E-001	-2.11768E+000	-2.00025E+000	2.42861E-004	11	..........a	-327.68
	494	495	-1.67736E+000	-2.00194E-001	-2.12081E+000	-2.00025E+000	2.44078E-004	11	..........a	-327.68
	495	496	-1.67656E+000	-2.00195E-001	-2.12206E+000	-2.00025E+000	2.47978E-004	11	..........a	-327.68
	496	497	-1.67616E+000	-2.00194E-001	-2.12155E+000	-2.00025E+000	2.45361E-004	11	..........a	-327.68
	497	498	-1.67576E+000	-2.00195E-001	-2.12244E+000	-2.00025E+000	2.41944E-004	11	..........a	-327.68
	498	499	-1.67736E+000	-2.00194E-001	-2.12271E+000	-2.00025E+000	2.48894E-004	11	..........a	-327.68
	499	500	-1.67656E+000	-2.00194E-001	-2.12447E+000	-2.00025E+000	2.43228E-004	11	..........a	-327.68
	500	501	-1.67696E+000	-2.00194E-001	-2.12523E+000	-2.00025E+000	2.42428E-004	11	..........a	-327.68
	501	502	-1.67616E+000	-2.00194E-001	-2.12879E+000	-2.00025E+000	2.44361E-004	11	..........a	-327.68
	502	503	-1.67576E+000	-2.00194E-001	-2.12909E+000	-2.00025E+000	2.40528E-004	11	..........a	-327.68
	503	504	-1.67736E+000	-2.00194E-001	-2.13015E+000	-2.00025E+000	2.38178E-004	11	..........a	-327.68
	504	505	-1.67576E+000	-2.00194E-001	-2.05263E+000	-2.00025E+000	2.35078E-004	11	..........a	-327.68
	505	506	-1.67456E+000	-2.00194E-001	-2.05619E+000	-2.00025E+000	2.44161E-004	11	..........a	-327.68
	506	507	-1.67616E+000	-2.00194E-001	-2.05535E+000	-2.00025E+000	2.33711E-004	11	..........a	-327.68
	507	508	-1.67696E+000	-2.00194E-001	-2.06200E+000	-2.00025E+000	2.36111E-004	11	..........a	-327.68
	508	509	-1.67256E+000	-2.00194E-001	-2.06944E+000	-2.00025E+000	2.29178E-004	11	..........a	-327.68
	509	510	-1.67576E+000	-2.00194E-001	-2.07062E+000	-2.00025E+000	2.31644E-004	11	..........a	-327.68
	510	511	-1.67616E+000	-2.00194E-001	-2.07134E+000	-2.00025E+000	2.40394E-004	11	..........a	-327.68
	511	512	-1.67536E+000	-2.00194E-001	-2.07379E+000	-2.00025E+000	2.38194E-004	11	..........a	-327.68
	512	513	-1.67656E+000	-2.00194E-001	-2.07523E+000	-2.00025E+000	2.45711E-004	11	..........a	-327.68
	513	514	-1.67736E+000	-2.00194E-001	-2.07770E+000	-2.00025E+000	2.42128E-004	11	..........a	-327.68
	514	515	-1.67736E+000	-2.00194E-001	-2.08154E+000	-2.00025E+000	2.47478E-004	11	..........a	-327.68
	515	516	-1.67736E+000	-2.00194E-001	-2.08122E+000	-2.00025E+000	2.46194E-004	11	..........a	-327.68
	516	517	-1.67656E+000	-2.00195E-001	-2.08498E+000	-2.00025E+000	2.41928E-004	11	..........a	-327.68
	517	518	-1.67816E+000	-2.00194E-001	-2.08623E+000	-2.00025E+000	2.44894E-004	11	..........a	-327.68
	518	519	-1.67856E+000	-2.00194E-001	-2.08895E+000	-2.00025E+000	2.49411E-004	11	..........a	-327.68
	519	520	-1.67696E+000	-2.00194E-001	-2.09006E+000	-2.00025E+000	2.13828E-004	11	..........a	-327.68
	520	521	-1.67536E+000	-2.00194E-001	-2.09522E+000	-2.00025E+000	2.01494E-004	11	..........a	-327.68
	521	522	-1.67176E+000	-2.00194E-001	-2.10105E+000	-2.00025E+000	1.97594E-004	11	..........a	-327.68
	522	523	-1.67416E+000	-2.00194E-001	-2.10224E+000	-2.00025E+000	2.00678E-004	11	..........a	-327.68
	523	524	-1.67416E+000	-2.00195E-001	-2.10351E+000	-2.00025E+000	2.00911E-004	11	..........a	-327.68
	524	525	-1.67536E+000	-2.00194E-001	-2.10441E+000	-2.00025E+000	1.92544E-004	11	..........a	-327.68
	525	526	-1.67616E+000	-2.00195E-001	-2.10755E+000	-2.00025E+000	1.98778E-004	11	..........a	-327.68
	526	527	-1.67616E+000	-2.00194E-001	-2.11062E+000	-2.00025E+000	1.98661E-004	11	..........a	-327.68
	527	528	-1.67536E+000	-2.00194E-001	-2.11271E+000	-2.00025E+000	1.93444E-004	11	..........a	-327.68
	528	529	-1.67496E+000	-2.00194E-001	-2.11693E+000	-2.00025E+000	2.00878E-004	11	..........a	-327.68
	529	530	-1.67776E+000	-2.00194E-001	-2.11934E+000	-2.00025E+000	2.09194E-004	11	..........a	-327.68
	530	531	-1.67856E+000	-2.00194E-001	-2.12248E+000	-2.00025E+000	2.08278E-004	11	..........a	-327.68
	531	532	-1.67616E+000	-2.00194E-001	-2.13330E+000	-2.00025E+000	2.07211E-004	11	..........a	-327.68
	532	533	-1.67696E+000	-2.00195E-001	-2.13324E+000	-2.00025E+000	2.08028E-004	11	..........a	-327.68
	533	534	-1.67696E+000	-2.00195E-001	-2.13744E+000	-2.00025E+000	2.11661E-004	11	..........a	-327.68
	534	535	-1.67416E+000	-2.00194E-001	-2.14295E+000	-2.00025E+000	2.01111E-004	11	..........a	-327.68
	535	536	-1.67856E+000	-2.00194E-001	-2.14102E+000	-2.00025E+000	1.93078E-004	11	..........a	-327.68
	536	537	-1.67736E+000	-2.00194E-001	-2.14324E+000	-2.00025E+000	1.90994E-004	11	..........a	-327.68
	537	538	-1.67776E+000	-2.00194E-001	-2.14745E+000	-2.00025E+000	1.90861E-004	11	..........a	-327.68
	538	539	-1.67816E+000	-2.00194E-001	-2.15022E+000	-2.00025E+000	2.00578E-004	11	..........a	-327.68
	539	540	-1.67456E+000	-2.00194E-001	-2.15671E+000	-2.00025E+000	1.92178E-004	11	..........a	-327.68
	540	541	-1.67736E+000	-2.00195E-001	-2.15739E+000	-2.00025E+000	1.99278E-004	11	..........a	-327.68
	541	542	-1.67536E+000	-2.00194E-001	-2.16187E+000	-2.00025E+000	1.98628E-004	11	..........a	-327.68
	542	543	-1.67696E+000	-2.00194E-001	-2.16669E+000	-2.00025E+000	2.00528E-004	11	..........a	-327.68
	543	544	-1.67616E+000	-2.00194E-001	-2.17103E+000	-2.00025E+000	1.90511E-004	11	..........a	-327.68
	544	545	-1.67656E+000	-2.00195E-001	-2.17789E+000	-2.00025E+000	2.00078E-004	11	..........a	-327.68
	545	546	-1.67816E+000	-2.00194E-001	-2.17829E+000	-2.00025E+000	1.96528E-004	11	..........a	-327.68
	546	547	-1.67816E+000	-2.00194E-001	-2.18218E+000	-2.00025E+000	1.90761E-004	11	..........a	-327.68
	547	548	-1.67376E+000	-2.00194E-001	-2.18665E+000	-2.00025E+000	1.90528E-004	11	..........a	-327.68
	548	549	-1.67816E+000	-2.00194E-001	-2.18246E+000	-2.00025E+000	1.95961E-004	11	..........a	-327.68
	549	550	-1.67496E+000	-2.00194E-001	-2.18761E+000	-2.00025E+000	2.03344E-004	11	..........a	-327.68
	550	551	-1.67176E+000	-2.00194E-001	-2.05873E+000	-2.00025E+000	2.04844E-004	11	..........a	-327.68
	551	552	-1.67536E+000	-2.00194E-001	-2.06063E+000	-2.00025E+000	2.06478E-004	11	..........a	-327.68
	552	553	-1.67456E+000	-2.00194E-001	-2.06334E+000	-2.00025E+000	2.02511E-004	11	..........a	-327.68
	553	554	-1.67616E+000	-2.00194E-001	-2.06627E+000	-2.00025E+000	2.07128E-004	11	..........a	-327.68
	554	555	-1.67656E+000	-2.00194E-001	-2.06604E+000	-2.00025E+000	2.09944E-004	11	..........a	-327.68
	555	556	-1.67616E+000	-2.00194E-001	-2.07226E+000	-2.00025E+000	2.09078E-004	11	..........a	-327.68
	556	557	-1.67536E+000	-2.00194E-001	-2.07576E+000	-2.00025E+000	2.00844E-004	11	..........a	-327.68
	557	558	-1.67656E+000	-2.00193E-001	-2.07942E+000	-2.00025E+000	2.03111E-004	11	..........a	-327.68
	558	559	-1.67736E+000	-2.00193E-001	-2.08078E+000	-2.00025E+000	2.02461E-004	11	..........a	-327.68
	559	560	-1.67736E+000	-2.00193E-001	-2.08567E+000	-2.00025E+000	2.06294E-004	11	..........a	-327.68
	560	561	-1.67696E+000	-2.00193E-001	-2.08850E+000	-2.00025E+000	2.05294E-004	11	..........a	-327.68
	561	562	-1.67816E+000	-2.00194E-001	-2.09028E+000	-2.00025E+000	2.04994E-004	11	..........a	-327.68
	562	563	-1.67496E+000	-2.00194E-001	-2.09602E+000	-2.00025E+000	1.94178E-004	11	..........a	-327.68
	563	564	-1.67216E+000	-2.00194E-001	-2.09930E+000	-2.00025E+000	1.99978E-004	11	..........a	-327.68
	564	565	-1.67136E+000	-2.00194E-001	-2.09953E+000	-2.00025E+000	2.02044E-004	11	..........a	-327.68
	565	566	-1.67376E+000	-2.00194E-001	-2.09919E+000	-2.00025E+000	1.97011E-004	11	..........a	-327.68
	566	567	-1.67416E+000	-2.00193E-001	-2.10168E+000	-2.00025E+000	2.09111E-004	11	..........a	-327.68
	567	568	-1.67536E+000	-2.00194E-001	-2.10257E+000	-2.00025E+000	2.04344E-004	11	..........a	-327.68
	568	569	-1.67656E+000	-2.00194E-001	-2.10561E+000	-2.00025E+000	2.06594E-004	11	..........a	-327.68
	569	570	-1.67696E+000	-2.00193E-001	-2.10666E+000	-2.00025E+000	2.05844E-004	11	..........a	-327.68
	570	571	-1.67616E+000	-2.00194E-001	-2.11147E+000	-2.00025E+000	2.06128E-004	11	..........a	-327.68
	571	572	-1.67776E+000	-2.00194E-001	-2.10956E+000	-2.00025E+000	2.08578E-004	11	..........a	-327.68
	572	573	-1.67696E+000	-2.00194E-001	-2.11622E+000	-2.00025E+000	1.92261E-004	11	..........a	-327.68
	573	574	-1.67456E+000	-2.00194E-001	-2.12336E+000	-2.00025E+000	2.08144E-004	11	..........a	-327.68
	574	575	-1.67536E+000	-2.00194E-001	-2.12722E+000	-2.00025E+000	1.99128E-004	11	..........a	-327.68
	575	576	-1.67456E+000	-2.00194E-001	-2.13018E+000	-2.00025E+000	1.97094E-004	11	..........a	-327.68
	576	577	-1.67696E+000	-2.00194E-001	-2.13074E+000	-2.00025E+000	2.04161E-004	11	..........a	-327.68
	577	578	-1.67376E+000	-2.00194E-001	-2.13620E+000	-2.00025E+000	2.08728E-004	11	..........a	-327.68
	578	579	-1.67176E+000	-2.00194E-001	-2.14222E+000	-2.00025E+000	2.10678E-004	11	..........a	-327.68
	579	580	-1.67216E+000	-2.00194E-001	-2.14291E+000	-2.00025E+000	2.13728E-004	11	..........a	-327.68
	580	581	-1.67456E+000	-2.00194E-001	-2.14592E+000	-2.00025E+000	2.04728E-004	11	..........a	-327.68
	581	582	-1.67616E+000	-2.00193E-001	-2.14311E+000	-2.00025E+000	2.01228E-004	11	..........a	-327.68
	582	583	-1.67736E+000	-2.00194E-001	-2.14505E+000	-2.00025E+000	2.02928E-004	11	..........a	-327.68
	583	584	-1.67256E+000	-2.00194E-001	-2.04211E+000	-2.00025E+000	2.05828E-004	11	..........a	-327.68
	584	585	-1.67176E+000	-2.00194E-001	-2.05094E+000	-2.00025E+000	2.11278E-004	11	..........a	-327.68
	585	586	-1.67376E+000	-2.00194E-001	-2.05133E+000	-2.00025E+000	2.11294E-004	11	..........a	-327.68
	586	587	-1.67216E+000	-2.00194E-001	-2.05565E+000	-2.00025E+000	1.96078E-004	11	..........a	-327.68
	587	588	-1.67656E+000	-2.00194E-001	-2.05242E+000	-2.00025E+000	2.11361E-004	11	..........a	-327.68
	588	589	-1.67016E+000	-2.00194E-001	-2.06335E+000	-2.00025E+000	2.84628E-004	11	..........a	-327.68
	589	590	-1.67496E+000	-2.00195E-001	-2.06103E+000	-2.00025E+000	2.93411E-004	11	..........a	-327.68
	590	591	-1.67096E+000	-2.00195E-001	-2.06916E+000	-2.00025E+000	2.89178E-004	11	..........a	-327.68
	591	592	-1.67616E+000	-2.00195E-001	-2.06419E+000	-2.00025E+000	2.91278E-004	11	..........a	-327.68
	592	593	-1.67296E+000	-2.00195E-001	-2.06966E+000	-2.00025E+000	2.92378E-004	11	..........a	-327.68
	593	594	-1.67416E+000	-2.00195E-001	-2.07153E+000	-2.00025E+000	2.95244E-004	11	..........a	-327.68
	594	595	-1.67456E+000	-2.00195E-001	-2.07394E+000	-2.00025E+000	3.03144E-004	11	..........a	-327.68
	595	596	-1.67456E+000	-2.00195E-001	-2.07616E+000	-2.00025E+000	2.89544E-004	11	..........a	-327.68
	596	597	-1.67616E+000	-2.00195E-001	-2.07642E+000	-2.00025E+000	2.95744E-004	11	..........a	-327.68
	597	598	-1.67496E+000	-2.00195E-001	-2.08132E+000	-2.00025E+000	2.93828E-004	11	..........a	-327.68
	598	599	-1.67616E+000	-2.00195E-001	-2.08451E+000	-2.00025E+000	2.83028E-004	11	..........a	-327.68
	599	600	-1.67416E+000	-2.00195E-001	-2.09410E+000	-2.00025E+000	2.98078E-004	11	..........a	-327.68
	600	601	-1.67456E+000	-2.00194E-001	-2.09757E+000	-2.00025E+000	2.87228E-004	11	..........a	-327.68
	601	602	-1.67616E+000	-2.00195E-001	-2.09630E+000	-2.00025E+000	2.90944E-004	11	..........a	-327.68
	602	603	-1.67616E+000	-2.00194E-001	-2.09631E+000	-2.00025E+000	2.85428E-004	11	..........a	-327.68
	603	604	-1.66976E+000	-2.00195E-001	-2.10886E+000	-2.00025E+000	2.84944E-004	11	..........a	-327.68
	604	605	-1.67576E+000	-2.00195E-001	-2.10420E+000	-2.00025E+000	2.90661E-004	11	..........a	-327.68
	605	606	-1.67136E+000	-2.00194E-001	-2.11452E+000	-2.00025E+000	2.87178E-004	11	..........a	-327.68
	606	607	-1.67536E+000	-2.00195E-001	-2.11290E+000	-2.00025E+000	2.92528E-004	11	..........a	-327.68
	607	608	-1.67216E+000	-2.00194E-001	-2.12016E+000	-2.00025E+000	2.88061E-004	11	..........a	-327.68
	608	609	-1.67456E+000	-2.00194E-001	-2.12130E+000	-2.00025E+000	2.80011E-004	11	..........a	-327.68
	609	610	-1.67656E+000	-2.00194E-001	-2.12263E+000	-2.00025E+000	2.85661E-004	11	..........a	-327.68
	610	611	-1.67456E+000	-2.00194E-001	-2.12811E+000	-2.00025E+000	2.81961E-004	11	..........a	-327.68
	611	612	-1.67536E+000	-2.00194E-001	-2.13128E+000	-2.00025E+000	2.86628E-004	11	..........a	-327.68
	612	613	-1.67336E+000	-2.00194E-001	-2.13708E+000	-2.00025E+000	2.85628E-004	11	..........a	-327.68
	613	614	-1.67136E+000	-2.00194E-001	-2.14157E+000	-2.00025E+000	2.78394E-004	11	..........a	-327.68
	614	615	-1.67256E+000	-2.00194E-001	-2.14410E+000	-2.00025E+000	2.84928E-004	11	..........a	-327.68
	615	616	-1.67216E+000	-2.00194E-001	-2.14707E+000	-2.00025E+000	2.81744E-004	11	..........a	-327.68
	616	617	-1.67096E+000	-2.00194E-001	-2.15188E+000	-2.00025E+000	2.83461E-004	11	..........a	-327.68
	617	618	-1.67176E+000	-2.00194E-001	-2.15280E+000	-2.00025E+000	2.82678E-004	11	..........a	-327.68
	618	619	-1.67016E+000	-2.00194E-001	-2.15647E+000	-2.00025E+000	2.82261E-004	11	..........a	-327.68
	619	620	-1.67296E+000	-2.00194E-001	-2.15331E+000	-2.00025E+000	2.85561E-004	11	..........a	-327.68
	620	621	-1.67216E+000	-2.00194E-001	-2.15807E+000	-2.00025E+000	2.75711E-004	11	..........a	-327.68
	621	622	-1.67136E+000	-2.00195E-001	-2.15765E+000	-2.00025E+000	2.83678E-004	11	..........a	-327.68
	622	623	-1.67136E+000	-2.00194E-001	-2.16048E+000	-2.00025E+000	2.86894E-004	11	..........a	-327.68
	623	624	-1.67256E+000	-2.00194E-001	-2.15953E+000	-2.00025E+000	2.87611E-004	11	..........a	-327.68
	624	625	-1.67216E+000	-2.00195E-001	-2.16342E+000	-2.00025E+000	2.79628E-004	11	..........a	-327.68
	625	626	-1.67336E+000	-2.00195E-001	-2.16320E+000	-2.00025E+000	2.86878E-004	11	..........a	-327.68
	626	627	-1.67176E+000	-2.00194E-001	-2.17044E+000	-2.00025E+000	2.86211E-004	11	..........a	-327.68
	627	628	-1.67336E+000	-2.00194E-001	-2.17249E+000	-2.00025E+000	2.87028E-004	11	..........a	-327.68
	628	629	-1.67016E+000	-2.00195E-001	-2.09884E+000	-2.00025E+000	2.93178E-004	11	..........a	-327.68
	629	630	-1.67056E+000	-2.00194E-001	-2.02298E+000	-2.00025E+000	2.84744E-004	11	..........a	-327.68
	630	631	-1.66856E+000	-2.00194E-001	-2.02738E+000	-2.00025E+000	2.84594E-004	11	..........a	-327.68
	631	632	-1.66936E+000	-2.00194E-001	-2.03398E+000	-2.00025E+000	2.84111E-004	11	..........a	-327.68
	632	633	-1.67096E+000	-2.00194E-001	-2.03727E+000	-2.00025E+000	2.80078E-004	11	..........a	-327.68
	633	634	-1.66856E+000	-2.00194E-001	-2.04580E+000	-2.00025E+000	2.83494E-004	11	..........a	-327.68
	634	635	-1.67096E+000	-2.00194E-001	-2.04654E+000	-2.00025E+000	2.73778E-004	11	..........a	-327.68
	635	636	-1.67096E+000	-2.00194E-001	-2.05446E+000	-2.00025E+000	2.74728E-004	11	..........a	-327.68
	636	637	-1.66976E+000	-2.00194E-001	-2.05886E+000	-2.00025E+000	2.73278E-004	11	..........a	-327.68
	637	638	-1.67136E+000	-2.00194E-001	-2.06093E+000	-2.00025E+000	2.81311E-004	11	..........a	-327.68
	638	639	-1.67016E+000	-2.00194E-001	-2.06300E+000	-2.00025E+000	2.89944E-004	11	..........a	-327.68
	639	640	-1.67016E+000	-2.00195E-001	-2.06541E+000	-2.00025E+000	2.82894E-004	11	..........a	-327.68
	640	641	-1.67176E+000	-2.00194E-001	-2.06706E+000	-2.00025E+000	2.77244E-004	11	..........a	-327.68
	641	642	-1.67136E+000	-2.00194E-001	-2.07174E+000	-2.00025E+000	2.83494E-004	11	..........a	-327.68
	642	643	-1.67376E+000	-2.00194E-001	-2.07357E+000	-2.00025E+000	2.82111E-004	11	..........a	-327.68
	643	644	-1.67296E+000	-2.00194E-001	-2.08001E+000	-2.00025E+000	2.83878E-004	11	..........a	-327.68
	644	645	-1.67176E+000	-2.00194E-001	-2.07941E+000	-2.00025E+000	2.82194E-004	11	..........a	-327.68
	645	646	-1.67096E+000	-2.00194E-001	-2.08493E+000	-2.00025E+000	2.87944E-004	11	..........a	-327.68
	646	647	-1.67016E+000	-2.00194E-001	-2.09263E+000	-2.00025E+000	2.88161E-004	11	..........a	-327.68
	647	648	-1.67176E+000	-2.00194E-001	-2.09272E+000	-2.00025E+000	2.83161E-004	11	..........a	-327.68
	648	649	-1.67136E+000	-2.00194E-001	-2.09652E+000	-2.00025E+000	2.79728E-004	11	..........a	-327.68
	649	650	-1.67256E+000	-2.00194E-001	-2.09914E+000	-2.00025E+000	2.81778E-004	11	..........a	-327.68
	650	651	-1.67096E+000	-2.00194E-001	-2.10561E+000	-2.00025E+000	2.78844E-004	11	..........a	-327.68
	651	652	-1.67016E+000	-2.00194E-001	-2.10870E+000	-2.00025E+000	2.77961E-004	11	..........a	-327.68
	652	653	-1.67216E+000	-2.00194E-001	-2.11175E+000	-2.00025E+000	2.80561E-004	11	..........a	-327.68
	653	654	-1.67416E+000	-2.00194E-001	-2.11143E+000	-2.00025E+000	2.86678E-004	11	..........a	-327.68
	654	655	-1.67096E+000	-2.00194E-001	-2.11628E+000	-2.00025E+000	2.82311E-004	11	..........a	-327.68
	655	656	-1.67256E+000	-2.00194E-001	-2.11770E+000	-2.00025E+000	2.80544E-004	11	..........a	-327.68
	656	657	-1.67416E+000	-2.00194E-001	-2.12017E+000	-2.00025E+000	2.85111E-004	11	..........a	-327.68
	657	658	-1.67016E+000	-2.00195E-001	-2.12939E+000	-2.00025E+000	2.99111E-004	11	..........a	-327.68
	658	659	-1.66936E+000	-2.00195E-001	-2.13307E+000	-2.00025E+000	3.04778E-004	11	..........a	-327.68
	659	660	-1.66856E+000	-2.00195E-001	-2.14079E+000	-2.00025E+000	2.96728E-004	11	..........a	-327.68
	660	661	-1.66816E+000	-2.00194E-001	-2.14294E+000	-2.00025E+000	2.93978E-004	11	..........a	-327.68
	661	662	-1.66896E+000	-2.00194E-001	-2.14373E+000	-2.00025E+000	2.98461E-004	11	..........a	-327.68
	662	663	-1.66656E+000	-2.00194E-001	-2.14818E+000	-2.00025E+000	2.98328E-004	11	..........a	-327.68
	663	664	-1.66976E+000	-2.00194E-001	-2.14716E+000	-2.00025E+000	2.99161E-004	11	..........a	-327.68
	664	665	-1.66776E+000	-2.00194E-001	-2.15075E+000	-2.00025E+000	2.99944E-004	11	..........a	-327.68
	665	666	-1.67616E+000	-2.00194E-001	-2.14698E+000	-2.00025E+000	2.96461E-004	11	..........a	-327.68
	666	667	-1.66936E+000	-2.00194E-001	-2.15570E+000	-2.00025E+000	2.98494E-004	11	..........a	-327.68
	667	668	-1.66816E+000	-2.00194E-001	-2.16116E+000	-2.00025E+000	3.03894E-004	11	..........a	-327.68
	668	669	-1.66856E+000	-2.00194E-001	-2.16157E+000	-2.00025E+000	3.02128E-004	11	..........a	-327.68
	669	670	-1.66976E+000	-2.00195E-001	-2.16041E+000	-2.00025E+000	2.97694E-004	11	..........a	-327.68
	670	671	-1.66816E+000	-2.00194E-001	-2.16405E+000	-2.00025E+000	3.06828E-004	11	..........a	-327.68
	671	672	-1.66656E+000	-2.00195E-001	-2.02878E+000	-2.00025E+000	3.04561E-004	11	..........a	-327.68
	672	673	-1.66736E+000	-2.00195E-001	-2.03158E+000	-2.00025E+000	2.98461E-004	11	..........a	-327.68
	673	674	-1.67456E+000	-2.00194E-001	-2.02946E+000	-2.00025E+000	2.98428E-004	11	..........a	-327.68
	674	675	-1.67016E+000	-2.00194E-001	-2.03908E+000	-2.00025E+000	2.98461E-004	11	..........a	-327.68
	675	676	-1.67136E+000	-2.00194E-001	-2.04452E+000	-2.00025E+000	3.05511E-004	11	..........a	-327.68
	676	677	-1.67056E+000	-2.00193E-001	-2.04805E+000	-2.00025E+000	2.99511E-004	11	..........a	-327.68
	677	678	-1.67456E+000	-2.00194E-001	-2.04439E+000	-2.00025E+000	2.97228E-004	11	..........a	-327.68
	678	679	-1.67096E+000	-2.00194E-001	-2.05354E+000	-2.00025E+000	3.03611E-004	11	..........a	-327.68
	679	680	-1.67216E+000	-2.00194E-001	-2.05422E+000	-2.00025E+000	3.05428E-004	11	..........a	-327.68
	680	681	-1.66896E+000	-2.00195E-001	-2.06297E+000	-2.00025E+000	3.04228E-004	11	..........a	-327.68
	681	682	-1.66576E+000	-2.00195E-001	-2.06698E+000	-2.00025E+000	2.98978E-004	11	..........a	-327.68
	682	683	-1.67136E+000	-2.00195E-001	-2.06708E+000	-2.00025E+000	3.03728E-004	11	..........a	-327.68
	683	684	-1.67016E+000	-2.00195E-001	-2.07258E+000	-2.00025E+000	3.07011E-004	11	..........a	-327.68
	684	685	-1.67296E+000	-2.00194E-001	-2.08019E+000	-2.00025E+000	2.99478E-004	11	..........a	-327.68
	685	686	-1.66496E+000	-2.00194E-001	-2.08921E+000	-2.00025E+000	2.96694E-004	11	..........a	-327.68
	686	687	-1.67216E+000	-2.00194E-001	-2.08646E+000	-2.00025E+000	2.97211E-004	11	..........a	-327.68
	687	688	-1.66496E+000	-2.00194E-001	-2.09783E+000	-2.00025E+000	2.94161E-004	11	..........a	-327.68
	688	689	-1.66736E+000	-2.00194E-001	-2.10093E+000	-2.00025E+000	3.05978E-004	11	..........a	-327.68
	689	690	-1.67016E+000	-2.00194E-001	-2.10152E+000	-2.00025E+000	3.05911E-004	11	..........a	-327.68
	690	691	-1.67096E+000	-2.00194E-001	-2.10346E+000	-2.00025E+000	2.97961E-004	11	..........a	-327.68
	691	692	-1.67616E+000	-2.00195E-001	-2.10276E+000	-2.00025E+000	2.96094E-004	11	..........a	-327.68
	692	693	-1.67016E+000	-2.00194E-001	-2.11052E+000	-2.00025E+000	3.00961E-004	11	..........a	-327.68
	693	694	-1.66816E+000	-2.00194E-001	-2.11599E+000	-2.00025E+000	3.00161E-004	11	..........a	-327.68
	694	695	-1.66936E+000	-2.00194E-001	-2.11742E+000	-2.00025E+000	2.98178E-004	11	..........a	-327.68
	695	696	-1.66976E+000	-2.00194E-001	-2.12002E+000	-2.00025E+000	2.92394E-004	11	..........a	-327.68
	696	697	-1.67296E+000	-2.00194E-001	-2.11755E+000	-2.00025E+000	2.92078E-004	11	..........a	-327.68
	697	698	-1.66976E+000	-2.00194E-001	-2.12961E+000	-2.00025E+000	3.00028E-004	11	..........a	-327.68
	698	699	-1.66376E+000	-2.00194E-001	-2.13610E+000	-2.00025E+000	2.86011E-004	11	..........a	-327.68
	699	700	-1.66616E+000	-2.00194E-001	-2.13719E+000	-2.00025E+000	2.91494E-004	11	..........a	-327.68
	700	701	-1.66936E+000	-2.00194E-001	-2.13680E+000	-2.00025E+000	2.85678E-004	11	..........a	-327.68
	701	702	-1.67296E+000	-2.00193E-001	-2.13811E+000	-2.00025E+000	2.94211E-004	11	..........a	-327.68
	702	703	-1.66896E+000	-2.00194E-001	-2.14401E+000	-2.00025E+000	2.98594E-004	11	..........a	-327.68
	703	704	-1.66696E+000	-2.00194E-001	-2.15184E+000	-2.00025E+000	3.04078E-004	11	..........a	-327.68
	704	705	-1.66896E+000	-2.00194E-001	-2.15318E+000	-2.00025E+000	2.98428E-004	11	..........a	-327.68
	705	706	-1.66896E+000	-2.00194E-001	-2.15574E+000	-2.00025E+000	2.94778E-004	11	..........a	-327.68
	706	707	-1.67456E+000	-2.00194E-001	-2.15191E+000	-2.00025E+000	2.95028E-004	11	..........a	-327.68
	707	708	-1.67296E+000	-2.00194E-001	-2.15613E+000	-2.00025E+000	3.02694E-004	11	..........a	-327.68
	708	709	-1.67136E+000	-2.00194E-001	-2.11052E+000	-2.00025E+000	2.96828E-004	11	..........a	-327.68
	709	710	-1.67136E+000	-2.00194E-001	-2.06141E+000	-2.00025E+000	2.98878E-004	11	..........a	-327.68
	710	711	-1.67136E+000	-2.00194E-001	-2.06802E+000	-2.00025E+000	2.95661E-004	11	..........a	-327.68
	711	712	-1.67136E+000	-2.00194E-001	-2.07117E+000	-2.00025E+000	2.97178E-004	11	..........a	-327.68
	712	713	-1.66816E+000	-2.00194E-001	-2.08014E+000	-2.00025E+000	2.92978E-004	11	..........a	-327.68
	713	714	-1.67176E+000	-2.00194E-001	-2.08097E+000	-2.00025E+000	2.96944E-004	11	..........a	-327.68
	714	715	-1.66856E+000	-2.00194E-001	-2.09174E+000	-2.00025E+000	2.89644E-004	11	..........a	-327.68
	715	716	-1.66816E+000	-2.00195E-001	-2.09515E+000	-2.00025E+000	2.92844E-004	11	..........a	-327.68
	716	717	-1.66976E+000	-2.00194E-001	-2.09123E+000	-2.00025E+000	2.84528E-004	11	..........a	-327.68
	717	718	-1.66736E+000	-2.00194E-001	-2.09674E+000	-2.00025E+000	2.97161E-004	11	..........a	-327.68
	718	719	-1.67136E+000	-2.00194E-001	-2.09513E+000	-2.00025E+000	2.91844E-004	11	..........a	-327.68
	719	720	-1.66896E+000	-2.00194E-001	-2.10159E+000	-2.00025E+000	2.92611E-004	11	..........a	-327.68
	720	721	-1.67096E+000	-2.00194E-001	-2.10333E+000	-2.00025E+000	2.91211E-004	11	..........a	-327.68
	721	722	-1.66736E+000	-2.00194E-001	-2.10830E+000	-2.00025E+000	2.98544E-004	11	..........a	-327.68
	722	723	-1.67056E+000	-2.00194E-001	-2.10833E+000	-2.00025E+000	2.99528E-004	11	..........a	-327.68
	723	724	-1.66976E+000	-2.00194E-001	-2.11756E+000	-2.00025E+000	2.95894E-004	11	..........a	-327.68
	724	725	-1.66696E+000	-2.00195E-001	-2.12011E+000	-2.00025E+000	2.94228E-004	11	..........a	-327.68
	725	726	-1.66736E+000	-2.00194E-001	-2.12207E+000	-2.00025E+000	2.95644E-004	11	..........a	-327.68
	726	727	-1.66976E+000	-2.00194E-001	-2.12144E+000	-2.00025E+000	2.90744E-004	11	..........a	-327.68
	727	728	-1.67056E+000	-2.00194E-001	-2.12616E+000	-2.00025E+000	2.92578E-004	11	..........a	-327.68
	728	729	-1.67136E+000	-2.00194E-001	-2.12731E+000	-2.00025E+000	2.89811E-004	11	..........a	-327.68
	729	730	-1.66736E+000	-2.00194E-001	-2.13371E+000	-2.00025E+000	2.94128E-004	11	..........a	-327.68
	730	731	-1.66336E+000	-2.00194E-001	-2.13753E+000	-2.00025E+000	2.88961E-004	11	..........a	-327.68
	731	732	-1.66976E+000	-2.00194E-001	-2.13829E+000	-2.00025E+000	2.89628E-004	11	..........a	-327.68
	732	733	-1.67056E+000	-2.00194E-001	-2.14366E+000	-2.00025E+000	2.96494E-004	11	..........a	-327.68
	733	734	-1.66656E+000	-2.00194E-001	-2.15547E+000	-2.00025E+000	2.95794E-004	11	..........a	-327.68
	734	735	-1.66536E+000	-2.00194E-001	-2.16156E+000	-2.00025E+000	2.89011E-004	11	..........a	-327.68
	735	736	-1.67136E+000	-2.00194E-001	-2.02304E+000	-2.00025E+000	2.99944E-004	11	..........a	-327.68
	736	737	-1.66896E+000	-2.00194E-001	-2.03186E+000	-2.00025E+000	2.93811E-004	11	..........a	-327.68
	737	738	-1.66456E+000	-2.00194E-001	-2.04124E+000	-2.00025E+000	2.95411E-004	11	..........a	-327.68
	738	739	-1.66976E+000	-2.00195E-001	-2.04020E+000	-2.00025E+000	2.97511E-004	11	..........a	-327.68
	739	740	-1.66576E+000	-2.00194E-001	-2.04899E+000	-2.00025E+000	3.03961E-004	11	..........a	-327.68
	740	741	-1.66896E+000	-2.00194E-001	-2.05023E+000	-2.00025E+000	2.98644E-004	11	..........a	-327.68
	741	742	-1.66856E+000	-2.00194E-001	-2.05544E+000	-2.00025E+000	3.02611E-004	11	..........a	-327.68
	742	743	-1.66776E+000	-2.00194E-001	-2.06127E+000	-2.00025E+000	2.99161E-004	11	..........a	-327.68
	743	744	-1.67136E+000	-2.00194E-001	-2.06394E+000	-2.00025E+000	3.07028E-004	11	..........a	-327.68
	744	745	-1.67016E+000	-2.00194E-001	-2.06942E+000	-2.00025E+000	2.99061E-004	11	..........a	-327.68
	745	746	-1.66816E+000	-2.00195E-001	-2.07508E+000	-2.00025E+000	3.05544E-004	11	..........a	-327.68
	746	747	-1.66296E+000	-2.00194E-001	-2.08638E+000	-2.00025E+000	3.01844E-004	11	..........a	-327.68
	747	748	-1.66736E+000	-2.00194E-001	-2.08317E+000	-2.00025E+000	2.96244E-004	11	..........a	-327.68
	748	749	-1.67056E+000	-2.00194E-001	-2.08605E+000	-2.00025E+000	2.96778E-004	11	..........a	-327.68
	749	750	-1.66816E+000	-2.00194E-001	-2.09121E+000	-2.00025E+000	2.98628E-004	11	..........a	-327.68
	750	751	-1.66936E+000	-2.00194E-001	-2.09539E+000	-2.00025E+000	3.00828E-004	11	..........a	-327.68
	751	752	-1.67376E+000	-2.00195E-001	-2.09619E+000	-2.00025E+000	2.88244E-004	11	..........a	-327.68
	752	753	-1.67376E+000	-2.00194E-001	-2.10356E+000	-2.00025E+000	2.89844E-004	11	..........a	-327.68
	753	754	-1.67376E+000	-2.00194E-001	-2.10793E+000	-2.00025E+000	2.93161E-004	11	..........a	-327.68
	754	755	-1.66936E+000	-2.00194E-001	-2.11507E+000	-2.00025E+000	2.87278E-004	11	..........a	-327.68
	755	756	-1.66616E+000	-2.00194E-001	-2.12145E+000	-2.00025E+000	2.96861E-004	11	..........a	-327.68
	756	757	-1.67176E+000	-2.00194E-001	-2.11653E+000	-2.00025E+000	2.96911E-004	11	..........a	-327.68
	757	758	-1.66416E+000	-2.00194E-001	-2.13052E+000	-2.00025E+000	2.93561E-004	11	..........a	-327.68
	758	759	-1.66296E+000	-2.00194E-001	-2.13372E+000	-2.00025E+000	2.88128E-004	11	..........a	-327.68
	759	760	-1.66936E+000	-2.00194E-001	-2.13155E+000	-2.00025E+000	2.89128E-004	11	..........a	-327.68
	760	761	-1.66816E+000	-2.00194E-001	-2.13460E+000	-2.00025E+000	2.88394E-004	11	..........a	-327.68
	761	762	-1.66856E+000	-2.00194E-001	-2.13925E+000	-2.00025E+000	2.97228E-004	11	..........a	-327.68
	762	763	-1.66656E+000	-2.00194E-001	-2.15163E+000	-2.00025E+000	2.94111E-004	11	..........a	-327.68
	763	764	-1.66976E+000	-2.00194E-001	-2.15455E+000	-2.00025E+000	2.92994E-004	11	..........a	-327.68
	764	765	-1.67176E+000	-2.00194E-001	-2.15446E+000	-2.00025E+000	2.94161E-004	11	..........a	-327.68
	765	766	-1.66816E+000	-2.00194E-001	-2.16600E+000	-2.00025E+000	2.91644E-004	11	..........a	-327.68
	766	767	-1.67056E+000	-2.00194E-001	-2.16692E+000	-2.00025E+000	2.90761E-004	11	..........a	-327.68
	767	768	-1.66896E+000	-2.00194E-001	-2.17734E+000	-2.00025E+000	2.93461E-004	11	..........a	-327.68
	768	769	-1.66656E+000	-2.00194E-001	-2.18144E+000	-2.00025E+000	2.92894E-004	11	..........a	-327.68
	769	770	-1.66816E+000	-2.00193E-001	-2.18277E+000	-2.00025E+000	2.85261E-004	11	..........a	-327.68
	770	771	-1.66896E+000	-2.00193E-001	-2.17667E+000	-2.00025E+000	2.80578E-004	11	..........a	-327.68
	771	772	-1.66736E+000	-2.00193E-001	-2.04393E+000	-2.00025E+000	2.80511E-004	11	..........a	-327.68
	772	773	-1.67056E+000	-2.00193E-001	-2.04705E+000	-2.00025E+000	2.87394E-004	11	..........a	-327.68
	773	774	-1.67056E+000	-2.00193E-001	-2.05303E+000	-2.00025E+000	2.76778E-004	11	..........a	-327.68
	774	775	-1.67056E+000	-2.00193E-001	-2.05880E+000	-2.00025E+000	2.72444E-004	11	..........a	-327.68
	775	776	-1.67016E+000	-2.00193E-001	-2.06598E+000	-2.00025E+000	2.78794E-004	11	..........a	-327.68
	776	777	-1.67056E+000	-2.00193E-001	-2.07243E+000	-2.00025E+000	2.82911E-004	11	..........a	-327.68
	777	778	-1.66856E+000	-2.00193E-001	-2.08185E+000	-2.00025E+000	2.79711E-004	11	..........a	-327.68
	778	779	-1.67016E+000	-2.00193E-001	-2.08574E+000	-2.00025E+000	2.71444E-004	11	..........a	-327.68
	779	780	-1.67176E+000	-2.00193E-001	-2.08938E+000	-2.00025E+000	2.74061E-004	11	..........a	-327.68
	780	781	-1.67176E+000	-2.00193E-001	-2.09398E+000	-2.00025E+000	2.85378E-004	11	..........a	-327.68
	781	782	-1.67296E+000	-2.00193E-001	-2.09493E+000	-2.00025E+000	2.86511E-004	11	..........a	-327.68
	782	783	-1.67096E+000	-2.00193E-001	-2.10417E+000	-2.00025E+000	2.80644E-004	11	..........a	-327.68
	783	784	-1.67216E+000	-2.00193E-001	-2.10881E+000	-2.00025E+000	2.78111E-004	11	..........a	-327.68
	784	785	-1.67136E+000	-2.00193E-001	-2.11981E+000	-2.00025E+000	2.78594E-004	11	..........a	-327.68
	785	786	-1.67016E+000	-2.00193E-001	-2.12844E+000	-2.00025E+000	2.83578E-004	11	..........a	-327.68
	786	787	-1.67256E+000	-2.00193E-001	-2.13074E+000	-2.00025E+000	2.81094E-004	11	..........a	-327.68
	787	788	-1.67016E+000	-2.00193E-001	-2.13528E+000	-2.00025E+000	2.80978E-004	11	..........a	-327.68
	788	789	-1.67016E+000	-2.00193E-001	-2.13971E+000	-2.00025E+000	2.85144E-004	11	..........a	-327.68
	789	790	-1.67336E+000	-2.00193E-001	-2.14051E+000	-2.00025E+000	2.83244E-004	11	..........a	-327.68
	790	791	-1.67256E+000	-2.00193E-001	-2.14751E+000	-2.00025E+000	2.90044E-004	11	..........a	-327.68
	791	792	-1.67176E+000	-2.00193E-001	-2.15463E+000	-2.00025E+000	2.88011E-004	11	..........a	-327.68
	792	793	-1.67256E+000	-2.00193E-001	-2.15622E+000	-2.00025E+000	2.84744E-004	11	..........a	-327.68
	793	794	-1.67256E+000	-2.00193E-001	-2.16021E+000	-2.00025E+000	2.80694E-004	11	..........a	-327.68
	794	795	-1.67256E+000	-2.00193E-001	-2.16504E+000	-2.00025E+000	2.89561E-004	11	..........a	-327.68
	795	796	-1.66936E+000	-2.00197E-001	-2.17883E+000	-2.00025E+000	4.75711E-004	11	..........a	-327.68
	796	797	-1.67016E+000	-2.00196E-001	-2.18505E+000	-2.00025E+000	4.64061E-004	11	..........a	-327.68
	797	798	-1.66856E+000	-2.00196E-001	-2.18207E+000	-2.00025E+000	4.61911E-004	11	..........a	-327.68
	798	799	-1.67016E+000	-2.00196E-001	-2.18416E+000	-2.00025E+000	4.63794E-004	11	..........a	-327.68
	799	800	-1.67016E+000	-2.00197E-001	-2.18449E+000	-2.00025E+000	4.68844E-004	11	..........a	-327.68
	800	801	-1.67256E+000	-2.00197E-001	-2.18535E+000	-2.00025E+000	4.70428E-004	11	..........a	-327.68
	801	802	-1.67256E+000	-2.00197E-001	-2.18760E+000	-2.00025E+000	4.82628E-004	11	..........a	-327.68
	802	803	-1.67256E+000	-2.00197E-001	-2.19429E+000	-2.00025E+000	4.66294E-004	11	..........a	-327.68
	803	804	-1.67216E+000	-2.00197E-001	-2.19761E+000	-2.00025E+000	4.79161E-004	11	..........a	-327.68
	804	805	-1.67216E+000	-2.00197E-001	-2.20119E+000	-2.00025E+000	4.73528E-004	11	..........a	-327.68
	805	806	-1.67136E+000	-2.00196E-001	-2.20421E+000	-2.00025E+000	4.79894E-004	11	..........a	-327.68
	806	807	-1.67176E+000	-2.00196E-001	-2.20373E+000	-2.00025E+000	4.66594E-004	11	..........a	-327.68
	807	808	-1.67016E+000	-2.00197E-001	-2.20900E+000	-2.00025E+000	4.77928E-004	11	..........a	-327.68
	808	809	-1.67056E+000	-2.00197E-001	-2.07951E+000	-2.00025E+000	4.84794E-004	11	..........a	-327.68
	809	810	-1.66936E+000	-2.00197E-001	-2.08427E+000	-2.00025E+000	4.80161E-004	11	..........a	-327.68
	810	811	-1.66816E+000	-2.00197E-001	-2.08970E+000	-2.00025E+000	4.76828E-004	11	..........a	-327.68
	811	812	-1.66896E+000	-2.00197E-001	-2.09172E+000	-2.00025E+000	4.79544E-004	11	..........a	-327.68
	812	813	-1.67056E+000	-2.00196E-001	-2.08628E+000	-2.00025E+000	4.74661E-004	11	..........a	-327.68
	813	814	-1.67056E+000	-2.00196E-001	-2.09021E+000	-2.00025E+000	4.86844E-004	11	..........a	-327.68
	814	815	-1.66976E+000	-2.00196E-001	-2.09661E+000	-2.00025E+000	4.75278E-004	11	..........a	-327.68
	815	816	-1.67176E+000	-2.00196E-001	-2.09717E+000	-2.00025E+000	4.78994E-004	11	..........a	-327.68
	816	817	-1.66976E+000	-2.00197E-001	-2.10744E+000	-2.00025E+000	4.83844E-004	11	..........a	-327.68
	817	818	-1.67016E+000	-2.00197E-001	-2.11068E+000	-2.00025E+000	4.80544E-004	11	..........a	-327.68
	818	819	-1.67216E+000	-2.00196E-001	-2.11792E+000	-2.00025E+000	4.89178E-004	11	..........a	-327.68
	819	820	-1.67096E+000	-2.00197E-001	-2.12079E+000	-2.00025E+000	4.85578E-004	11	..........a	-327.68
	820	821	-1.67056E+000	-2.00197E-001	-2.12655E+000	-2.00025E+000	4.76528E-004	11	..........a	-327.68
	821	822	-1.67136E+000	-2.00196E-001	-2.13123E+000	-2.00025E+000	4.80628E-004	11	..........a	-327.68
	822	823	-1.67256E+000	-2.00196E-001	-2.13469E+000	-2.00025E+000	4.73828E-004	11	..........a	-327.68
	823	824	-1.67176E+000	-2.00197E-001	-2.14098E+000	-2.00025E+000	4.78744E-004	11	..........a	-327.68
	824	825	-1.67176E+000	-2.00197E-001	-2.14641E+000	-2.00025E+000	4.81461E-004	11	..........a	-327.68
	825	826	-1.66976E+000	-2.00197E-001	-2.15160E+000	-2.00025E+000	4.79861E-004	11	..........a	-327.68
	826	827	-1.67336E+000	-2.00196E-001	-2.15282E+000	-2.00025E+000	4.68928E-004	11	..........a	-327.68
	827	828	-1.67136E+000	-2.00197E-001	-2.16134E+000	-2.00025E+000	4.70978E-004	11	..........a	-327.68
	828	829	-1.67256E+000	-2.00197E-001	-2.16449E+000	-2.00025E+000	4.75444E-004	11	..........a	-327.68
	829	830	-1.67176E+000	-2.00197E-001	-2.16988E+000	-2.00025E+000	4.82144E-004	11	..........a	-327.68
	830	831	-1.67096E+000	-2.00197E-001	-2.17288E+000	-2.00025E+000	4.89711E-004	11	..........a	-327.68
	831	832	-1.66976E+000	-2.00197E-001	-2.17369E+000	-2.00025E+000	4.74761E-004	11	..........a	-327.68
	832	833	-1.67096E+000	-2.00197E-001	-2.17634E+000	-2.00025E+000	4.79444E-004	11	..........a	-327.68
	833	834	-1.66576E+000	-2.00198E-001	-2.04270E+000	-2.00025E+000	4.73544E-004	11	..........a	-327.68
	834	835	-1.66576E+000	-2.00197E-001	-2.04659E+000	-2.00025E+000	4.71411E-004	11	..........a	-327.68
	835	836	-1.66696E+000	-2.00196E-001	-2.04965E+000	-2.00025E+000	4.68278E-004	11	..........a	-327.68
	836	837	-1.66896E+000	-2.00196E-001	-2.05220E+000	-2.00025E+000	4.73928E-004	11	..........a	-327.68
	837	838	-1.66816E+000	-2.00196E-001	-2.06058E+000	-2.00025E+000	4.72944E-004	11	..........a	-327.68
	838	839	-1.66816E+000	-2.00196E-001	-2.06628E+000	-2.00025E+000	4.71261E-004	11	..........a	-327.68
	839	840	-1.67056E+000	-2.00197E-001	-2.06989E+000	-2.00025E+000	4.76511E-004	11	..........a	-327.68
	840	841	-1.67056E+000	-2.00197E-001	-2.07538E+000	-2.00025E+000	4.81111E-004	11	..........a	-327.68
	841	842	-1.66896E+000	-2.00197E-001	-2.07813E+000	-2.00025E+000	4.72828E-004	11	..........a	-327.68
	842	843	-1.66896E+000	-2.00197E-001	-2.08409E+000	-2.00025E+000	4.81344E-004	11	..........a	-327.68
	843	844	-1.66816E+000	-2.00197E-001	-2.08922E+000	-2.00025E+000	4.65961E-004	11	..........a	-327.68
	844	845	-1.66936E+000	-2.00197E-001	-2.09308E+000	-2.00025E+000	4.84428E-004	11	..........a	-327.68
	845	846	-1.66896E+000	-2.00197E-001	-2.09736E+000	-2.00025E+000	4.78028E-004	11	..........a	-327.68
	846	847	-1.66816E+000	-2.00197E-001	-2.09933E+000	-2.00025E+000	4.79228E-004	11	..........a	-327.68
	847	848	-1.66816E+000	-2.00197E-001	-2.10374E+000	-2.00025E+000	4.71928E-004	11	..........a	-327.68
	848	849	-1.66896E+000	-2.00197E-001	-2.10471E+000	-2.00025E+000	4.77461E-004	11	..........a	-327.68
	849	850	-1.66896E+000	-2.00197E-001	-2.10728E+000	-2.00025E+000	4.64861E-004	11	..........a	-327.68
	850	851	-1.66816E+000	-2.00196E-001	-2.11290E+000	-2.00025E+000	4.73744E-004	11	..........a	-327.68
	851	852	-1.66896E+000	-2.00197E-001	-2.11759E+000	-2.00025E+000	4.62344E-004	11	..........a	-327.68
	852	853	-1.66976E+000	-2.00197E-001	-2.12066E+000	-2.00025E+000	4.75878E-004	11	..........a	-327.68
	853	854	-1.66416E+000	-2.00197E-001	-2.12867E+000	-2.00025E+000	4.72711E-004	11	..........a	-327.68
	854	855	-1.66976E+000	-2.00197E-001	-2.12671E+000	-2.00025E+000	4.66894E-004	11	..........a	-327.68
	855	856	-1.66816E+000	-2.00197E-001	-2.13042E+000	-2.00025E+000	4.71811E-004	11	..........a	-327.68
	856	857	-1.66976E+000	-2.00196E-001	-2.13489E+000	-2.00025E+000	4.76511E-004	11	..........a	-327.68
	857	858	-1.67056E+000	-2.00196E-001	-2.13746E+000	-2.00025E+000	4.71028E-004	11	..........a	-327.68
	858	859	-1.66576E+000	-2.00197E-001	-2.15024E+000	-2.00025E+000	4.79428E-004	11	..........a	-327.68
	859	860	-1.66576E+000	-2.00198E-001	-2.04363E+000	-2.00025E+000	4.77428E-004	11	..........a	-327.68
	860	861	-1.66736E+000	-2.00197E-001	-2.04540E+000	-2.00025E+000	4.72294E-004	11	..........a	-327.68
	861	862	-1.66816E+000	-2.00196E-001	-2.05051E+000	-2.00025E+000	4.70361E-004	11	..........a	-327.68
	862	863	-1.67136E+000	-2.00197E-001	-2.05363E+000	-2.00025E+000	4.73894E-004	11	..........a	-327.68
	863	864	-1.66816E+000	-2.00196E-001	-2.06331E+000	-2.00025E+000	4.77628E-004	11	..........a	-327.68
	864	865	-1.66816E+000	-2.00195E-001	-2.06821E+000	-2.00025E+000	3.30944E-004	11	..........a	-327.68
	865	866	-1.67056E+000	-2.00195E-001	-2.07108E+000	-2.00025E+000	3.36994E-004	11	..........a	-327.68
	866	867	-1.66976E+000	-2.00196E-001	-2.07366E+000	-2.00025E+000	3.36161E-004	11	..........a	-327.68
	867	868	-1.66416E+000	-2.00196E-001	-2.09030E+000	-2.00025E+000	3.27544E-004	11	..........a	-327.68
	868	869	-1.66896E+000	-2.00195E-001	-2.08676E+000	-2.00025E+000	3.25311E-004	11	..........a	-327.68
	869	870	-1.66816E+000	-2.00196E-001	-2.09355E+000	-2.00025E+000	3.26111E-004	11	..........a	-327.68
	870	871	-1.66896E+000	-2.00196E-001	-2.09480E+000	-2.00025E+000	3.26678E-004	11	..........a	-327.68
	871	872	-1.66896E+000	-2.00195E-001	-2.09749E+000	-2.00025E+000	3.26944E-004	11	..........a	-327.68
	872	873	-1.66816E+000	-2.00195E-001	-2.10100E+000	-2.00025E+000	3.33494E-004	11	..........a	-327.68
	873	874	-1.66896E+000	-2.00195E-001	-2.10440E+000	-2.00025E+000	3.36928E-004	11	..........a	-327.68
	874	875	-1.67136E+000	-2.00195E-001	-2.10733E+000	-2.00025E+000	3.39594E-004	11	..........a	-327.68
	875	876	-1.66896E+000	-2.00195E-001	-2.11364E+000	-2.00025E+000	3.32761E-004	11	..........a	-327.68
	876	877	-1.66976E+000	-2.00196E-001	-2.12194E+000	-2.00025E+000	3.31694E-004	11	..........a	-327.68
	877	878	-1.66976E+000	-2.00195E-001	-2.12412E+000	-2.00025E+000	3.31278E-004	11	..........a	-327.68
	878	879	-1.66816E+000	-2.00195E-001	-2.13105E+000	-2.00025E+000	3.37311E-004	11	..........a	-327.68
	879	880	-1.66416E+000	-2.00195E-001	-2.13811E+000	-2.00025E+000	3.37678E-004	11	..........a	-327.68
	880	881	-1.66976E+000	-2.00195E-001	-2.13884E+000	-2.00025E+000	3.32878E-004	11	..........a	-327.68
	881	882	-1.67136E+000	-2.00195E-001	-2.14155E+000	-2.00025E+000	3.28861E-004	11	..........a	-327.68
	882	883	-1.66896E+000	-2.00195E-001	-2.14934E+000	-2.00025E+000	3.31461E-004	11	..........a	-327.68
	883	884	-1.67056E+000	-2.00195E-001	-2.15209E+000	-2.00025E+000	3.29278E-004	11	..........a	-327.68
	884	885	-1.66896E+000	-2.00195E-001	-2.16180E+000	-2.00025E+000	3.34578E-004	11	..........a	-327.68
	885	886	-1.66936E+000	-2.00195E-001	-2.16295E+000	-2.00025E+000	3.39111E-004	11	..........a	-327.68
	886	887	-1.66896E+000	-2.00196E-001	-2.17146E+000	-2.00025E+000	3.34661E-004	11	..........a	-327.68
	887	888	-1.66896E+000	-2.00195E-001	-2.07752E+000	-2.00025E+000	3.35528E-004	11	..........a	-327.68
	888	889	-1.66976E+000	-2.00196E-001	-2.08482E+000	-2.00025E+000	3.45028E-004	11	..........a	-327.68
	889	890	-1.66896E+000	-2.00195E-001	-2.09185E+000	-2.00025E+000	3.33761E-004	11	..........a	-327.68
	890	891	-1.67136E+000	-2.00195E-001	-2.09628E+000	-2.00025E+000	4.59761E-004	11	..........a	-327.68
	891	892	-1.67136E+000	-2.00196E-001	-2.10179E+000	-2.00025E+000	4.70394E-004	11	..........a	-327.68
	892	893	-1.66816E+000	-2.00195E-001	-2.11203E+000	-2.00025E+000	4.67044E-004	11	..........a	-327.68
	893	894	-1.66936E+000	-2.00195E-001	-2.11287E+000	-2.00025E+000	4.74594E-004	11	..........a	-327.68
	894	895	-1.66816E+000	-2.00195E-001	-2.11666E+000	-2.00025E+000	4.71678E-004	11	..........a	-327.68
	895	896	-1.66696E+000	-2.00196E-001	-2.12330E+000	-2.00025E+000	4.77461E-004	11	..........a	-327.68
	896	897	-1.66976E+000	-2.00196E-001	-2.12401E+000	-2.00025E+000	4.70061E-004	11	..........a	-327.68
	897	898	-1.66816E+000	-2.00196E-001	-2.13082E+000	-2.00025E+000	4.80061E-004	11	..........a	-327.68
	898	899	-1.66896E+000	-2.00196E-001	-2.13290E+000	-2.00025E+000	4.77611E-004	11	..........a	-327.68
	899	900	-1.66896E+000	-2.00196E-001	-2.14162E+000	-2.00025E+000	4.71894E-004	11	..........a	-327.68
	900	901	-1.66896E+000	-2.00196E-001	-2.14387E+000	-2.00025E+000	4.73761E-004	11	..........a	-327.68
	901	902	-1.66896E+000	-2.00195E-001	-2.15137E+000	-2.00025E+000	4.64544E-004	11	..........a	-327.68
	902	903	-1.66976E+000	-2.00195E-001	-2.15215E+000	-2.00025E+000	4.71211E-004	11	..........a	-327.68
	903	904	-1.66816E+000	-2.00196E-001	-2.15723E+000	-2.00025E+000	4.71144E-004	11	..........a	-327.68
	904	905	-1.66816E+000	-2.00196E-001	-2.15859E+000	-2.00025E+000	4.66778E-004	11	..........a	-327.68
	905	906	-1.66816E+000	-2.00196E-001	-2.15950E+000	-2.00025E+000	4.73194E-004	11	..........a	-327.68
	906	907	-1.66896E+000	-2.00196E-001	-2.16204E+000	-2.00025E+000	4.69094E-004	11	..........a	-327.68
	907	908	-1.66456E+000	-2.00196E-001	-2.17222E+000	-2.00025E+000	4.70378E-004	11	..........a	-327.68
	908	909	-1.66896E+000	-2.00196E-001	-2.16957E+000	-2.00025E+000	4.66361E-004	11	..........a	-327.68
	909	910	-1.66896E+000	-2.00196E-001	-2.17492E+000	-2.00025E+000	4.76861E-004	11	..........a	-327.68
	910	911	-1.67056E+000	-2.00196E-001	-2.17587E+000	-2.00025E+000	4.59578E-004	11	..........a	-327.68
	911	912	-1.66616E+000	-2.00196E-001	-2.18721E+000	-2.00025E+000	4.71644E-004	11	..........a	-327.68
	912	913	-1.66816E+000	-2.00196E-001	-2.18812E+000	-2.00025E+000	4.76711E-004	11	..........a	-327.68
	913	914	-1.66496E+000	-2.00197E-001	-2.19109E+000	-2.00025E+000	4.65694E-004	11	..........a	-327.68
	914	915	-1.66896E+000	-2.00196E-001	-2.19288E+000	-2.00025E+000	4.65178E-004	11	..........a	-327.68
	915	916	-1.66456E+000	-2.00197E-001	-2.05913E+000	-2.00025E+000	4.82961E-004	11	..........a	-327.68
	916	917	-1.66616E+000	-2.00196E-001	-2.03110E+000	-2.00025E+000	4.85578E-004	11	..........a	-327.68
	917	918	-1.66736E+000	-2.00196E-001	-2.03834E+000	-2.00025E+000	4.76811E-004	11	..........a	-327.68
	918	919	-1.66496E+000	-2.00196E-001	-2.05222E+000	-2.00025E+000	4.72528E-004	11	..........a	-327.68
	919	920	-1.66816E+000	-2.00195E-001	-2.05786E+000	-2.00025E+000	4.75161E-004	11	..........a	-327.68
	920	921	-1.66496E+000	-2.00195E-001	-2.06870E+000	-2.00025E+000	4.77344E-004	11	..........a	-327.68
	921	922	-1.66736E+000	-2.00196E-001	-2.07163E+000	-2.00025E+000	4.76744E-004	11	..........a	-327.68
	922	923	-1.66896E+000	-2.00196E-001	-2.07467E+000	-2.00025E+000	4.81144E-004	11	..........a	-327.68
	923	924	-1.66896E+000	-2.00196E-001	-2.08169E+000	-2.00025E+000	4.80528E-004	11	..........a	-327.68
	924	925	-1.66896E+000	-2.00196E-001	-2.08930E+000	-2.00025E+000	4.64428E-004	11	..........a	-327.68
	925	926	-1.66816E+000	-2.00196E-001	-2.09907E+000	-2.00025E+000	4.72361E-004	11	..........a	-327.68
	926	927	-1.66896E+000	-2.00196E-001	-2.09563E+000	-2.00025E+000	4.75811E-004	11	..........a	-327.68
	927	928	-1.66816E+000	-2.00196E-001	-2.10350E+000	-2.00025E+000	4.68811E-004	11	..........a	-327.68
	928	929	-1.66736E+000	-2.00196E-001	-2.10739E+000	-2.00025E+000	4.70044E-004	11	..........a	-327.68
	929	930	-1.66976E+000	-2.00192E-001	-2.11022E+000	-2.00025E+000	3.50061E-004	11	..........a	-327.68
	930	931	-1.67056E+000	-2.00192E-001	-2.11412E+000	-2.00025E+000	3.51361E-004	11	..........a	-327.68
	931	932	-1.66896E+000	-2.00192E-001	-2.12202E+000	-2.00025E+000	3.54878E-004	11	..........a	-327.68
	932	933	-1.66976E+000	-2.00191E-001	-2.13051E+000	-2.00025E+000	3.53678E-004	11	..........a	-327.68
	933	934	-1.66336E+000	-2.00192E-001	-2.14240E+000	-2.00025E+000	3.57811E-004	11	..........a	-327.68
	934	935	-1.66976E+000	-2.00193E-001	-2.14038E+000	-2.00025E+000	3.52911E-004	11	..........a	-327.68
	935	936	-1.66736E+000	-2.00192E-001	-2.14875E+000	-2.00025E+000	3.55294E-004	11	..........a	-327.68
	936	937	-1.66776E+000	-2.00192E-001	-2.15101E+000	-2.00025E+000	3.54911E-004	11	..........a	-327.68
	937	938	-1.66896E+000	-2.00192E-001	-2.15396E+000	-2.00025E+000	3.52544E-004	11	..........a	-327.68
	938	939	-1.66976E+000	-2.00192E-001	-2.16054E+000	-2.00025E+000	3.56661E-004	11	..........a	-327.68
	939	940	-1.67016E+000	-2.00192E-001	-2.16485E+000	-2.00025E+000	3.55828E-004	11	..........a	-327.68
	940	941	-1.67056E+000	-2.00192E-001	-2.16816E+000	-2.00025E+000	3.51794E-004	11	..........a	-327.68
	941	942	-1.66976E+000	-2.00192E-001	-2.17251E+000	-2.00025E+000	3.57744E-004	11	..........a	-327.68
	942	943	-1.66976E+000	-2.00192E-001	-2.17826E+000	-2.00025E+000	3.53944E-004	11	..........a	-327.68
	943	944	-1.66816E+000	-2.00192E-001	-2.18523E+000	-2.00025E+000	3.55194E-004	11	..........a	-327.68
	944	945	-1.66976E+000	-2.00191E-001	-2.18913E+000	-2.00025E+000	3.56444E-004	11	..........a	-327.68
	945	946	-1.66976E+000	-2.00192E-001	-2.19168E+000	-2.00025E+000	3.56061E-004	11	..........a	-327.68
	946	947	-1.67056E+000	-2.00191E-001	-2.19449E+000	-2.00025E+000	3.53878E-004	11	..........a	-327.68
	947	948	-1.66496E+000	-2.00193E-001	-2.04066E+000	-2.00025E+000	3.52811E-004	11	..........a	-327.68
	948	949	-1.66736E+000	-2.00192E-001	-2.03877E+000	-2.00025E+000	3.60694E-004	11	..........a	-327.68
	949	950	-1.66616E+000	-2.00192E-001	-2.04973E+000	-2.00025E+000	3.53511E-004	11	..........a	-327.68
	950	951	-1.66456E+000	-2.00192E-001	-2.05900E+000	-2.00025E+000	3.54094E-004	11	..........a	-327.68
	951	952	-1.66896E+000	-2.00191E-001	-2.06202E+000	-2.00025E+000	3.48828E-004	11	..........a	-327.68
	952	953	-1.66976E+000	-2.00191E-001	-2.06764E+000	-2.00025E+000	3.49161E-004	11	..........a	-327.68
	953	954	-1.66896E+000	-2.00192E-001	-2.07451E+000	-2.00025E+000	3.50144E-004	11	..........a	-327.68
	954	955	-1.66856E+000	-2.00192E-001	-2.07848E+000	-2.00025E+000	3.54444E-004	11	..........a	-327.68
	955	956	-1.66536E+000	-2.00191E-001	-2.08993E+000	-2.00025E+000	3.50744E-004	11	..........a	-327.68
	956	957	-1.66976E+000	-2.00193E-001	-2.08871E+000	-2.00025E+000	3.52944E-004	11	..........a	-327.68
	957	958	-1.67136E+000	-2.00192E-001	-2.09368E+000	-2.00025E+000	3.54294E-004	11	..........a	-327.68
	958	959	-1.66896E+000	-2.00191E-001	-2.10020E+000	-2.00025E+000	3.59728E-004	11	..........a	-327.68
	959	960	-1.66376E+000	-2.00192E-001	-2.11112E+000	-2.00025E+000	3.54928E-004	11	..........a	-327.68
	960	961	-1.66776E+000	-2.00192E-001	-2.11037E+000	-2.00025E+000	3.55328E-004	11	..........a	-327.68
	961	962	-1.66496E+000	-2.00191E-001	-2.11748E+000	-2.00025E+000	3.49644E-004	11	..........a	-327.68
	962	963	-1.66776E+000	-2.00191E-001	-2.11931E+000	-2.00025E+000	3.49094E-004	11	..........a	-327.68
	963	964	-1.66976E+000	-2.00191E-001	-2.12266E+000	-2.00025E+000	3.53794E-004	11	..........a	-327.68
	964	965	-1.66976E+000	-2.00192E-001	-2.12783E+000	-2.00025E+000	3.48594E-004	11	..........a	-327.68
	965	966	-1.66976E+000	-2.00192E-001	-2.13373E+000	-2.00025E+000	3.51778E-004	11	..........a	-327.68
	966	967	-1.66976E+000	-2.00192E-001	-2.13532E+000	-2.00025E+000	3.49994E-004	11	..........a	-327.68
	967	968	-1.66896E+000	-2.00190E-001	-2.13760E+000	-2.00025E+000	3.53811E-004	11	..........a	-327.68
	968	969	-1.66976E+000	-2.00191E-001	-2.14571E+000	-2.00025E+000	3.48061E-004	11	..........a	-327.68
	969	970	-1.66736E+000	-2.00190E-001	-2.15215E+000	-2.00025E+000	3.44894E-004	11	..........a	-327.68
	970	971	-1.66896E+000	-2.00191E-001	-2.15435E+000	-2.00025E+000	3.51278E-004	11	..........a	-327.68
	971	972	-1.66616E+000	-2.00191E-001	-2.16424E+000	-2.00025E+000	3.50578E-004	11	..........a	-327.68
	972	973	-1.66856E+000	-2.00191E-001	-2.16363E+000	-2.00025E+000	3.53944E-004	11	..........a	-327.68
	973	974	-1.66776E+000	-2.00192E-001	-2.16619E+000	-2.00025E+000	3.51144E-004	11	..........a	-327.68
	974	975	-1.66896E+000	-2.00191E-001	-2.17059E+000	-2.00025E+000	3.43744E-004	11	..........a	-327.68
	975	976	-1.66976E+000	-2.00191E-001	-2.17366E+000	-2.00025E+000	3.41011E-004	11	..........a	-327.68
	976	977	-1.66976E+000	-2.00192E-001	-2.17510E+000	-2.00025E+000	3.44678E-004	11	..........a	-327.68
	977	978	-1.66976E+000	-2.00191E-001	-2.17999E+000	-2.00025E+000	3.46211E-004	11	..........a	-327.68
	978	979	-1.67016E+000	-2.00192E-001	-2.18389E+000	-2.00025E+000	3.51611E-004	11	..........a	-327.68
	979	980	-1.67056E+000	-2.00191E-001	-2.18779E+000	-2.00025E+000	3.48511E-004	11	..........a	-327.68
	980	981	-1.66936E+000	-2.00192E-001	-2.19321E+000	-2.00025E+000	3.55494E-004	11	..........a	-327.68
	981	982	-1.66856E+000	-2.00191E-001	-2.19867E+000	-2.00025E+000	3.58694E-004	11	..........a	-327.68
	982	983	-1.66936E+000	-2.00191E-001	-2.20101E+000	-2.00025E+000	3.52361E-004	11	..........a	-327.68
	983	984	-1.67176E+000	-2.00191E-001	-2.19987E+000	-2.00025E+000	3.55861E-004	11	..........a	-327.68
	984	985	-1.66576E+000	-2.00191E-001	-2.04489E+000	-2.00025E+000	3.55394E-004	11	..........a	-327.68
	985	986	-1.66456E+000	-2.00198E-001	-2.05538E+000	-2.00025E+000	3.71711E-004	11	..........a	-327.68
	986	987	-1.66976E+000	-2.00197E-001	-2.05667E+000	-2.00025E+000	3.72278E-004	11	..........a	-327.68
	987	988	-1.67056E+000	-2.00197E-001	-2.06370E+000	-2.00025E+000	3.75744E-004	11	..........a	-327.68
	988	989	-1.67136E+000	-2.00197E-001	-2.06947E+000	-2.00025E+000	3.92711E-004	11	..........a	-327.68
	989	990	-1.67016E+000	-2.00197E-001	-2.07858E+000	-2.00025E+000	3.92178E-004	11	..........a	-327.68
	990	991	-1.66976E+000	-2.00196E-001	-2.08222E+000	-2.00025E+000	3.92261E-004	11	..........a	-327.68
	991	992	-1.66856E+000	-2.00197E-001	-2.08887E+000	-2.00025E+000	3.78378E-004	11	..........a	-327.68
	992	993	-1.66976E+000	-2.00197E-001	-2.09161E+000	-2.00025E+000	3.84811E-004	11	..........a	-327.68
	993	994	-1.67096E+000	-2.00198E-001	-2.09539E+000	-2.00025E+000	3.71328E-004	11	..........a	-327.68
	994	995	-1.67136E+000	-2.00197E-001	-2.09713E+000	-2.00025E+000	3.85061E-004	11	..........a	-327.68
	995	996	-1.66896E+000	-2.00196E-001	-2.10454E+000	-2.00025E+000	3.96944E-004	11	..........a	-327.68
	996	997	-1.66736E+000	-2.00197E-001	-2.11182E+000	-2.00025E+000	3.96528E-004	11	..........a	-327.68
	997	998	-1.66816E+000	-2.00197E-001	-2.11580E+000	-2.00025E+000	3.81661E-004	11	..........a	-327.68
	998	999	-1.66976E+000	-2.00197E-001	-2.11889E+000	-2.00025E+000	3.84694E-004	11	..........a	-327.68
	999	1000	-1.66976E+000	-2.00197E-001	-2.12230E+000	-2.00025E+000	3.74678E-004	11	..........a	-327.68
	1000	1001	-1.67016E+000	-2.00198E-001	-2.12740E+000	-2.00025E+000	3.76361E-004	11	..........a	-327.68
	1001	1002	-1.67016E+000	-2.00197E-001	-2.13100E+000	-2.00025E+000	3.75011E-004	11	..........a	-327.68
	1002	1003	-1.66976E+000	-2.00198E-001	-2.14043E+000	-2.00025E+000	3.70844E-004	11	..........a	-327.68
	1003	1004	-1.67016E+000	-2.00197E-001	-2.14137E+000	-2.00025E+000	3.80694E-004	11	..........a	-327.68
	1004	1005	-1.66976E+000	-2.00197E-001	-2.14810E+000	-2.00025E+000	3.90611E-004	11	..........a	-327.68
	1005	1006	-1.66976E+000	-2.00197E-001	-2.15386E+000	-2.00025E+000	3.80061E-004	11	..........a	-327.68
	1006	1007	-1.67016E+000	-2.00197E-001	-2.15705E+000	-2.00025E+000	3.76278E-004	11	..........a	-327.68
	1007	1008	-1.66936E+000	-2.00197E-001	-2.16264E+000	-2.00025E+000	3.74511E-004	11	..........a	-327.68
	1008	1009	-1.67136E+000	-2.00198E-001	-2.16551E+000	-2.00025E+000	3.65428E-004	11	..........a	-327.68
	1009	1010	-1.66496E+000	-2.00197E-001	-2.17787E+000	-2.00025E+000	3.75911E-004	11	..........a	-327.68
	1010	1011	-1.66496E+000	-2.00197E-001	-2.04027E+000	-2.00025E+000	3.69428E-004	11	..........a	-327.68
	1011	1012	-1.66456E+000	-2.00194E-001	-2.04645E+000	-2.00025E+000	2.57578E-004	11	..........a	-327.68
	1012	1013	-1.66896E+000	-2.00194E-001	-2.04973E+000	-2.00025E+000	2.76761E-004	11	..........a	-327.68
	1013	1014	-1.66736E+000	-2.00194E-001	-2.05629E+000	-2.00025E+000	2.65294E-004	11	..........a	-327.68
	1014	1015	-1.66896E+000	-2.00194E-001	-2.05950E+000	-2.00025E+000	2.66544E-004	11	..........a	-327.68
	1015	1016	-1.67016E+000	-2.00194E-001	-2.06529E+000	-2.00025E+000	2.62978E-004	11	..........a	-327.68
	1016	1017	-1.66736E+000	-2.00194E-001	-2.07345E+000	-2.00025E+000	2.58211E-004	11	..........a	-327.68
	1017	1018	-1.66896E+000	-2.00194E-001	-2.07819E+000	-2.00025E+000	2.66311E-004	11	..........a	-327.68
	1018	1019	-1.66776E+000	-2.00194E-001	-2.08926E+000	-2.00025E+000	2.74561E-004	11	..........a	-327.68
	1019	1020	-1.66816E+000	-2.00194E-001	-2.09221E+000	-2.00025E+000	2.71694E-004	11	..........a	-327.68
	1020	1021	-1.66896E+000	-2.00194E-001	-2.09460E+000	-2.00025E+000	2.64211E-004	11	..........a	-327.68
	1021	1022	-1.67056E+000	-2.00194E-001	-2.10128E+000	-2.00025E+000	2.71494E-004	11	..........a	-327.68
	1022	1023	-1.66976E+000	-2.00194E-001	-2.10398E+000	-2.00025E+000	2.76028E-004	11	..........a	-327.68
	1023	1024	-1.66936E+000	-2.00194E-001	-2.11143E+000	-2.00025E+000	2.73561E-004	11	..........a	-327.68
	1024	1025	-1.66816E+000	-2.00195E-001	-2.11686E+000	-2.00025E+000	2.55511E-004	11	..........a	-327.68
	1025	1026	-1.66816E+000	-2.00194E-001	-2.12308E+000	-2.00025E+000	2.58444E-004	11	..........a	-327.68
	1026	1027	-1.66976E+000	-2.00194E-001	-2.12512E+000	-2.00025E+000	2.43028E-004	11	..........a	-327.68
	1027	1028	-1.66936E+000	-2.00194E-001	-2.13034E+000	-2.00025E+000	2.59561E-004	11	..........a	-327.68
	1028	1029	-1.66976E+000	-2.00194E-001	-2.13534E+000	-2.00025E+000	2.53478E-004	11	..........a	-327.68
	1029	1030	-1.66976E+000	-2.00194E-001	-2.13815E+000	-2.00025E+000	2.60578E-004	11	..........a	-327.68
	1030	1031	-1.67256E+000	-2.00194E-001	-2.14161E+000	-2.00025E+000	2.65994E-004	11	..........a	-327.68
	1031	1032	-1.67136E+000	-2.00194E-001	-2.15178E+000	-2.00025E+000	2.57544E-004	11	..........a	-327.68
	1032	1033	-1.66976E+000	-2.00194E-001	-2.15240E+000	-2.00025E+000	2.66294E-004	11	..........a	-327.68
	1033	1034	-1.66896E+000	-2.00194E-001	-2.15361E+000	-2.00025E+000	2.60194E-004	11	..........a	-327.68
	1034	1035	-1.66896E+000	-2.00194E-001	-2.16264E+000	-2.00025E+000	2.62278E-004	11	..........a	-327.68
	1035	1036	-1.66616E+000	-2.00194E-001	-2.17046E+000	-2.00025E+000	2.55911E-004	11	..........a	-327.68
	1036	1037	-1.66576E+000	-2.00194E-001	-2.17871E+000	-2.00025E+000	2.64544E-004	11	..........a	-327.68
	1037	1038	-1.66896E+000	-2.00195E-001	-2.17902E+000	-2.00025E+000	2.57544E-004	11	..........a	-327.68
	1038	1039	-1.66816E+000	-2.00194E-001	-2.18272E+000	-2.00025E+000	2.42928E-004	11	..........a	-327.68
	1039	1040	-1.66896E+000	-2.00194E-001	-2.18377E+000	-2.00025E+000	2.45311E-004	11	..........a	-327.68
	1040	1041	-1.66856E+000	-2.00195E-001	-2.18791E+000	-2.00025E+000	2.39911E-004	11	..........a	-327.68
	1041	1042	-1.66576E+000	-2.00194E-001	-2.04571E+000	-2.00025E+000	2.56911E-004	11	..........a	-327.68
	1042	1043	-1.66896E+000	-2.00195E-001	-2.05311E+000	-2.00025E+000	2.58344E-004	11	..........a	-327.68
	1043	1044	-1.67056E+000	-2.00194E-001	-2.05940E+000	-2.00025E+000	2.47944E-004	11	..........a	-327.68
	1044	1045	-1.66816E+000	-2.00194E-001	-2.06685E+000	-2.00025E+000	2.65211E-004	11	..........a	-327.68
	1045	1046	-1.66896E+000	-2.00194E-001	-2.07024E+000	-2.00025E+000	2.69878E-004	11	..........a	-327.68
	1046	1047	-1.66736E+000	-2.00195E-001	-2.07621E+000	-2.00025E+000	2.39728E-004	11	..........a	-327.68
	1047	1048	-1.66896E+000	-2.00194E-001	-2.08006E+000	-2.00025E+000	2.32694E-004	11	..........a	-327.68
	1048	1049	-1.66896E+000	-2.00195E-001	-2.08686E+000	-2.00025E+000	2.56428E-004	11	..........a	-327.68
	1049	1050	-1.66816E+000	-2.00195E-001	-2.09083E+000	-2.00025E+000	2.60694E-004	11	..........a	-327.68
	1050	1051	-1.66856E+000	-2.00195E-001	-2.09336E+000	-2.00025E+000	2.44811E-004	11	..........a	-327.68
	1051	1052	-1.66576E+000	-2.00195E-001	-2.09950E+000	-2.00025E+000	2.59644E-004	11	..........a	-327.68
	1052	1053	-1.66896E+000	-2.00195E-001	-2.10145E+000	-2.00025E+000	2.60128E-004	11	..........a	-327.68
	1053	1054	-1.66816E+000	-2.00194E-001	-2.10746E+000	-2.00025E+000	2.67144E-004	11	..........a	-327.68
	1054	1055	-1.66736E+000	-2.00194E-001	-2.11490E+000	-2.00025E+000	2.56444E-004	11	..........a	-327.68
	1055	1056	-1.66816E+000	-2.00194E-001	-2.11773E+000	-2.00025E+000	2.53978E-004	11	..........a	-327.68
	1056	1057	-1.66816E+000	-2.00195E-001	-2.12287E+000	-2.00025E+000	2.51461E-004	11	..........a	-327.68
	1057	1058	-1.66896E+000	-2.00195E-001	-2.12587E+000	-2.00025E+000	2.55794E-004	11	..........a	-327.68
	1058	1059	-1.66976E+000	-2.00195E-001	-2.12759E+000	-2.00025E+000	2.48344E-004	11	..........a	-327.68
	1059	1060	-1.67056E+000	-2.00195E-001	-2.12866E+000	-2.00025E+000	2.56811E-004	11	..........a	-327.68
	1060	1061	-1.66816E+000	-2.00195E-001	-2.13695E+000	-2.00025E+000	2.47794E-004	11	..........a	-327.68
	1061	1062	-1.67056E+000	-2.00195E-001	-2.13890E+000	-2.00025E+000	2.55678E-004	11	..........a	-327.68
	1062	1063	-1.66896E+000	-2.00195E-001	-2.14393E+000	-2.00025E+000	2.65461E-004	11	..........a	-327.68
	1063	1064	-1.66496E+000	-2.00195E-001	-2.14569E+000	-2.00025E+000	2.63344E-004	11	..........a	-327.68
	1064	1065	-1.66736E+000	-2.00195E-001	-2.14709E+000	-2.00025E+000	2.79311E-004	11	..........a	-327.68
	1065	1066	-1.66456E+000	-2.00195E-001	-2.02300E+000	-2.00025E+000	2.81961E-004	11	..........a	-327.68
	1066	1067	-1.66456E+000	-2.00195E-001	-2.02810E+000	-2.00025E+000	2.82261E-004	11	..........a	-327.68
	1067	1068	-1.66376E+000	-2.00195E-001	-2.03932E+000	-2.00025E+000	2.66161E-004	11	..........a	-327.68
	1068	1069	-1.66616E+000	-2.00195E-001	-2.04450E+000	-2.00025E+000	2.53111E-004	11	..........a	-327.68
	1069	1070	-1.66496E+000	-2.00194E-001	-2.05613E+000	-2.00025E+000	2.44878E-004	11	..........a	-327.68
	1070	1071	-1.66896E+000	-2.00194E-001	-2.05908E+000	-2.00025E+000	2.60594E-004	11	..........a	-327.68
	1071	1072	-1.66696E+000	-2.00194E-001	-2.07438E+000	-2.00025E+000	2.52844E-004	11	..........a	-327.68
	1072	1073	-1.67136E+000	-2.00194E-001	-2.07835E+000	-2.00025E+000	2.48378E-004	11	..........a	-327.68
	1073	1074	-1.66976E+000	-2.00195E-001	-2.08406E+000	-2.00025E+000	2.53928E-004	11	..........a	-327.68
	1074	1075	-1.67096E+000	-2.00195E-001	-2.08758E+000	-2.00025E+000	2.42878E-004	11	..........a	-327.68
	1075	1076	-1.66896E+000	-2.00195E-001	-2.10067E+000	-2.00025E+000	2.44294E-004	11	..........a	-327.68
	1076	1077	-1.66896E+000	-2.00195E-001	-2.10232E+000	-2.00025E+000	2.54811E-004	11	..........a	-327.68
	1077	1078	-1.66736E+000	-2.00195E-001	-2.10886E+000	-2.00025E+000	2.50744E-004	11	..........a	-327.68
	1078	1079	-1.66896E+000	-2.00195E-001	-2.11242E+000	-2.00025E+000	2.52911E-004	11	..........a	-327.68
	1079	1080	-1.66896E+000	-2.00195E-001	-2.12450E+000	-2.00025E+000	2.54644E-004	11	..........a	-327.68
	1080	1081	-1.66776E+000	-2.00194E-001	-2.12782E+000	-2.00025E+000	3.34878E-004	11	..........a	-327.68
	1081	1082	-1.66816E+000	-2.00194E-001	-2.13440E+000	-2.00025E+000	3.31928E-004	11	..........a	-327.68
	1082	1083	-1.66736E+000	-2.00194E-001	-2.13692E+000	-2.00025E+000	3.34244E-004	11	..........a	-327.68
	1083	1084	-1.66896E+000	-2.00195E-001	-2.13766E+000	-2.00025E+000	3.33428E-004	11	..........a	-327.68
	1084	1085	-1.66776E+000	-2.00194E-001	-2.14203E+000	-2.00025E+000	3.34278E-004	11	..........a	-327.68
	1085	1086	-1.66856E+000	-2.00194E-001	-2.14846E+000	-2.00025E+000	3.34861E-004	11	..........a	-327.68
	1086	1087	-1.66896E+000	-2.00195E-001	-2.15634E+000	-2.00025E+000	3.30844E-004	11	..........a	-327.68
	1087	1088	-1.66816E+000	-2.00195E-001	-2.16148E+000	-2.00025E+000	3.31978E-004	11	..........a	-327.68
	1088	1089	-1.67136E+000	-2.00195E-001	-2.16241E+000	-2.00025E+000	3.32311E-004	11	..........a	-327.68
	1089	1090	-1.66896E+000	-2.00195E-001	-2.16685E+000	-2.00025E+000	3.33211E-004	11	..........a	-327.68
	1090	1091	-1.66816E+000	-2.00195E-001	-2.17061E+000	-2.00025E+000	3.27611E-004	11	..........a	-327.68
	1091	1092	-1.66736E+000	-2.00195E-001	-2.17275E+000	-2.00025E+000	3.29344E-004	11	..........a	-327.68
	1092	1093	-1.66456E+000	-2.00195E-001	-2.05141E+000	-2.00025E+000	3.32094E-004	11	..........a	-327.68
	1093	1094	-1.66536E+000	-2.00195E-001	-2.05842E+000	-2.00025E+000	3.30078E-004	11	..........a	-327.68
	1094	1095	-1.66616E+000	-2.00195E-001	-2.06452E+000	-2.00025E+000	3.35628E-004	11	..........a	-327.68
	1095	1096	-1.66576E+000	-2.00195E-001	-2.07373E+000	-2.00025E+000	3.26844E-004	11	..........a	-327.68
	1096	1097	-1.66536E+000	-2.00195E-001	-2.08091E+000	-2.00025E+000	3.33378E-004	11	..........a	-327.68
	1097	1098	-1.66576E+000	-2.00195E-001	-2.08695E+000	-2.00025E+000	3.34128E-004	11	..........a	-327.68
	1098	1099	-1.66856E+000	-2.00195E-001	-2.08983E+000	-2.00025E+000	3.31961E-004	11	..........a	-327.68
	1099	1100	-1.66816E+000	-2.00195E-001	-2.09569E+000	-2.00025E+000	3.34094E-004	11	..........a	-327.68
	1100	1101	-1.66496E+000	-2.00194E-001	-2.10661E+000	-2.00025E+000	3.34244E-004	11	..........a	-327.68
	1101	1102	-1.66936E+000	-2.00195E-001	-2.10990E+000	-2.00025E+000	3.31378E-004	11	..........a	-327.68
	1102	1103	-1.66736E+000	-2.00195E-001	-2.11888E+000	-2.00025E+000	3.36678E-004	11	..........a	-327.68
	1103	1104	-1.66576E+000	-2.00194E-001	-2.11536E+000	-2.00025E+000	3.30561E-004	11	..........a	-327.68
	1104	1105	-1.66816E+000	-2.00195E-001	-2.11799E+000	-2.00025E+000	3.34711E-004	11	..........a	-327.68
	1105	1106	-1.66856E+000	-2.00195E-001	-2.12487E+000	-2.00025E+000	3.30278E-004	11	..........a	-327.68
	1106	1107	-1.66376E+000	-2.00194E-001	-2.14038E+000	-2.00025E+000	3.04211E-004	11	..........a	-327.68
	1107	1108	-1.66536E+000	-2.00194E-001	-2.14862E+000	-2.00025E+000	3.04911E-004	11	..........a	-327.68
	1108	1109	-1.66536E+000	-2.00194E-001	-2.15196E+000	-2.00025E+000	2.97844E-004	11	..........a	-327.68
	1109	1110	-1.66656E+000	-2.00194E-001	-2.15359E+000	-2.00025E+000	3.00094E-004	11	..........a	-327.68
	1110	1111	-1.66736E+000	-2.00194E-001	-2.15230E+000	-2.00025E+000	3.02078E-004	11	..........a	-327.68
	1111	1112	-1.66736E+000	-2.00195E-001	-2.15501E+000	-2.00025E+000	3.16644E-004	11	..........a	-327.68
	1112	1113	-1.66896E+000	-2.00194E-001	-2.15811E+000	-2.00025E+000	3.12061E-004	11	..........a	-327.68
	1113	1114	-1.66456E+000	-2.00194E-001	-2.06484E+000	-2.00025E+000	3.11678E-004	11	..........a	-327.68
	1114	1115	-1.66456E+000	-2.00194E-001	-2.07058E+000	-2.00025E+000	3.04194E-004	11	..........a	-327.68
	1115	1116	-1.66576E+000	-2.00194E-001	-2.07543E+000	-2.00025E+000	3.11411E-004	11	..........a	-327.68
	1116	1117	-1.66736E+000	-2.00194E-001	-2.08135E+000	-2.00025E+000	3.06078E-004	11	..........a	-327.68
	1117	1118	-1.66456E+000	-2.00194E-001	-2.09420E+000	-2.00025E+000	3.07761E-004	11	..........a	-327.68
	1118	1119	-1.66496E+000	-2.00194E-001	-2.09369E+000	-2.00025E+000	3.05878E-004	11	..........a	-327.68
	1119	1120	-1.66616E+000	-2.00194E-001	-2.10025E+000	-2.00025E+000	3.01628E-004	11	..........a	-327.68
	1120	1121	-1.66896E+000	-2.00194E-001	-2.10551E+000	-2.00025E+000	3.07261E-004	11	..........a	-327.68
	1121	1122	-1.66336E+000	-2.00194E-001	-2.11590E+000	-2.00025E+000	3.02694E-004	11	..........a	-327.68
	1122	1123	-1.66656E+000	-2.00194E-001	-2.11568E+000	-2.00025E+000	3.05094E-004	11	..........a	-327.68
	1123	1124	-1.66536E+000	-2.00195E-001	-2.11966E+000	-2.00025E+000	3.02278E-004	11	..........a	-327.68
	1124	1125	-1.66736E+000	-2.00194E-001	-2.12282E+000	-2.00025E+000	3.05478E-004	11	..........a	-327.68
	1125	1126	-1.66736E+000	-2.00194E-001	-2.12734E+000	-2.00025E+000	3.04528E-004	11	..........a	-327.68
	1126	1127	-1.66856E+000	-2.00194E-001	-2.12963E+000	-2.00025E+000	3.04594E-004	11	..........a	-327.68
	1127	1128	-1.66656E+000	-2.00194E-001	-2.13939E+000	-2.00025E+000	3.01211E-004	11	..........a	-327.68
	1128	1129	-1.66776E+000	-2.00194E-001	-2.14408E+000	-2.00025E+000	3.04728E-004	11	..........a	-327.68
	1129	1130	-1.66496E+000	-2.00194E-001	-2.15445E+000	-2.00025E+000	3.04128E-004	11	..........a	-327.68
	1130	1131	-1.66936E+000	-2.00194E-001	-2.15413E+000	-2.00025E+000	3.02294E-004	11	..........a	-327.68
	1131	1132	-1.66936E+000	-2.00193E-001	-2.15866E+000	-2.00025E+000	3.09494E-004	11	..........a	-327.68
	1132	1133	-1.66856E+000	-2.00194E-001	-2.16506E+000	-2.00025E+000	3.01328E-004	11	..........a	-327.68
	1133	1134	-1.66896E+000	-2.00194E-001	-2.16692E+000	-2.00025E+000	3.06778E-004	11	..........a	-327.68
	1134	1135	-1.66896E+000	-2.00194E-001	-2.16731E+000	-2.00025E+000	3.03244E-004	11	..........a	-327.68
	1135	1136	-1.66976E+000	-2.00194E-001	-2.06344E+000	-2.00025E+000	3.04128E-004	11	..........a	-327.68
	1136	1137	-1.66576E+000	-2.00194E-001	-2.07168E+000	-2.00025E+000	3.07211E-004	11	..........a	-327.68
	1137	1138	-1.66536E+000	-2.00194E-001	-2.07801E+000	-2.00025E+000	3.12528E-004	11	..........a	-327.68
	1138	1139	-1.66536E+000	-2.00194E-001	-2.08525E+000	-2.00025E+000	3.12111E-004	11	..........a	-327.68
	1139	1140	-1.66616E+000	-2.00194E-001	-2.09158E+000	-2.00025E+000	3.00994E-004	11	..........a	-327.68
	1140	1141	-1.66656E+000	-2.00194E-001	-2.09849E+000	-2.00025E+000	3.03494E-004	11	..........a	-327.68
	1141	1142	-1.66576E+000	-2.00194E-001	-2.10616E+000	-2.00025E+000	3.01911E-004	11	..........a	-327.68
	1142	1143	-1.66616E+000	-2.00194E-001	-2.10713E+000	-2.00025E+000	3.04528E-004	11	..........a	-327.68
	1143	1144	-1.66896E+000	-2.00194E-001	-2.11199E+000	-2.00025E+000	3.04978E-004	11	..........a	-327.68
	1144	1145	-1.66736E+000	-2.00194E-001	-2.12127E+000	-2.00025E+000	3.09961E-004	11	..........a	-327.68
	1145	1146	-1.67056E+000	-2.00194E-001	-2.12313E+000	-2.00025E+000	3.12178E-004	11	..........a	-327.68
	1146	1147	-1.66776E+000	-2.00194E-001	-2.12904E+000	-2.00025E+000	3.00644E-004	11	..........a	-327.68
	1147	1148	-1.66896E+000	-2.00194E-001	-2.13128E+000	-2.00025E+000	3.01228E-004	11	..........a	-327.68
	1148	1149	-1.66536E+000	-2.00194E-001	-2.13722E+000	-2.00025E+000	3.07294E-004	11	..........a	-327.68
	1149	1150	-1.66856E+000	-2.00194E-001	-2.13658E+000	-2.00025E+000	3.05828E-004	11	..........a	-327.68
	1150	1151	-1.66656E+000	-2.00194E-001	-2.14305E+000	-2.00025E+000	3.05978E-004	11	..........a	-327.68
	1151	1152	-1.66656E+000	-2.00194E-001	-2.14286E+000	-2.00025E+000	3.06461E-004	11	..........a	-327.68
	1152	1153	-1.66536E+000	-2.00194E-001	-2.15324E+000	-2.00025E+000	3.05228E-004	11	..........a	-327.68
	1153	1154	-1.66816E+000	-2.00194E-001	-2.15510E+000	-2.00025E+000	3.14828E-004	11	..........a	-327.68
	1154	1155	-1.66656E+000	-2.00194E-001	-2.16110E+000	-2.00025E+000	3.10628E-004	11	..........a	-327.68
	1155	1156	-1.66576E+000	-2.00194E-001	-2.16437E+000	-2.00025E+000	3.09078E-004	11	..........a	-327.68
	1156	1157	-1.66456E+000	-2.00195E-001	-2.05249E+000	-2.00025E+000	3.12928E-004	11	..........a	-327.68
	1157	1158	-1.66376E+000	-2.00194E-001	-2.04224E+000	-2.00025E+000	3.14228E-004	11	..........a	-327.68
	1158	1159	-1.66656E+000	-2.00194E-001	-2.04847E+000	-2.00025E+000	3.06294E-004	11	..........a	-327.68
	1159	1160	-1.66416E+000	-2.00194E-001	-2.05573E+000	-2.00025E+000	3.05711E-004	11	..........a	-327.68
	1160	1161	-1.66376E+000	-2.00194E-001	-2.06430E+000	-2.00025E+000	3.07644E-004	11	..........a	-327.68
	1161	1162	-1.66576E+000	-2.00194E-001	-2.07003E+000	-2.00025E+000	3.08794E-004	11	..........a	-327.68
	1162	1163	-1.66416E+000	-2.00195E-001	-2.07903E+000	-2.00025E+000	3.10711E-004	11	..........a	-327.68
	1163	1164	-1.66656E+000	-2.00195E-001	-2.08053E+000	-2.00025E+000	3.14478E-004	11	..........a	-327.68
	1164	1165	-1.66656E+000	-2.00194E-001	-2.08808E+000	-2.00025E+000	3.11094E-004	11	..........a	-327.68
	1165	1166	-1.66816E+000	-2.00194E-001	-2.09255E+000	-2.00025E+000	3.00178E-004	11	..........a	-327.68
	1166	1167	-1.66576E+000	-2.00194E-001	-2.10319E+000	-2.00025E+000	2.97461E-004	11	..........a	-327.68
	1167	1168	-1.66576E+000	-2.00195E-001	-2.10635E+000	-2.00025E+000	3.15161E-004	11	..........a	-327.68
	1168	1169	-1.66656E+000	-2.00195E-001	-2.11042E+000	-2.00025E+000	3.06078E-004	11	..........a	-327.68
	1169	1170	-1.66616E+000	-2.00195E-001	-2.11942E+000	-2.00025E+000	3.12294E-004	11	..........a	-327.68
	1170	1171	-1.66456E+000	-2.00195E-001	-2.12664E+000	-2.00025E+000	3.19794E-004	11	..........a	-327.68
	1171	1172	-1.66656E+000	-2.00195E-001	-2.13033E+000	-2.00025E+000	3.06944E-004	11	..........a	-327.68
	1172	1173	-1.66736E+000	-2.00195E-001	-2.13707E+000	-2.00025E+000	3.19461E-004	11	..........a	-327.68
	1173	1174	-1.66616E+000	-2.00195E-001	-2.14723E+000	-2.00025E+000	3.12011E-004	11	..........a	-327.68
	1174	1175	-1.66776E+000	-2.00194E-001	-2.14938E+000	-2.00025E+000	3.14978E-004	11	..........a	-327.68
	1175	1176	-1.66456E+000	-2.00194E-001	-2.15989E+000	-2.00025E+000	3.09678E-004	11	..........a	-327.68
	1176	1177	-1.66696E+000	-2.00195E-001	-2.16399E+000	-2.00025E+000	3.23894E-004	11	..........a	-327.68
	1177	1178	-1.66496E+000	-2.00195E-001	-2.17157E+000	-2.00025E+000	3.13978E-004	11	..........a	-327.68
	1178	1179	-1.66656E+000	-2.00195E-001	-2.17186E+000	-2.00025E+000	3.08278E-004	11	..........a	-327.68
	1179	1180	-1.66576E+000	-2.00194E-001	-2.17747E+000	-2.00025E+000	3.12894E-004	11	..........a	-327.68
	1180	1181	-1.66576E+000	-2.00195E-001	-2.18401E+000	-2.00025E+000	3.26878E-004	11	..........a	-327.68
	1181	1182	-1.66736E+000	-2.00195E-001	-2.18558E+000	-2.00025E+000	3.23111E-004	11	..........a	-327.68
	1182	1183	-1.66416E+000	-2.00195E-001	-2.01695E+000	-2.00025E+000	3.19094E-004	11	..........a	-327.68
	1183	1184	-1.66496E+000	-2.00195E-001	-2.02458E+000	-2.00025E+000	3.13344E-004	11	..........a	-327.68
	1184	1185	-1.66456E+000	-2.00195E-001	-2.03261E+000	-2.00025E+000	3.09794E-004	11	..........a	-327.68
	1185	1186	-1.66336E+000	-2.00195E-001	-2.04350E+000	-2.00025E+000	3.10794E-004	11	..........a	-327.68
	1186	1187	-1.66416E+000	-2.00195E-001	-2.05250E+000	-2.00025E+000	3.00561E-004	11	..........a	-327.68
	1187	1188	-1.66536E+000	-2.00194E-001	-2.05911E+000	-2.00025E+000	2.95411E-004	11	..........a	-327.68
	1188	1189	-1.66656E+000	-2.00194E-001	-2.06415E+000	-2.00025E+000	3.05428E-004	11	..........a	-327.68
	1189	1190	-1.66936E+000	-2.00195E-001	-2.06787E+000	-2.00025E+000	2.94544E-004	11	..........a	-327.68
	1190	1191	-1.66416E+000	-2.00194E-001	-2.07956E+000	-2.00025E+000	3.05578E-004	11	..........a	-327.68
	1191	1192	-1.66496E+000	-2.00194E-001	-2.08590E+000	-2.00025E+000	3.04961E-004	11	..........a	-327.68
	1192	1193	-1.66576E+000	-2.00195E-001	-2.09515E+000	-2.00025E+000	3.05361E-004	11	..........a	-327.68
	1193	1194	-1.66536E+000	-2.00195E-001	-2.10168E+000	-2.00025E+000	3.06328E-004	11	..........a	-327.68
	1194	1195	-1.66616E+000	-2.00194E-001	-2.10558E+000	-2.00025E+000	3.04144E-004	11	..........a	-327.68
	1195	1196	-1.66776E+000	-2.00194E-001	-2.10744E+000	-2.00025E+000	3.02211E-004	11	..........a	-327.68
	1196	1197	-1.66496E+000	-2.00195E-001	-2.11620E+000	-2.00025E+000	3.03628E-004	11	..........a	-327.68
	1197	1198	-1.66496E+000	-2.00195E-001	-2.12159E+000	-2.00025E+000	3.08361E-004	11	..........a	-327.68
	1198	1199	-1.66536E+000	-2.00195E-001	-2.12806E+000	-2.00025E+000	3.03361E-004	11	..........a	-327.68
	1199	1200	-1.66736E+000	-2.00195E-001	-2.13349E+000	-2.00025E+000	3.01811E-004	11	..........a	-327.68
	1200	1201	-1.66656E+000	-2.00195E-001	-2.14063E+000	-2.00025E+000	3.00978E-004	11	..........a	-327.68
	1201	1202	-1.66576E+000	-2.00194E-001	-2.14385E+000	-2.00025E+000	3.08644E-004	11	..........a	-327.68
	1202	1203	-1.66576E+000	-2.00195E-001	-2.14950E+000	-2.00025E+000	3.07111E-004	11	..........a	-327.68
	1203	1204	-1.66656E+000	-2.00195E-001	-2.15343E+000	-2.00025E+000	3.11294E-004	11	..........a	-327.68
	1204	1205	-1.66656E+000	-2.00195E-001	-2.15759E+000	-2.00025E+000	3.13944E-004	11	..........a	-327.68
	1205	1206	-1.66336E+000	-2.00195E-001	-2.16512E+000	-2.00025E+000	3.05194E-004	11	..........a	-327.68
	1206	1207	-1.66656E+000	-2.00195E-001	-2.16613E+000	-2.00025E+000	3.06611E-004	11	..........a	-327.68
	1207	1208	-1.66616E+000	-2.00195E-001	-2.17058E+000	-2.00025E+000	3.09911E-004	11	..........a	-327.68
	1208	1209	-1.66576E+000	-2.00195E-001	-2.17981E+000	-2.00025E+000	3.05661E-004	11	..........a	-327.68
	1209	1210	-1.66496E+000	-2.00195E-001	-2.05119E+000	-2.00025E+000	3.09878E-004	11	..........a	-327.68
	1210	1211	-1.66456E+000	-2.00195E-001	-2.06186E+000	-2.00025E+000	3.10311E-004	11	..........a	-327.68
	1211	1212	-1.66616E+000	-2.00195E-001	-2.06755E+000	-2.00025E+000	3.03328E-004	11	..........a	-327.68
	1212	1213	-1.66576E+000	-2.00195E-001	-2.07498E+000	-2.00025E+000	3.02444E-004	11	..........a	-327.68
	1213	1214	-1.66656E+000	-2.00195E-001	-2.08396E+000	-2.00025E+000	3.04561E-004	11	..........a	-327.68
	1214	1215	-1.66896E+000	-2.00195E-001	-2.08848E+000	-2.00025E+000	3.05344E-004	11	..........a	-327.68
	1215	1216	-1.66816E+000	-2.00195E-001	-2.09775E+000	-2.00025E+000	2.99011E-004	11	..........a	-327.68
	1216	1217	-1.66896E+000	-2.00194E-001	-2.10609E+000	-2.00025E+000	3.05111E-004	11	..........a	-327.68
	1217	1218	-1.66896E+000	-2.00194E-001	-2.11397E+000	-2.00025E+000	2.98578E-004	11	..........a	-327.68
	1218	1219	-1.66976E+000	-2.00194E-001	-2.11965E+000	-2.00025E+000	3.06061E-004	11	..........a	-327.68
	1219	1220	-1.66896E+000	-2.00195E-001	-2.12848E+000	-2.00025E+000	3.04761E-004	11	..........a	-327.68
	1220	1221	-1.66616E+000	-2.00195E-001	-2.13322E+000	-2.00025E+000	2.97544E-004	11	..........a	-327.68
	1221	1222	-1.66576E+000	-2.00194E-001	-2.14013E+000	-2.00025E+000	3.04128E-004	11	..........a	-327.68
	1222	1223	-1.66616E+000	-2.00195E-001	-2.14499E+000	-2.00025E+000	3.02994E-004	11	..........a	-327.68
	1223	1224	-1.66656E+000	-2.00194E-001	-2.14942E+000	-2.00025E+000	2.97911E-004	11	..........a	-327.68
	1224	1225	-1.66576E+000	-2.00194E-001	-2.15407E+000	-2.00025E+000	3.02478E-004	11	..........a	-327.68
	1225	1226	-1.66576E+000	-2.00195E-001	-2.16047E+000	-2.00025E+000	2.92528E-004	11	..........a	-327.68
	1226	1227	-1.66616E+000	-2.00194E-001	-2.16408E+000	-2.00025E+000	3.12011E-004	11	..........a	-327.68
	1227	1228	-1.66576E+000	-2.00194E-001	-2.16968E+000	-2.00025E+000	3.05628E-004	11	..........a	-327.68
	1228	1229	-1.66496E+000	-2.00194E-001	-2.17834E+000	-2.00025E+000	3.02561E-004	11	..........a	-327.68
	1229	1230	-1.66576E+000	-2.00194E-001	-2.18333E+000	-2.00025E+000	3.09361E-004	11	..........a	-327.68
	1230	1231	-1.66456E+000	-2.00194E-001	-2.18932E+000	-2.00025E+000	3.09394E-004	11	..........a	-327.68
	1231	1232	-1.66496E+000	-2.00195E-001	-2.19037E+000	-2.00025E+000	3.01961E-004	11	..........a	-327.68
	1232	1233	-1.66536E+000	-2.00195E-001	-2.19470E+000	-2.00025E+000	3.02728E-004	11	..........a	-327.68
	1233	1234	-1.66376E+000	-2.00194E-001	-2.19797E+000	-2.00025E+000	3.05678E-004	11	..........a	-327.68
	1234	1235	-1.66376E+000	-2.00194E-001	-2.20340E+000	-2.00025E+000	3.01928E-004	11	..........a	-327.68
	1235	1236	-1.66136E+000	-2.00194E-001	-2.21200E+000	-2.00025E+000	3.08478E-004	11	..........a	-327.68
	1236	1237	-1.66536E+000	-2.00194E-001	-2.20795E+000	-2.00025E+000	3.03211E-004	11	..........a	-327.68
	1237	1238	-1.66376E+000	-2.00195E-001	-2.05175E+000	-2.00025E+000	3.03111E-004	11	..........a	-327.68
	1238	1239	-1.66456E+000	-2.00195E-001	-2.06003E+000	-2.00025E+000	3.01394E-004	11	..........a	-327.68
	1239	1240	-1.66376E+000	-2.00194E-001	-2.06990E+000	-2.00025E+000	3.12378E-004	11	..........a	-327.68
	1240	1241	-1.66536E+000	-2.00194E-001	-2.07450E+000	-2.00025E+000	3.01528E-004	11	..........a	-327.68
	1241	1242	-1.66496E+000	-2.00194E-001	-2.08203E+000	-2.00025E+000	2.99511E-004	11	..........a	-327.68
	1242	1243	-1.66576E+000	-2.00194E-001	-2.08811E+000	-2.00025E+000	3.06628E-004	11	..........a	-327.68
	1243	1244	-1.66776E+000	-2.00195E-001	-2.09310E+000	-2.00025E+000	2.97728E-004	11	..........a	-327.68
	1244	1245	-1.66296E+000	-2.00195E-001	-2.10500E+000	-2.00025E+000	3.01344E-004	11	..........a	-327.68
	1245	1246	-1.66656E+000	-2.00194E-001	-2.10780E+000	-2.00025E+000	3.05361E-004	11	..........a	-327.68
	1246	1247	-1.66256E+000	-2.00195E-001	-2.12100E+000	-2.00025E+000	3.00528E-004	11	..........a	-327.68
	1247	1248	-1.66496E+000	-2.00194E-001	-2.12630E+000	-2.00025E+000	3.04811E-004	11	..........a	-327.68
	1248	1249	-1.66416E+000	-2.00195E-001	-2.13331E+000	-2.00025E+000	2.97311E-004	11	..........a	-327.68
	1249	1250	-1.66576E+000	-2.00194E-001	-2.13023E+000	-2.00025E+000	3.01061E-004	11	..........a	-327.68
	1250	1251	-1.66296E+000	-2.00195E-001	-2.14408E+000	-2.00025E+000	3.02444E-004	11	..........a	-327.68
	1251	1252	-1.66496E+000	-2.00195E-001	-2.14716E+000	-2.00025E+000	3.00394E-004	11	..........a	-327.68
	1252	1253	-1.66496E+000	-2.00195E-001	-2.15182E+000	-2.00025E+000	3.04911E-004	11	..........a	-327.68
	1253	1254	-1.66376E+000	-2.00195E-001	-2.15943E+000	-2.00025E+000	3.04628E-004	11	..........a	-327.68
	1254	1255	-1.66216E+000	-2.00195E-001	-2.16550E+000	-2.00025E+000	3.04028E-004	11	..........a	-327.68
	1255	1256	-1.66296E+000	-2.00195E-001	-2.16898E+000	-2.00025E+000	2.99328E-004	11	..........a	-327.68
	1256	1257	-1.66296E+000	-2.00194E-001	-2.17304E+000	-2.00025E+000	2.89678E-004	11	..........a	-327.68
	1257	1258	-1.66576E+000	-2.00195E-001	-2.17357E+000	-2.00025E+000	3.01461E-004	11	..........a	-327.68
	1258	1259	-1.66496E+000	-2.00194E-001	-2.18320E+000	-2.00025E+000	2.89511E-004	11	..........a	-327.68
	1259	1260	-1.66176E+000	-2.00195E-001	-2.18873E+000	-2.00025E+000	2.97678E-004	11	..........a	-327.68
	1260	1261	-1.66296E+000	-2.00195E-001	-2.19310E+000	-2.00025E+000	2.93611E-004	11	..........a	-327.68
	1261	1262	-1.66296E+000	-2.00194E-001	-2.19710E+000	-2.00025E+000	2.96094E-004	11	..........a	-327.68
	1262	1263	-1.66616E+000	-2.00195E-001	-2.20008E+000	-2.00025E+000	3.03128E-004	11	..........a	-327.68
	1263	1264	-1.66496E+000	-2.00194E-001	-2.19995E+000	-2.00025E+000	3.00894E-004	11	..........a	-327.68
	1264	1265	-1.66536E+000	-2.00194E-001	-2.20853E+000	-2.00025E+000	2.88861E-004	11	..........a	-327.68
	1265	1266	-1.66496E+000	-2.00194E-001	-2.21505E+000	-2.00025E+000	2.95611E-004	11	..........a	-327.68
	1266	1267	-1.66136E+000	-2.00194E-001	-2.22207E+000	-2.00025E+000	3.04461E-004	11	..........a	-327.68
	1267	1268	-1.66336E+000	-2.00194E-001	-2.22316E+000	-2.00025E+000	3.00444E-004	11	..........a	-327.68
	1268	1269	-1.66096E+000	-2.00194E-001	-2.03734E+000	-2.00025E+000	3.00244E-004	11	..........a	-327.68
	1269	1270	-1.66136E+000	-2.00194E-001	-2.04636E+000	-2.00025E+000	3.02011E-004	11	..........a	-327.68
	1270	1271	-1.66216E+000	-2.00195E-001	-2.05532E+000	-2.00025E+000	3.17661E-004	11	..........a	-327.68
	1271	1272	-1.66496E+000	-2.00195E-001	-2.05995E+000	-2.00025E+000	3.14078E-004	11	..........a	-327.68
	1272	1273	-1.66376E+000	-2.00195E-001	-2.06918E+000	-2.00025E+000	3.17328E-004	11	..........a	-327.68
	1273	1274	-1.66616E+000	-2.00195E-001	-2.07827E+000	-2.00025E+000	3.15294E-004	11	..........a	-327.68
	1274	1275	-1.66536E+000	-2.00194E-001	-2.08493E+000	-2.00025E+000	3.15094E-004	11	..........a	-327.68
	1275	1276	-1.66576E+000	-2.00195E-001	-2.09683E+000	-2.00025E+000	3.17511E-004	11	..........a	-327.68
	1276	1277	-1.66656E+000	-2.00194E-001	-2.10601E+000	-2.00025E+000	3.12811E-004	11	..........a	-327.68
	1277	1278	-1.66576E+000	-2.00195E-001	-2.10975E+000	-2.00025E+000	3.25544E-004	11	..........a	-327.68
	1278	1279	-1.66416E+000	-2.00195E-001	-2.11830E+000	-2.00025E+000	3.32244E-004	11	..........a	-327.68
	1279	1280	-1.66496E+000	-2.00195E-001	-2.12832E+000	-2.00025E+000	3.19844E-004	11	..........a	-327.68
	1280	1281	-1.66576E+000	-2.00195E-001	-2.13656E+000	-2.00025E+000	3.24694E-004	11	..........a	-327.68
	1281	1282	-1.66496E+000	-2.00195E-001	-2.14289E+000	-2.00025E+000	3.18094E-004	11	..........a	-327.68
	1282	1283	-1.66776E+000	-2.00195E-001	-2.14648E+000	-2.00025E+000	3.23561E-004	11	..........a	-327.68
	1283	1284	-1.66536E+000	-2.00195E-001	-2.15475E+000	-2.00025E+000	3.22661E-004	11	..........a	-327.68
	1284	1285	-1.66576E+000	-2.00195E-001	-2.16403E+000	-2.00025E+000	3.23161E-004	11	..........a	-327.68
	1285	1286	-1.66336E+000	-2.00195E-001	-2.16595E+000	-2.00025E+000	3.20878E-004	11	..........a	-327.68
	1286	1287	-1.66496E+000	-2.00194E-001	-2.16837E+000	-2.00025E+000	3.12844E-004	11	..........a	-327.68
	1287	1288	-1.66256E+000	-2.00195E-001	-2.17676E+000	-2.00025E+000	3.24278E-004	11	..........a	-327.68
	1288	1289	-1.66496E+000	-2.00195E-001	-2.17652E+000	-2.00025E+000	3.13478E-004	11	..........a	-327.68
	1289	1290	-1.66496E+000	-2.00195E-001	-2.18116E+000	-2.00025E+000	3.19928E-004	11	..........a	-327.68
	1290	1291	-1.66376E+000	-2.00195E-001	-2.18899E+000	-2.00025E+000	3.18794E-004	11	..........a	-327.68
	1291	1292	-1.66336E+000	-2.00194E-001	-2.19314E+000	-2.00025E+000	3.12961E-004	11	..........a	-327.68
	1292	1293	-1.66416E+000	-2.00194E-001	-2.19882E+000	-2.00025E+000	3.17478E-004	11	..........a	-327.68
	1293	1294	-1.66576E+000	-2.00195E-001	-2.20147E+000	-2.00025E+000	3.13894E-004	11	..........a	-327.68
	1294	1295	-1.66576E+000	-2.00194E-001	-2.20480E+000	-2.00025E+000	3.15961E-004	11	..........a	-327.68
	1295	1296	-1.66376E+000	-2.00195E-001	-2.05992E+000	-2.00025E+000	3.15994E-004	11	..........a	-327.68
	1296	1297	-1.66576E+000	-2.00195E-001	-2.06622E+000	-2.00025E+000	3.05844E-004	11	..........a	-327.68
	1297	1298	-1.66456E+000	-2.00195E-001	-2.07359E+000	-2.00025E+000	3.06778E-004	11	..........a	-327.68
	1298	1299	-1.66296E+000	-2.00195E-001	-2.08136E+000	-2.00025E+000	3.09328E-004	11	..........a	-327.68
	1299	1300	-1.66576E+000	-2.00195E-001	-2.08407E+000	-2.00025E+000	3.21528E-004	11	..........a	-327.68
	1300	1301	-1.66496E+000	-2.00195E-001	-2.09445E+000	-2.00025E+000	3.12361E-004	11	..........a	-327.68
	1301	1302	-1.66576E+000	-2.00195E-001	-2.10139E+000	-2.00025E+000	3.12811E-004	11	..........a	-327.68
	1302	1303	-1.66576E+000	-2.00195E-001	-2.10852E+000	-2.00025E+000	3.18811E-004	11	..........a	-327.68
	1303	1304	-1.66536E+000	-2.00195E-001	-2.11468E+000	-2.00025E+000	3.17594E-004	11	..........a	-327.68
	1304	1305	-1.66496E+000	-2.00195E-001	-2.12331E+000	-2.00025E+000	3.16361E-004	11	..........a	-327.68
	1305	1306	-1.66336E+000	-2.00195E-001	-2.13006E+000	-2.00025E+000	3.14344E-004	11	..........a	-327.68
	1306	1307	-1.66536E+000	-2.00195E-001	-2.12888E+000	-2.00025E+000	3.05844E-004	11	..........a	-327.68
	1307	1308	-1.66496E+000	-2.00195E-001	-2.13349E+000	-2.00025E+000	3.00461E-004	11	..........a	-327.68
	1308	1309	-1.66496E+000	-2.00195E-001	-2.13926E+000	-2.00025E+000	3.02278E-004	11	..........a	-327.68
	1309	1310	-1.66736E+000	-2.00195E-001	-2.14195E+000	-2.00025E+000	3.05761E-004	11	..........a	-327.68
	1310	1311	-1.66416E+000	-2.00195E-001	-2.15605E+000	-2.00025E+000	3.16228E-004	11	..........a	-327.68
	1311	1312	-1.66576E+000	-2.00195E-001	-2.15946E+000	-2.00025E+000	3.14711E-004	11	..........a	-327.68
	1312	1313	-1.66736E+000	-2.00194E-001	-2.16110E+000	-2.00025E+000	3.10461E-004	11	..........a	-327.68
	1313	1314	-1.66296E+000	-2.00194E-001	-2.17220E+000	-2.00025E+000	3.15011E-004	11	..........a	-327.68
	1314	1315	-1.66336E+000	-2.00195E-001	-2.05112E+000	-2.00025E+000	3.10428E-004	11	..........a	-327.68
	1315	1316	-1.66376E+000	-2.00195E-001	-2.06063E+000	-2.00025E+000	3.07594E-004	11	..........a	-327.68
	1316	1317	-1.66296E+000	-2.00195E-001	-2.07212E+000	-2.00025E+000	3.17544E-004	11	..........a	-327.68
	1317	1318	-1.66576E+000	-2.00195E-001	-2.07577E+000	-2.00025E+000	3.13744E-004	11	..........a	-327.68
	1318	1319	-1.66576E+000	-2.00194E-001	-2.08244E+000	-2.00025E+000	3.13161E-004	11	..........a	-327.68
	1319	1320	-1.66496E+000	-2.00194E-001	-2.09049E+000	-2.00025E+000	3.21944E-004	11	..........a	-327.68
	1320	1321	-1.66576E+000	-2.00194E-001	-2.09602E+000	-2.00025E+000	3.17144E-004	11	..........a	-327.68
	1321	1322	-1.66496E+000	-2.00194E-001	-2.10227E+000	-2.00025E+000	3.23178E-004	11	..........a	-327.68
	1322	1323	-1.66376E+000	-2.00195E-001	-2.10983E+000	-2.00025E+000	3.23194E-004	11	..........a	-327.68
	1323	1324	-1.66376E+000	-2.00195E-001	-2.11583E+000	-2.00025E+000	3.24628E-004	11	..........a	-327.68
	1324	1325	-1.66496E+000	-2.00194E-001	-2.12022E+000	-2.00025E+000	3.22561E-004	11	..........a	-327.68
	1325	1326	-1.66536E+000	-2.00195E-001	-2.12855E+000	-2.00025E+000	3.23394E-004	11	..........a	-327.68
	1326	1327	-1.66656E+000	-2.00195E-001	-2.12921E+000	-2.00025E+000	3.22228E-004	11	..........a	-327.68
	1327	1328	-1.66576E+000	-2.00194E-001	-2.14166E+000	-2.00025E+000	3.29111E-004	11	..........a	-327.68
	1328	1329	-1.66496E+000	-2.00195E-001	-2.14825E+000	-2.00025E+000	3.17044E-004	11	..........a	-327.68
	1329	1330	-1.66656E+000	-2.00195E-001	-2.15353E+000	-2.00025E+000	3.23444E-004	11	..........a	-327.68
	1330	1331	-1.65976E+000	-2.00195E-001	-2.16581E+000	-2.00025E+000	3.18811E-004	11	..........a	-327.68
	1331	1332	-1.66416E+000	-2.00195E-001	-2.16386E+000	-2.00025E+000	3.19194E-004	11	..........a	-327.68
	1332	1333	-1.66536E+000	-2.00194E-001	-2.16682E+000	-2.00025E+000	3.23744E-004	11	..........a	-327.68
	1333	1334	-1.66256E+000	-2.00195E-001	-2.17548E+000	-2.00025E+000	3.20594E-004	11	..........a	-327.68
	1334	1335	-1.66336E+000	-2.00194E-001	-2.17617E+000	-2.00025E+000	3.17178E-004	11	..........a	-327.68
	1335	1336	-1.66456E+000	-2.00195E-001	-2.17958E+000	-2.00025E+000	3.17728E-004	11	..........a	-327.68
	1336	1337	-1.66296E+000	-2.00194E-001	-2.18329E+000	-2.00025E+000	3.20594E-004	11	..........a	-327.68
	1337	1338	-1.66296E+000	-2.00194E-001	-2.18818E+000	-2.00025E+000	3.21561E-004	11	..........a	-327.68
	1338	1339	-1.66416E+000	-2.00195E-001	-2.19187E+000	-2.00025E+000	3.19128E-004	11	..........a	-327.68
	1339	1340	-1.66336E+000	-2.00195E-001	-2.20420E+000	-2.00025E+000	3.21411E-004	11	..........a	-327.68
	1340	1341	-1.66536E+000	-2.00194E-001	-2.21097E+000	-2.00025E+000	3.13278E-004	11	..........a	-327.68
	1341	1342	-1.66576E+000	-2.00195E-001	-2.21589E+000	-2.00025E+000	3.21661E-004	11	..........a	-327.68
	1342	1343	-1.66496E+000	-2.00195E-001	-2.22293E+000	-2.00025E+000	3.20111E-004	11	..........a	-327.68
	1343	1344	-1.66256E+000	-2.00195E-001	-2.21765E+000	-2.00025E+000	3.22978E-004	11	..........a	-327.68
	1344	1345	-1.66376E+000	-2.00195E-001	-2.22227E+000	-2.00025E+000	3.23344E-004	11	..........a	-327.68
	1345	1346	-1.66656E+000	-2.00195E-001	-2.22188E+000	-2.00025E+000	3.17161E-004	11	..........a	-327.68
	1346	1347	-1.66296E+000	-2.00195E-001	-2.20842E+000	-2.00025E+000	3.14661E-004	11	..........a	-327.68
	1347	1348	-1.66376E+000	-2.00194E-001	-2.08045E+000	-2.00025E+000	3.23894E-004	11	..........a	-327.68
	1348	1349	-1.66536E+000	-2.00195E-001	-2.08863E+000	-2.00025E+000	3.24511E-004	11	..........a	-327.68
	1349	1350	-1.66656E+000	-2.00195E-001	-2.09117E+000	-2.00025E+000	3.27128E-004	11	..........a	-327.68
	1350	1351	-1.66536E+000	-2.00195E-001	-2.10151E+000	-2.00025E+000	3.21044E-004	11	..........a	-327.68
	1351	1352	-1.66576E+000	-2.00194E-001	-2.09974E+000	-2.00025E+000	3.23644E-004	11	..........a	-327.68
	1352	1353	-1.66456E+000	-2.00194E-001	-2.11407E+000	-2.00025E+000	3.22461E-004	11	..........a	-327.68
	1353	1354	-1.66296E+000	-2.00194E-001	-2.12113E+000	-2.00025E+000	3.25794E-004	11	..........a	-327.68
	1354	1355	-1.66496E+000	-2.00194E-001	-2.12448E+000	-2.00025E+000	3.20794E-004	11	..........a	-327.68
	1355	1356	-1.66496E+000	-2.00194E-001	-2.13143E+000	-2.00025E+000	3.19911E-004	11	..........a	-327.68
	1356	1357	-1.66736E+000	-2.00194E-001	-2.13698E+000	-2.00025E+000	3.20028E-004	11	..........a	-327.68
	1357	1358	-1.66456E+000	-2.00194E-001	-2.14523E+000	-2.00025E+000	3.19278E-004	11	..........a	-327.68
	1358	1359	-1.66696E+000	-2.00194E-001	-2.14833E+000	-2.00025E+000	3.22178E-004	11	..........a	-327.68
	1359	1360	-1.66656E+000	-2.00194E-001	-2.15488E+000	-2.00025E+000	3.21178E-004	11	..........a	-327.68
	1360	1361	-1.66416E+000	-2.00193E-001	-2.16399E+000	-2.00025E+000	3.14278E-004	11	..........a	-327.68
	1361	1362	-1.66376E+000	-2.00193E-001	-2.17452E+000	-2.00025E+000	3.18794E-004	11	..........a	-327.68
	1362	1363	-1.66496E+000	-2.00194E-001	-2.17692E+000	-2.00025E+000	3.19161E-004	11	..........a	-327.68
	1363	1364	-1.66656E+000	-2.00194E-001	-2.17821E+000	-2.00025E+000	3.23461E-004	11	..........a	-327.68
	1364	1365	-1.66496E+000	-2.00194E-001	-2.18688E+000	-2.00025E+000	3.16361E-004	11	..........a	-327.68
	1365	1366	-1.66496E+000	-2.00194E-001	-2.19134E+000	-2.00025E+000	3.22311E-004	11	..........a	-327.68
	1366	1367	-1.66656E+000	-2.00195E-001	-2.19596E+000	-2.00025E+000	3.26411E-004	11	..........a	-327.68
	1367	1368	-1.66576E+000	-2.00194E-001	-2.20266E+000	-2.00025E+000	3.17994E-004	11	..........a	-327.68
	1368	1369	-1.66256E+000	-2.00194E-001	-2.05792E+000	-2.00025E+000	3.18011E-004	11	..........a	-327.68
	1369	1370	-1.66256E+000	-2.00194E-001	-2.06649E+000	-2.00025E+000	3.15128E-004	11	..........a	-327.68
	1370	1371	-1.66336E+000	-2.00194E-001	-2.07740E+000	-2.00025E+000	3.11211E-004	11	..........a	-327.68
	1371	1372	-1.66336E+000	-2.00194E-001	-2.08529E+000	-2.00025E+000	3.14294E-004	11	..........a	-327.68
	1372	1373	-1.66496E+000	-2.00194E-001	-2.08949E+000	-2.00025E+000	3.17478E-004	11	..........a	-327.68
	1373	1374	-1.66216E+000	-2.00194E-001	-2.09825E+000	-2.00025E+000	3.20161E-004	11	..........a	-327.68
	1374	1375	-1.66656E+000	-2.00194E-001	-2.10041E+000	-2.00025E+000	3.21394E-004	11	..........a	-327.68
	1375	1376	-1.66456E+000	-2.00194E-001	-2.10888E+000	-2.00025E+000	3.23578E-004	11	..........a	-327.68
	1376	1377	-1.66576E+000	-2.00194E-001	-2.11156E+000	-2.00025E+000	3.23461E-004	11	..........a	-327.68
	1377	1378	-1.66496E+000	-2.00194E-001	-2.12293E+000	-2.00025E+000	3.24844E-004	11	..........a	-327.68
	1378	1379	-1.66376E+000	-2.00194E-001	-2.12578E+000	-2.00025E+000	3.23594E-004	11	..........a	-327.68
	1379	1380	-1.66576E+000	-2.00194E-001	-2.12843E+000	-2.00025E+000	3.26178E-004	11	..........a	-327.68
	1380	1381	-1.66496E+000	-2.00195E-001	-2.13336E+000	-2.00025E+000	3.21611E-004	11	..........a	-327.68
	1381	1382	-1.66656E+000	-2.00194E-001	-2.13837E+000	-2.00025E+000	3.24978E-004	11	..........a	-327.68
	1382	1383	-1.66456E+000	-2.00212E-001	-2.14357E+000	-2.00025E+000	8.57161E-004	11	..........a	-327.68
	1383	1384	-1.66616E+000	-2.00212E-001	-2.14704E+000	-2.00025E+000	8.67828E-004	11	..........a	-327.68
	1384	1385	-1.66296E+000	-2.00212E-001	-2.15172E+000	-2.00025E+000	8.57778E-004	11	..........a	-327.68
	1385	1386	-1.66376E+000	-2.00212E-001	-2.06000E+000	-2.00025E+000	8.60928E-004	11	..........a	-327.68
	1386	1387	-1.66376E+000	-2.00212E-001	-2.06864E+000	-2.00025E+000	8.59861E-004	11	..........a	-327.68
	1387	1388	-1.66536E+000	-2.00212E-001	-2.07622E+000	-2.00025E+000	8.54028E-004	11	..........a	-327.68
	1388	1389	-1.66456E+000	-2.00213E-001	-2.08462E+000	-2.00025E+000	8.68378E-004	11	..........a	-327.68
	1389	1390	-1.66416E+000	-2.00212E-001	-2.09566E+000	-2.00025E+000	8.60094E-004	11	..........a	-327.68
	1390	1391	-1.66376E+000	-2.00212E-001	-2.10370E+000	-2.00025E+000	8.56678E-004	11	..........a	-327.68
	1391	1392	-1.66576E+000	-2.00212E-001	-2.10757E+000	-2.00025E+000	8.59694E-004	11	..........a	-327.68
	1392	1393	-1.66456E+000	-2.00212E-001	-2.11631E+000	-2.00025E+000	8.66844E-004	11	..........a	-327.68
	1393	1394	-1.66496E+000	-2.00213E-001	-2.12338E+000	-2.00025E+000	8.71161E-004	11	..........a	-327.68
	1394	1395	-1.66416E+000	-2.00212E-001	-2.13131E+000	-2.00025E+000	8.54744E-004	11	..........a	-327.68
	1395	1396	-1.66536E+000	-2.00212E-001	-2.13001E+000	-2.00025E+000	8.59061E-004	11	..........a	-327.68
	1396	1397	-1.66416E+000	-2.00211E-001	-2.14012E+000	-2.00025E+000	8.43978E-004	11	..........a	-327.68
	1397	1398	-1.66216E+000	-2.00212E-001	-2.15068E+000	-2.00025E+000	8.56894E-004	11	..........a	-327.68
	1398	1399	-1.66576E+000	-2.00212E-001	-2.15220E+000	-2.00025E+000	8.65011E-004	11	..........a	-327.68
	1399	1400	-1.66456E+000	-2.00213E-001	-2.15631E+000	-2.00025E+000	8.59761E-004	11	..........a	-327.68
	1400	1401	-1.66376E+000	-2.00213E-001	-2.15994E+000	-2.00025E+000	8.76161E-004	11	..........a	-327.68
	1401	1402	-1.66456E+000	-2.00212E-001	-2.16359E+000	-2.00025E+000	8.62428E-004	11	..........a	-327.68
	1402	1403	-1.66376E+000	-2.00213E-001	-2.17030E+000	-2.00025E+000	8.76828E-004	11	..........a	-327.68
	1403	1404	-1.66416E+000	-2.00213E-001	-2.06219E+000	-2.00025E+000	8.76111E-004	11	..........a	-327.68
	1404	1405	-1.66376E+000	-2.00213E-001	-2.07144E+000	-2.00025E+000	8.69711E-004	11	..........a	-327.68
	1405	1406	-1.66376E+000	-2.00213E-001	-2.08218E+000	-2.00025E+000	8.60894E-004	11	..........a	-327.68
	1406	1407	-1.66376E+000	-2.00212E-001	-2.09136E+000	-2.00025E+000	8.70144E-004	11	..........a	-327.68
	1407	1408	-1.66416E+000	-2.00213E-001	-2.09840E+000	-2.00025E+000	8.66828E-004	11	..........a	-327.68
	1408	1409	-1.66176E+000	-2.00190E-001	-2.11046E+000	-2.00025E+000	2.09378E-004	11	..........a	-327.68
	1409	1410	-1.66576E+000	-2.00190E-001	-2.11413E+000	-2.00025E+000	2.13778E-004	11	..........a	-327.68
	1410	1411	-1.66336E+000	-2.00190E-001	-2.12352E+000	-2.00025E+000	2.09411E-004	11	..........a	-327.68
	1411	1412	-1.66576E+000	-2.00190E-001	-2.12851E+000	-2.00025E+000	2.11028E-004	11	..........a	-327.68
	1412	1413	-1.66336E+000	-2.00190E-001	-2.13940E+000	-2.00025E+000	2.18261E-004	11	..........a	-327.68
	1413	1414	-1.66456E+000	-2.00190E-001	-2.14655E+000	-2.00025E+000	2.07428E-004	11	..........a	-327.68
	1414	1415	-1.66376E+000	-2.00189E-001	-2.15539E+000	-2.00025E+000	2.10344E-004	11	..........a	-327.68
	1415	1416	-1.66456E+000	-2.00189E-001	-2.16088E+000	-2.00025E+000	2.18611E-004	11	..........a	-327.68
	1416	1417	-1.66496E+000	-2.00190E-001	-2.16526E+000	-2.00025E+000	2.07594E-004	11	..........a	-327.68
	1417	1418	-1.66456E+000	-2.00190E-001	-2.16815E+000	-2.00025E+000	2.15728E-004	11	..........a	-327.68
	1418	1419	-1.66456E+000	-2.00190E-001	-2.17690E+000	-2.00025E+000	1.98828E-004	11	..........a	-327.68
	1419	1420	-1.66376E+000	-2.00190E-001	-2.18100E+000	-2.00025E+000	2.01344E-004	11	..........a	-327.68
	1420	1421	-1.66416E+000	-2.00190E-001	-2.18530E+000	-2.00025E+000	1.98278E-004	11	..........a	-327.68
	1421	1422	-1.66296E+000	-2.00190E-001	-2.18532E+000	-2.00025E+000	2.07294E-004	11	..........a	-327.68
	1422	1423	-1.66216E+000	-2.00190E-001	-2.18982E+000	-2.00025E+000	2.03094E-004	11	..........a	-327.68
	1423	1424	-1.66136E+000	-2.00190E-001	-2.19691E+000	-2.00025E+000	2.02094E-004	11	..........a	-327.68
	1424	1425	-1.66256E+000	-2.00190E-001	-2.20258E+000	-2.00025E+000	2.04694E-004	11	..........a	-327.68
	1425	1426	-1.66296E+000	-2.00190E-001	-2.20896E+000	-2.00025E+000	2.07494E-004	11	..........a	-327.68
	1426	1427	-1.66416E+000	-2.00190E-001	-2.21254E+000	-2.00025E+000	2.04311E-004	11	..........a	-327.68
	1427	1428	-1.66576E+000	-2.00190E-001	-2.21856E+000	-2.00025E+000	2.03428E-004	11	..........a	-327.68
	1428	1429	-1.66616E+000	-2.00190E-001	-2.22038E+000	-2.00025E+000	2.02561E-004	11	..........a	-327.68
	1429	1430	-1.66376E+000	-2.00190E-001	-2.08842E+000	-2.00025E+000	2.04461E-004	11	..........a	-327.68
	1430	1431	-1.66376E+000	-2.00190E-001	-2.09619E+000	-2.00025E+000	2.02094E-004	11	..........a	-327.68
	1431	1432	-1.66376E+000	-2.00190E-001	-2.10525E+000	-2.00025E+000	1.95178E-004	11	..........a	-327.68
	1432	1433	-1.66296E+000	-2.00189E-001	-2.11510E+000	-2.00025E+000	2.07161E-004	11	..........a	-327.68
	1433	1434	-1.66616E+000	-2.00189E-001	-2.12016E+000	-2.00025E+000	1.96744E-004	11	..........a	-327.68
	1434	1435	-1.66336E+000	-2.00195E-001	-2.12996E+000	-2.00025E+000	3.03078E-004	11	..........a	-327.68
	1435	1436	-1.66616E+000	-2.00195E-001	-2.13596E+000	-2.00025E+000	2.99828E-004	11	..........a	-327.68
	1436	1437	-1.66696E+000	-2.00195E-001	-2.14225E+000	-2.00025E+000	3.00394E-004	11	..........a	-327.68
	1437	1438	-1.66336E+000	-2.00195E-001	-2.15140E+000	-2.00025E+000	3.04461E-004	11	..........a	-327.68
	1438	1439	-1.66536E+000	-2.00195E-001	-2.15318E+000	-2.00025E+000	2.97494E-004	11	..........a	-327.68
	1439	1440	-1.66376E+000	-2.00195E-001	-2.15484E+000	-2.00025E+000	3.01811E-004	11	..........a	-327.68
	1440	1441	-1.66216E+000	-2.00195E-001	-2.16710E+000	-2.00025E+000	3.00644E-004	11	..........a	-327.68
	1441	1442	-1.66416E+000	-2.00195E-001	-2.16380E+000	-2.00025E+000	3.12261E-004	11	..........a	-327.68
	1442	1443	-1.66416E+000	-2.00195E-001	-2.06401E+000	-2.00025E+000	3.06961E-004	11	..........a	-327.68
	1443	1444	-1.66296E+000	-2.00195E-001	-2.07449E+000	-2.00025E+000	3.00678E-004	11	..........a	-327.68
	1444	1445	-1.66456E+000	-2.00195E-001	-2.08339E+000	-2.00025E+000	3.02944E-004	11	..........a	-327.68
	1445	1446	-1.66496E+000	-2.00195E-001	-2.09027E+000	-2.00025E+000	3.01811E-004	11	..........a	-327.68
	1446	1447	-1.66376E+000	-2.00195E-001	-2.09949E+000	-2.00025E+000	3.07478E-004	11	..........a	-327.68
	1447	1448	-1.66416E+000	-2.00196E-001	-2.10800E+000	-2.00025E+000	2.95528E-004	11	..........a	-327.68
	1448	1449	-1.66216E+000	-2.00195E-001	-2.11462E+000	-2.00025E+000	3.07811E-004	11	..........a	-327.68
	1449	1450	-1.66176E+000	-2.00195E-001	-2.12078E+000	-2.00025E+000	3.10128E-004	11	..........a	-327.68
	1450	1451	-1.66296E+000	-2.00195E-001	-2.12658E+000	-2.00025E+000	3.13644E-004	11	..........a	-327.68
	1451	1452	-1.66296E+000	-2.00196E-001	-2.13332E+000	-2.00025E+000	3.07428E-004	11	..........a	-327.68
	1452	1453	-1.66656E+000	-2.00195E-001	-2.13809E+000	-2.00025E+000	2.99728E-004	11	..........a	-327.68
	1453	1454	-1.66336E+000	-2.00195E-001	-2.14724E+000	-2.00025E+000	3.05611E-004	11	..........a	-327.68
	1454	1455	-1.66456E+000	-2.00195E-001	-2.15242E+000	-2.00025E+000	3.07478E-004	11	..........a	-327.68
	1455	1456	-1.66576E+000	-2.00195E-001	-2.15662E+000	-2.00025E+000	3.07228E-004	11	..........a	-327.68
	1456	1457	-1.66536E+000	-2.00195E-001	-2.16193E+000	-2.00025E+000	3.09311E-004	11	..........a	-327.68
	1457	1458	-1.66536E+000	-2.00196E-001	-2.17198E+000	-2.00025E+000	3.01811E-004	11	..........a	-327.68
	1458	1459	-1.66456E+000	-2.00195E-001	-2.17515E+000	-2.00025E+000	3.06178E-004	11	..........a	-327.68
	1459	1460	-1.66456E+000	-2.00195E-001	-2.17935E+000	-2.00025E+000	3.07428E-004	11	..........a	-327.68
	1460	1461	-1.66216E+000	-2.00194E-001	-2.18792E+000	-2.00025E+000	2.84028E-004	11	..........a	-327.68
	1461	1462	-1.66376E+000	-2.00194E-001	-2.18875E+000	-2.00025E+000	2.81861E-004	11	..........a	-327.68
	1462	1463	-1.66296E+000	-2.00193E-001	-2.19778E+000	-2.00025E+000	2.85728E-004	11	..........a	-327.68
	1463	1464	-1.66216E+000	-2.00194E-001	-2.14725E+000	-2.00025E+000	2.82794E-004	11	..........a	-327.68
	1464	1465	-1.66376E+000	-2.00193E-001	-2.11996E+000	-2.00025E+000	2.81844E-004	11	..........a	-327.68
	1465	1466	-1.66456E+000	-2.00194E-001	-2.12765E+000	-2.00025E+000	2.84211E-004	11	..........a	-327.68
	1466	1467	-1.66376E+000	-2.00194E-001	-2.13594E+000	-2.00025E+000	2.73494E-004	11	..........a	-327.68
	1467	1468	-1.66256E+000	-2.00194E-001	-2.13910E+000	-2.00025E+000	2.77161E-004	11	..........a	-327.68
	1468	1469	-1.66376E+000	-2.00194E-001	-2.14602E+000	-2.00025E+000	2.77828E-004	11	..........a	-327.68
	1469	1470	-1.66456E+000	-2.00194E-001	-2.15088E+000	-2.00025E+000	2.93094E-004	11	..........a	-327.68
	1470	1471	-1.66296E+000	-2.00194E-001	-2.15894E+000	-2.00025E+000	2.91144E-004	11	..........a	-327.68
	1471	1472	-1.66376E+000	-2.00194E-001	-2.16346E+000	-2.00025E+000	2.88511E-004	11	..........a	-327.68
	1472	1473	-1.66456E+000	-2.00193E-001	-2.16728E+000	-2.00025E+000	2.86544E-004	11	..........a	-327.68
	1473	1474	-1.66456E+000	-2.00193E-001	-2.17388E+000	-2.00025E+000	2.84211E-004	11	..........a	-327.68
	1474	1475	-1.66336E+000	-2.00193E-001	-2.18156E+000	-2.00025E+000	2.87694E-004	11	..........a	-327.68
	1475	1476	-1.66296E+000	-2.00193E-001	-2.18941E+000	-2.00025E+000	2.97928E-004	11	..........a	-327.68
	1476	1477	-1.66376E+000	-2.00193E-001	-2.19396E+000	-2.00025E+000	2.88444E-004	11	..........a	-327.68
	1477	1478	-1.66496E+000	-2.00193E-001	-2.19745E+000	-2.00025E+000	2.87978E-004	11	..........a	-327.68
	1478	1479	-1.66416E+000	-2.00194E-001	-2.20132E+000	-2.00025E+000	2.91994E-004	11	..........a	-327.68
	1479	1480	-1.66376E+000	-2.00193E-001	-2.20730E+000	-2.00025E+000	2.95794E-004	11	..........a	-327.68
	1480	1481	-1.66256E+000	-2.00193E-001	-2.21164E+000	-2.00025E+000	2.92361E-004	11	..........a	-327.68
	1481	1482	-1.66536E+000	-2.00193E-001	-2.21522E+000	-2.00025E+000	2.90128E-004	11	..........a	-327.68
	1482	1483	-1.66136E+000	-2.00194E-001	-2.07187E+000	-2.00025E+000	2.91094E-004	11	..........a	-327.68
	1483	1484	-1.66216E+000	-2.00194E-001	-2.07939E+000	-2.00025E+000	2.89711E-004	11	..........a	-327.68
	1484	1485	-1.66176E+000	-2.00193E-001	-2.08576E+000	-2.00025E+000	2.92911E-004	11	..........a	-327.68
	1485	1486	-1.66416E+000	-2.00193E-001	-2.09111E+000	-2.00025E+000	2.89094E-004	11	..........a	-327.68
	1486	1487	-1.66296E+000	-2.00193E-001	-2.09954E+000	-2.00025E+000	2.96211E-004	11	..........a	-327.68
	1487	1488	-1.66536E+000	-2.00193E-001	-2.10694E+000	-2.00025E+000	2.91544E-004	11	..........a	-327.68
	1488	1489	-1.66456E+000	-2.00193E-001	-2.11626E+000	-2.00025E+000	2.89328E-004	11	..........a	-327.68
	1489	1490	-1.66136E+000	-2.00193E-001	-2.12874E+000	-2.00025E+000	2.98778E-004	11	..........a	-327.68
	1490	1491	-1.66336E+000	-2.00193E-001	-2.13411E+000	-2.00025E+000	2.96178E-004	11	..........a	-327.68
	1491	1492	-1.66296E+000	-2.00193E-001	-2.13883E+000	-2.00025E+000	2.85961E-004	11	..........a	-327.68
	1492	1493	-1.66416E+000	-2.00193E-001	-2.14277E+000	-2.00025E+000	3.05511E-004	11	..........a	-327.68
	1493	1494	-1.66416E+000	-2.00193E-001	-2.14802E+000	-2.00025E+000	2.97128E-004	11	..........a	-327.68
	1494	1495	-1.66536E+000	-2.00193E-001	-2.15399E+000	-2.00025E+000	2.89378E-004	11	..........a	-327.68
	1495	1496	-1.66496E+000	-2.00193E-001	-2.16572E+000	-2.00025E+000	2.69161E-004	11	..........a	-327.68
	1496	1497	-1.66416E+000	-2.00193E-001	-2.16847E+000	-2.00025E+000	2.78861E-004	11	..........a	-327.68
	1497	1498	-1.66256E+000	-2.00193E-001	-2.17603E+000	-2.00025E+000	2.79561E-004	11	..........a	-327.68
	1498	1499	-1.66376E+000	-2.00194E-001	-2.18111E+000	-2.00025E+000	2.89144E-004	11	..........a	-327.68
	1499	1500	-1.66456E+000	-2.00194E-001	-2.18033E+000	-2.00025E+000	2.91828E-004	11	..........a	-327.68
	1500	1501	-1.66216E+000	-2.00193E-001	-2.19019E+000	-2.00025E+000	2.95561E-004	11	..........a	-327.68
	1501	1502	-1.66096E+000	-2.00194E-001	-2.07502E+000	-2.00025E+000	2.92328E-004	11	..........a	-327.68
	1502	1503	-1.66216E+000	-2.00193E-001	-2.08245E+000	-2.00025E+000	2.84761E-004	11	..........a	-327.68
	1503	1504	-1.66376E+000	-2.00193E-001	-2.08702E+000	-2.00025E+000	2.90044E-004	11	..........a	-327.68
	1504	1505	-1.66416E+000	-2.00194E-001	-2.09602E+000	-2.00025E+000	2.89594E-004	11	..........a	-327.68
	1505	1506	-1.66136E+000	-2.00193E-001	-2.10192E+000	-2.00025E+000	2.89044E-004	11	..........a	-327.68
	1506	1507	-1.66376E+000	-2.00193E-001	-2.10848E+000	-2.00025E+000	2.87611E-004	11	..........a	-327.68
	1507	1508	-1.66256E+000	-2.00193E-001	-2.11694E+000	-2.00025E+000	2.78911E-004	11	..........a	-327.68
	1508	1509	-1.66096E+000	-2.00193E-001	-2.12736E+000	-2.00025E+000	2.82244E-004	11	..........a	-327.68
	1509	1510	-1.66256E+000	-2.00193E-001	-2.13025E+000	-2.00025E+000	2.86978E-004	11	..........a	-327.68
	1510	1511	-1.66416E+000	-2.00193E-001	-2.13159E+000	-2.00025E+000	2.80328E-004	11	..........a	-327.68
	1511	1512	-1.66176E+000	-2.00193E-001	-2.13655E+000	-2.00025E+000	2.81228E-004	11	..........a	-327.68
	1512	1513	-1.66416E+000	-2.00193E-001	-2.14089E+000	-2.00025E+000	2.86344E-004	11	..........a	-327.68
	1513	1514	-1.66176E+000	-2.00193E-001	-2.14507E+000	-2.00025E+000	2.91778E-004	11	..........a	-327.68
	1514	1515	-1.66256E+000	-2.00193E-001	-2.15310E+000	-2.00025E+000	2.96928E-004	11	..........a	-327.68
	1515	1516	-1.66176E+000	-2.00193E-001	-2.15800E+000	-2.00025E+000	2.99461E-004	11	..........a	-327.68
	1516	1517	-1.66296E+000	-2.00193E-001	-2.16380E+000	-2.00025E+000	2.86711E-004	11	..........a	-327.68
	1517	1518	-1.66296E+000	-2.00193E-001	-2.16936E+000	-2.00025E+000	2.85511E-004	11	..........a	-327.68
	1518	1519	-1.66096E+000	-2.00193E-001	-2.17768E+000	-2.00025E+000	2.91828E-004	11	..........a	-327.68
	1519	1520	-1.66256E+000	-2.00194E-001	-2.18315E+000	-2.00025E+000	2.79978E-004	11	..........a	-327.68
	1520	1521	-1.66216E+000	-2.00193E-001	-2.18947E+000	-2.00025E+000	2.96878E-004	11	..........a	-327.68
	1521	1522	-1.66256E+000	-2.00193E-001	-2.12604E+000	-2.00025E+000	3.01378E-004	11	..........a	-327.68
	1522	1523	-1.66456E+000	-2.00193E-001	-2.13183E+000	-2.00025E+000	2.93561E-004	11	..........a	-327.68
	1523	1524	-1.66376E+000	-2.00193E-001	-2.13658E+000	-2.00025E+000	2.88244E-004	11	..........a	-327.68
	1524	1525	-1.66296E+000	-2.00193E-001	-2.14445E+000	-2.00025E+000	2.93744E-004	11	..........a	-327.68
	1525	1526	-1.66056E+000	-2.00193E-001	-2.15591E+000	-2.00025E+000	2.95894E-004	11	..........a	-327.68
	1526	1527	-1.66096E+000	-2.00193E-001	-2.16007E+000	-2.00025E+000	2.90394E-004	11	..........a	-327.68
	1527	1528	-1.66376E+000	-2.00193E-001	-2.16298E+000	-2.00025E+000	2.89128E-004	11	..........a	-327.68
	1528	1529	-1.66456E+000	-2.00193E-001	-2.16749E+000	-2.00025E+000	2.84828E-004	11	..........a	-327.68
	1529	1530	-1.66136E+000	-2.00193E-001	-2.17733E+000	-2.00025E+000	2.84844E-004	11	..........a	-327.68
	1530	1531	-1.66216E+000	-2.00193E-001	-2.17868E+000	-2.00025E+000	2.86478E-004	11	..........a	-327.68
	1531	1532	-1.66256E+000	-2.00193E-001	-2.18268E+000	-2.00025E+000	2.88928E-004	11	..........a	-327.68
	1532	1533	-1.66176E+000	-2.00193E-001	-2.18795E+000	-2.00025E+000	2.87544E-004	11	..........a	-327.68
	1533	1534	-1.66376E+000	-2.00193E-001	-2.19048E+000	-2.00025E+000	2.86094E-004	11	..........a	-327.68
	1534	1535	-1.66096E+000	-2.00194E-001	-2.19821E+000	-2.00025E+000	2.84278E-004	11	..........a	-327.68
	1535	1536	-1.66176E+000	-2.00193E-001	-2.20429E+000	-2.00025E+000	2.81744E-004	11	..........a	-327.68
	1536	1537	-1.66176E+000	-2.00194E-001	-2.20812E+000	-2.00025E+000	2.85794E-004	11	..........a	-327.68
	1537	1538	-1.66416E+000	-2.00193E-001	-2.21183E+000	-2.00025E+000	2.82311E-004	11	..........a	-327.68
	1538	1539	-1.66176E+000	-2.00194E-001	-2.22041E+000	-2.00025E+000	2.90911E-004	11	..........a	-327.68
	1539	1540	-1.66256E+000	-2.00193E-001	-2.22482E+000	-2.00025E+000	2.84978E-004	11	..........a	-327.68
	1540	1541	-1.66056E+000	-2.00193E-001	-2.23211E+000	-2.00025E+000	2.87444E-004	11	..........a	-327.68
	1541	1542	-1.65976E+000	-2.00193E-001	-2.06254E+000	-2.00025E+000	2.84694E-004	11	..........a	-327.68
	1542	1543	-1.66176E+000	-2.00193E-001	-2.06752E+000	-2.00025E+000	2.78211E-004	11	..........a	-327.68
	1543	1544	-1.66096E+000	-2.00192E-001	-2.07693E+000	-2.00025E+000	2.77994E-004	11	..........a	-327.68
	1544	1545	-1.66056E+000	-2.00193E-001	-2.08549E+000	-2.00025E+000	2.71811E-004	11	..........a	-327.68
	1545	1546	-1.66136E+000	-2.00193E-001	-2.09391E+000	-2.00025E+000	2.84894E-004	11	..........a	-327.68
	1546	1547	-1.66056E+000	-2.00193E-001	-2.10142E+000	-2.00025E+000	2.79644E-004	11	..........a	-327.68
	1547	1548	-1.66376E+000	-2.00193E-001	-2.10637E+000	-2.00025E+000	2.84328E-004	11	..........a	-327.68
	1548	1549	-1.66296E+000	-2.00193E-001	-2.11505E+000	-2.00025E+000	2.80278E-004	11	..........a	-327.68
	1549	1550	-1.66336E+000	-2.00193E-001	-2.11804E+000	-2.00025E+000	2.77894E-004	11	..........a	-327.68
	1550	1551	-1.66416E+000	-2.00193E-001	-2.12661E+000	-2.00025E+000	2.90844E-004	11	..........a	-327.68
	1551	1552	-1.66376E+000	-2.00194E-001	-2.13450E+000	-2.00025E+000	2.87128E-004	11	..........a	-327.68
	1552	1553	-1.66376E+000	-2.00193E-001	-2.14357E+000	-2.00025E+000	2.86311E-004	11	..........a	-327.68
	1553	1554	-1.66376E+000	-2.00193E-001	-2.14932E+000	-2.00025E+000	2.94394E-004	11	..........a	-327.68
	1554	1555	-1.66256E+000	-2.00194E-001	-2.15898E+000	-2.00025E+000	2.86294E-004	11	..........a	-327.68
	1555	1556	-1.66416E+000	-2.00193E-001	-2.16477E+000	-2.00025E+000	2.84228E-004	11	..........a	-327.68
	1556	1557	-1.66336E+000	-2.00193E-001	-2.17599E+000	-2.00025E+000	2.78028E-004	11	..........a	-327.68
	1557	1558	-1.66456E+000	-2.00193E-001	-2.17569E+000	-2.00025E+000	2.82478E-004	11	..........a	-327.68
	1558	1559	-1.66416E+000	-2.00193E-001	-2.17968E+000	-2.00025E+000	2.88961E-004	11	..........a	-327.68
	1559	1560	-1.66336E+000	-2.00193E-001	-2.18564E+000	-2.00025E+000	2.79278E-004	11	..........a	-327.68
	1560	1561	-1.65896E+000	-2.00193E-001	-2.06808E+000	-2.00025E+000	2.77628E-004	11	..........a	-327.68
	1561	1562	-1.66256E+000	-2.00193E-001	-2.07402E+000	-2.00025E+000	2.71944E-004	11	..........a	-327.68
	1562	1563	-1.66096E+000	-2.00193E-001	-2.08776E+000	-2.00025E+000	2.84711E-004	11	..........a	-327.68
	1563	1564	-1.66416E+000	-2.00193E-001	-2.09532E+000	-2.00025E+000	2.79361E-004	11	..........a	-327.68
	1564	1565	-1.66256E+000	-2.00192E-001	-2.10471E+000	-2.00025E+000	2.89194E-004	11	..........a	-327.68
	1565	1566	-1.66256E+000	-2.00193E-001	-2.11242E+000	-2.00025E+000	2.95928E-004	11	..........a	-327.68
	1566	1567	-1.66376E+000	-2.00193E-001	-2.11969E+000	-2.00025E+000	2.83578E-004	11	..........a	-327.68
	1567	1568	-1.66376E+000	-2.00193E-001	-2.12637E+000	-2.00025E+000	2.81578E-004	11	..........a	-327.68
	1568	1569	-1.66456E+000	-2.00193E-001	-2.13042E+000	-2.00025E+000	2.88444E-004	11	..........a	-327.68
	1569	1570	-1.66256E+000	-2.00193E-001	-2.13780E+000	-2.00025E+000	2.92944E-004	11	..........a	-327.68
	1570	1571	-1.66176E+000	-2.00193E-001	-2.14395E+000	-2.00025E+000	2.89094E-004	11	..........a	-327.68
	1571	1572	-1.66416E+000	-2.00192E-001	-2.14875E+000	-2.00025E+000	2.83278E-004	11	..........a	-327.68
	1572	1573	-1.65776E+000	-2.00192E-001	-2.16191E+000	-2.00025E+000	2.43128E-004	11	..........a	-327.68
	1573	1574	-1.66296E+000	-2.00192E-001	-2.15760E+000	-2.00025E+000	2.42511E-004	11	..........a	-327.68
	1574	1575	-1.66256E+000	-2.00192E-001	-2.16487E+000	-2.00025E+000	2.37978E-004	11	..........a	-327.68
	1575	1576	-1.66176E+000	-2.00192E-001	-2.17377E+000	-2.00025E+000	2.46978E-004	11	..........a	-327.68
	1576	1577	-1.66176E+000	-2.00192E-001	-2.17061E+000	-2.00025E+000	2.50761E-004	11	..........a	-327.68
	1577	1578	-1.66496E+000	-2.00193E-001	-2.17344E+000	-2.00025E+000	2.44928E-004	11	..........a	-327.68
	1578	1579	-1.66296E+000	-2.00192E-001	-2.17650E+000	-2.00025E+000	2.44494E-004	11	..........a	-327.68
	1579	1580	-1.66296E+000	-2.00192E-001	-2.18175E+000	-2.00025E+000	2.48344E-004	11	..........a	-327.68
	1580	1581	-1.66456E+000	-2.00192E-001	-2.18666E+000	-2.00025E+000	2.49228E-004	11	..........a	-327.68
	1581	1582	-1.66296E+000	-2.00193E-001	-2.19394E+000	-2.00025E+000	2.45361E-004	11	..........a	-327.68
	1582	1583	-1.66536E+000	-2.00192E-001	-2.19087E+000	-2.00025E+000	2.38994E-004	11	..........a	-327.68
	1583	1584	-1.66176E+000	-2.00193E-001	-2.11563E+000	-2.00025E+000	2.47561E-004	11	..........a	-327.68
	1584	1585	-1.66176E+000	-2.00192E-001	-2.11753E+000	-2.00025E+000	2.44878E-004	11	..........a	-327.68
	1585	1586	-1.66416E+000	-2.00192E-001	-2.12084E+000	-2.00025E+000	2.42694E-004	11	..........a	-327.68
	1586	1587	-1.66256E+000	-2.00193E-001	-2.13007E+000	-2.00025E+000	2.38094E-004	11	..........a	-327.68
	1587	1588	-1.66096E+000	-2.00192E-001	-2.13737E+000	-2.00025E+000	2.38344E-004	11	..........a	-327.68
	1588	1589	-1.66416E+000	-2.00192E-001	-2.14034E+000	-2.00025E+000	2.44311E-004	11	..........a	-327.68
	1589	1590	-1.66336E+000	-2.00192E-001	-2.14794E+000	-2.00025E+000	2.39028E-004	11	..........a	-327.68
	1590	1591	-1.66416E+000	-2.00192E-001	-2.15382E+000	-2.00025E+000	2.33811E-004	11	..........a	-327.68
	1591	1592	-1.66376E+000	-2.00192E-001	-2.15894E+000	-2.00025E+000	2.41778E-004	11	..........a	-327.68
	1592	1593	-1.66416E+000	-2.00192E-001	-2.16470E+000	-2.00025E+000	2.33428E-004	11	..........a	-327.68
	1593	1594	-1.66256E+000	-2.00192E-001	-2.16780E+000	-2.00025E+000	2.44094E-004	11	..........a	-327.68
	1594	1595	-1.65896E+000	-2.00193E-001	-2.15952E+000	-2.00025E+000	2.38528E-004	11	..........a	-327.68
	1595	1596	-1.65936E+000	-2.00192E-001	-2.07873E+000	-2.00025E+000	2.48044E-004	11	..........a	-327.68
	1596	1597	-1.66096E+000	-2.00192E-001	-2.08857E+000	-2.00025E+000	2.37728E-004	11	..........a	-327.68
	1597	1598	-1.66176E+000	-2.00192E-001	-2.09477E+000	-2.00025E+000	2.37428E-004	11	..........a	-327.68
	1598	1599	-1.66336E+000	-2.00192E-001	-2.10118E+000	-2.00025E+000	2.41728E-004	11	..........a	-327.68
	1599	1600	-1.66216E+000	-2.00192E-001	-2.10854E+000	-2.00025E+000	2.40278E-004	11	..........a	-327.68
	1600	1601	-1.66216E+000	-2.00192E-001	-2.11599E+000	-2.00025E+000	2.38144E-004	11	..........a	-327.68
	1601	1602	-1.66376E+000	-2.00192E-001	-2.12232E+000	-2.00025E+000	2.42994E-004	11	..........a	-327.68
	1602	1603	-1.66256E+000	-2.00192E-001	-2.13242E+000	-2.00025E+000	2.48978E-004	11	..........a	-327.68
	1603	1604	-1.66256E+000	-2.00192E-001	-2.13992E+000	-2.00025E+000	2.49911E-004	11	..........a	-327.68
	1604	1605	-1.66376E+000	-2.00192E-001	-2.14329E+000	-2.00025E+000	2.45111E-004	11	..........a	-327.68
	1605	1606	-1.66176E+000	-2.00192E-001	-2.15488E+000	-2.00025E+000	2.42944E-004	11	..........a	-327.68
	1606	1607	-1.66496E+000	-2.00193E-001	-2.15921E+000	-2.00025E+000	2.38544E-004	11	..........a	-327.68
	1607	1608	-1.66376E+000	-2.00193E-001	-2.16717E+000	-2.00025E+000	2.42661E-004	11	..........a	-327.68
	1608	1609	-1.66296E+000	-2.00193E-001	-2.17192E+000	-2.00025E+000	2.43728E-004	11	..........a	-327.68
	1609	1610	-1.66416E+000	-2.00193E-001	-2.17762E+000	-2.00025E+000	2.50844E-004	11	..........a	-327.68
	1610	1611	-1.66456E+000	-2.00193E-001	-2.17969E+000	-2.00025E+000	2.48878E-004	11	..........a	-327.68
	1611	1612	-1.66256E+000	-2.00193E-001	-2.18330E+000	-2.00025E+000	2.11111E-004	11	..........a	-327.68
	1612	1613	-1.66416E+000	-2.00193E-001	-2.18779E+000	-2.00025E+000	2.09611E-004	11	..........a	-327.68
	1613	1614	-1.65896E+000	-2.00193E-001	-2.07093E+000	-2.00025E+000	2.12594E-004	11	..........a	-327.68
	1614	1615	-1.66176E+000	-2.00193E-001	-2.07513E+000	-2.00025E+000	2.18228E-004	11	..........a	-327.68
	1615	1616	-1.66136E+000	-2.00193E-001	-2.08482E+000	-2.00025E+000	2.10161E-004	11	..........a	-327.68
	1616	1617	-1.66336E+000	-2.00193E-001	-2.08763E+000	-2.00025E+000	2.09744E-004	11	..........a	-327.68
	1617	1618	-1.66416E+000	-2.00193E-001	-2.09499E+000	-2.00025E+000	2.06011E-004	11	..........a	-327.68
	1618	1619	-1.66216E+000	-2.00193E-001	-2.10290E+000	-2.00025E+000	2.04744E-004	11	..........a	-327.68
	1619	1620	-1.66176E+000	-2.00194E-001	-2.11666E+000	-2.00025E+000	2.02111E-004	11	..........a	-327.68
	1620	1621	-1.66256E+000	-2.00193E-001	-2.11816E+000	-2.00025E+000	2.17594E-004	11	..........a	-327.68
	1621	1622	-1.66416E+000	-2.00193E-001	-2.12438E+000	-2.00025E+000	2.06011E-004	11	..........a	-327.68
	1622	1623	-1.66256E+000	-2.00193E-001	-2.13237E+000	-2.00025E+000	1.95611E-004	11	..........a	-327.68
	1623	1624	-1.66256E+000	-2.00193E-001	-2.13988E+000	-2.00025E+000	2.11394E-004	11	..........a	-327.68
	1624	1625	-1.66296E+000	-2.00193E-001	-2.13917E+000	-2.00025E+000	2.89894E-004	11	..........a	-327.68
	1625	1626	-1.66336E+000	-2.00194E-001	-2.14559E+000	-2.00025E+000	2.78411E-004	11	..........a	-327.68
	1626	1627	-1.66056E+000	-2.00193E-001	-2.15210E+000	-2.00025E+000	2.83828E-004	11	..........a	-327.68
	1627	1628	-1.66296E+000	-2.00193E-001	-2.15583E+000	-2.00025E+000	2.83744E-004	11	..........a	-327.68
	1628	1629	-1.66176E+000	-2.00193E-001	-2.16880E+000	-2.00025E+000	2.87644E-004	11	..........a	-327.68
	1629	1630	-1.66256E+000	-2.00193E-001	-2.17305E+000	-2.00025E+000	2.81928E-004	11	..........a	-327.68
	1630	1631	-1.66056E+000	-2.00193E-001	-2.17223E+000	-2.00025E+000	2.76128E-004	11	..........a	-327.68
	1631	1632	-1.66216E+000	-2.00193E-001	-2.07991E+000	-2.00025E+000	2.64644E-004	11	..........a	-327.68
	1632	1633	-1.66096E+000	-2.00192E-001	-2.09119E+000	-2.00025E+000	2.80011E-004	11	..........a	-327.68
	1633	1634	-1.66296E+000	-2.00193E-001	-2.09588E+000	-2.00025E+000	2.79561E-004	11	..........a	-327.68
	1634	1635	-1.66416E+000	-2.00193E-001	-2.10284E+000	-2.00025E+000	2.80244E-004	11	..........a	-327.68
	1635	1636	-1.66216E+000	-2.00193E-001	-2.11660E+000	-2.00025E+000	2.77978E-004	11	..........a	-327.68
	1636	1637	-1.66376E+000	-2.00193E-001	-2.12096E+000	-2.00025E+000	2.79878E-004	11	..........a	-327.68
	1637	1638	-1.66256E+000	-2.00193E-001	-2.12946E+000	-2.00025E+000	2.79478E-004	11	..........a	-327.68
	1638	1639	-1.66416E+000	-2.00192E-001	-2.13322E+000	-2.00025E+000	2.77311E-004	11	..........a	-327.68
	1639	1640	-1.66176E+000	-2.00192E-001	-2.14125E+000	-2.00025E+000	2.83094E-004	11	..........a	-327.68
	1640	1641	-1.66416E+000	-2.00192E-001	-2.14752E+000	-2.00025E+000	2.81361E-004	11	..........a	-327.68
	1641	1642	-1.66256E+000	-2.00193E-001	-2.15720E+000	-2.00025E+000	2.79794E-004	11	..........a	-327.68
	1642	1643	-1.66456E+000	-2.00193E-001	-2.15892E+000	-2.00025E+000	2.86694E-004	11	..........a	-327.68
	1643	1644	-1.66416E+000	-2.00193E-001	-2.15957E+000	-2.00025E+000	2.85028E-004	11	..........a	-327.68
	1644	1645	-1.66376E+000	-2.00192E-001	-2.16530E+000	-2.00025E+000	2.81444E-004	11	..........a	-327.68
	1645	1646	-1.66216E+000	-2.00192E-001	-2.16971E+000	-2.00025E+000	2.85528E-004	11	..........a	-327.68
	1646	1647	-1.66256E+000	-2.00192E-001	-2.17699E+000	-2.00025E+000	2.78661E-004	11	..........a	-327.68
	1647	1648	-1.66096E+000	-2.00193E-001	-2.18277E+000	-2.00025E+000	2.76861E-004	11	..........a	-327.68
	1648	1649	-1.66256E+000	-2.00193E-001	-2.18813E+000	-2.00025E+000	2.79228E-004	11	..........a	-327.68
	1649	1650	-1.66136E+000	-2.00192E-001	-2.08627E+000	-2.00025E+000	2.79478E-004	11	..........a	-327.68
	1650	1651	-1.66296E+000	-2.00193E-001	-2.09427E+000	-2.00025E+000	2.85694E-004	11	..........a	-327.68
	1651	1652	-1.66256E+000	-2.00193E-001	-2.10309E+000	-2.00025E+000	2.78094E-004	11	..........a	-327.68
	1652	1653	-1.66336E+000	-2.00193E-001	-2.11117E+000	-2.00025E+000	2.73244E-004	11	..........a	-327.68
	1653	1654	-1.66416E+000	-2.00193E-001	-2.11814E+000	-2.00025E+000	2.75044E-004	11	..........a	-327.68
	1654	1655	-1.66136E+000	-2.00192E-001	-2.12778E+000	-2.00025E+000	2.74994E-004	11	..........a	-327.68
	1655	1656	-1.66376E+000	-2.00193E-001	-2.13442E+000	-2.00025E+000	2.82478E-004	11	..........a	-327.68
	1656	1657	-1.66456E+000	-2.00193E-001	-2.14202E+000	-2.00025E+000	2.82644E-004	11	..........a	-327.68
	1657	1658	-1.66216E+000	-2.00193E-001	-2.15033E+000	-2.00025E+000	2.72411E-004	11	..........a	-327.68
	1658	1659	-1.66016E+000	-2.00193E-001	-2.15807E+000	-2.00025E+000	2.71978E-004	11	..........a	-327.68
	1659	1660	-1.66136E+000	-2.00192E-001	-2.16307E+000	-2.00025E+000	2.78778E-004	11	..........a	-327.68
	1660	1661	-1.66176E+000	-2.00192E-001	-2.16828E+000	-2.00025E+000	2.69311E-004	11	..........a	-327.68
	1661	1662	-1.66416E+000	-2.00193E-001	-2.16776E+000	-2.00025E+000	2.73578E-004	11	..........a	-327.68
	1662	1663	-1.66256E+000	-2.00193E-001	-2.17262E+000	-2.00025E+000	2.75661E-004	11	..........a	-327.68
	1663	1664	-1.66016E+000	-2.00193E-001	-2.18280E+000	-2.00025E+000	2.92861E-004	11	..........a	-327.68
	1664	1665	-1.66416E+000	-2.00193E-001	-2.18309E+000	-2.00025E+000	2.97194E-004	11	..........a	-327.68
	1665	1666	-1.65696E+000	-2.00193E-001	-2.19485E+000	-2.00025E+000	2.94828E-004	11	..........a	-327.68
	1666	1667	-1.66456E+000	-2.00193E-001	-2.06392E+000	-2.00025E+000	2.91828E-004	11	..........a	-327.68
	1667	1668	-1.66416E+000	-2.00193E-001	-2.07303E+000	-2.00025E+000	2.98694E-004	11	..........a	-327.68
	1668	1669	-1.66416E+000	-2.00193E-001	-2.08338E+000	-2.00025E+000	2.90528E-004	11	..........a	-327.68
	1669	1670	-1.66016E+000	-2.00193E-001	-2.09839E+000	-2.00025E+000	2.95711E-004	11	..........a	-327.68
	1670	1671	-1.65776E+000	-2.00193E-001	-2.10964E+000	-2.00025E+000	2.92411E-004	11	..........a	-327.68
	1671	1672	-1.65976E+000	-2.00193E-001	-2.11773E+000	-2.00025E+000	2.90728E-004	11	..........a	-327.68
	1672	1673	-1.66096E+000	-2.00193E-001	-2.12398E+000	-2.00025E+000	2.87161E-004	11	..........a	-327.68
	1673	1674	-1.66256E+000	-2.00193E-001	-2.13229E+000	-2.00025E+000	2.91444E-004	11	..........a	-327.68
	1674	1675	-1.66456E+000	-2.00192E-001	-2.13652E+000	-2.00025E+000	2.93544E-004	11	..........a	-327.68
	1675	1676	-1.66096E+000	-2.00193E-001	-2.15411E+000	-2.00025E+000	2.91728E-004	11	..........a	-327.68
	1676	1677	-1.66416E+000	-2.00192E-001	-2.15625E+000	-2.00025E+000	2.89894E-004	11	..........a	-327.68
	1677	1678	-1.66256E+000	-2.00192E-001	-2.15923E+000	-2.00025E+000	2.83911E-004	11	..........a	-327.68
	1678	1679	-1.66176E+000	-2.00192E-001	-2.16774E+000	-2.00025E+000	2.84628E-004	11	..........a	-327.68
	1679	1680	-1.66096E+000	-2.00192E-001	-2.17267E+000	-2.00025E+000	2.77811E-004	11	..........a	-327.68
	1680	1681	-1.66256E+000	-2.00192E-001	-2.17638E+000	-2.00025E+000	2.88644E-004	11	..........a	-327.68
	1681	1682	-1.66136E+000	-2.00192E-001	-2.18415E+000	-2.00025E+000	2.79311E-004	11	..........a	-327.68
	1682	1683	-1.66416E+000	-2.00193E-001	-2.18725E+000	-2.00025E+000	2.79344E-004	11	..........a	-327.68
	1683	1684	-1.66456E+000	-2.00192E-001	-2.19158E+000	-2.00025E+000	2.85544E-004	11	..........a	-327.68
	1684	1685	-1.66456E+000	-2.00192E-001	-2.19474E+000	-2.00025E+000	2.87961E-004	11	..........a	-327.68
	1685	1686	-1.66176E+000	-2.00192E-001	-2.20374E+000	-2.00025E+000	2.91244E-004	11	..........a	-327.68
	1686	1687	-1.65896E+000	-2.00192E-001	-2.21076E+000	-2.00025E+000	2.87828E-004	11	..........a	-327.68
	1687	1688	-1.65936E+000	-2.00192E-001	-2.21624E+000	-2.00025E+000	2.83028E-004	11	..........a	-327.68
	1688	1689	-1.65856E+000	-2.00193E-001	-2.22004E+000	-2.00025E+000	2.86178E-004	11	..........a	-327.68
	1689	1690	-1.66056E+000	-2.00192E-001	-2.22018E+000	-2.00025E+000	2.86511E-004	11	..........a	-327.68
	1690	1691	-1.65976E+000	-2.00192E-001	-2.07212E+000	-2.00025E+000	2.85944E-004	11	..........a	-327.68
	1691	1692	-1.66096E+000	-2.00192E-001	-2.08102E+000	-2.00025E+000	2.84961E-004	11	..........a	-327.68
	1692	1693	-1.66136E+000	-2.00192E-001	-2.08565E+000	-2.00025E+000	2.87094E-004	11	..........a	-327.68
	1693	1694	-1.66136E+000	-2.00192E-001	-2.09260E+000	-2.00025E+000	2.85794E-004	11	..........a	-327.68
	1694	1695	-1.66176E+000	-2.00192E-001	-2.10147E+000	-2.00025E+000	2.87228E-004	11	..........a	-327.68
	1695	1696	-1.66136E+000	-2.00193E-001	-2.10941E+000	-2.00025E+000	2.90228E-004	11	..........a	-327.68
	1696	1697	-1.66096E+000	-2.00192E-001	-2.11721E+000	-2.00025E+000	2.87894E-004	11	..........a	-327.68
	1697	1698	-1.66256E+000	-2.00193E-001	-2.12147E+000	-2.00025E+000	2.86128E-004	11	..........a	-327.68
	1698	1699	-1.66016E+000	-2.00192E-001	-2.13191E+000	-2.00025E+000	2.84228E-004	11	..........a	-327.68
	1699	1700	-1.66096E+000	-2.00192E-001	-2.13560E+000	-2.00025E+000	2.81461E-004	11	..........a	-327.68
	1700	1701	-1.66016E+000	-2.00192E-001	-2.14381E+000	-2.00025E+000	2.90128E-004	11	..........a	-327.68
	1701	1702	-1.65976E+000	-2.00192E-001	-2.15033E+000	-2.00025E+000	2.89211E-004	11	..........a	-327.68
	1702	1703	-1.66256E+000	-2.00192E-001	-2.15814E+000	-2.00025E+000	2.86094E-004	11	..........a	-327.68
	1703	1704	-1.66176E+000	-2.00192E-001	-2.16516E+000	-2.00025E+000	2.81294E-004	11	..........a	-327.68
	1704	1705	-1.66096E+000	-2.00192E-001	-2.16999E+000	-2.00025E+000	2.83594E-004	11	..........a	-327.68
	1705	1706	-1.66296E+000	-2.00193E-001	-2.17212E+000	-2.00025E+000	2.88011E-004	11	..........a	-327.68
	1706	1707	-1.66336E+000	-2.00192E-001	-2.18355E+000	-2.00025E+000	2.81494E-004	11	..........a	-327.68
	1707	1708	-1.66176E+000	-2.00192E-001	-2.18664E+000	-2.00025E+000	2.83761E-004	11	..........a	-327.68
	1708	1709	-1.66256E+000	-2.00192E-001	-2.18916E+000	-2.00025E+000	2.86111E-004	11	..........a	-327.68
	1709	1710	-1.66256E+000	-2.00193E-001	-2.19521E+000	-2.00025E+000	2.83344E-004	11	..........a	-327.68
	1710	1711	-1.65736E+000	-2.00192E-001	-2.05359E+000	-2.00025E+000	2.86778E-004	11	..........a	-327.68
	1711	1712	-1.65736E+000	-2.00193E-001	-2.06230E+000	-2.00025E+000	2.93728E-004	11	..........a	-327.68
	1712	1713	-1.65816E+000	-2.00192E-001	-2.07267E+000	-2.00025E+000	2.82111E-004	11	..........a	-327.68
	1713	1714	-1.65976E+000	-2.00192E-001	-2.07868E+000	-2.00025E+000	2.87044E-004	11	..........a	-327.68
	1714	1715	-1.65856E+000	-2.00192E-001	-2.08847E+000	-2.00025E+000	2.89444E-004	11	..........a	-327.68
	1715	1716	-1.66096E+000	-2.00195E-001	-2.09342E+000	-2.00025E+000	4.32311E-004	11	..........a	-327.68
	1716	1717	-1.66176E+000	-2.00196E-001	-2.10325E+000	-2.00025E+000	4.50511E-004	11	..........a	-327.68
	1717	1718	-1.66096E+000	-2.00196E-001	-2.11270E+000	-2.00025E+000	4.47461E-004	11	..........a	-327.68
	1718	1719	-1.66096E+000	-2.00196E-001	-2.11990E+000	-2.00025E+000	4.51928E-004	11	..........a	-327.68
	1719	1720	-1.66176E+000	-2.00195E-001	-2.12614E+000	-2.00025E+000	4.51011E-004	11	..........a	-327.68
	1720	1721	-1.66136E+000	-2.00196E-001	-2.13256E+000	-2.00025E+000	4.35494E-004	11	..........a	-327.68
	1721	1722	-1.66176E+000	-2.00195E-001	-2.13863E+000	-2.00025E+000	4.48328E-004	11	..........a	-327.68
	1722	1723	-1.66136E+000	-2.00196E-001	-2.15072E+000	-2.00025E+000	4.53728E-004	11	..........a	-327.68
	1723	1724	-1.66256E+000	-2.00195E-001	-2.15308E+000	-2.00025E+000	4.43961E-004	11	..........a	-327.68
	1724	1725	-1.66056E+000	-2.00196E-001	-2.16056E+000	-2.00025E+000	4.48944E-004	11	..........a	-327.68
	1725	1726	-1.66096E+000	-2.00195E-001	-2.16807E+000	-2.00025E+000	4.42978E-004	11	..........a	-327.68
	1726	1727	-1.66256E+000	-2.00195E-001	-2.17082E+000	-2.00025E+000	4.36178E-004	11	..........a	-327.68
	1727	1728	-1.66176E+000	-2.00196E-001	-2.18007E+000	-2.00025E+000	4.44428E-004	11	..........a	-327.68
	1728	1729	-1.66176E+000	-2.00195E-001	-2.18048E+000	-2.00025E+000	4.44444E-004	11	..........a	-327.68
	1729	1730	-1.65856E+000	-2.00196E-001	-2.18841E+000	-2.00025E+000	4.57311E-004	11	..........a	-327.68
	1730	1731	-1.66016E+000	-2.00195E-001	-2.18941E+000	-2.00025E+000	4.34711E-004	11	..........a	-327.68
	1731	1732	-1.66136E+000	-2.00196E-001	-2.19145E+000	-2.00025E+000	4.47228E-004	11	..........a	-327.68
	1732	1733	-1.65736E+000	-2.00196E-001	-2.07367E+000	-2.00025E+000	4.43461E-004	11	..........a	-327.68
	1733	1734	-1.66016E+000	-2.00195E-001	-2.07875E+000	-2.00025E+000	4.43944E-004	11	..........a	-327.68
	1734	1735	-1.66096E+000	-2.00196E-001	-2.08241E+000	-2.00025E+000	4.40094E-004	11	..........a	-327.68
	1735	1736	-1.65976E+000	-2.00195E-001	-2.09031E+000	-2.00025E+000	4.45228E-004	11	..........a	-327.68
	1736	1737	-1.66176E+000	-2.00196E-001	-2.09549E+000	-2.00025E+000	4.54061E-004	11	..........a	-327.68
	1737	1738	-1.66336E+000	-2.00195E-001	-2.10066E+000	-2.00025E+000	4.54028E-004	11	..........a	-327.68
	1738	1739	-1.66216E+000	-2.00196E-001	-2.10715E+000	-2.00025E+000	4.53678E-004	11	..........a	-327.68
	1739	1740	-1.66176E+000	-2.00196E-001	-2.11565E+000	-2.00025E+000	4.45294E-004	11	..........a	-327.68
	1740	1741	-1.66056E+000	-2.00196E-001	-2.12373E+000	-2.00025E+000	4.48478E-004	11	..........a	-327.68
	1741	1742	-1.65896E+000	-2.00196E-001	-2.13481E+000	-2.00025E+000	4.41478E-004	11	..........a	-327.68
	1742	1743	-1.65816E+000	-2.00196E-001	-2.14279E+000	-2.00025E+000	4.41844E-004	11	..........a	-327.68
	1743	1744	-1.66176E+000	-2.00196E-001	-2.14329E+000	-2.00025E+000	4.53411E-004	11	..........a	-327.68
	1744	1745	-1.66016E+000	-2.00196E-001	-2.15230E+000	-2.00025E+000	4.50528E-004	11	..........a	-327.68
	1745	1746	-1.65776E+000	-2.00195E-001	-2.16223E+000	-2.00025E+000	4.47244E-004	11	..........a	-327.68
	1746	1747	-1.66176E+000	-2.00195E-001	-2.16320E+000	-2.00025E+000	4.35144E-004	11	..........a	-327.68
	1747	1748	-1.66096E+000	-2.00195E-001	-2.17060E+000	-2.00025E+000	4.41594E-004	11	..........a	-327.68
	1748	1749	-1.66256E+000	-2.00195E-001	-2.17820E+000	-2.00025E+000	4.40594E-004	11	..........a	-327.68
	1749	1750	-1.66096E+000	-2.00196E-001	-2.18104E+000	-2.00025E+000	4.53261E-004	11	..........a	-327.68
	1750	1751	-1.66216E+000	-2.00196E-001	-2.18273E+000	-2.00025E+000	4.52061E-004	11	..........a	-327.68
	1751	1752	-1.66056E+000	-2.00196E-001	-2.18285E+000	-2.00025E+000	4.59694E-004	11	..........a	-327.68
	1752	1753	-1.66016E+000	-2.00197E-001	-2.19225E+000	-2.00025E+000	4.66328E-004	11	..........a	-327.68
	1753	1754	-1.65856E+000	-2.00195E-001	-2.19741E+000	-2.00025E+000	4.49528E-004	11	..........a	-327.68
	1754	1755	-1.66256E+000	-2.00195E-001	-2.19836E+000	-2.00025E+000	4.39661E-004	11	..........a	-327.68
	1755	1756	-1.66096E+000	-2.00195E-001	-2.20399E+000	-2.00025E+000	4.43011E-004	11	..........a	-327.68
	1756	1757	-1.65976E+000	-2.00196E-001	-2.20273E+000	-2.00025E+000	4.47128E-004	11	..........a	-327.68
	1757	1758	-1.65896E+000	-2.00196E-001	-2.07525E+000	-2.00025E+000	4.48928E-004	11	..........a	-327.68
	1758	1759	-1.65936E+000	-2.00195E-001	-2.06966E+000	-2.00025E+000	4.62694E-004	11	..........a	-327.68
	1759	1760	-1.66016E+000	-2.00196E-001	-2.08091E+000	-2.00025E+000	4.60828E-004	11	..........a	-327.68
	1760	1761	-1.65896E+000	-2.00195E-001	-2.08986E+000	-2.00025E+000	4.47928E-004	11	..........a	-327.68
	1761	1762	-1.66256E+000	-2.00195E-001	-2.09652E+000	-2.00025E+000	4.48328E-004	11	..........a	-327.68
	1762	1763	-1.65856E+000	-2.00195E-001	-2.10904E+000	-2.00025E+000	4.43328E-004	11	..........a	-327.68
	1763	1764	-1.66056E+000	-2.00195E-001	-2.11439E+000	-2.00025E+000	4.54778E-004	11	..........a	-327.68
	1764	1765	-1.66336E+000	-2.00196E-001	-2.11849E+000	-2.00025E+000	4.47028E-004	11	..........a	-327.68
	1765	1766	-1.66176E+000	-2.00196E-001	-2.12865E+000	-2.00025E+000	4.46911E-004	11	..........a	-327.68
	1766	1767	-1.66216E+000	-2.00195E-001	-2.13372E+000	-2.00025E+000	4.49211E-004	11	..........a	-327.68
	1767	1768	-1.66136E+000	-2.00195E-001	-2.14020E+000	-2.00025E+000	4.50961E-004	11	..........a	-327.68
	1768	1769	-1.66096E+000	-2.00195E-001	-2.14678E+000	-2.00025E+000	4.43561E-004	11	..........a	-327.68
	1769	1770	-1.66256E+000	-2.00195E-001	-2.15117E+000	-2.00025E+000	4.44828E-004	11	..........a	-327.68
	1770	1771	-1.66216E+000	-2.00195E-001	-2.15829E+000	-2.00025E+000	4.38094E-004	11	..........a	-327.68
	1771	1772	-1.66376E+000	-2.00194E-001	-2.16387E+000	-2.00025E+000	4.30928E-004	11	..........a	-327.68
	1772	1773	-1.66256E+000	-2.00195E-001	-2.17323E+000	-2.00025E+000	4.37744E-004	11	..........a	-327.68
	1773	1774	-1.65976E+000	-2.00195E-001	-2.17800E+000	-2.00025E+000	4.35728E-004	11	..........a	-327.68
	1774	1775	-1.66176E+000	-2.00195E-001	-2.18028E+000	-2.00025E+000	4.44894E-004	11	..........a	-327.68
	1775	1776	-1.65856E+000	-2.00196E-001	-2.18767E+000	-2.00025E+000	4.61094E-004	11	..........a	-327.68
	1776	1777	-1.65936E+000	-2.00195E-001	-2.18857E+000	-2.00025E+000	4.49828E-004	11	..........a	-327.68
	1777	1778	-1.66016E+000	-2.00196E-001	-2.19190E+000	-2.00025E+000	4.54094E-004	11	..........a	-327.68
	1778	1779	-1.66216E+000	-2.00195E-001	-2.18940E+000	-2.00025E+000	4.51394E-004	11	..........a	-327.68
	1779	1780	-1.66176E+000	-2.00195E-001	-2.19382E+000	-2.00025E+000	4.49944E-004	11	..........a	-327.68
	1780	1781	-1.66136E+000	-2.00196E-001	-2.19597E+000	-2.00025E+000	4.48378E-004	11	..........a	-327.68
	1781	1782	-1.66056E+000	-2.00196E-001	-2.20212E+000	-2.00025E+000	4.47861E-004	11	..........a	-327.68
	1782	1783	-1.65816E+000	-2.00196E-001	-2.05738E+000	-2.00025E+000	4.46328E-004	11	..........a	-327.68
	1783	1784	-1.65616E+000	-2.00195E-001	-2.07098E+000	-2.00025E+000	4.50861E-004	11	..........a	-327.68
	1784	1785	-1.66056E+000	-2.00194E-001	-2.07643E+000	-2.00025E+000	3.32511E-004	11	..........a	-327.68
	1785	1786	-1.66016E+000	-2.00194E-001	-2.08726E+000	-2.00025E+000	3.34411E-004	11	..........a	-327.68
	1786	1787	-1.65776E+000	-2.00194E-001	-2.09863E+000	-2.00025E+000	3.30678E-004	11	..........a	-327.68
	1787	1788	-1.66336E+000	-2.00194E-001	-2.10099E+000	-2.00025E+000	3.32911E-004	11	..........a	-327.68
	1788	1789	-1.66256E+000	-2.00194E-001	-2.10570E+000	-2.00025E+000	3.31644E-004	11	..........a	-327.68
	1789	1790	-1.66256E+000	-2.00194E-001	-2.11159E+000	-2.00025E+000	3.29561E-004	11	..........a	-327.68
	1790	1791	-1.66256E+000	-2.00194E-001	-2.11911E+000	-2.00025E+000	3.26561E-004	11	..........a	-327.68
	1791	1792	-1.66096E+000	-2.00194E-001	-2.12691E+000	-2.00025E+000	3.25061E-004	11	..........a	-327.68
	1792	1793	-1.65936E+000	-2.00194E-001	-2.13362E+000	-2.00025E+000	3.26461E-004	11	..........a	-327.68
	1793	1794	-1.66256E+000	-2.00194E-001	-2.13437E+000	-2.00025E+000	3.23444E-004	11	..........a	-327.68
	1794	1795	-1.66016E+000	-2.00194E-001	-2.14201E+000	-2.00025E+000	3.27678E-004	11	..........a	-327.68
	1795	1796	-1.66256E+000	-2.00194E-001	-2.14511E+000	-2.00025E+000	3.29111E-004	11	..........a	-327.68
	1796	1797	-1.65936E+000	-2.00194E-001	-2.16100E+000	-2.00025E+000	3.33511E-004	11	..........a	-327.68
	1797	1798	-1.65816E+000	-2.00194E-001	-2.16527E+000	-2.00025E+000	3.31311E-004	11	..........a	-327.68
	1798	1799	-1.65896E+000	-2.00194E-001	-2.16673E+000	-2.00025E+000	3.29261E-004	11	..........a	-327.68
	1799	1800	-1.65896E+000	-2.00194E-001	-2.16776E+000	-2.00025E+000	3.27744E-004	11	..........a	-327.68
	1800	1801	-1.65936E+000	-2.00193E-001	-2.17083E+000	-2.00025E+000	3.24894E-004	11	..........a	-327.68
	1801	1802	-1.65776E+000	-2.00194E-001	-2.17612E+000	-2.00025E+000	3.31444E-004	11	..........a	-327.68
	1802	1803	-1.65616E+000	-2.00194E-001	-2.18294E+000	-2.00025E+000	3.33578E-004	11	..........a	-327.68
	1803	1804	-1.65776E+000	-2.00194E-001	-2.18581E+000	-2.00025E+000	3.31078E-004	11	..........a	-327.68
	1804	1805	-1.66016E+000	-2.00194E-001	-2.18744E+000	-2.00025E+000	3.29294E-004	11	..........a	-327.68
	1805	1806	-1.65936E+000	-2.00194E-001	-2.19385E+000	-2.00025E+000	3.32044E-004	11	..........a	-327.68
	1806	1807	-1.65896E+000	-2.00194E-001	-2.19805E+000	-2.00025E+000	3.27911E-004	11	..........a	-327.68
	1807	1808	-1.66056E+000	-2.00194E-001	-2.20080E+000	-2.00025E+000	3.35428E-004	11	..........a	-327.68
	1808	1809	-1.66256E+000	-2.00194E-001	-2.19873E+000	-2.00025E+000	3.29311E-004	11	..........a	-327.68
	1809	1810	-1.65896E+000	-2.00194E-001	-2.20408E+000	-2.00025E+000	3.33394E-004	11	..........a	-327.68
	1810	1811	-1.65776E+000	-2.00193E-001	-2.08363E+000	-2.00025E+000	3.34211E-004	11	..........a	-327.68
	1811	1812	-1.65936E+000	-2.00194E-001	-2.09240E+000	-2.00025E+000	3.38478E-004	11	..........a	-327.68
	1812	1813	-1.65856E+000	-2.00194E-001	-2.09706E+000	-2.00025E+000	3.34094E-004	11	..........a	-327.68
	1813	1814	-1.65816E+000	-2.00194E-001	-2.10676E+000	-2.00025E+000	3.45194E-004	11	..........a	-327.68
	1814	1815	-1.65776E+000	-2.00194E-001	-2.11679E+000	-2.00025E+000	3.34194E-004	11	..........a	-327.68
	1815	1816	-1.65936E+000	-2.00194E-001	-2.12258E+000	-2.00025E+000	3.37761E-004	11	..........a	-327.68
	1816	1817	-1.66256E+000	-2.00194E-001	-2.12685E+000	-2.00025E+000	3.24861E-004	11	..........a	-327.68
	1817	1818	-1.66336E+000	-2.00194E-001	-2.12752E+000	-2.00025E+000	3.29761E-004	11	..........a	-327.68
	1818	1819	-1.66016E+000	-2.00193E-001	-2.13925E+000	-2.00025E+000	3.27611E-004	11	..........a	-327.68
	1819	1820	-1.66336E+000	-2.00194E-001	-2.14029E+000	-2.00025E+000	3.37244E-004	11	..........a	-327.68
	1820	1821	-1.65776E+000	-2.00194E-001	-2.14684E+000	-2.00025E+000	3.34944E-004	11	..........a	-327.68
	1821	1822	-1.65936E+000	-2.00193E-001	-2.15002E+000	-2.00025E+000	3.26944E-004	11	..........a	-327.68
	1822	1823	-1.65856E+000	-2.00194E-001	-2.15798E+000	-2.00025E+000	3.26428E-004	11	..........a	-327.68
	1823	1824	-1.65736E+000	-2.00194E-001	-2.16311E+000	-2.00025E+000	3.33628E-004	11	..........a	-327.68
	1824	1825	-1.65776E+000	-2.00194E-001	-2.16614E+000	-2.00025E+000	3.34594E-004	11	..........a	-327.68
	1825	1826	-1.65816E+000	-2.00194E-001	-2.16949E+000	-2.00025E+000	3.34394E-004	11	..........a	-327.68
	1826	1827	-1.65936E+000	-2.00194E-001	-2.17172E+000	-2.00025E+000	3.36228E-004	11	..........a	-327.68
	1827	1828	-1.65856E+000	-2.00193E-001	-2.17868E+000	-2.00025E+000	3.30661E-004	11	..........a	-327.68
	1828	1829	-1.66256E+000	-2.00194E-001	-2.17861E+000	-2.00025E+000	3.29094E-004	11	..........a	-327.68
	1829	1830	-1.65616E+000	-2.00194E-001	-2.19000E+000	-2.00025E+000	3.29361E-004	11	..........a	-327.68
	1830	1831	-1.66016E+000	-2.00194E-001	-2.19089E+000	-2.00025E+000	3.31978E-004	11	..........a	-327.68
	1831	1832	-1.66176E+000	-2.00193E-001	-2.19561E+000	-2.00025E+000	3.33961E-004	11	..........a	-327.68
	1832	1833	-1.66256E+000	-2.00193E-001	-2.19958E+000	-2.00025E+000	3.33394E-004	11	..........a	-327.68
	1833	1834	-1.65776E+000	-2.00194E-001	-2.09004E+000	-2.00025E+000	3.30144E-004	11	..........a	-327.68
	1834	1835	-1.66016E+000	-2.00194E-001	-2.09955E+000	-2.00025E+000	3.36928E-004	11	..........a	-327.68
	1835	1836	-1.66336E+000	-2.00194E-001	-2.10970E+000	-2.00025E+000	3.28344E-004	11	..........a	-327.68
	1836	1837	-1.66256E+000	-2.00194E-001	-2.11239E+000	-2.00025E+000	3.35811E-004	11	..........a	-327.68
	1837	1838	-1.66176E+000	-2.00194E-001	-2.12123E+000	-2.00025E+000	3.33961E-004	11	..........a	-327.68
	1838	1839	-1.66256E+000	-2.00194E-001	-2.12836E+000	-2.00025E+000	3.31111E-004	11	..........a	-327.68
	1839	1840	-1.66256E+000	-2.00194E-001	-2.13718E+000	-2.00025E+000	3.33244E-004	11	..........a	-327.68
	1840	1841	-1.66256E+000	-2.00194E-001	-2.14576E+000	-2.00025E+000	3.34811E-004	11	..........a	-327.68
	1841	1842	-1.66256E+000	-2.00194E-001	-2.15014E+000	-2.00025E+000	3.37561E-004	11	..........a	-327.68
	1842	1843	-1.65776E+000	-2.00194E-001	-2.15933E+000	-2.00025E+000	3.33594E-004	11	..........a	-327.68
	1843	1844	-1.66336E+000	-2.00193E-001	-2.15954E+000	-2.00025E+000	3.33278E-004	11	..........a	-327.68
	1844	1845	-1.66256E+000	-2.00194E-001	-2.16295E+000	-2.00025E+000	3.29611E-004	11	..........a	-327.68
	1845	1846	-1.66336E+000	-2.00193E-001	-2.16759E+000	-2.00025E+000	3.31628E-004	11	..........a	-327.68
	1846	1847	-1.66336E+000	-2.00193E-001	-2.17309E+000	-2.00025E+000	3.25611E-004	11	..........a	-327.68
	1847	1848	-1.65736E+000	-2.00194E-001	-2.18282E+000	-2.00025E+000	3.36961E-004	11	..........a	-327.68
	1848	1849	-1.65896E+000	-2.00193E-001	-2.18401E+000	-2.00025E+000	3.30861E-004	11	..........a	-327.68
	1849	1850	-1.65936E+000	-2.00193E-001	-2.07936E+000	-2.00025E+000	3.37828E-004	11	..........a	-327.68
	1850	1851	-1.65776E+000	-2.00194E-001	-2.09610E+000	-2.00025E+000	3.34494E-004	11	..........a	-327.68
	1851	1852	-1.65896E+000	-2.00194E-001	-2.10499E+000	-2.00025E+000	3.39478E-004	11	..........a	-327.68
	1852	1853	-1.66016E+000	-2.00194E-001	-2.11078E+000	-2.00025E+000	3.37028E-004	11	..........a	-327.68
	1853	1854	-1.65776E+000	-2.00194E-001	-2.11943E+000	-2.00025E+000	3.31694E-004	11	..........a	-327.68
	1854	1855	-1.65856E+000	-2.00194E-001	-2.12712E+000	-2.00025E+000	3.32328E-004	11	..........a	-327.68
	1855	1856	-1.66016E+000	-2.00194E-001	-2.13450E+000	-2.00025E+000	3.30094E-004	11	..........a	-327.68
	1856	1857	-1.65856E+000	-2.00194E-001	-2.14534E+000	-2.00025E+000	3.32078E-004	11	..........a	-327.68
	1857	1858	-1.65856E+000	-2.00193E-001	-2.14944E+000	-2.00025E+000	3.26128E-004	11	..........a	-327.68
	1858	1859	-1.65856E+000	-2.00193E-001	-2.15281E+000	-2.00025E+000	3.27161E-004	11	..........a	-327.68
	1859	1860	-1.65776E+000	-2.00193E-001	-2.16010E+000	-2.00025E+000	3.32528E-004	11	..........a	-327.68
	1860	1861	-1.66256E+000	-2.00194E-001	-2.16379E+000	-2.00025E+000	3.34261E-004	11	..........a	-327.68
	1861	1862	-1.66256E+000	-2.00193E-001	-2.16641E+000	-2.00025E+000	3.42528E-004	11	..........a	-327.68
	1862	1863	-1.65856E+000	-2.00193E-001	-2.17794E+000	-2.00025E+000	3.38678E-004	11	..........a	-327.68
	1863	1864	-1.65936E+000	-2.00194E-001	-2.17974E+000	-2.00025E+000	3.34228E-004	11	..........a	-327.68
	1864	1865	-1.65896E+000	-2.00194E-001	-2.18311E+000	-2.00025E+000	3.36644E-004	11	..........a	-327.68
	1865	1866	-1.66096E+000	-2.00193E-001	-2.18452E+000	-2.00025E+000	3.42311E-004	11	..........a	-327.68
	1866	1867	-1.66256E+000	-2.00193E-001	-2.18807E+000	-2.00025E+000	3.34244E-004	11	..........a	-327.68
	1867	1868	-1.65976E+000	-2.00194E-001	-2.19654E+000	-2.00025E+000	3.34278E-004	11	..........a	-327.68
	1868	1869	-1.66256E+000	-2.00194E-001	-2.19801E+000	-2.00025E+000	4.78211E-004	11	..........a	-327.68
	1869	1870	-1.66136E+000	-2.00194E-001	-2.20410E+000	-2.00025E+000	4.82811E-004	11	..........a	-327.68
	1870	1871	-1.65936E+000	-2.00195E-001	-2.10280E+000	-2.00025E+000	4.82511E-004	11	..........a	-327.68
	1871	1872	-1.66176E+000	-2.00195E-001	-2.10640E+000	-2.00025E+000	4.83594E-004	11	..........a	-327.68
	1872	1873	-1.66176E+000	-2.00194E-001	-2.11695E+000	-2.00025E+000	4.77711E-004	11	..........a	-327.68
	1873	1874	-1.65816E+000	-2.00195E-001	-2.12226E+000	-2.00025E+000	4.83844E-004	11	..........a	-327.68
	1874	1875	-1.65936E+000	-2.00195E-001	-2.12984E+000	-2.00025E+000	4.76878E-004	11	..........a	-327.68
	1875	1876	-1.66096E+000	-2.00195E-001	-2.13616E+000	-2.00025E+000	4.70144E-004	11	..........a	-327.68
	1876	1877	-1.66016E+000	-2.00196E-001	-2.14301E+000	-2.00025E+000	4.77478E-004	11	..........a	-327.68
	1877	1878	-1.66136E+000	-2.00194E-001	-2.14785E+000	-2.00025E+000	4.72311E-004	11	..........a	-327.68
	1878	1879	-1.66136E+000	-2.00194E-001	-2.15229E+000	-2.00025E+000	4.75678E-004	11	..........a	-327.68
	1879	1880	-1.66056E+000	-2.00195E-001	-2.15889E+000	-2.00025E+000	4.71328E-004	11	..........a	-327.68
	1880	1881	-1.65936E+000	-2.00195E-001	-2.16891E+000	-2.00025E+000	4.65244E-004	11	..........a	-327.68
	1881	1882	-1.65896E+000	-2.00195E-001	-2.17846E+000	-2.00025E+000	4.69378E-004	11	..........a	-327.68
	1882	1883	-1.65856E+000	-2.00195E-001	-2.18090E+000	-2.00025E+000	4.85994E-004	11	..........a	-327.68
	1883	1884	-1.65856E+000	-2.00195E-001	-2.18503E+000	-2.00025E+000	4.76478E-004	11	..........a	-327.68
	1884	1885	-1.65856E+000	-2.00195E-001	-2.18752E+000	-2.00025E+000	4.78461E-004	11	..........a	-327.68
	1885	1886	-1.66096E+000	-2.00194E-001	-2.18710E+000	-2.00025E+000	4.72711E-004	11	..........a	-327.68
	1886	1887	-1.65936E+000	-2.00195E-001	-2.16984E+000	-2.00025E+000	4.79294E-004	11	..........a	-327.68
	1887	1888	-1.65936E+000	-2.00195E-001	-2.11350E+000	-2.00025E+000	4.78561E-004	11	..........a	-327.68
	1888	1889	-1.65776E+000	-2.00195E-001	-2.12930E+000	-2.00025E+000	4.84161E-004	11	..........a	-327.68
	1889	1890	-1.65896E+000	-2.00195E-001	-2.14004E+000	-2.00025E+000	4.78261E-004	11	..........a	-327.68
	1890	1891	-1.66216E+000	-2.00195E-001	-2.14194E+000	-2.00025E+000	4.80428E-004	11	..........a	-327.68
	1891	1892	-1.66096E+000	-2.00195E-001	-2.14951E+000	-2.00025E+000	4.67561E-004	11	..........a	-327.68
	1892	1893	-1.65936E+000	-2.00195E-001	-2.15214E+000	-2.00025E+000	4.72678E-004	11	..........a	-327.68
	1893	1894	-1.65936E+000	-2.00195E-001	-2.15722E+000	-2.00025E+000	4.71778E-004	11	..........a	-327.68
	1894	1895	-1.65976E+000	-2.00194E-001	-2.16456E+000	-2.00025E+000	4.77761E-004	11	..........a	-327.68
	1895	1896	-1.65936E+000	-2.00194E-001	-2.17004E+000	-2.00025E+000	4.86094E-004	11	..........a	-327.68
	1896	1897	-1.66216E+000	-2.00194E-001	-2.16885E+000	-2.00025E+000	4.83028E-004	11	..........a	-327.68
	1897	1898	-1.65936E+000	-2.00194E-001	-2.17808E+000	-2.00025E+000	4.82944E-004	11	..........a	-327.68
	1898	1899	-1.65736E+000	-2.00195E-001	-2.18447E+000	-2.00025E+000	4.79211E-004	11	..........a	-327.68
	1899	1900	-1.65976E+000	-2.00194E-001	-2.18379E+000	-2.00025E+000	4.72161E-004	11	..........a	-327.68
	1900	1901	-1.65816E+000	-2.00194E-001	-2.19154E+000	-2.00025E+000	4.78228E-004	11	..........a	-327.68
	1901	1902	-1.66256E+000	-2.00195E-001	-2.18965E+000	-2.00025E+000	4.81978E-004	11	..........a	-327.68
	1902	1903	-1.65936E+000	-2.00195E-001	-2.15490E+000	-2.00025E+000	4.70778E-004	11	..........a	-327.68
	1903	1904	-1.65856E+000	-2.00195E-001	-2.09138E+000	-2.00025E+000	4.71411E-004	11	..........a	-327.68
	1904	1905	-1.65936E+000	-2.00194E-001	-2.10207E+000	-2.00025E+000	4.82644E-004	11	..........a	-327.68
	1905	1906	-1.66176E+000	-2.00194E-001	-2.10881E+000	-2.00025E+000	4.82894E-004	11	..........a	-327.68
	1906	1907	-1.66136E+000	-2.00195E-001	-2.11696E+000	-2.00025E+000	4.79678E-004	11	..........a	-327.68
	1907	1908	-1.66016E+000	-2.00195E-001	-2.12535E+000	-2.00025E+000	4.88078E-004	11	..........a	-327.68
	1908	1909	-1.65736E+000	-2.00195E-001	-2.13984E+000	-2.00025E+000	4.75094E-004	11	..........a	-327.68
	1909	1910	-1.66096E+000	-2.00195E-001	-2.14275E+000	-2.00025E+000	4.77228E-004	11	..........a	-327.68
	1910	1911	-1.65936E+000	-2.00196E-001	-2.15121E+000	-2.00025E+000	4.84711E-004	11	..........a	-327.68
	1911	1912	-1.65896E+000	-2.00195E-001	-2.15725E+000	-2.00025E+000	4.80311E-004	11	..........a	-327.68
	1912	1913	-1.66256E+000	-2.00194E-001	-2.15856E+000	-2.00025E+000	4.93544E-004	11	..........a	-327.68
	1913	1914	-1.66176E+000	-2.00195E-001	-2.16590E+000	-2.00025E+000	4.79911E-004	11	..........a	-327.68
	1914	1915	-1.66216E+000	-2.00195E-001	-2.17138E+000	-2.00025E+000	4.84928E-004	11	..........a	-327.68
	1915	1916	-1.66216E+000	-2.00195E-001	-2.17785E+000	-2.00025E+000	4.89411E-004	11	..........a	-327.68
	1916	1917	-1.66176E+000	-2.00195E-001	-2.18254E+000	-2.00025E+000	4.99544E-004	11	..........a	-327.68
	1917	1918	-1.65896E+000	-2.00195E-001	-2.20105E+000	-2.00025E+000	4.87011E-004	11	..........a	-327.68
	1918	1919	-1.65936E+000	-2.00195E-001	-2.20061E+000	-2.00025E+000	4.78878E-004	11	..........a	-327.68
	1919	1920	-1.65896E+000	-2.00195E-001	-2.20096E+000	-2.00025E+000	4.79128E-004	11	..........a	-327.68
	1920	1921	-1.65936E+000	-2.00194E-001	-2.20377E+000	-2.00025E+000	4.76244E-004	11	..........a	-327.68
	1921	1922	-1.65856E+000	-2.00195E-001	-2.21086E+000	-2.00025E+000	4.78794E-004	11	..........a	-327.68
	1922	1923	-1.66016E+000	-2.00195E-001	-2.21092E+000	-2.00025E+000	4.88761E-004	11	..........a	-327.68
	1923	1924	-1.66096E+000	-2.00195E-001	-2.21701E+000	-2.00025E+000	4.81594E-004	11	..........a	-327.68
	1924	1925	-1.65936E+000	-2.00195E-001	-2.22161E+000	-2.00025E+000	4.74044E-004	11	..........a	-327.68
	1925	1926	-1.66096E+000	-2.00195E-001	-2.22681E+000	-2.00025E+000	4.91061E-004	11	..........a	-327.68
	1926	1927	-1.65936E+000	-2.00195E-001	-2.23258E+000	-2.00025E+000	4.78794E-004	11	..........a	-327.68
	1927	1928	-1.65736E+000	-2.00195E-001	-2.07568E+000	-2.00025E+000	4.80461E-004	11	..........a	-327.68
	1928	1929	-1.65896E+000	-2.00195E-001	-2.08251E+000	-2.00025E+000	4.79911E-004	11	..........a	-327.68
	1929	1930	-1.65896E+000	-2.00194E-001	-2.08897E+000	-2.00025E+000	4.81511E-004	11	..........a	-327.68
	1930	1931	-1.65936E+000	-2.00195E-001	-2.09900E+000	-2.00025E+000	4.78728E-004	11	..........a	-327.68
	1931	1932	-1.65856E+000	-2.00195E-001	-2.10746E+000	-2.00025E+000	4.75778E-004	11	..........a	-327.68
	1932	1933	-1.66096E+000	-2.00195E-001	-2.11658E+000	-2.00025E+000	4.77361E-004	11	..........a	-327.68
	1933	1934	-1.65856E+000	-2.00195E-001	-2.12314E+000	-2.00025E+000	4.74611E-004	11	..........a	-327.68
	1934	1935	-1.66256E+000	-2.00195E-001	-2.12806E+000	-2.00025E+000	4.83628E-004	11	..........a	-327.68
	1935	1936	-1.66176E+000	-2.00195E-001	-2.13715E+000	-2.00025E+000	4.72428E-004	11	..........a	-327.68
	1936	1937	-1.66136E+000	-2.00194E-001	-2.15206E+000	-2.00025E+000	4.70561E-004	11	..........a	-327.68
	1937	1938	-1.66096E+000	-2.00194E-001	-2.15919E+000	-2.00025E+000	4.69311E-004	11	..........a	-327.68
	1938	1939	-1.66336E+000	-2.00194E-001	-2.16470E+000	-2.00025E+000	4.80661E-004	11	..........a	-327.68
	1939	1940	-1.66136E+000	-2.00194E-001	-2.16899E+000	-2.00025E+000	4.79694E-004	11	..........a	-327.68
	1940	1941	-1.66336E+000	-2.00194E-001	-2.17554E+000	-2.00025E+000	4.80078E-004	11	..........a	-327.68
	1941	1942	-1.65856E+000	-2.00194E-001	-2.18707E+000	-2.00025E+000	4.84294E-004	11	..........a	-327.68
	1942	1943	-1.65896E+000	-2.00194E-001	-2.18532E+000	-2.00025E+000	4.77828E-004	11	..........a	-327.68
	1943	1944	-1.65936E+000	-2.00194E-001	-2.19133E+000	-2.00025E+000	4.76378E-004	11	..........a	-327.68
	1944	1945	-1.66096E+000	-2.00195E-001	-2.18917E+000	-2.00025E+000	4.83478E-004	11	..........a	-327.68
	1945	1946	-1.65856E+000	-2.00194E-001	-2.19457E+000	-2.00025E+000	4.77611E-004	11	..........a	-327.68
	1946	1947	-1.66016E+000	-2.00194E-001	-2.19747E+000	-2.00025E+000	4.79544E-004	11	..........a	-327.68
	1947	1948	-1.66016E+000	-2.00195E-001	-2.19995E+000	-2.00025E+000	4.90311E-004	11	..........a	-327.68
	1948	1949	-1.66256E+000	-2.00195E-001	-2.20097E+000	-2.00025E+000	4.77194E-004	11	..........a	-327.68
	1949	1950	-1.65736E+000	-2.00195E-001	-2.09037E+000	-2.00025E+000	4.67728E-004	11	..........a	-327.68
	1950	1951	-1.65856E+000	-2.00195E-001	-2.09474E+000	-2.00025E+000	4.72061E-004	11	..........a	-327.68
	1951	1952	-1.65976E+000	-2.00194E-001	-2.09871E+000	-2.00025E+000	4.75828E-004	11	..........a	-327.68
	1952	1953	-1.65896E+000	-2.00191E-001	-2.10549E+000	-2.00025E+000	3.55944E-004	11	..........a	-327.68
	1953	1954	-1.65896E+000	-2.00190E-001	-2.11618E+000	-2.00025E+000	3.55178E-004	11	..........a	-327.68
	1954	1955	-1.66096E+000	-2.00190E-001	-2.12193E+000	-2.00025E+000	3.52961E-004	11	..........a	-327.68
	1955	1956	-1.65856E+000	-2.00190E-001	-2.13287E+000	-2.00025E+000	3.55311E-004	11	..........a	-327.68
	1956	1957	-1.65856E+000	-2.00190E-001	-2.13941E+000	-2.00025E+000	3.56578E-004	11	..........a	-327.68
	1957	1958	-1.66256E+000	-2.00190E-001	-2.14413E+000	-2.00025E+000	3.52544E-004	11	..........a	-327.68
	1958	1959	-1.66136E+000	-2.00190E-001	-2.15550E+000	-2.00025E+000	3.51578E-004	11	..........a	-327.68
	1959	1960	-1.65856E+000	-2.00190E-001	-2.16588E+000	-2.00025E+000	3.45028E-004	11	..........a	-327.68
	1960	1961	-1.66136E+000	-2.00189E-001	-2.17036E+000	-2.00025E+000	3.49844E-004	11	..........a	-327.68
	1961	1962	-1.66296E+000	-2.00190E-001	-2.17699E+000	-2.00025E+000	3.43561E-004	11	..........a	-327.68
	1962	1963	-1.65936E+000	-2.00190E-001	-2.18797E+000	-2.00025E+000	3.42428E-004	11	..........a	-327.68
	1963	1964	-1.65776E+000	-2.00190E-001	-2.19743E+000	-2.00025E+000	3.40511E-004	11	..........a	-327.68
	1964	1965	-1.66056E+000	-2.00190E-001	-2.20128E+000	-2.00025E+000	3.43528E-004	11	..........a	-327.68
	1965	1966	-1.65936E+000	-2.00190E-001	-2.20612E+000	-2.00025E+000	3.46644E-004	11	..........a	-327.68
	1966	1967	-1.65936E+000	-2.00189E-001	-2.20899E+000	-2.00025E+000	3.49578E-004	11	..........a	-327.68
	1967	1968	-1.65816E+000	-2.00190E-001	-2.21493E+000	-2.00025E+000	3.51678E-004	11	..........a	-327.68
	1968	1969	-1.65936E+000	-2.00190E-001	-2.22066E+000	-2.00025E+000	3.51328E-004	11	..........a	-327.68
	1969	1970	-1.65776E+000	-2.00190E-001	-2.22893E+000	-2.00025E+000	3.49211E-004	11	..........a	-327.68
	1970	1971	-1.65896E+000	-2.00190E-001	-2.23193E+000	-2.00025E+000	3.56844E-004	11	..........a	-327.68
	1971	1972	-1.66096E+000	-2.00190E-001	-2.23495E+000	-2.00025E+000	3.55928E-004	11	..........a	-327.68
	1972	1973	-1.66096E+000	-2.00191E-001	-2.23970E+000	-2.00025E+000	3.52361E-004	11	..........a	-327.68
	1973	1974	-1.65936E+000	-2.00190E-001	-2.24245E+000	-2.00025E+000	3.54544E-004	11	..........a	-327.68
	1974	1975	-1.66016E+000	-2.00190E-001	-2.11497E+000	-2.00025E+000	3.51194E-004	11	..........a	-327.68
	1975	1976	-1.66016E+000	-2.00190E-001	-2.12482E+000	-2.00025E+000	3.49078E-004	11	..........a	-327.68
	1976	1977	-1.65896E+000	-2.00191E-001	-2.13529E+000	-2.00025E+000	3.53911E-004	11	..........a	-327.68
	1977	1978	-1.65976E+000	-2.00191E-001	-2.13805E+000	-2.00025E+000	3.58061E-004	11	..........a	-327.68
	1978	1979	-1.65816E+000	-2.00190E-001	-2.14874E+000	-2.00025E+000	3.54228E-004	11	..........a	-327.68
	1979	1980	-1.66016E+000	-2.00190E-001	-2.15396E+000	-2.00025E+000	3.53928E-004	11	..........a	-327.68
	1980	1981	-1.65816E+000	-2.00190E-001	-2.15992E+000	-2.00025E+000	3.52294E-004	11	..........a	-327.68
	1981	1982	-1.65976E+000	-2.00190E-001	-2.16645E+000	-2.00025E+000	3.54944E-004	11	..........a	-327.68
	1982	1983	-1.65976E+000	-2.00191E-001	-2.17366E+000	-2.00025E+000	3.58311E-004	11	..........a	-327.68
	1983	1984	-1.65896E+000	-2.00190E-001	-2.18091E+000	-2.00025E+000	3.49978E-004	11	..........a	-327.68
	1984	1985	-1.65896E+000	-2.00190E-001	-2.18960E+000	-2.00025E+000	3.54078E-004	11	..........a	-327.68
	1985	1986	-1.66256E+000	-2.00190E-001	-2.18853E+000	-2.00025E+000	3.51161E-004	11	..........a	-327.68
	1986	1987	-1.65856E+000	-2.00190E-001	-2.20038E+000	-2.00025E+000	3.53261E-004	11	..........a	-327.68
	1987	1988	-1.65856E+000	-2.00190E-001	-2.20460E+000	-2.00025E+000	3.59644E-004	11	..........a	-327.68
	1988	1989	-1.66176E+000	-2.00190E-001	-2.20795E+000	-2.00025E+000	3.49994E-004	11	..........a	-327.68
	1989	1990	-1.66096E+000	-2.00190E-001	-2.21535E+000	-2.00025E+000	3.52561E-004	11	..........a	-327.68
	1990	1991	-1.65776E+000	-2.00190E-001	-2.21888E+000	-2.00025E+000	3.52961E-004	11	..........a	-327.68
	1991	1992	-1.66256E+000	-2.00190E-001	-2.21502E+000	-2.00025E+000	3.53828E-004	11	..........a	-327.68
	1992	1993	-1.65856E+000	-2.00190E-001	-2.22436E+000	-2.00025E+000	3.54594E-004	11	..........a	-327.68
	1993	1994	-1.66016E+000	-2.00191E-001	-2.14433E+000	-2.00025E+000	3.51294E-004	11	..........a	-327.68
	1994	1995	-1.65976E+000	-2.00190E-001	-2.15114E+000	-2.00025E+000	3.49794E-004	11	..........a	-327.68
	1995	1996	-1.65736E+000	-2.00190E-001	-2.15857E+000	-2.00025E+000	3.53561E-004	11	..........a	-327.68
	1996	1997	-1.65816E+000	-2.00189E-001	-2.16033E+000	-2.00025E+000	3.47294E-004	11	..........a	-327.68
	1997	1998	-1.65816E+000	-2.00190E-001	-2.16465E+000	-2.00025E+000	3.51894E-004	11	..........a	-327.68
	1998	1999	-1.65976E+000	-2.00191E-001	-2.16936E+000	-2.00025E+000	3.49261E-004	11	..........a	-327.68
	1999	2000	-1.65816E+000	-2.00191E-001	-2.17103E+000	-2.00025E+000	3.54211E-004	11	..........a	-327.68
	2000	2001	-1.65976E+000	-2.00191E-001	-2.17256E+000	-2.00025E+000	3.50144E-004	11	..........a	-327.68
	2001	2002	-1.65816E+000	-2.00191E-001	-2.17702E+000	-2.00025E+000	3.54578E-004	11	..........a	-327.68
	2002	2003	-1.65856E+000	-2.00190E-001	-2.18252E+000	-2.00025E+000	3.50661E-004	11	..........a	-327.68
	2003	2004	-1.65976E+000	-2.00191E-001	-2.18758E+000	-2.00025E+000	3.48278E-004	11	..........a	-327.68
	2004	2005	-1.65816E+000	-2.00191E-001	-2.19849E+000	-2.00025E+000	3.48428E-004	11	..........a	-327.68
	2005	2006	-1.65896E+000	-2.00190E-001	-2.20180E+000	-2.00025E+000	3.48811E-004	11	..........a	-327.68
	2006	2007	-1.65976E+000	-2.00190E-001	-2.21423E+000	-2.00025E+000	3.48228E-004	11	..........a	-327.68
	2007	2008	-1.65816E+000	-2.00190E-001	-2.11461E+000	-2.00025E+000	3.55511E-004	11	..........a	-327.68
	2008	2009	-1.66016E+000	-2.00191E-001	-2.12262E+000	-2.00025E+000	3.48478E-004	11	..........a	-327.68
	2009	2010	-1.65896E+000	-2.00191E-001	-2.13172E+000	-2.00025E+000	3.52794E-004	11	..........a	-327.68
	2010	2011	-1.65856E+000	-2.00190E-001	-2.14165E+000	-2.00025E+000	3.53844E-004	11	..........a	-327.68
	2011	2012	-1.65816E+000	-2.00190E-001	-2.15004E+000	-2.00025E+000	3.50044E-004	11	..........a	-327.68
	2012	2013	-1.65936E+000	-2.00191E-001	-2.15736E+000	-2.00025E+000	3.47661E-004	11	..........a	-327.68
	2013	2014	-1.66016E+000	-2.00190E-001	-2.16437E+000	-2.00025E+000	3.48394E-004	11	..........a	-327.68
	2014	2015	-1.66016E+000	-2.00190E-001	-2.16588E+000	-2.00025E+000	3.50761E-004	11	..........a	-327.68
	2015	2016	-1.65976E+000	-2.00191E-001	-2.17028E+000	-2.00025E+000	3.51044E-004	11	..........a	-327.68
	2016	2017	-1.65976E+000	-2.00190E-001	-2.17708E+000	-2.00025E+000	3.48461E-004	11	..........a	-327.68
	2017	2018	-1.65816E+000	-2.00190E-001	-2.18410E+000	-2.00025E+000	3.48178E-004	11	..........a	-327.68
	2018	2019	-1.65816E+000	-2.00191E-001	-2.19180E+000	-2.00025E+000	3.48761E-004	11	..........a	-327.68
	2019	2020	-1.66016E+000	-2.00191E-001	-2.19550E+000	-2.00025E+000	3.52744E-004	11	..........a	-327.68
	2020	2021	-1.65936E+000	-2.00189E-001	-2.20200E+000	-2.00025E+000	3.49344E-004	11	..........a	-327.68
	2021	2022	-1.65856E+000	-2.00190E-001	-2.20774E+000	-2.00025E+000	3.49728E-004	11	..........a	-327.68
	2022	2023	-1.65896E+000	-2.00190E-001	-2.21134E+000	-2.00025E+000	3.58311E-004	11	..........a	-327.68
	2023	2024	-1.65696E+000	-2.00190E-001	-2.21919E+000	-2.00025E+000	3.56828E-004	11	..........a	-327.68
	2024	2025	-1.65976E+000	-2.00190E-001	-2.22119E+000	-2.00025E+000	3.51744E-004	11	..........a	-327.68
	2025	2026	-1.65856E+000	-2.00190E-001	-2.22751E+000	-2.00025E+000	3.51994E-004	11	..........a	-327.68
	2026	2027	-1.65896E+000	-2.00190E-001	-2.23156E+000	-2.00025E+000	3.50394E-004	11	..........a	-327.68
	2027	2028	-1.65896E+000	-2.00190E-001	-2.23914E+000	-2.00025E+000	3.51928E-004	11	..........a	-327.68
	2028	2029	-1.65856E+000	-2.00190E-001	-2.24339E+000	-2.00025E+000	3.48628E-004	11	..........a	-327.68
	2029	2030	-1.65896E+000	-2.00190E-001	-2.24520E+000	-2.00025E+000	3.49094E-004	11	..........a	-327.68
	2030	2031	-1.65816E+000	-2.00190E-001	-2.24925E+000	-2.00025E+000	3.54128E-004	11	..........a	-327.68
	2031	2032	-1.65896E+000	-2.00191E-001	-2.25800E+000	-2.00025E+000	3.52328E-004	11	..........a	-327.68
	2032	2033	-1.65856E+000	-2.00190E-001	-2.25511E+000	-2.00025E+000	3.52811E-004	11	..........a	-327.68
	2033	2034	-1.65856E+000	-2.00191E-001	-2.12619E+000	-2.00025E+000	3.54994E-004	11	..........a	-327.68
	2034	2035	-1.65936E+000	-2.00190E-001	-2.13287E+000	-2.00025E+000	3.50478E-004	11	..........a	-327.68
	2035	2036	-1.65816E+000	-2.00190E-001	-2.13294E+000	-2.00025E+000	3.51861E-004	11	..........a	-327.68
	2036	2037	-1.65816E+000	-2.00191E-001	-2.13847E+000	-2.00025E+000	3.49111E-004	11	..........a	-327.68
	2037	2038	-1.66016E+000	-2.00190E-001	-2.14743E+000	-2.00025E+000	3.53894E-004	11	..........a	-327.68
	2038	2039	-1.65816E+000	-2.00190E-001	-2.15718E+000	-2.00025E+000	3.55494E-004	11	..........a	-327.68
	2039	2040	-1.66016E+000	-2.00191E-001	-2.16946E+000	-2.00025E+000	3.51594E-004	11	..........a	-327.68
	2040	2041	-1.66096E+000	-2.00191E-001	-2.16951E+000	-2.00025E+000	3.52111E-004	11	..........a	-327.68
	2041	2042	-1.66016E+000	-2.00190E-001	-2.17925E+000	-2.00025E+000	3.53278E-004	11	..........a	-327.68
	2042	2043	-1.66016E+000	-2.00190E-001	-2.18780E+000	-2.00025E+000	3.51761E-004	11	..........a	-327.68
	2043	2044	-1.65816E+000	-2.00190E-001	-2.19819E+000	-2.00025E+000	3.57411E-004	11	..........a	-327.68
	2044	2045	-1.65856E+000	-2.00190E-001	-2.18948E+000	-2.00025E+000	3.49544E-004	11	..........a	-327.68
	2045	2046	-1.65656E+000	-2.00190E-001	-2.19229E+000	-2.00025E+000	3.52394E-004	11	..........a	-327.68
	2046	2047	-1.65976E+000	-2.00190E-001	-2.19271E+000	-2.00025E+000	3.53561E-004	11	..........a	-327.68
	2047	2048	-1.66016E+000	-2.00190E-001	-2.19848E+000	-2.00025E+000	3.47811E-004	11	..........a	-327.68
	2048	2049	-1.65896E+000	-2.00190E-001	-2.20121E+000	-2.00025E+000	3.54644E-004	11	..........a	-327.68
	2049	2050	-1.65856E+000	-2.00197E-001	-2.20665E+000	-2.00025E+000	3.91444E-004	11	..........a	-327.68
	2050	2051	-1.66016E+000	-2.00197E-001	-2.21042E+000	-2.00025E+000	3.93878E-004	11	..........a	-327.68
	2051	2052	-1.65656E+000	-2.00196E-001	-2.21687E+000	-2.00025E+000	3.92111E-004	11	..........a	-327.68
	2052	2053	-1.65936E+000	-2.00196E-001	-2.16100E+000	-2.00025E+000	3.98378E-004	11	..........a	-327.68
	2053	2054	-1.65856E+000	-2.00196E-001	-2.16600E+000	-2.00025E+000	3.94494E-004	11	..........a	-327.68
	2054	2055	-1.65936E+000	-2.00196E-001	-2.17470E+000	-2.00025E+000	3.98128E-004	11	..........a	-327.68
	2055	2056	-1.65816E+000	-2.00196E-001	-2.17752E+000	-2.00025E+000	4.02511E-004	11	..........a	-327.68
	2056	2057	-1.65856E+000	-2.00196E-001	-2.18170E+000	-2.00025E+000	3.94344E-004	11	..........a	-327.68
	2057	2058	-1.65936E+000	-2.00196E-001	-2.18991E+000	-2.00025E+000	3.97194E-004	11	..........a	-327.68
	2058	2059	-1.66016E+000	-2.00196E-001	-2.19255E+000	-2.00025E+000	4.05678E-004	11	..........a	-327.68
	2059	2060	-1.65896E+000	-2.00196E-001	-2.19604E+000	-2.00025E+000	4.08928E-004	11	..........a	-327.68
	2060	2061	-1.66016E+000	-2.00196E-001	-2.20278E+000	-2.00025E+000	4.09811E-004	11	..........a	-327.68
	2061	2062	-1.65936E+000	-2.00196E-001	-2.20895E+000	-2.00025E+000	4.00794E-004	11	..........a	-327.68
	2062	2063	-1.65936E+000	-2.00196E-001	-2.21732E+000	-2.00025E+000	4.01161E-004	11	..........a	-327.68
	2063	2064	-1.65976E+000	-2.00195E-001	-2.22167E+000	-2.00025E+000	4.05244E-004	11	..........a	-327.68
	2064	2065	-1.65856E+000	-2.00196E-001	-2.22262E+000	-2.00025E+000	4.04828E-004	11	..........a	-327.68
	2065	2066	-1.65976E+000	-2.00196E-001	-2.17919E+000	-2.00025E+000	3.91294E-004	11	..........a	-327.68
	2066	2067	-1.65736E+000	-2.00196E-001	-2.17736E+000	-2.00025E+000	3.86694E-004	11	..........a	-327.68
	2067	2068	-1.65816E+000	-2.00196E-001	-2.18011E+000	-2.00025E+000	4.04028E-004	11	..........a	-327.68
	2068	2069	-1.65856E+000	-2.00196E-001	-2.18746E+000	-2.00025E+000	4.03061E-004	11	..........a	-327.68
	2069	2070	-1.65896E+000	-2.00196E-001	-2.18901E+000	-2.00025E+000	3.97411E-004	11	..........a	-327.68
	2070	2071	-1.65856E+000	-2.00196E-001	-2.19999E+000	-2.00025E+000	3.88928E-004	11	..........a	-327.68
	2071	2072	-1.66016E+000	-2.00196E-001	-2.19074E+000	-2.00025E+000	3.91828E-004	11	..........a	-327.68
	2072	2073	-1.66016E+000	-2.00196E-001	-2.19748E+000	-2.00025E+000	3.97194E-004	11	..........a	-327.68
	2073	2074	-1.65856E+000	-2.00196E-001	-2.20193E+000	-2.00025E+000	3.91344E-004	11	..........a	-327.68
	2074	2075	-1.65896E+000	-2.00195E-001	-2.20654E+000	-2.00025E+000	4.11711E-004	11	..........a	-327.68
	2075	2076	-1.65856E+000	-2.00195E-001	-2.20678E+000	-2.00025E+000	4.22261E-004	11	..........a	-327.68
	2076	2077	-1.65896E+000	-2.00195E-001	-2.15568E+000	-2.00025E+000	4.18194E-004	11	..........a	-327.68
	2077	2078	-1.65856E+000	-2.00196E-001	-2.14350E+000	-2.00025E+000	4.02344E-004	11	..........a	-327.68
	2078	2079	-1.65976E+000	-2.00196E-001	-2.14013E+000	-2.00025E+000	3.98111E-004	11	..........a	-327.68
	2079	2080	-1.65896E+000	-2.00196E-001	-2.15113E+000	-2.00025E+000	3.93711E-004	11	..........a	-327.68
	2080	2081	-1.65696E+000	-2.00196E-001	-2.16039E+000	-2.00025E+000	3.84044E-004	11	..........a	-327.68
	2081	2082	-1.65696E+000	-2.00196E-001	-2.16798E+000	-2.00025E+000	4.02211E-004	11	..........a	-327.68
	2082	2083	-1.65856E+000	-2.00197E-001	-2.17252E+000	-2.00025E+000	4.01344E-004	11	..........a	-327.68
	2083	2084	-1.66256E+000	-2.00196E-001	-2.17820E+000	-2.00025E+000	4.08844E-004	11	..........a	-327.68
	2084	2085	-1.66176E+000	-2.00196E-001	-2.18454E+000	-2.00025E+000	4.13411E-004	11	..........a	-327.68
	2085	2086	-1.65936E+000	-2.00196E-001	-2.19583E+000	-2.00025E+000	4.09778E-004	11	..........a	-327.68
	2086	2087	-1.65696E+000	-2.00197E-001	-2.08824E+000	-2.00025E+000	3.99478E-004	11	..........a	-327.68
	2087	2088	-1.65656E+000	-2.00196E-001	-2.09607E+000	-2.00025E+000	4.04561E-004	11	..........a	-327.68
	2088	2089	-1.65816E+000	-2.00196E-001	-2.10150E+000	-2.00025E+000	4.05811E-004	11	..........a	-327.68
	2089	2090	-1.65816E+000	-2.00196E-001	-2.11065E+000	-2.00025E+000	4.10611E-004	11	..........a	-327.68
	2090	2091	-1.65776E+000	-2.00194E-001	-2.11741E+000	-2.00025E+000	2.57578E-004	11	..........a	-327.68
	2091	2092	-1.65736E+000	-2.00194E-001	-2.12936E+000	-2.00025E+000	2.44194E-004	11	..........a	-327.68
	2092	2093	-1.65776E+000	-2.00193E-001	-2.13284E+000	-2.00025E+000	2.45944E-004	11	..........a	-327.68
	2093	2094	-1.66096E+000	-2.00194E-001	-2.13641E+000	-2.00025E+000	2.40928E-004	11	..........a	-327.68
	2094	2095	-1.66176E+000	-2.00194E-001	-2.14094E+000	-2.00025E+000	2.55461E-004	11	..........a	-327.68
	2095	2096	-1.65896E+000	-2.00193E-001	-2.15185E+000	-2.00025E+000	2.61394E-004	11	..........a	-327.68
	2096	2097	-1.66016E+000	-2.00193E-001	-2.16159E+000	-2.00025E+000	2.57978E-004	11	..........a	-327.68
	2097	2098	-1.65856E+000	-2.00194E-001	-2.16415E+000	-2.00025E+000	2.37378E-004	11	..........a	-327.68
	2098	2099	-1.66056E+000	-2.00194E-001	-2.16644E+000	-2.00025E+000	2.39944E-004	11	..........a	-327.68
	2099	2100	-1.65896E+000	-2.00193E-001	-2.17523E+000	-2.00025E+000	2.53411E-004	11	..........a	-327.68
	2100	2101	-1.65896E+000	-2.00193E-001	-2.18475E+000	-2.00025E+000	2.59811E-004	11	..........a	-327.68
	2101	2102	-1.65936E+000	-2.00193E-001	-2.18968E+000	-2.00025E+000	2.55144E-004	11	..........a	-327.68
	2102	2103	-1.66016E+000	-2.00193E-001	-2.15312E+000	-2.00025E+000	2.59794E-004	11	..........a	-327.68
	2103	2104	-1.65656E+000	-2.00193E-001	-2.16242E+000	-2.00025E+000	2.53061E-004	11	..........a	-327.68
	2104	2105	-1.65816E+000	-2.00193E-001	-2.16554E+000	-2.00025E+000	2.54578E-004	11	..........a	-327.68
	2105	2106	-1.65976E+000	-2.00193E-001	-2.17077E+000	-2.00025E+000	2.55761E-004	11	..........a	-327.68
	2106	2107	-1.66056E+000	-2.00193E-001	-2.17872E+000	-2.00025E+000	2.61211E-004	11	..........a	-327.68
	2107	2108	-1.65776E+000	-2.00193E-001	-2.18777E+000	-2.00025E+000	2.54844E-004	11	..........a	-327.68
	2108	2109	-1.65896E+000	-2.00193E-001	-2.19239E+000	-2.00025E+000	2.64511E-004	11	..........a	-327.68
	2109	2110	-1.66016E+000	-2.00193E-001	-2.19910E+000	-2.00025E+000	2.69794E-004	11	..........a	-327.68
	2110	2111	-1.65816E+000	-2.00193E-001	-2.20709E+000	-2.00025E+000	2.53094E-004	11	..........a	-327.68
	2111	2112	-1.65896E+000	-2.00193E-001	-2.21211E+000	-2.00025E+000	2.51044E-004	11	..........a	-327.68
	2112	2113	-1.65936E+000	-2.00193E-001	-2.22065E+000	-2.00025E+000	2.39528E-004	11	..........a	-327.68
	2113	2114	-1.65896E+000	-2.00194E-001	-2.21609E+000	-2.00025E+000	2.50478E-004	11	..........a	-327.68
	2114	2115	-1.65656E+000	-2.00194E-001	-2.22206E+000	-2.00025E+000	2.38728E-004	11	..........a	-327.68
	2115	2116	-1.65856E+000	-2.00194E-001	-2.15401E+000	-2.00025E+000	2.35261E-004	11	..........a	-327.68
	2116	2117	-1.65536E+000	-2.00194E-001	-2.12173E+000	-2.00025E+000	3.31894E-004	11	..........a	-327.68
	2117	2118	-1.66056E+000	-2.00194E-001	-2.12334E+000	-2.00025E+000	3.36344E-004	11	..........a	-327.68
	2118	2119	-1.65976E+000	-2.00194E-001	-2.13416E+000	-2.00025E+000	3.29178E-004	11	..........a	-327.68
	2119	2120	-1.65936E+000	-2.00194E-001	-2.14467E+000	-2.00025E+000	3.26578E-004	11	..........a	-327.68
	2120	2121	-1.65896E+000	-2.00194E-001	-2.15524E+000	-2.00025E+000	3.23961E-004	11	..........a	-327.68
	2121	2122	-1.65976E+000	-2.00193E-001	-2.16121E+000	-2.00025E+000	3.22178E-004	11	..........a	-327.68
	2122	2123	-1.66096E+000	-2.00193E-001	-2.16684E+000	-2.00025E+000	3.31794E-004	11	..........a	-327.68
	2123	2124	-1.65896E+000	-2.00193E-001	-2.17752E+000	-2.00025E+000	3.29578E-004	11	..........a	-327.68
	2124	2125	-1.65936E+000	-2.00194E-001	-2.18499E+000	-2.00025E+000	3.31311E-004	11	..........a	-327.68
	2125	2126	-1.65976E+000	-2.00193E-001	-2.19145E+000	-2.00025E+000	3.28578E-004	11	..........a	-327.68
	2126	2127	-1.65896E+000	-2.00193E-001	-2.18607E+000	-2.00025E+000	3.37061E-004	11	..........a	-327.68
	2127	2128	-1.65776E+000	-2.00194E-001	-2.14246E+000	-2.00025E+000	3.27761E-004	11	..........a	-327.68
	2128	2129	-1.65896E+000	-2.00193E-001	-2.10183E+000	-2.00025E+000	3.30128E-004	11	..........a	-327.68
	2129	2130	-1.65976E+000	-2.00193E-001	-2.10671E+000	-2.00025E+000	3.29761E-004	11	..........a	-327.68
	2130	2131	-1.65896E+000	-2.00193E-001	-2.11009E+000	-2.00025E+000	3.31844E-004	11	..........a	-327.68
	2131	2132	-1.65816E+000	-2.00193E-001	-2.11957E+000	-2.00025E+000	3.25228E-004	11	..........a	-327.68
	2132	2133	-1.65896E+000	-2.00193E-001	-2.12437E+000	-2.00025E+000	3.34478E-004	11	..........a	-327.68
	2133	2134	-1.65776E+000	-2.00194E-001	-2.13363E+000	-2.00025E+000	3.37094E-004	11	..........a	-327.68
	2134	2135	-1.65936E+000	-2.00194E-001	-2.13756E+000	-2.00025E+000	3.35978E-004	11	..........a	-327.68
	2135	2136	-1.65736E+000	-2.00193E-001	-2.15074E+000	-2.00025E+000	3.25178E-004	11	..........a	-327.68
	2136	2137	-1.66016E+000	-2.00193E-001	-2.15391E+000	-2.00025E+000	3.28761E-004	11	..........a	-327.68
	2137	2138	-1.65896E+000	-2.00193E-001	-2.16223E+000	-2.00025E+000	3.34228E-004	11	..........a	-327.68
	2138	2139	-1.66056E+000	-2.00194E-001	-2.16538E+000	-2.00025E+000	3.34128E-004	11	..........a	-327.68
	2139	2140	-1.65816E+000	-2.00194E-001	-2.17385E+000	-2.00025E+000	3.31278E-004	11	..........a	-327.68
	2140	2141	-1.65816E+000	-2.00193E-001	-2.18084E+000	-2.00025E+000	3.30828E-004	11	..........a	-327.68
	2141	2142	-1.65936E+000	-2.00194E-001	-2.18930E+000	-2.00025E+000	3.30278E-004	11	..........a	-327.68
	2142	2143	-1.65696E+000	-2.00193E-001	-2.19917E+000	-2.00025E+000	3.06094E-004	11	..........a	-327.68
	2143	2144	-1.66016E+000	-2.00194E-001	-2.19849E+000	-2.00025E+000	3.12961E-004	11	..........a	-327.68
	2144	2145	-1.65656E+000	-2.00193E-001	-2.19920E+000	-2.00025E+000	3.12394E-004	11	..........a	-327.68
	2145	2146	-1.65736E+000	-2.00193E-001	-2.08604E+000	-2.00025E+000	3.01194E-004	11	..........a	-327.68
	2146	2147	-1.65856E+000	-2.00193E-001	-2.09655E+000	-2.00025E+000	3.01928E-004	11	..........a	-327.68
	2147	2148	-1.65816E+000	-2.00193E-001	-2.10529E+000	-2.00025E+000	3.06061E-004	11	..........a	-327.68
	2148	2149	-1.65936E+000	-2.00193E-001	-2.11386E+000	-2.00025E+000	2.99644E-004	11	..........a	-327.68
	2149	2150	-1.66016E+000	-2.00193E-001	-2.12110E+000	-2.00025E+000	3.05294E-004	11	..........a	-327.68
	2150	2151	-1.65816E+000	-2.00194E-001	-2.13010E+000	-2.00025E+000	2.98694E-004	11	..........a	-327.68
	2151	2152	-1.65816E+000	-2.00194E-001	-2.14024E+000	-2.00025E+000	3.12644E-004	11	..........a	-327.68
	2152	2153	-1.65896E+000	-2.00193E-001	-2.14568E+000	-2.00025E+000	2.96861E-004	11	..........a	-327.68
	2153	2154	-1.66016E+000	-2.00194E-001	-2.15154E+000	-2.00025E+000	2.98861E-004	11	..........a	-327.68
	2154	2155	-1.65736E+000	-2.00193E-001	-2.16294E+000	-2.00025E+000	3.03328E-004	11	..........a	-327.68
	2155	2156	-1.65816E+000	-2.00193E-001	-2.16794E+000	-2.00025E+000	3.02111E-004	11	..........a	-327.68
	2156	2157	-1.65936E+000	-2.00193E-001	-2.17630E+000	-2.00025E+000	3.02694E-004	11	..........a	-327.68
	2157	2158	-1.65696E+000	-2.00194E-001	-2.18815E+000	-2.00025E+000	3.09628E-004	11	..........a	-327.68
	2158	2159	-1.65856E+000	-2.00194E-001	-2.18947E+000	-2.00025E+000	3.01144E-004	11	..........a	-327.68
	2159	2160	-1.65496E+000	-2.00194E-001	-2.19872E+000	-2.00025E+000	2.97294E-004	11	..........a	-327.68
	2160	2161	-1.65816E+000	-2.00193E-001	-2.19366E+000	-2.00025E+000	3.02178E-004	11	..........a	-327.68
	2161	2162	-1.65536E+000	-2.00193E-001	-2.19773E+000	-2.00025E+000	3.02178E-004	11	..........a	-327.68
	2162	2163	-1.65896E+000	-2.00193E-001	-2.19795E+000	-2.00025E+000	3.09028E-004	11	..........a	-327.68
	2163	2164	-1.65856E+000	-2.00193E-001	-2.20443E+000	-2.00025E+000	3.04411E-004	11	..........a	-327.68
	2164	2165	-1.66056E+000	-2.00193E-001	-2.14881E+000	-2.00025E+000	3.04278E-004	11	..........a	-327.68
	2165	2166	-1.66016E+000	-2.00193E-001	-2.15268E+000	-2.00025E+000	3.07411E-004	11	..........a	-327.68
	2166	2167	-1.65936E+000	-2.00193E-001	-2.15969E+000	-2.00025E+000	3.07311E-004	11	..........a	-327.68
	2167	2168	-1.65856E+000	-2.00193E-001	-2.16538E+000	-2.00025E+000	3.03911E-004	11	..........a	-327.68
	2168	2169	-1.65896E+000	-2.00193E-001	-2.17170E+000	-2.00025E+000	3.01544E-004	11	..........a	-327.68
	2169	2170	-1.65936E+000	-2.00193E-001	-2.17919E+000	-2.00025E+000	3.09144E-004	11	..........a	-327.68
	2170	2171	-1.65816E+000	-2.00193E-001	-2.19730E+000	-2.00025E+000	3.07611E-004	11	..........a	-327.68
	2171	2172	-1.65816E+000	-2.00193E-001	-2.19955E+000	-2.00025E+000	3.04261E-004	11	..........a	-327.68
	2172	2173	-1.65496E+000	-2.00193E-001	-2.20556E+000	-2.00025E+000	2.99161E-004	11	..........a	-327.68
	2173	2174	-1.65856E+000	-2.00193E-001	-2.09834E+000	-2.00025E+000	3.07911E-004	11	..........a	-327.68
	2174	2175	-1.65736E+000	-2.00193E-001	-2.10516E+000	-2.00025E+000	3.10644E-004	11	..........a	-327.68
	2175	2176	-1.65816E+000	-2.00194E-001	-2.11362E+000	-2.00025E+000	3.04344E-004	11	..........a	-327.68
	2176	2177	-1.65816E+000	-2.00193E-001	-2.12061E+000	-2.00025E+000	3.05711E-004	11	..........a	-327.68
	2177	2178	-1.66016E+000	-2.00193E-001	-2.12653E+000	-2.00025E+000	3.02344E-004	11	..........a	-327.68
	2178	2179	-1.65856E+000	-2.00193E-001	-2.13599E+000	-2.00025E+000	3.11911E-004	11	..........a	-327.68
	2179	2180	-1.65896E+000	-2.00193E-001	-2.14265E+000	-2.00025E+000	3.03911E-004	11	..........a	-327.68
	2180	2181	-1.65736E+000	-2.00193E-001	-2.15198E+000	-2.00025E+000	3.02628E-004	11	..........a	-327.68
	2181	2182	-1.65856E+000	-2.00193E-001	-2.16098E+000	-2.00025E+000	3.03544E-004	11	..........a	-327.68
	2182	2183	-1.65816E+000	-2.00193E-001	-2.17371E+000	-2.00025E+000	3.11894E-004	11	..........a	-327.68
	2183	2184	-1.65736E+000	-2.00194E-001	-2.15913E+000	-2.00025E+000	3.09211E-004	11	..........a	-327.68
	2184	2185	-1.65816E+000	-2.00194E-001	-2.10582E+000	-2.00025E+000	3.12711E-004	11	..........a	-327.68
	2185	2186	-1.65816E+000	-2.00193E-001	-2.11431E+000	-2.00025E+000	3.11261E-004	11	..........a	-327.68
	2186	2187	-1.65936E+000	-2.00193E-001	-2.12141E+000	-2.00025E+000	3.13961E-004	11	..........a	-327.68
	2187	2188	-1.65816E+000	-2.00193E-001	-2.13112E+000	-2.00025E+000	3.06861E-004	11	..........a	-327.68
	2188	2189	-1.65936E+000	-2.00193E-001	-2.13819E+000	-2.00025E+000	3.04144E-004	11	..........a	-327.68
	2189	2190	-1.65896E+000	-2.00193E-001	-2.14607E+000	-2.00025E+000	3.07511E-004	11	..........a	-327.68
	2190	2191	-1.65936E+000	-2.00193E-001	-2.15573E+000	-2.00025E+000	3.05211E-004	11	..........a	-327.68
	2191	2192	-1.65816E+000	-2.00193E-001	-2.16537E+000	-2.00025E+000	3.05111E-004	11	..........a	-327.68
	2192	2193	-1.65936E+000	-2.00193E-001	-2.17041E+000	-2.00025E+000	3.05628E-004	11	..........a	-327.68
	2193	2194	-1.65816E+000	-2.00194E-001	-2.16933E+000	-2.00025E+000	3.02211E-004	11	..........a	-327.68
	2194	2195	-1.65896E+000	-2.00193E-001	-2.17328E+000	-2.00025E+000	3.07344E-004	11	..........a	-327.68
	2195	2196	-1.65936E+000	-2.00193E-001	-2.17822E+000	-2.00025E+000	3.06678E-004	11	..........a	-327.68
	2196	2197	-1.65816E+000	-2.00193E-001	-2.18592E+000	-2.00025E+000	3.10961E-004	11	..........a	-327.68
	2197	2198	-1.65936E+000	-2.00193E-001	-2.19149E+000	-2.00025E+000	3.08294E-004	11	..........a	-327.68
	2198	2199	-1.65856E+000	-2.00193E-001	-2.20014E+000	-2.00025E+000	3.09561E-004	11	..........a	-327.68
	2199	2200	-1.65736E+000	-2.00194E-001	-2.20913E+000	-2.00025E+000	3.18311E-004	11	..........a	-327.68
	2200	2201	-1.65576E+000	-2.00194E-001	-2.21667E+000	-2.00025E+000	3.14311E-004	11	..........a	-327.68
	2201	2202	-1.65776E+000	-2.00194E-001	-2.22089E+000	-2.00025E+000	3.14911E-004	11	..........a	-327.68
	2202	2203	-1.65896E+000	-2.00194E-001	-2.22514E+000	-2.00025E+000	3.15761E-004	11	..........a	-327.68
	2203	2204	-1.65936E+000	-2.00194E-001	-2.23131E+000	-2.00025E+000	3.07144E-004	11	..........a	-327.68
	2204	2205	-1.65896E+000	-2.00194E-001	-2.12473E+000	-2.00025E+000	3.05844E-004	11	..........a	-327.68
	2205	2206	-1.66016E+000	-2.00193E-001	-2.13072E+000	-2.00025E+000	3.08128E-004	11	..........a	-327.68
	2206	2207	-1.65896E+000	-2.00194E-001	-2.13968E+000	-2.00025E+000	3.03944E-004	11	..........a	-327.68
	2207	2208	-1.65976E+000	-2.00194E-001	-2.14858E+000	-2.00025E+000	3.01661E-004	11	..........a	-327.68
	2208	2209	-1.65936E+000	-2.00194E-001	-2.15539E+000	-2.00025E+000	3.03694E-004	11	..........a	-327.68
	2209	2210	-1.65776E+000	-2.00194E-001	-2.15545E+000	-2.00025E+000	3.07461E-004	11	..........a	-327.68
	2210	2211	-1.65976E+000	-2.00193E-001	-2.14798E+000	-2.00025E+000	3.01944E-004	11	..........a	-327.68
	2211	2212	-1.65776E+000	-2.00194E-001	-2.15848E+000	-2.00025E+000	2.98428E-004	11	..........a	-327.68
	2212	2213	-1.65936E+000	-2.00194E-001	-2.16133E+000	-2.00025E+000	3.13944E-004	11	..........a	-327.68
	2213	2214	-1.65576E+000	-2.00194E-001	-2.17662E+000	-2.00025E+000	3.10078E-004	11	..........a	-327.68
	2214	2215	-1.65976E+000	-2.00194E-001	-2.17814E+000	-2.00025E+000	3.13828E-004	11	..........a	-327.68
	2215	2216	-1.65776E+000	-2.00194E-001	-2.19023E+000	-2.00025E+000	3.07044E-004	11	..........a	-327.68
	2216	2217	-1.65896E+000	-2.00194E-001	-2.19112E+000	-2.00025E+000	3.10994E-004	11	..........a	-327.68
	2217	2218	-1.65776E+000	-2.00194E-001	-2.20261E+000	-2.00025E+000	3.07044E-004	11	..........a	-327.68
	2218	2219	-1.65936E+000	-2.00194E-001	-2.20265E+000	-2.00025E+000	3.15861E-004	11	..........a	-327.68
	2219	2220	-1.65976E+000	-2.00194E-001	-2.20861E+000	-2.00025E+000	3.18544E-004	11	..........a	-327.68
	2220	2221	-1.65936E+000	-2.00194E-001	-2.21106E+000	-2.00025E+000	3.14528E-004	11	..........a	-327.68
	2221	2222	-1.65856E+000	-2.00194E-001	-2.21773E+000	-2.00025E+000	3.05328E-004	11	..........a	-327.68
	2222	2223	-1.65656E+000	-2.00194E-001	-2.05746E+000	-2.00025E+000	3.09244E-004	11	..........a	-327.68
	2223	2224	-1.65616E+000	-2.00194E-001	-2.06647E+000	-2.00025E+000	3.14061E-004	11	..........a	-327.68
	2224	2225	-1.65736E+000	-2.00194E-001	-2.07170E+000	-2.00025E+000	3.11811E-004	11	..........a	-327.68
	2225	2226	-1.65736E+000	-2.00193E-001	-2.07849E+000	-2.00025E+000	3.04911E-004	11	..........a	-327.68
	2226	2227	-1.65496E+000	-2.00193E-001	-2.09191E+000	-2.00025E+000	3.14711E-004	11	..........a	-327.68
	2227	2228	-1.65816E+000	-2.00193E-001	-2.09504E+000	-2.00025E+000	3.13211E-004	11	..........a	-327.68
	2228	2229	-1.65856E+000	-2.00194E-001	-2.10637E+000	-2.00025E+000	3.20478E-004	11	..........a	-327.68
	2229	2230	-1.65736E+000	-2.00194E-001	-2.11096E+000	-2.00025E+000	3.23778E-004	11	..........a	-327.68
	2230	2231	-1.65936E+000	-2.00194E-001	-2.12259E+000	-2.00025E+000	3.19261E-004	11	..........a	-327.68
	2231	2232	-1.65816E+000	-2.00194E-001	-2.12474E+000	-2.00025E+000	3.16011E-004	11	..........a	-327.68
	2232	2233	-1.65976E+000	-2.00194E-001	-2.13522E+000	-2.00025E+000	3.18144E-004	11	..........a	-327.68
	2233	2234	-1.65656E+000	-2.00194E-001	-2.15542E+000	-2.00025E+000	3.14878E-004	11	..........a	-327.68
	2234	2235	-1.65736E+000	-2.00194E-001	-2.15885E+000	-2.00025E+000	3.12794E-004	11	..........a	-327.68
	2235	2236	-1.65896E+000	-2.00194E-001	-2.15936E+000	-2.00025E+000	3.13128E-004	11	..........a	-327.68
	2236	2237	-1.65896E+000	-2.00194E-001	-2.17114E+000	-2.00025E+000	3.17311E-004	11	..........a	-327.68
	2237	2238	-1.65736E+000	-2.00194E-001	-2.17654E+000	-2.00025E+000	3.12744E-004	11	..........a	-327.68
	2238	2239	-1.65856E+000	-2.00194E-001	-2.18553E+000	-2.00025E+000	3.11794E-004	11	..........a	-327.68
	2239	2240	-1.65936E+000	-2.00194E-001	-2.18763E+000	-2.00025E+000	3.08711E-004	11	..........a	-327.68
	2240	2241	-1.65536E+000	-2.00194E-001	-2.19583E+000	-2.00025E+000	3.09311E-004	11	..........a	-327.68
	2241	2242	-1.65976E+000	-2.00194E-001	-2.19738E+000	-2.00025E+000	3.12461E-004	11	..........a	-327.68
	2242	2243	-1.65776E+000	-2.00194E-001	-2.20847E+000	-2.00025E+000	3.03878E-004	11	..........a	-327.68
	2243	2244	-1.65736E+000	-2.00194E-001	-2.21316E+000	-2.00025E+000	3.03011E-004	11	..........a	-327.68
	2244	2245	-1.65496E+000	-2.00194E-001	-2.21372E+000	-2.00025E+000	3.04744E-004	11	..........a	-327.68
	2245	2246	-1.65856E+000	-2.00194E-001	-2.21645E+000	-2.00025E+000	3.06861E-004	11	..........a	-327.68
	2246	2247	-1.65696E+000	-2.00195E-001	-2.22200E+000	-2.00025E+000	3.03544E-004	11	..........a	-327.68
	2247	2248	-1.65856E+000	-2.00195E-001	-2.23055E+000	-2.00025E+000	3.02944E-004	11	..........a	-327.68
	2248	2249	-1.65776E+000	-2.00194E-001	-2.22735E+000	-2.00025E+000	3.10694E-004	11	..........a	-327.68
	2249	2250	-1.65456E+000	-2.00194E-001	-2.06731E+000	-2.00025E+000	3.06211E-004	11	..........a	-327.68
	2250	2251	-1.65536E+000	-2.00194E-001	-2.07407E+000	-2.00025E+000	2.98061E-004	11	..........a	-327.68
	2251	2252	-1.65696E+000	-2.00194E-001	-2.08679E+000	-2.00025E+000	3.04611E-004	11	..........a	-327.68
	2252	2253	-1.65776E+000	-2.00194E-001	-2.09134E+000	-2.00025E+000	3.08294E-004	11	..........a	-327.68
	2253	2254	-1.65896E+000	-2.00193E-001	-2.10443E+000	-2.00025E+000	3.10994E-004	11	..........a	-327.68
	2254	2255	-1.65656E+000	-2.00194E-001	-2.11453E+000	-2.00025E+000	3.07594E-004	11	..........a	-327.68
	2255	2256	-1.65896E+000	-2.00194E-001	-2.12616E+000	-2.00025E+000	2.99128E-004	11	..........a	-327.68
	2256	2257	-1.65656E+000	-2.00194E-001	-2.13178E+000	-2.00025E+000	2.99461E-004	11	..........a	-327.68
	2257	2258	-1.65816E+000	-2.00194E-001	-2.14110E+000	-2.00025E+000	3.00328E-004	11	..........a	-327.68
	2258	2259	-1.65576E+000	-2.00194E-001	-2.14937E+000	-2.00025E+000	3.02561E-004	11	..........a	-327.68
	2259	2260	-1.65856E+000	-2.00194E-001	-2.15576E+000	-2.00025E+000	2.97878E-004	11	..........a	-327.68
	2260	2261	-1.65776E+000	-2.00194E-001	-2.15879E+000	-2.00025E+000	3.08194E-004	11	..........a	-327.68
	2261	2262	-1.65736E+000	-2.00193E-001	-2.16945E+000	-2.00025E+000	3.07094E-004	11	..........a	-327.68
	2262	2263	-1.65976E+000	-2.00194E-001	-2.16775E+000	-2.00025E+000	3.02961E-004	11	..........a	-327.68
	2263	2264	-1.66016E+000	-2.00193E-001	-2.17710E+000	-2.00025E+000	3.10294E-004	11	..........a	-327.68
	2264	2265	-1.65576E+000	-2.00194E-001	-2.18345E+000	-2.00025E+000	3.12244E-004	11	..........a	-327.68
	2265	2266	-1.65736E+000	-2.00194E-001	-2.19456E+000	-2.00025E+000	2.99111E-004	11	..........a	-327.68
	2266	2267	-1.65696E+000	-2.00194E-001	-2.18921E+000	-2.00025E+000	3.01128E-004	11	..........a	-327.68
	2267	2268	-1.65496E+000	-2.00194E-001	-2.19605E+000	-2.00025E+000	3.03244E-004	11	..........a	-327.68
	2268	2269	-1.65816E+000	-2.00194E-001	-2.19498E+000	-2.00025E+000	3.03444E-004	11	..........a	-327.68
	2269	2270	-1.65736E+000	-2.00194E-001	-2.20388E+000	-2.00025E+000	3.08261E-004	11	..........a	-327.68
	2270	2271	-1.65816E+000	-2.00193E-001	-2.07508E+000	-2.00025E+000	3.09311E-004	11	..........a	-327.68
	2271	2272	-1.65736E+000	-2.00194E-001	-2.08029E+000	-2.00025E+000	3.08394E-004	11	..........a	-327.68
	2272	2273	-1.65816E+000	-2.00193E-001	-2.06307E+000	-2.00025E+000	3.02444E-004	11	..........a	-327.68
	2273	2274	-1.65896E+000	-2.00193E-001	-2.07334E+000	-2.00025E+000	3.01611E-004	11	..........a	-327.68
	2274	2275	-1.65936E+000	-2.00194E-001	-2.08075E+000	-2.00025E+000	2.99928E-004	11	..........a	-327.68
	2275	2276	-1.65936E+000	-2.00194E-001	-2.09094E+000	-2.00025E+000	3.01278E-004	11	..........a	-327.68
	2276	2277	-1.65816E+000	-2.00195E-001	-2.09927E+000	-2.00025E+000	3.26678E-004	11	..........a	-327.68
	2277	2278	-1.66096E+000	-2.00194E-001	-2.10715E+000	-2.00025E+000	3.22578E-004	11	..........a	-327.68
	2278	2279	-1.65576E+000	-2.00195E-001	-2.11902E+000	-2.00025E+000	3.29578E-004	11	..........a	-327.68
	2279	2280	-1.66016E+000	-2.00194E-001	-2.12438E+000	-2.00025E+000	3.30861E-004	11	..........a	-327.68
	2280	2281	-1.65776E+000	-2.00194E-001	-2.13464E+000	-2.00025E+000	3.31911E-004	11	..........a	-327.68
	2281	2282	-1.65856E+000	-2.00194E-001	-2.14050E+000	-2.00025E+000	3.35894E-004	11	..........a	-327.68
	2282	2283	-1.66216E+000	-2.00195E-001	-2.14153E+000	-2.00025E+000	3.28844E-004	11	..........a	-327.68
	2283	2284	-1.66056E+000	-2.00195E-001	-2.14733E+000	-2.00025E+000	3.22611E-004	11	..........a	-327.68
	2284	2285	-1.65936E+000	-2.00195E-001	-2.15545E+000	-2.00025E+000	3.22961E-004	11	..........a	-327.68
	2285	2286	-1.66136E+000	-2.00195E-001	-2.15880E+000	-2.00025E+000	3.24394E-004	11	..........a	-327.68
	2286	2287	-1.66096E+000	-2.00195E-001	-2.16665E+000	-2.00025E+000	3.35328E-004	11	..........a	-327.68
	2287	2288	-1.66016E+000	-2.00194E-001	-2.17360E+000	-2.00025E+000	3.26078E-004	11	..........a	-327.68
	2288	2289	-1.66016E+000	-2.00195E-001	-2.18005E+000	-2.00025E+000	3.21244E-004	11	..........a	-327.68
	2289	2290	-1.65896E+000	-2.00195E-001	-2.18537E+000	-2.00025E+000	3.28778E-004	11	..........a	-327.68
	2290	2291	-1.65856E+000	-2.00195E-001	-2.18509E+000	-2.00025E+000	3.27694E-004	11	..........a	-327.68
	2291	2292	-1.65856E+000	-2.00195E-001	-2.18580E+000	-2.00025E+000	3.29261E-004	11	..........a	-327.68
	2292	2293	-1.65936E+000	-2.00195E-001	-2.11428E+000	-2.00025E+000	3.23978E-004	11	..........a	-327.68
	2293	2294	-1.65856E+000	-2.00195E-001	-2.12383E+000	-2.00025E+000	3.19678E-004	11	..........a	-327.68
	2294	2295	-1.66096E+000	-2.00195E-001	-2.12568E+000	-2.00025E+000	3.27328E-004	11	..........a	-327.68
	2295	2296	-1.66016E+000	-2.00195E-001	-2.13801E+000	-2.00025E+000	3.26561E-004	11	..........a	-327.68
	2296	2297	-1.65776E+000	-2.00195E-001	-2.15068E+000	-2.00025E+000	3.27611E-004	11	..........a	-327.68
	2297	2298	-1.65896E+000	-2.00195E-001	-2.14687E+000	-2.00025E+000	3.26828E-004	11	..........a	-327.68
	2298	2299	-1.65816E+000	-2.00195E-001	-2.15821E+000	-2.00025E+000	3.29228E-004	11	..........a	-327.68
	2299	2300	-1.65816E+000	-2.00195E-001	-2.16497E+000	-2.00025E+000	3.25211E-004	11	..........a	-327.68
	2300	2301	-1.65776E+000	-2.00195E-001	-2.17418E+000	-2.00025E+000	3.37744E-004	11	..........a	-327.68
	2301	2302	-1.65696E+000	-2.00195E-001	-2.18006E+000	-2.00025E+000	3.28428E-004	11	..........a	-327.68
	2302	2303	-1.65856E+000	-2.00195E-001	-2.18527E+000	-2.00025E+000	3.36178E-004	11	..........a	-327.68
	2303	2304	-1.65936E+000	-2.00195E-001	-2.19114E+000	-2.00025E+000	3.36278E-004	11	..........a	-327.68
	2304	2305	-1.65816E+000	-2.00195E-001	-2.19611E+000	-2.00025E+000	3.33561E-004	11	..........a	-327.68
	2305	2306	-1.66096E+000	-2.00195E-001	-2.20078E+000	-2.00025E+000	3.37394E-004	11	..........a	-327.68
	2306	2307	-1.65976E+000	-2.00195E-001	-2.20362E+000	-2.00025E+000	3.36728E-004	11	..........a	-327.68
	2307	2308	-1.66016E+000	-2.00195E-001	-2.20788E+000	-2.00025E+000	3.28711E-004	11	..........a	-327.68
	2308	2309	-1.65776E+000	-2.00195E-001	-2.11852E+000	-2.00025E+000	3.29378E-004	11	..........a	-327.68
	2309	2310	-1.65936E+000	-2.00195E-001	-2.12165E+000	-2.00025E+000	3.26444E-004	11	..........a	-327.68
	2310	2311	-1.65976E+000	-2.00195E-001	-2.12069E+000	-2.00025E+000	3.27194E-004	11	..........a	-327.68
	2311	2312	-1.65856E+000	-2.00194E-001	-2.13031E+000	-2.00025E+000	3.31911E-004	11	..........a	-327.68
	2312	2313	-1.66016E+000	-2.00194E-001	-2.13372E+000	-2.00025E+000	3.38328E-004	11	..........a	-327.68
	2313	2314	-1.66096E+000	-2.00194E-001	-2.13901E+000	-2.00025E+000	3.43111E-004	11	..........a	-327.68
	2314	2315	-1.66016E+000	-2.00195E-001	-2.14570E+000	-2.00025E+000	3.34894E-004	11	..........a	-327.68
	2315	2316	-1.65896E+000	-2.00195E-001	-2.16023E+000	-2.00025E+000	3.27761E-004	11	..........a	-327.68
	2316	2317	-1.65976E+000	-2.00195E-001	-2.16447E+000	-2.00025E+000	3.31378E-004	11	..........a	-327.68
	2317	2318	-1.65776E+000	-2.00195E-001	-2.17200E+000	-2.00025E+000	3.29344E-004	11	..........a	-327.68
	2318	2319	-1.65976E+000	-2.00195E-001	-2.17653E+000	-2.00025E+000	3.37494E-004	11	..........a	-327.68
	2319	2320	-1.66336E+000	-2.00195E-001	-2.18103E+000	-2.00025E+000	3.32261E-004	11	..........a	-327.68
	2320	2321	-1.65736E+000	-2.00195E-001	-2.20168E+000	-2.00025E+000	3.28594E-004	11	..........a	-327.68
	2321	2322	-1.65896E+000	-2.00195E-001	-2.19423E+000	-2.00025E+000	3.30728E-004	11	..........a	-327.68
	2322	2323	-1.65976E+000	-2.00195E-001	-2.06455E+000	-2.00025E+000	3.31094E-004	11	..........a	-327.68
	2323	2324	-1.65536E+000	-2.00195E-001	-2.08083E+000	-2.00025E+000	3.29194E-004	11	..........a	-327.68
	2324	2325	-1.65816E+000	-2.00196E-001	-2.08649E+000	-2.00025E+000	3.23861E-004	11	..........a	-327.68
	2325	2326	-1.65656E+000	-2.00195E-001	-2.10072E+000	-2.00025E+000	3.25161E-004	11	..........a	-327.68
	2326	2327	-1.65856E+000	-2.00195E-001	-2.10741E+000	-2.00025E+000	3.32728E-004	11	..........a	-327.68
	2327	2328	-1.66016E+000	-2.00195E-001	-2.11612E+000	-2.00025E+000	3.26194E-004	11	..........a	-327.68
	2328	2329	-1.65736E+000	-2.00195E-001	-2.12500E+000	-2.00025E+000	3.22678E-004	11	..........a	-327.68
	2329	2330	-1.65856E+000	-2.00195E-001	-2.13482E+000	-2.00025E+000	3.28678E-004	11	..........a	-327.68
	2330	2331	-1.65896E+000	-2.00195E-001	-2.13498E+000	-2.00025E+000	3.32578E-004	11	..........a	-327.68
	2331	2332	-1.65896E+000	-2.00195E-001	-2.14604E+000	-2.00025E+000	3.31711E-004	11	..........a	-327.68
	2332	2333	-1.65976E+000	-2.00212E-001	-2.15055E+000	-2.00025E+000	8.62494E-004	11	..........a	-327.68
	2333	2334	-1.65816E+000	-2.00213E-001	-2.16122E+000	-2.00025E+000	8.73794E-004	11	..........a	-327.68
	2334	2335	-1.65976E+000	-2.00214E-001	-2.16191E+000	-2.00025E+000	8.84928E-004	11	..........a	-327.68
	2335	2336	-1.65776E+000	-2.00214E-001	-2.17412E+000	-2.00025E+000	8.89961E-004	11	..........a	-327.68
	2336	2337	-1.66136E+000	-2.00213E-001	-2.17148E+000	-2.00025E+000	8.81828E-004	11	..........a	-327.68
	2337	2338	-1.65896E+000	-2.00213E-001	-2.18177E+000	-2.00025E+000	8.79294E-004	11	..........a	-327.68
	2338	2339	-1.66056E+000	-2.00213E-001	-2.18247E+000	-2.00025E+000	8.85294E-004	11	..........a	-327.68
	2339	2340	-1.65896E+000	-2.00213E-001	-2.18555E+000	-2.00025E+000	8.79344E-004	11	..........a	-327.68
	2340	2341	-1.65816E+000	-2.00213E-001	-2.18831E+000	-2.00025E+000	8.77111E-004	11	..........a	-327.68
	2341	2342	-1.65896E+000	-2.00213E-001	-2.19867E+000	-2.00025E+000	8.90861E-004	11	..........a	-327.68
	2342	2343	-1.65816E+000	-2.00214E-001	-2.07150E+000	-2.00025E+000	8.84928E-004	11	..........a	-327.68
	2343	2344	-1.65856E+000	-2.00214E-001	-2.08700E+000	-2.00025E+000	8.88178E-004	11	..........a	-327.68
	2344	2345	-1.66016E+000	-2.00214E-001	-2.09223E+000	-2.00025E+000	8.89344E-004	11	..........a	-327.68
	2345	2346	-1.65936E+000	-2.00214E-001	-2.10532E+000	-2.00025E+000	8.97761E-004	11	..........a	-327.68
	2346	2347	-1.65936E+000	-2.00213E-001	-2.11180E+000	-2.00025E+000	8.77411E-004	11	..........a	-327.68
	2347	2348	-1.65536E+000	-2.00213E-001	-2.12700E+000	-2.00025E+000	8.65944E-004	11	..........a	-327.68
	2348	2349	-1.65976E+000	-2.00213E-001	-2.12874E+000	-2.00025E+000	8.82078E-004	11	..........a	-327.68
	2349	2350	-1.65736E+000	-2.00213E-001	-2.14087E+000	-2.00025E+000	8.77561E-004	11	..........a	-327.68
	2350	2351	-1.66056E+000	-2.00214E-001	-2.14742E+000	-2.00025E+000	8.68028E-004	11	..........a	-327.68
	2351	2352	-1.65976E+000	-2.00213E-001	-2.15821E+000	-2.00025E+000	8.68544E-004	11	..........a	-327.68
	2352	2353	-1.65976E+000	-2.00213E-001	-2.16356E+000	-2.00025E+000	8.68011E-004	11	..........a	-327.68
	2353	2354	-1.65896E+000	-2.00213E-001	-2.17036E+000	-2.00025E+000	8.67544E-004	11	..........a	-327.68
	2354	2355	-1.65936E+000	-2.00212E-001	-2.17167E+000	-2.00025E+000	8.70311E-004	11	..........a	-327.68
	2355	2356	-1.65816E+000	-2.00212E-001	-2.17983E+000	-2.00025E+000	8.53694E-004	11	..........a	-327.68
	2356	2357	-1.65816E+000	-2.00213E-001	-2.18584E+000	-2.00025E+000	8.67894E-004	11	..........a	-327.68
	2357	2358	-1.66096E+000	-2.00213E-001	-2.18833E+000	-2.00025E+000	8.72378E-004	11	..........a	-327.68
	2358	2359	-1.65936E+000	-2.00214E-001	-2.19270E+000	-2.00025E+000	8.84744E-004	11	..........a	-327.68
	2359	2360	-1.66016E+000	-2.00214E-001	-2.19332E+000	-2.00025E+000	8.77178E-004	11	..........a	-327.68
	2360	2361	-1.65776E+000	-2.00213E-001	-2.20496E+000	-2.00025E+000	8.68511E-004	11	..........a	-327.68
	2361	2362	-1.65896E+000	-2.00212E-001	-2.20615E+000	-2.00025E+000	8.61978E-004	11	..........a	-327.68
	2362	2363	-1.65696E+000	-2.00213E-001	-2.21378E+000	-2.00025E+000	8.62811E-004	11	..........a	-327.68
	2363	2364	-1.65736E+000	-2.00214E-001	-2.08708E+000	-2.00025E+000	8.76778E-004	11	..........a	-327.68
	2364	2365	-1.65736E+000	-2.00214E-001	-2.09615E+000	-2.00025E+000	8.76211E-004	11	..........a	-327.68
	2365	2366	-1.65816E+000	-2.00213E-001	-2.09694E+000	-2.00025E+000	8.67928E-004	11	..........a	-327.68
	2366	2367	-1.65976E+000	-2.00214E-001	-2.11074E+000	-2.00025E+000	8.81011E-004	11	..........a	-327.68
	2367	2368	-1.65896E+000	-2.00214E-001	-2.11666E+000	-2.00025E+000	8.91344E-004	11	..........a	-327.68
	2368	2369	-1.65976E+000	-2.00214E-001	-2.12770E+000	-2.00025E+000	8.79228E-004	11	..........a	-327.68
	2369	2370	-1.65976E+000	-2.00213E-001	-2.13284E+000	-2.00025E+000	8.80511E-004	11	..........a	-327.68
	2370	2371	-1.65896E+000	-2.00215E-001	-2.14433E+000	-2.00025E+000	9.01678E-004	11	..........a	-327.68
	2371	2372	-1.65936E+000	-2.00215E-001	-2.14994E+000	-2.00025E+000	9.05211E-004	11	..........a	-327.68
	2372	2373	-1.66096E+000	-2.00214E-001	-2.15356E+000	-2.00025E+000	8.99194E-004	11	..........a	-327.68
	2373	2374	-1.65816E+000	-2.00215E-001	-2.16273E+000	-2.00025E+000	8.85661E-004	11	..........a	-327.68
	2374	2375	-1.65816E+000	-2.00214E-001	-2.16786E+000	-2.00025E+000	8.84561E-004	11	..........a	-327.68
	2375	2376	-1.65896E+000	-2.00214E-001	-2.17338E+000	-2.00025E+000	8.83511E-004	11	..........a	-327.68
	2376	2377	-1.65816E+000	-2.00214E-001	-2.06048E+000	-2.00025E+000	8.74911E-004	11	..........a	-327.68
	2377	2378	-1.65816E+000	-2.00214E-001	-2.06988E+000	-2.00025E+000	8.81378E-004	11	..........a	-327.68
	2378	2379	-1.65816E+000	-2.00213E-001	-2.07520E+000	-2.00025E+000	8.74011E-004	11	..........a	-327.68
	2379	2380	-1.65816E+000	-2.00214E-001	-2.08406E+000	-2.00025E+000	8.75111E-004	11	..........a	-327.68
	2380	2381	-1.66096E+000	-2.00213E-001	-2.08635E+000	-2.00025E+000	8.64994E-004	11	..........a	-327.68
	2381	2382	-1.65976E+000	-2.00211E-001	-2.09840E+000	-2.00025E+000	8.53211E-004	11	..........a	-327.68
	2382	2383	-1.65976E+000	-2.00211E-001	-2.10404E+000	-2.00025E+000	8.48928E-004	11	..........a	-327.68
	2383	2384	-1.65656E+000	-2.00212E-001	-2.11981E+000	-2.00025E+000	8.53111E-004	11	..........a	-327.68
	2384	2385	-1.65656E+000	-2.00212E-001	-2.12162E+000	-2.00025E+000	8.58761E-004	11	..........a	-327.68
	2385	2386	-1.65976E+000	-2.00214E-001	-2.13052E+000	-2.00025E+000	8.80794E-004	11	..........a	-327.68
	2386	2387	-1.66056E+000	-2.00213E-001	-2.13215E+000	-2.00025E+000	8.84611E-004	11	..........a	-327.68
	2387	2388	-1.65936E+000	-2.00212E-001	-2.14470E+000	-2.00025E+000	8.74178E-004	11	..........a	-327.68
	2388	2389	-1.65736E+000	-2.00211E-001	-2.14667E+000	-2.00025E+000	8.60278E-004	11	..........a	-327.68
	2389	2390	-1.65896E+000	-2.00212E-001	-2.15228E+000	-2.00025E+000	8.62111E-004	11	..........a	-327.68
	2390	2391	-1.65896E+000	-2.00213E-001	-2.15656E+000	-2.00025E+000	8.72411E-004	11	..........a	-327.68
	2391	2392	-1.65816E+000	-2.00213E-001	-2.17333E+000	-2.00025E+000	8.75378E-004	11	..........a	-327.68
	2392	2393	-1.65736E+000	-2.00214E-001	-2.17638E+000	-2.00025E+000	8.76544E-004	11	..........a	-327.68
	2393	2394	-1.65896E+000	-2.00213E-001	-2.17764E+000	-2.00025E+000	8.68294E-004	11	..........a	-327.68
	2394	2395	-1.66016E+000	-2.00213E-001	-2.17970E+000	-2.00025E+000	8.64928E-004	11	..........a	-327.68
	2395	2396	-1.65496E+000	-2.00212E-001	-2.18771E+000	-2.00025E+000	8.57694E-004	11	..........a	-327.68
	2396	2397	-1.65856E+000	-2.00213E-001	-2.18770E+000	-2.00025E+000	8.66711E-004	11	..........a	-327.68
	2397	2398	-1.65816E+000	-2.00212E-001	-2.19225E+000	-2.00025E+000	8.58728E-004	11	..........a	-327.68
	2398	2399	-1.65936E+000	-2.00214E-001	-2.05853E+000	-2.00025E+000	8.72378E-004	11	..........a	-327.68
	2399	2400	-1.65896E+000	-2.00214E-001	-2.06764E+000	-2.00025E+000	8.77411E-004	11	..........a	-327.68
	2400	2401	-1.65816E+000	-2.00214E-001	-2.08125E+000	-2.00025E+000	8.89311E-004	11	..........a	-327.68
	2401	2402	-1.65696E+000	-2.00191E-001	-2.08992E+000	-2.00025E+000	2.17711E-004	11	..........a	-327.68
	2402	2403	-1.65816E+000	-2.00191E-001	-2.10380E+000	-2.00025E+000	2.19728E-004	11	..........a	-327.68
	2403	2404	-1.65856E+000	-2.00190E-001	-2.10863E+000	-2.00025E+000	2.25028E-004	11	..........a	-327.68
	2404	2405	-1.65856E+000	-2.00191E-001	-2.12067E+000	-2.00025E+000	2.17478E-004	11	..........a	-327.68
	2405	2406	-1.65816E+000	-2.00190E-001	-2.12627E+000	-2.00025E+000	2.13061E-004	11	..........a	-327.68
	2406	2407	-1.65736E+000	-2.00190E-001	-2.13403E+000	-2.00025E+000	2.21761E-004	11	..........a	-327.68
	2407	2408	-1.65856E+000	-2.00191E-001	-2.13430E+000	-2.00025E+000	2.09628E-004	11	..........a	-327.68
	2408	2409	-1.65856E+000	-2.00191E-001	-2.14678E+000	-2.00025E+000	2.11478E-004	11	..........a	-327.68
	2409	2410	-1.65696E+000	-2.00191E-001	-2.14379E+000	-2.00025E+000	2.35411E-004	11	..........a	-327.68
	2410	2411	-1.65736E+000	-2.00190E-001	-2.15045E+000	-2.00025E+000	2.26394E-004	11	..........a	-327.68
	2411	2412	-1.65736E+000	-2.00191E-001	-2.15236E+000	-2.00025E+000	2.17444E-004	11	..........a	-327.68
	2412	2413	-1.65736E+000	-2.00196E-001	-2.15919E+000	-2.00025E+000	3.14561E-004	11	..........a	-327.68
	2413	2414	-1.65656E+000	-2.00196E-001	-2.16209E+000	-2.00025E+000	3.21428E-004	11	..........a	-327.68
	2414	2415	-1.65576E+000	-2.00195E-001	-2.17158E+000	-2.00025E+000	3.26994E-004	11	..........a	-327.68
	2415	2416	-1.65816E+000	-2.00196E-001	-2.08894E+000	-2.00025E+000	3.23628E-004	11	..........a	-327.68
	2416	2417	-1.65856E+000	-2.00196E-001	-2.09565E+000	-2.00025E+000	3.18278E-004	11	..........a	-327.68
	2417	2418	-1.65776E+000	-2.00196E-001	-2.10306E+000	-2.00025E+000	3.27161E-004	11	..........a	-327.68
	2418	2419	-1.65736E+000	-2.00196E-001	-2.11427E+000	-2.00025E+000	3.19644E-004	11	..........a	-327.68
	2419	2420	-1.65696E+000	-2.00196E-001	-2.12499E+000	-2.00025E+000	3.25961E-004	11	..........a	-327.68
	2420	2421	-1.65776E+000	-2.00195E-001	-2.13298E+000	-2.00025E+000	3.22378E-004	11	..........a	-327.68
	2421	2422	-1.65896E+000	-2.00195E-001	-2.14129E+000	-2.00025E+000	3.18644E-004	11	..........a	-327.68
	2422	2423	-1.65816E+000	-2.00195E-001	-2.14886E+000	-2.00025E+000	3.14744E-004	11	..........a	-327.68
	2423	2424	-1.65656E+000	-2.00195E-001	-2.15965E+000	-2.00025E+000	3.14244E-004	11	..........a	-327.68
	2424	2425	-1.65736E+000	-2.00195E-001	-2.16167E+000	-2.00025E+000	3.20628E-004	11	..........a	-327.68
	2425	2426	-1.65696E+000	-2.00196E-001	-2.17447E+000	-2.00025E+000	3.14544E-004	11	..........a	-327.68
	2426	2427	-1.65816E+000	-2.00195E-001	-2.17331E+000	-2.00025E+000	3.08544E-004	11	..........a	-327.68
	2427	2428	-1.65616E+000	-2.00195E-001	-2.18238E+000	-2.00025E+000	3.09661E-004	11	..........a	-327.68
	2428	2429	-1.65656E+000	-2.00196E-001	-2.18395E+000	-2.00025E+000	3.08211E-004	11	..........a	-327.68
	2429	2430	-1.65856E+000	-2.00196E-001	-2.18643E+000	-2.00025E+000	3.20894E-004	11	..........a	-327.68
	2430	2431	-1.65656E+000	-2.00196E-001	-2.18768E+000	-2.00025E+000	3.10194E-004	11	..........a	-327.68
	2431	2432	-1.65816E+000	-2.00196E-001	-2.19292E+000	-2.00025E+000	3.16078E-004	11	..........a	-327.68
	2432	2433	-1.65656E+000	-2.00196E-001	-2.19448E+000	-2.00025E+000	3.27661E-004	11	..........a	-327.68
	2433	2434	-1.65776E+000	-2.00195E-001	-2.07704E+000	-2.00025E+000	3.12828E-004	11	..........a	-327.68
	2434	2435	-1.65776E+000	-2.00196E-001	-2.08172E+000	-2.00025E+000	3.18794E-004	11	..........a	-327.68
	2435	2436	-1.65736E+000	-2.00195E-001	-2.09620E+000	-2.00025E+000	3.18428E-004	11	..........a	-327.68
	2436	2437	-1.65736E+000	-2.00195E-001	-2.10188E+000	-2.00025E+000	3.17744E-004	11	..........a	-327.68
	2437	2438	-1.65896E+000	-2.00196E-001	-2.11249E+000	-2.00025E+000	3.20928E-004	11	..........a	-327.68
	2438	2439	-1.65656E+000	-2.00196E-001	-2.12101E+000	-2.00025E+000	3.19178E-004	11	..........a	-327.68
	2439	2440	-1.65736E+000	-2.00195E-001	-2.13124E+000	-2.00025E+000	3.08978E-004	11	..........a	-327.68
	2440	2441	-1.65896E+000	-2.00196E-001	-2.13595E+000	-2.00025E+000	3.16678E-004	11	..........a	-327.68
	2441	2442	-1.65616E+000	-2.00196E-001	-2.14688E+000	-2.00025E+000	3.20444E-004	11	..........a	-327.68
	2442	2443	-1.65496E+000	-2.00196E-001	-2.15210E+000	-2.00025E+000	3.20194E-004	11	..........a	-327.68
	2443	2444	-1.65736E+000	-2.00196E-001	-2.15620E+000	-2.00025E+000	3.20194E-004	11	..........a	-327.68
	2444	2445	-1.65696E+000	-2.00195E-001	-2.16117E+000	-2.00025E+000	3.18161E-004	11	..........a	-327.68
	2445	2446	-1.65736E+000	-2.00195E-001	-2.16235E+000	-2.00025E+000	3.22644E-004	11	..........a	-327.68
	2446	2447	-1.65816E+000	-2.00195E-001	-2.16729E+000	-2.00025E+000	3.18111E-004	11	..........a	-327.68
	2447	2448	-1.65656E+000	-2.00195E-001	-2.06572E+000	-2.00025E+000	3.07328E-004	11	..........a	-327.68
	2448	2449	-1.65576E+000	-2.00195E-001	-2.07977E+000	-2.00025E+000	3.17411E-004	11	..........a	-327.68
	2449	2450	-1.65736E+000	-2.00195E-001	-2.08435E+000	-2.00025E+000	3.13594E-004	11	..........a	-327.68
	2450	2451	-1.65736E+000	-2.00196E-001	-2.09604E+000	-2.00025E+000	3.03828E-004	11	..........a	-327.68
	2451	2452	-1.65576E+000	-2.00195E-001	-2.10472E+000	-2.00025E+000	3.03661E-004	11	..........a	-327.68
	2452	2453	-1.65736E+000	-2.00195E-001	-2.11550E+000	-2.00025E+000	3.04311E-004	11	..........a	-327.68
	2453	2454	-1.65896E+000	-2.00193E-001	-2.11761E+000	-2.00025E+000	2.77211E-004	11	..........a	-327.68
	2454	2455	-1.65736E+000	-2.00194E-001	-2.12768E+000	-2.00025E+000	2.83228E-004	11	..........a	-327.68
	2455	2456	-1.65696E+000	-2.00193E-001	-2.13372E+000	-2.00025E+000	2.76878E-004	11	..........a	-327.68
	2456	2457	-1.65776E+000	-2.00193E-001	-2.14015E+000	-2.00025E+000	2.77261E-004	11	..........a	-327.68
	2457	2458	-1.65736E+000	-2.00193E-001	-2.14859E+000	-2.00025E+000	2.76644E-004	11	..........a	-327.68
	2458	2459	-1.65776E+000	-2.00193E-001	-2.07900E+000	-2.00025E+000	2.82361E-004	11	..........a	-327.68
	2459	2460	-1.65616E+000	-2.00194E-001	-2.08729E+000	-2.00025E+000	2.89628E-004	11	..........a	-327.68
	2460	2461	-1.65656E+000	-2.00193E-001	-2.09371E+000	-2.00025E+000	2.75244E-004	11	..........a	-327.68
	2461	2462	-1.65936E+000	-2.00194E-001	-2.09860E+000	-2.00025E+000	2.71411E-004	11	..........a	-327.68
	2462	2463	-1.65816E+000	-2.00193E-001	-2.10694E+000	-2.00025E+000	2.76011E-004	11	..........a	-327.68
	2463	2464	-1.65816E+000	-2.00193E-001	-2.11320E+000	-2.00025E+000	2.87261E-004	11	..........a	-327.68
	2464	2465	-1.65736E+000	-2.00193E-001	-2.12221E+000	-2.00025E+000	2.89178E-004	11	..........a	-327.68
	2465	2466	-1.65616E+000	-2.00194E-001	-2.13193E+000	-2.00025E+000	2.82011E-004	11	..........a	-327.68
	2466	2467	-1.65656E+000	-2.00193E-001	-2.13913E+000	-2.00025E+000	2.72478E-004	11	..........a	-327.68
	2467	2468	-1.65736E+000	-2.00193E-001	-2.09561E+000	-2.00025E+000	2.88094E-004	11	..........a	-327.68
	2468	2469	-1.65536E+000	-2.00193E-001	-2.10636E+000	-2.00025E+000	2.84911E-004	11	..........a	-327.68
	2469	2470	-1.65576E+000	-2.00193E-001	-2.11061E+000	-2.00025E+000	2.78244E-004	11	..........a	-327.68
	2470	2471	-1.65616E+000	-2.00192E-001	-2.11720E+000	-2.00025E+000	2.77028E-004	11	..........a	-327.68
	2471	2472	-1.65736E+000	-2.00192E-001	-2.12462E+000	-2.00025E+000	2.88511E-004	11	..........a	-327.68
	2472	2473	-1.65496E+000	-2.00194E-001	-2.13302E+000	-2.00025E+000	2.80628E-004	11	..........a	-327.68
	2473	2474	-1.65776E+000	-2.00193E-001	-2.13738E+000	-2.00025E+000	2.83178E-004	11	..........a	-327.68
	2474	2475	-1.65816E+000	-2.00193E-001	-2.14438E+000	-2.00025E+000	2.84978E-004	11	..........a	-327.68
	2475	2476	-1.65616E+000	-2.00194E-001	-2.15173E+000	-2.00025E+000	2.90044E-004	11	..........a	-327.68
	2476	2477	-1.65736E+000	-2.00194E-001	-2.15499E+000	-2.00025E+000	2.86111E-004	11	..........a	-327.68
	2477	2478	-1.65776E+000	-2.00194E-001	-2.16767E+000	-2.00025E+000	2.88611E-004	11	..........a	-327.68
	2478	2479	-1.65696E+000	-2.00193E-001	-2.17028E+000	-2.00025E+000	2.83844E-004	11	..........a	-327.68
	2479	2480	-1.65816E+000	-2.00193E-001	-2.17390E+000	-2.00025E+000	2.85228E-004	11	..........a	-327.68
	2480	2481	-1.65736E+000	-2.00193E-001	-2.18153E+000	-2.00025E+000	2.87861E-004	11	..........a	-327.68
	2481	2482	-1.65656E+000	-2.00194E-001	-2.18468E+000	-2.00025E+000	2.77478E-004	11	..........a	-327.68
	2482	2483	-1.65856E+000	-2.00194E-001	-2.18766E+000	-2.00025E+000	2.69461E-004	11	..........a	-327.68
	2483	2484	-1.65336E+000	-2.00194E-001	-2.12082E+000	-2.00025E+000	2.79044E-004	11	..........a	-327.68
	2484	2485	-1.65736E+000	-2.00194E-001	-2.12300E+000	-2.00025E+000	2.76194E-004	11	..........a	-327.68
	2485	2486	-1.65816E+000	-2.00194E-001	-2.13052E+000	-2.00025E+000	2.75644E-004	11	..........a	-327.68
	2486	2487	-1.65696E+000	-2.00194E-001	-2.14149E+000	-2.00025E+000	2.73711E-004	11	..........a	-327.68
	2487	2488	-1.65736E+000	-2.00194E-001	-2.14903E+000	-2.00025E+000	2.77478E-004	11	..........a	-327.68
	2488	2489	-1.65736E+000	-2.00194E-001	-2.15649E+000	-2.00025E+000	2.79061E-004	11	..........a	-327.68
	2489	2490	-1.65656E+000	-2.00194E-001	-2.16544E+000	-2.00025E+000	2.75594E-004	11	..........a	-327.68
	2490	2491	-1.65736E+000	-2.00193E-001	-2.17388E+000	-2.00025E+000	2.81761E-004	11	..........a	-327.68
	2491	2492	-1.65936E+000	-2.00193E-001	-2.17907E+000	-2.00025E+000	2.72411E-004	11	..........a	-327.68
	2492	2493	-1.65656E+000	-2.00193E-001	-2.18711E+000	-2.00025E+000	2.43828E-004	11	..........a	-327.68
	2493	2494	-1.65936E+000	-2.00193E-001	-2.19004E+000	-2.00025E+000	2.51478E-004	11	..........a	-327.68
	2494	2495	-1.65816E+000	-2.00193E-001	-2.19861E+000	-2.00025E+000	2.40211E-004	11	..........a	-327.68
	2495	2496	-1.65696E+000	-2.00193E-001	-2.20883E+000	-2.00025E+000	2.45294E-004	11	..........a	-327.68
	2496	2497	-1.65816E+000	-2.00193E-001	-2.21363E+000	-2.00025E+000	2.46361E-004	11	..........a	-327.68
	2497	2498	-1.65736E+000	-2.00193E-001	-2.21892E+000	-2.00025E+000	2.42811E-004	11	..........a	-327.68
	2498	2499	-1.65896E+000	-2.00193E-001	-2.22433E+000	-2.00025E+000	2.43444E-004	11	..........a	-327.68
	2499	2500	-1.65816E+000	-2.00193E-001	-2.23147E+000	-2.00025E+000	2.43011E-004	11	..........a	-327.68
	2500	2501	-1.65776E+000	-2.00193E-001	-2.23733E+000	-2.00025E+000	2.37211E-004	11	..........a	-327.68
	2501	2502	-1.65736E+000	-2.00193E-001	-2.24418E+000	-2.00025E+000	2.40494E-004	11	..........a	-327.68
	2502	2503	-1.65976E+000	-2.00193E-001	-2.24709E+000	-2.00025E+000	2.33111E-004	11	..........a	-327.68
	2503	2504	-1.65536E+000	-2.00193E-001	-2.06872E+000	-2.00025E+000	2.34011E-004	11	..........a	-327.68
	2504	2505	-1.65696E+000	-2.00193E-001	-2.07485E+000	-2.00025E+000	2.35478E-004	11	..........a	-327.68
	2505	2506	-1.65696E+000	-2.00193E-001	-2.08569E+000	-2.00025E+000	2.37094E-004	11	..........a	-327.68
	2506	2507	-1.65496E+000	-2.00194E-001	-2.09651E+000	-2.00025E+000	2.47344E-004	11	..........a	-327.68
	2507	2508	-1.65736E+000	-2.00193E-001	-2.10310E+000	-2.00025E+000	2.42661E-004	11	..........a	-327.68
	2508	2509	-1.65576E+000	-2.00194E-001	-2.11373E+000	-2.00025E+000	2.46894E-004	11	..........a	-327.68
	2509	2510	-1.65776E+000	-2.00193E-001	-2.12154E+000	-2.00025E+000	2.36678E-004	11	..........a	-327.68
	2510	2511	-1.65656E+000	-2.00194E-001	-2.13117E+000	-2.00025E+000	2.37411E-004	11	..........a	-327.68
	2511	2512	-1.65776E+000	-2.00193E-001	-2.13854E+000	-2.00025E+000	2.36294E-004	11	..........a	-327.68
	2512	2513	-1.65696E+000	-2.00193E-001	-2.14540E+000	-2.00025E+000	2.44394E-004	11	..........a	-327.68
	2513	2514	-1.65656E+000	-2.00193E-001	-2.15481E+000	-2.00025E+000	2.37211E-004	11	..........a	-327.68
	2514	2515	-1.65656E+000	-2.00193E-001	-2.16311E+000	-2.00025E+000	2.35994E-004	11	..........a	-327.68
	2515	2516	-1.65696E+000	-2.00193E-001	-2.16920E+000	-2.00025E+000	2.35178E-004	11	..........a	-327.68
	2516	2517	-1.65776E+000	-2.00193E-001	-2.17663E+000	-2.00025E+000	2.37678E-004	11	..........a	-327.68
	2517	2518	-1.65816E+000	-2.00193E-001	-2.18467E+000	-2.00025E+000	2.39494E-004	11	..........a	-327.68
	2518	2519	-1.65696E+000	-2.00193E-001	-2.18760E+000	-2.00025E+000	1.96178E-004	11	..........a	-327.68
	2519	2520	-1.65776E+000	-2.00194E-001	-2.19504E+000	-2.00025E+000	2.01078E-004	11	..........a	-327.68
	2520	2521	-1.65576E+000	-2.00194E-001	-2.20015E+000	-2.00025E+000	1.97011E-004	11	..........a	-327.68
	2521	2522	-1.65576E+000	-2.00194E-001	-2.21132E+000	-2.00025E+000	1.91678E-004	11	..........a	-327.68
	2522	2523	-1.65696E+000	-2.00194E-001	-2.20041E+000	-2.00025E+000	2.01678E-004	11	..........a	-327.68
	2523	2524	-1.65656E+000	-2.00194E-001	-2.20404E+000	-2.00025E+000	2.00311E-004	11	..........a	-327.68
	2524	2525	-1.65656E+000	-2.00194E-001	-2.21143E+000	-2.00025E+000	2.00544E-004	11	..........a	-327.68
	2525	2526	-1.65616E+000	-2.00193E-001	-2.22001E+000	-2.00025E+000	1.96828E-004	11	..........a	-327.68
	2526	2527	-1.65536E+000	-2.00193E-001	-2.06474E+000	-2.00025E+000	1.98011E-004	11	..........a	-327.68
	2527	2528	-1.65536E+000	-2.00193E-001	-2.07676E+000	-2.00025E+000	1.95111E-004	11	..........a	-327.68
	2528	2529	-1.65576E+000	-2.00193E-001	-2.08489E+000	-2.00025E+000	2.01661E-004	11	..........a	-327.68
	2529	2530	-1.65736E+000	-2.00193E-001	-2.09126E+000	-2.00025E+000	1.93844E-004	11	..........a	-327.68
	2530	2531	-1.65696E+000	-2.00193E-001	-2.10159E+000	-2.00025E+000	1.91244E-004	11	..........a	-327.68
	2531	2532	-1.65576E+000	-2.00193E-001	-2.10960E+000	-2.00025E+000	2.02228E-004	11	..........a	-327.68
	2532	2533	-1.65576E+000	-2.00194E-001	-2.11781E+000	-2.00025E+000	1.93411E-004	11	..........a	-327.68
	2533	2534	-1.65336E+000	-2.00194E-001	-2.12881E+000	-2.00025E+000	1.90128E-004	11	..........a	-327.68
	2534	2535	-1.65696E+000	-2.00193E-001	-2.13401E+000	-2.00025E+000	1.94378E-004	11	..........a	-327.68
	2535	2536	-1.65456E+000	-2.00194E-001	-2.14386E+000	-2.00025E+000	2.08561E-004	11	..........a	-327.68
	2536	2537	-1.65496E+000	-2.00193E-001	-2.14734E+000	-2.00025E+000	2.02928E-004	11	..........a	-327.68
	2537	2538	-1.65616E+000	-2.00194E-001	-2.15215E+000	-2.00025E+000	2.04411E-004	11	..........a	-327.68
	2538	2539	-1.65696E+000	-2.00193E-001	-2.16080E+000	-2.00025E+000	2.04411E-004	11	..........a	-327.68
	2539	2540	-1.65816E+000	-2.00193E-001	-2.16670E+000	-2.00025E+000	2.08294E-004	11	..........a	-327.68
	2540	2541	-1.65776E+000	-2.00193E-001	-2.17767E+000	-2.00025E+000	2.04111E-004	11	..........a	-327.68
	2541	2542	-1.65576E+000	-2.00193E-001	-2.18507E+000	-2.00025E+000	1.95928E-004	11	..........a	-327.68
	2542	2543	-1.65656E+000	-2.00194E-001	-2.18458E+000	-2.00025E+000	2.07461E-004	11	..........a	-327.68
	2543	2544	-1.65936E+000	-2.00193E-001	-2.18652E+000	-2.00025E+000	2.00744E-004	11	..........a	-327.68
	2544	2545	-1.65656E+000	-2.00194E-001	-2.19321E+000	-2.00025E+000	2.77794E-004	11	..........a	-327.68
	2545	2546	-1.65696E+000	-2.00193E-001	-2.10090E+000	-2.00025E+000	2.80494E-004	11	..........a	-327.68
	2546	2547	-1.65496E+000	-2.00193E-001	-2.11079E+000	-2.00025E+000	2.79194E-004	11	..........a	-327.68
	2547	2548	-1.65696E+000	-2.00194E-001	-2.11883E+000	-2.00025E+000	2.81694E-004	11	..........a	-327.68
	2548	2549	-1.65616E+000	-2.00194E-001	-2.12559E+000	-2.00025E+000	2.78528E-004	11	..........a	-327.68
	2549	2550	-1.65736E+000	-2.00193E-001	-2.13391E+000	-2.00025E+000	2.72744E-004	11	..........a	-327.68
	2550	2551	-1.65656E+000	-2.00193E-001	-2.14287E+000	-2.00025E+000	2.73511E-004	11	..........a	-327.68
	2551	2552	-1.65616E+000	-2.00194E-001	-2.15061E+000	-2.00025E+000	2.80178E-004	11	..........a	-327.68
	2552	2553	-1.65736E+000	-2.00194E-001	-2.15269E+000	-2.00025E+000	2.80494E-004	11	..........a	-327.68
	2553	2554	-1.65416E+000	-2.00193E-001	-2.16136E+000	-2.00025E+000	2.81611E-004	11	..........a	-327.68
	2554	2555	-1.65696E+000	-2.00193E-001	-2.15946E+000	-2.00025E+000	2.73494E-004	11	..........a	-327.68
	2555	2556	-1.65656E+000	-2.00193E-001	-2.16533E+000	-2.00025E+000	2.75744E-004	11	..........a	-327.68
	2556	2557	-1.65536E+000	-2.00193E-001	-2.16963E+000	-2.00025E+000	2.75528E-004	11	..........a	-327.68
	2557	2558	-1.65336E+000	-2.00193E-001	-2.17893E+000	-2.00025E+000	2.88144E-004	11	..........a	-327.68
	2558	2559	-1.65696E+000	-2.00193E-001	-2.18067E+000	-2.00025E+000	2.90644E-004	11	..........a	-327.68
	2559	2560	-1.65616E+000	-2.00193E-001	-2.18876E+000	-2.00025E+000	3.03128E-004	11	..........a	-327.68
	2560	2561	-1.66016E+000	-2.00194E-001	-2.19006E+000	-2.00025E+000	2.97794E-004	11	..........a	-327.68
	2561	2562	-1.66016E+000	-2.00194E-001	-2.08827E+000	-2.00025E+000	2.96328E-004	11	..........a	-327.68
	2562	2563	-1.65216E+000	-2.00194E-001	-2.10263E+000	-2.00025E+000	2.96878E-004	11	..........a	-327.68
	2563	2564	-1.65536E+000	-2.00194E-001	-2.10997E+000	-2.00025E+000	2.88878E-004	11	..........a	-327.68
	2564	2565	-1.65256E+000	-2.00194E-001	-2.12000E+000	-2.00025E+000	2.97911E-004	11	..........a	-327.68
	2565	2566	-1.65736E+000	-2.00194E-001	-2.12130E+000	-2.00025E+000	2.95594E-004	11	..........a	-327.68
	2566	2567	-1.65656E+000	-2.00194E-001	-2.13059E+000	-2.00025E+000	2.91278E-004	11	..........a	-327.68
	2567	2568	-1.65736E+000	-2.00194E-001	-2.13704E+000	-2.00025E+000	2.85961E-004	11	..........a	-327.68
	2568	2569	-1.65736E+000	-2.00194E-001	-2.14610E+000	-2.00025E+000	2.89628E-004	11	..........a	-327.68
	2569	2570	-1.65896E+000	-2.00193E-001	-2.15247E+000	-2.00025E+000	2.96128E-004	11	..........a	-327.68
	2570	2571	-1.65456E+000	-2.00193E-001	-2.16424E+000	-2.00025E+000	2.96894E-004	11	..........a	-327.68
	2571	2572	-1.65496E+000	-2.00193E-001	-2.17691E+000	-2.00025E+000	2.90744E-004	11	..........a	-327.68
	2572	2573	-1.65816E+000	-2.00193E-001	-2.17938E+000	-2.00025E+000	2.92678E-004	11	..........a	-327.68
	2573	2574	-1.65376E+000	-2.00193E-001	-2.18770E+000	-2.00025E+000	2.93944E-004	11	..........a	-327.68
	2574	2575	-1.65616E+000	-2.00193E-001	-2.18859E+000	-2.00025E+000	2.95294E-004	11	..........a	-327.68
	2575	2576	-1.65776E+000	-2.00194E-001	-2.19036E+000	-2.00025E+000	2.94744E-004	11	..........a	-327.68
	2576	2577	-1.65856E+000	-2.00193E-001	-2.19787E+000	-2.00025E+000	2.91278E-004	11	..........a	-327.68
	2577	2578	-1.65496E+000	-2.00194E-001	-2.20305E+000	-2.00025E+000	2.94694E-004	11	..........a	-327.68
	2578	2579	-1.65696E+000	-2.00194E-001	-2.20580E+000	-2.00025E+000	2.91228E-004	11	..........a	-327.68
	2579	2580	-1.65656E+000	-2.00194E-001	-2.10920E+000	-2.00025E+000	2.93744E-004	11	..........a	-327.68
	2580	2581	-1.66096E+000	-2.00194E-001	-2.11160E+000	-2.00025E+000	2.88311E-004	11	..........a	-327.68
	2581	2582	-1.65896E+000	-2.00194E-001	-2.11871E+000	-2.00025E+000	2.92911E-004	11	..........a	-327.68
	2582	2583	-1.65976E+000	-2.00194E-001	-2.12595E+000	-2.00025E+000	2.88328E-004	11	..........a	-327.68
	2583	2584	-1.65416E+000	-2.00193E-001	-2.13097E+000	-2.00025E+000	2.77378E-004	11	..........a	-327.68
	2584	2585	-1.65616E+000	-2.00193E-001	-2.13542E+000	-2.00025E+000	2.86411E-004	11	..........a	-327.68
	2585	2586	-1.65496E+000	-2.00193E-001	-2.14119E+000	-2.00025E+000	2.87394E-004	11	..........a	-327.68
	2586	2587	-1.65616E+000	-2.00192E-001	-2.14462E+000	-2.00025E+000	2.86694E-004	11	..........a	-327.68
	2587	2588	-1.65576E+000	-2.00193E-001	-2.15268E+000	-2.00025E+000	2.82144E-004	11	..........a	-327.68
	2588	2589	-1.65696E+000	-2.00193E-001	-2.15272E+000	-2.00025E+000	2.87594E-004	11	..........a	-327.68
	2589	2590	-1.65496E+000	-2.00193E-001	-2.16165E+000	-2.00025E+000	2.88761E-004	11	..........a	-327.68
	2590	2591	-1.65536E+000	-2.00193E-001	-2.16519E+000	-2.00025E+000	2.81561E-004	11	..........a	-327.68
	2591	2592	-1.65616E+000	-2.00192E-001	-2.08538E+000	-2.00025E+000	2.82594E-004	11	..........a	-327.68
	2592	2593	-1.65736E+000	-2.00193E-001	-2.09247E+000	-2.00025E+000	2.75544E-004	11	..........a	-327.68
	2593	2594	-1.65616E+000	-2.00193E-001	-2.10327E+000	-2.00025E+000	2.79694E-004	11	..........a	-327.68
	2594	2595	-1.65656E+000	-2.00193E-001	-2.11156E+000	-2.00025E+000	2.83844E-004	11	..........a	-327.68
	2595	2596	-1.65496E+000	-2.00193E-001	-2.12221E+000	-2.00025E+000	2.83728E-004	11	..........a	-327.68
	2596	2597	-1.65816E+000	-2.00192E-001	-2.12573E+000	-2.00025E+000	2.83828E-004	11	..........a	-327.68
	2597	2598	-1.65856E+000	-2.00192E-001	-2.13282E+000	-2.00025E+000	2.77828E-004	11	..........a	-327.68
	2598	2599	-1.65416E+000	-2.00193E-001	-2.14416E+000	-2.00025E+000	2.80728E-004	11	..........a	-327.68
	2599	2600	-1.65656E+000	-2.00193E-001	-2.14935E+000	-2.00025E+000	2.77028E-004	11	..........a	-327.68
	2600	2601	-1.65536E+000	-2.00193E-001	-2.15539E+000	-2.00025E+000	2.76794E-004	11	..........a	-327.68
	2601	2602	-1.65616E+000	-2.00193E-001	-2.16289E+000	-2.00025E+000	2.81161E-004	11	..........a	-327.68
	2602	2603	-1.65696E+000	-2.00194E-001	-2.12797E+000	-2.00025E+000	2.81811E-004	11	..........a	-327.68
	2603	2604	-1.65776E+000	-2.00193E-001	-2.06912E+000	-2.00025E+000	2.80111E-004	11	..........a	-327.68
	2604	2605	-1.65616E+000	-2.00193E-001	-2.07580E+000	-2.00025E+000	2.75094E-004	11	..........a	-327.68
	2605	2606	-1.65736E+000	-2.00193E-001	-2.08242E+000	-2.00025E+000	2.78561E-004	11	..........a	-327.68
	2606	2607	-1.65736E+000	-2.00193E-001	-2.08934E+000	-2.00025E+000	2.71128E-004	11	..........a	-327.68
	2607	2608	-1.65696E+000	-2.00193E-001	-2.09781E+000	-2.00025E+000	2.82528E-004	11	..........a	-327.68
	2608	2609	-1.65776E+000	-2.00193E-001	-2.10467E+000	-2.00025E+000	2.74178E-004	11	..........a	-327.68
	2609	2610	-1.65536E+000	-2.00193E-001	-2.11142E+000	-2.00025E+000	2.78994E-004	11	..........a	-327.68
	2610	2611	-1.65696E+000	-2.00193E-001	-2.11649E+000	-2.00025E+000	2.79461E-004	11	..........a	-327.68
	2611	2612	-1.65416E+000	-2.00193E-001	-2.12379E+000	-2.00025E+000	2.77561E-004	11	..........a	-327.68
	2612	2613	-1.65696E+000	-2.00193E-001	-2.12580E+000	-2.00025E+000	2.76028E-004	11	..........a	-327.68
	2613	2614	-1.65736E+000	-2.00193E-001	-2.12917E+000	-2.00025E+000	2.78094E-004	11	..........a	-327.68
	2614	2615	-1.65656E+000	-2.00193E-001	-2.13164E+000	-2.00025E+000	2.82194E-004	11	..........a	-327.68
	2615	2616	-1.65736E+000	-2.00193E-001	-2.13603E+000	-2.00025E+000	2.90144E-004	11	..........a	-327.68
	2616	2617	-1.65776E+000	-2.00193E-001	-2.15108E+000	-2.00025E+000	2.79461E-004	11	..........a	-327.68
	2617	2618	-1.65616E+000	-2.00193E-001	-2.16353E+000	-2.00025E+000	2.84161E-004	11	..........a	-327.68
	2618	2619	-1.65416E+000	-2.00193E-001	-2.16701E+000	-2.00025E+000	2.78428E-004	11	..........a	-327.68
	2619	2620	-1.65696E+000	-2.00193E-001	-2.16599E+000	-2.00025E+000	2.86528E-004	11	..........a	-327.68
	2620	2621	-1.65576E+000	-2.00193E-001	-2.17133E+000	-2.00025E+000	2.83128E-004	11	..........a	-327.68
	2621	2622	-1.65616E+000	-2.00194E-001	-2.05743E+000	-2.00025E+000	2.78711E-004	11	..........a	-327.68
	2622	2623	-1.65456E+000	-2.00193E-001	-2.06898E+000	-2.00025E+000	2.73061E-004	11	..........a	-327.68
	2623	2624	-1.65456E+000	-2.00193E-001	-2.07993E+000	-2.00025E+000	2.78628E-004	11	..........a	-327.68
	2624	2625	-1.65696E+000	-2.00193E-001	-2.08589E+000	-2.00025E+000	2.77611E-004	11	..........a	-327.68
	2625	2626	-1.65616E+000	-2.00193E-001	-2.09639E+000	-2.00025E+000	2.81994E-004	11	..........a	-327.68
	2626	2627	-1.65376E+000	-2.00193E-001	-2.10651E+000	-2.00025E+000	2.78578E-004	11	..........a	-327.68
	2627	2628	-1.65656E+000	-2.00193E-001	-2.11510E+000	-2.00025E+000	2.82794E-004	11	..........a	-327.68
	2628	2629	-1.65456E+000	-2.00193E-001	-2.12348E+000	-2.00025E+000	2.81828E-004	11	..........a	-327.68
	2629	2630	-1.65696E+000	-2.00193E-001	-2.12961E+000	-2.00025E+000	2.80211E-004	11	..........a	-327.68
	2630	2631	-1.65616E+000	-2.00193E-001	-2.13296E+000	-2.00025E+000	2.78211E-004	11	..........a	-327.68
	2631	2632	-1.65536E+000	-2.00193E-001	-2.14385E+000	-2.00025E+000	2.80444E-004	11	..........a	-327.68
	2632	2633	-1.65656E+000	-2.00193E-001	-2.14716E+000	-2.00025E+000	2.75644E-004	11	..........a	-327.68
	2633	2634	-1.65576E+000	-2.00194E-001	-2.16020E+000	-2.00025E+000	2.77494E-004	11	..........a	-327.68
	2634	2635	-1.65576E+000	-2.00193E-001	-2.16362E+000	-2.00025E+000	2.81861E-004	11	..........a	-327.68
	2635	2636	-1.65656E+000	-2.00193E-001	-2.16490E+000	-2.00025E+000	2.80428E-004	11	..........a	-327.68
	2636	2637	-1.65576E+000	-2.00193E-001	-2.16931E+000	-2.00025E+000	2.87694E-004	11	..........a	-327.68
	2637	2638	-1.65696E+000	-2.00193E-001	-2.16937E+000	-2.00025E+000	2.77744E-004	11	..........a	-327.68
	2638	2639	-1.65576E+000	-2.00193E-001	-2.17062E+000	-2.00025E+000	2.84761E-004	11	..........a	-327.68
	2639	2640	-1.65496E+000	-2.00193E-001	-2.04197E+000	-2.00025E+000	2.83111E-004	11	..........a	-327.68
	2640	2641	-1.65616E+000	-2.00193E-001	-2.04799E+000	-2.00025E+000	2.79478E-004	11	..........a	-327.68
	2641	2642	-1.65776E+000	-2.00193E-001	-2.05974E+000	-2.00025E+000	2.82578E-004	11	..........a	-327.68
	2642	2643	-1.65616E+000	-2.00193E-001	-2.06837E+000	-2.00025E+000	2.83528E-004	11	..........a	-327.68
	2643	2644	-1.65656E+000	-2.00193E-001	-2.07793E+000	-2.00025E+000	2.78744E-004	11	..........a	-327.68
	2644	2645	-1.65656E+000	-2.00194E-001	-2.08652E+000	-2.00025E+000	2.83878E-004	11	..........a	-327.68
	2645	2646	-1.65496E+000	-2.00193E-001	-2.09859E+000	-2.00025E+000	2.82028E-004	11	..........a	-327.68
	2646	2647	-1.65496E+000	-2.00193E-001	-2.10658E+000	-2.00025E+000	2.78878E-004	11	..........a	-327.68
	2647	2648	-1.65736E+000	-2.00194E-001	-2.11349E+000	-2.00025E+000	2.83644E-004	11	..........a	-327.68
	2648	2649	-1.65816E+000	-2.00194E-001	-2.12292E+000	-2.00025E+000	2.82211E-004	11	..........a	-327.68
	2649	2650	-1.65696E+000	-2.00193E-001	-2.13288E+000	-2.00025E+000	2.86061E-004	11	..........a	-327.68
	2650	2651	-1.65696E+000	-2.00193E-001	-2.13782E+000	-2.00025E+000	2.83328E-004	11	..........a	-327.68
	2651	2652	-1.65456E+000	-2.00193E-001	-2.14405E+000	-2.00025E+000	2.85678E-004	11	..........a	-327.68
	2652	2653	-1.65536E+000	-2.00197E-001	-2.15258E+000	-2.00025E+000	4.79878E-004	11	..........a	-327.68
	2653	2654	-1.65616E+000	-2.00197E-001	-2.15466E+000	-2.00025E+000	4.63911E-004	11	..........a	-327.68
	2654	2655	-1.65616E+000	-2.00197E-001	-2.16660E+000	-2.00025E+000	4.80861E-004	11	..........a	-327.68
	2655	2656	-1.65696E+000	-2.00197E-001	-2.16427E+000	-2.00025E+000	4.67328E-004	11	..........a	-327.68
	2656	2657	-1.65656E+000	-2.00196E-001	-2.17445E+000	-2.00025E+000	4.66961E-004	11	..........a	-327.68
	2657	2658	-1.65696E+000	-2.00197E-001	-2.17592E+000	-2.00025E+000	4.60361E-004	11	..........a	-327.68
	2658	2659	-1.65776E+000	-2.00197E-001	-2.18323E+000	-2.00025E+000	4.59611E-004	11	..........a	-327.68
	2659	2660	-1.65616E+000	-2.00198E-001	-2.06612E+000	-2.00025E+000	4.67161E-004	11	..........a	-327.68
	2660	2661	-1.65696E+000	-2.00197E-001	-2.07920E+000	-2.00025E+000	4.65244E-004	11	..........a	-327.68
	2661	2662	-1.65536E+000	-2.00196E-001	-2.08190E+000	-2.00025E+000	4.53944E-004	11	..........a	-327.68
	2662	2663	-1.65616E+000	-2.00196E-001	-2.09492E+000	-2.00025E+000	4.53211E-004	11	..........a	-327.68
	2663	2664	-1.65696E+000	-2.00197E-001	-2.10031E+000	-2.00025E+000	4.60311E-004	11	..........a	-327.68
	2664	2665	-1.65696E+000	-2.00196E-001	-2.11077E+000	-2.00025E+000	4.62461E-004	11	..........a	-327.68
	2665	2666	-1.65616E+000	-2.00197E-001	-2.11392E+000	-2.00025E+000	4.65578E-004	11	..........a	-327.68
	2666	2667	-1.65616E+000	-2.00197E-001	-2.12302E+000	-2.00025E+000	4.66511E-004	11	..........a	-327.68
	2667	2668	-1.65376E+000	-2.00197E-001	-2.13337E+000	-2.00025E+000	4.63261E-004	11	..........a	-327.68
	2668	2669	-1.65536E+000	-2.00197E-001	-2.13688E+000	-2.00025E+000	4.77594E-004	11	..........a	-327.68
	2669	2670	-1.65576E+000	-2.00197E-001	-2.14671E+000	-2.00025E+000	4.76861E-004	11	..........a	-327.68
	2670	2671	-1.65616E+000	-2.00197E-001	-2.15507E+000	-2.00025E+000	4.76578E-004	11	..........a	-327.68
	2671	2672	-1.65616E+000	-2.00196E-001	-2.15996E+000	-2.00025E+000	4.77961E-004	11	..........a	-327.68
	2672	2673	-1.65456E+000	-2.00196E-001	-2.16238E+000	-2.00025E+000	4.75661E-004	11	..........a	-327.68
	2673	2674	-1.65616E+000	-2.00197E-001	-2.16952E+000	-2.00025E+000	4.70044E-004	11	..........a	-327.68
	2674	2675	-1.65616E+000	-2.00197E-001	-2.17284E+000	-2.00025E+000	4.74194E-004	11	..........a	-327.68
	2675	2676	-1.65616E+000	-2.00197E-001	-2.17712E+000	-2.00025E+000	4.72444E-004	11	..........a	-327.68
	2676	2677	-1.65536E+000	-2.00197E-001	-2.18031E+000	-2.00025E+000	4.72761E-004	11	..........a	-327.68
	2677	2678	-1.65536E+000	-2.00196E-001	-2.08528E+000	-2.00025E+000	4.59678E-004	11	..........a	-327.68
	2678	2679	-1.65536E+000	-2.00195E-001	-2.09056E+000	-2.00025E+000	3.32511E-004	11	..........a	-327.68
	2679	2680	-1.65536E+000	-2.00195E-001	-2.10068E+000	-2.00025E+000	3.21978E-004	11	..........a	-327.68
	2680	2681	-1.65496E+000	-2.00195E-001	-2.10653E+000	-2.00025E+000	3.25561E-004	11	..........a	-327.68
	2681	2682	-1.65536E+000	-2.00195E-001	-2.11852E+000	-2.00025E+000	3.21744E-004	11	..........a	-327.68
	2682	2683	-1.65616E+000	-2.00195E-001	-2.12318E+000	-2.00025E+000	3.27144E-004	11	..........a	-327.68
	2683	2684	-1.65536E+000	-2.00195E-001	-2.13474E+000	-2.00025E+000	3.21461E-004	11	..........a	-327.68
	2684	2685	-1.65496E+000	-2.00195E-001	-2.13780E+000	-2.00025E+000	3.27594E-004	11	..........a	-327.68
	2685	2686	-1.65776E+000	-2.00195E-001	-2.14469E+000	-2.00025E+000	3.26078E-004	11	..........a	-327.68
	2686	2687	-1.65456E+000	-2.00195E-001	-2.15118E+000	-2.00025E+000	3.30128E-004	11	..........a	-327.68
	2687	2688	-1.65536E+000	-2.00195E-001	-2.15187E+000	-2.00025E+000	3.26044E-004	11	..........a	-327.68
	2688	2689	-1.65616E+000	-2.00195E-001	-2.14761E+000	-2.00025E+000	3.26428E-004	11	..........a	-327.68
	2689	2690	-1.65376E+000	-2.00195E-001	-2.15287E+000	-2.00025E+000	3.32211E-004	11	..........a	-327.68
	2690	2691	-1.65696E+000	-2.00195E-001	-2.07911E+000	-2.00025E+000	3.24178E-004	11	..........a	-327.68
	2691	2692	-1.65376E+000	-2.00195E-001	-2.09462E+000	-2.00025E+000	3.19494E-004	11	..........a	-327.68
	2692	2693	-1.65536E+000	-2.00194E-001	-2.09847E+000	-2.00025E+000	3.24078E-004	11	..........a	-327.68
	2693	2694	-1.65536E+000	-2.00194E-001	-2.11012E+000	-2.00025E+000	3.25328E-004	11	..........a	-327.68
	2694	2695	-1.65496E+000	-2.00194E-001	-2.11431E+000	-2.00025E+000	3.27744E-004	11	..........a	-327.68
	2695	2696	-1.65616E+000	-2.00194E-001	-2.12321E+000	-2.00025E+000	3.20628E-004	11	..........a	-327.68
	2696	2697	-1.65536E+000	-2.00195E-001	-2.12855E+000	-2.00025E+000	3.18594E-004	11	..........a	-327.68
	2697	2698	-1.65616E+000	-2.00194E-001	-2.13889E+000	-2.00025E+000	3.28128E-004	11	..........a	-327.68
	2698	2699	-1.65616E+000	-2.00194E-001	-2.13650E+000	-2.00025E+000	3.29228E-004	11	..........a	-327.68
	2699	2700	-1.65616E+000	-2.00194E-001	-2.14096E+000	-2.00025E+000	3.20344E-004	11	..........a	-327.68
	2700	2701	-1.65536E+000	-2.00194E-001	-2.14628E+000	-2.00025E+000	3.20511E-004	11	..........a	-327.68
	2701	2702	-1.65536E+000	-2.00194E-001	-2.06042E+000	-2.00025E+000	3.17394E-004	11	..........a	-327.68
	2702	2703	-1.65536E+000	-2.00195E-001	-2.06913E+000	-2.00025E+000	3.24644E-004	11	..........a	-327.68
	2703	2704	-1.65536E+000	-2.00194E-001	-2.08004E+000	-2.00025E+000	3.28178E-004	11	..........a	-327.68
	2704	2705	-1.65856E+000	-2.00195E-001	-2.08299E+000	-2.00025E+000	4.51778E-004	11	..........a	-327.68
	2705	2706	-1.65736E+000	-2.00195E-001	-2.09568E+000	-2.00025E+000	4.54228E-004	11	..........a	-327.68
	2706	2707	-1.65536E+000	-2.00196E-001	-2.10371E+000	-2.00025E+000	4.53361E-004	11	..........a	-327.68
	2707	2708	-1.65536E+000	-2.00195E-001	-2.10752E+000	-2.00025E+000	4.61228E-004	11	..........a	-327.68
	2708	2709	-1.65616E+000	-2.00196E-001	-2.11781E+000	-2.00025E+000	4.44944E-004	11	..........a	-327.68
	2709	2710	-1.65776E+000	-2.00196E-001	-2.12058E+000	-2.00025E+000	4.45478E-004	11	..........a	-327.68
	2710	2711	-1.65536E+000	-2.00196E-001	-2.13278E+000	-2.00025E+000	4.48161E-004	11	..........a	-327.68
	2711	2712	-1.65576E+000	-2.00195E-001	-2.13956E+000	-2.00025E+000	4.58028E-004	11	..........a	-327.68
	2712	2713	-1.65816E+000	-2.00195E-001	-2.14967E+000	-2.00025E+000	4.54178E-004	11	..........a	-327.68
	2713	2714	-1.65776E+000	-2.00195E-001	-2.15519E+000	-2.00025E+000	4.48328E-004	11	..........a	-327.68
	2714	2715	-1.65456E+000	-2.00195E-001	-2.17058E+000	-2.00025E+000	4.46378E-004	11	..........a	-327.68
	2715	2716	-1.65616E+000	-2.00195E-001	-2.16702E+000	-2.00025E+000	4.56111E-004	11	..........a	-327.68
	2716	2717	-1.65496E+000	-2.00195E-001	-2.17114E+000	-2.00025E+000	4.52128E-004	11	..........a	-327.68
	2717	2718	-1.65536E+000	-2.00195E-001	-2.05332E+000	-2.00025E+000	4.52228E-004	11	..........a	-327.68
	2718	2719	-1.65456E+000	-2.00195E-001	-2.06823E+000	-2.00025E+000	4.62561E-004	11	..........a	-327.68
	2719	2720	-1.65456E+000	-2.00195E-001	-2.07206E+000	-2.00025E+000	4.61178E-004	11	..........a	-327.68
	2720	2721	-1.65376E+000	-2.00195E-001	-2.08742E+000	-2.00025E+000	4.57878E-004	11	..........a	-327.68
	2721	2722	-1.65496E+000	-2.00195E-001	-2.09099E+000	-2.00025E+000	4.65194E-004	11	..........a	-327.68
	2722	2723	-1.65696E+000	-2.00196E-001	-2.09839E+000	-2.00025E+000	4.66778E-004	11	..........a	-327.68
	2723	2724	-1.65656E+000	-2.00196E-001	-2.10309E+000	-2.00025E+000	4.54294E-004	11	..........a	-327.68
	2724	2725	-1.65856E+000	-2.00196E-001	-2.11431E+000	-2.00025E+000	4.61028E-004	11	..........a	-327.68
	2725	2726	-1.65776E+000	-2.00196E-001	-2.11844E+000	-2.00025E+000	4.65928E-004	11	..........a	-327.68
	2726	2727	-1.65856E+000	-2.00195E-001	-2.12823E+000	-2.00025E+000	4.65278E-004	11	..........a	-327.68
	2727	2728	-1.65616E+000	-2.00196E-001	-2.13172E+000	-2.00025E+000	4.66094E-004	11	..........a	-327.68
	2728	2729	-1.65776E+000	-2.00195E-001	-2.13709E+000	-2.00025E+000	4.64994E-004	11	..........a	-327.68
	2729	2730	-1.65776E+000	-2.00196E-001	-2.14525E+000	-2.00025E+000	4.58011E-004	11	..........a	-327.68
	2730	2731	-1.65256E+000	-2.00195E-001	-2.16347E+000	-2.00025E+000	4.72394E-004	11	..........a	-327.68
	2731	2732	-1.65216E+000	-2.00196E-001	-2.16328E+000	-2.00025E+000	4.70194E-004	11	..........a	-327.68
	2732	2733	-1.65336E+000	-2.00195E-001	-2.06242E+000	-2.00025E+000	4.68828E-004	11	..........a	-327.68
	2733	2734	-1.65456E+000	-2.00195E-001	-2.07373E+000	-2.00025E+000	4.52544E-004	11	..........a	-327.68
	2734	2735	-1.65136E+000	-2.00195E-001	-2.08160E+000	-2.00025E+000	4.53161E-004	11	..........a	-327.68
	2735	2736	-1.65536E+000	-2.00195E-001	-2.08842E+000	-2.00025E+000	4.63178E-004	11	..........a	-327.68
	2736	2737	-1.65656E+000	-2.00195E-001	-2.09149E+000	-2.00025E+000	4.61811E-004	11	..........a	-327.68
	2737	2738	-1.65536E+000	-2.00195E-001	-2.10607E+000	-2.00025E+000	4.61378E-004	11	..........a	-327.68
	2738	2739	-1.65776E+000	-2.00195E-001	-2.10879E+000	-2.00025E+000	4.64128E-004	11	..........a	-327.68
	2739	2740	-1.65536E+000	-2.00195E-001	-2.12571E+000	-2.00025E+000	4.67528E-004	11	..........a	-327.68
	2740	2741	-1.65216E+000	-2.00195E-001	-2.13235E+000	-2.00025E+000	4.57811E-004	11	..........a	-327.68
	2741	2742	-1.65616E+000	-2.00194E-001	-2.13682E+000	-2.00025E+000	4.58494E-004	11	..........a	-327.68
	2742	2743	-1.65496E+000	-2.00195E-001	-2.06883E+000	-2.00025E+000	4.58994E-004	11	..........a	-327.68
	2743	2744	-1.65456E+000	-2.00190E-001	-2.08049E+000	-2.00025E+000	3.43394E-004	11	..........a	-327.68
	2744	2745	-1.65456E+000	-2.00190E-001	-2.08781E+000	-2.00025E+000	3.38794E-004	11	..........a	-327.68
	2745	2746	-1.65136E+000	-2.00190E-001	-2.10329E+000	-2.00025E+000	3.41428E-004	11	..........a	-327.68
	2746	2747	-1.65536E+000	-2.00189E-001	-2.10563E+000	-2.00025E+000	3.41444E-004	11	..........a	-327.68
	2747	2748	-1.65376E+000	-2.00189E-001	-2.11803E+000	-2.00025E+000	3.44578E-004	11	..........a	-327.68
	2748	2749	-1.65616E+000	-2.00190E-001	-2.12235E+000	-2.00025E+000	3.43561E-004	11	..........a	-327.68
	2749	2750	-1.65456E+000	-2.00190E-001	-2.13334E+000	-2.00025E+000	3.35811E-004	11	..........a	-327.68
	2750	2751	-1.65496E+000	-2.00191E-001	-2.14094E+000	-2.00025E+000	3.34061E-004	11	..........a	-327.68
	2751	2752	-1.65496E+000	-2.00191E-001	-2.14341E+000	-2.00025E+000	3.36178E-004	11	..........a	-327.68
	2752	2753	-1.65536E+000	-2.00190E-001	-2.14911E+000	-2.00025E+000	3.34661E-004	11	..........a	-327.68
	2753	2754	-1.65616E+000	-2.00190E-001	-2.15172E+000	-2.00025E+000	3.40778E-004	11	..........a	-327.68
	2754	2755	-1.65416E+000	-2.00190E-001	-2.16289E+000	-2.00025E+000	3.41778E-004	11	..........a	-327.68
	2755	2756	-1.65296E+000	-2.00190E-001	-2.16667E+000	-2.00025E+000	3.40228E-004	11	..........a	-327.68
	2756	2757	-1.65216E+000	-2.00190E-001	-2.17639E+000	-2.00025E+000	3.41094E-004	11	..........a	-327.68
	2757	2758	-1.65536E+000	-2.00190E-001	-2.17854E+000	-2.00025E+000	3.36428E-004	11	..........a	-327.68
	2758	2759	-1.65136E+000	-2.00190E-001	-2.18517E+000	-2.00025E+000	3.36944E-004	11	..........a	-327.68
	2759	2760	-1.65536E+000	-2.00190E-001	-2.17661E+000	-2.00025E+000	3.40394E-004	11	..........a	-327.68
	2760	2761	-1.65216E+000	-2.00190E-001	-2.06215E+000	-2.00025E+000	3.40378E-004	11	..........a	-327.68
	2761	2762	-1.65216E+000	-2.00190E-001	-2.06689E+000	-2.00025E+000	3.39678E-004	11	..........a	-327.68
	2762	2763	-1.65376E+000	-2.00190E-001	-2.07710E+000	-2.00025E+000	3.43928E-004	11	..........a	-327.68
	2763	2764	-1.65456E+000	-2.00190E-001	-2.08141E+000	-2.00025E+000	3.36761E-004	11	..........a	-327.68
	2764	2765	-1.65256E+000	-2.00191E-001	-2.09209E+000	-2.00025E+000	3.39728E-004	11	..........a	-327.68
	2765	2766	-1.65456E+000	-2.00191E-001	-2.09213E+000	-2.00025E+000	3.40861E-004	11	..........a	-327.68
	2766	2767	-1.65776E+000	-2.00190E-001	-2.10229E+000	-2.00025E+000	3.42628E-004	11	..........a	-327.68
	2767	2768	-1.65456E+000	-2.00189E-001	-2.11308E+000	-2.00025E+000	3.43594E-004	11	..........a	-327.68
	2768	2769	-1.65496E+000	-2.00190E-001	-2.12393E+000	-2.00025E+000	3.41194E-004	11	..........a	-327.68
	2769	2770	-1.65456E+000	-2.00190E-001	-2.12677E+000	-2.00025E+000	3.40411E-004	11	..........a	-327.68
	2770	2771	-1.65616E+000	-2.00191E-001	-2.13343E+000	-2.00025E+000	3.42278E-004	11	..........a	-327.68
	2771	2772	-1.65536E+000	-2.00191E-001	-2.13873E+000	-2.00025E+000	3.40444E-004	11	..........a	-327.68
	2772	2773	-1.65496E+000	-2.00189E-001	-2.14995E+000	-2.00025E+000	3.35411E-004	11	..........a	-327.68
	2773	2774	-1.65176E+000	-2.00190E-001	-2.15404E+000	-2.00025E+000	3.41444E-004	11	..........a	-327.68
	2774	2775	-1.65536E+000	-2.00190E-001	-2.15643E+000	-2.00025E+000	3.34794E-004	11	..........a	-327.68
	2775	2776	-1.65056E+000	-2.00191E-001	-2.16277E+000	-2.00025E+000	3.33844E-004	11	..........a	-327.68
	2776	2777	-1.65656E+000	-2.00191E-001	-2.16734E+000	-2.00025E+000	3.30411E-004	11	..........a	-327.68
	2777	2778	-1.65536E+000	-2.00191E-001	-2.17387E+000	-2.00025E+000	3.36761E-004	11	..........a	-327.68
	2778	2779	-1.65536E+000	-2.00190E-001	-2.18163E+000	-2.00025E+000	3.37794E-004	11	..........a	-327.68
	2779	2780	-1.65696E+000	-2.00190E-001	-2.18322E+000	-2.00025E+000	3.33028E-004	11	..........a	-327.68
	2780	2781	-1.65176E+000	-2.00190E-001	-2.05992E+000	-2.00025E+000	3.44261E-004	11	..........a	-327.68
	2781	2782	-1.65296E+000	-2.00191E-001	-2.07021E+000	-2.00025E+000	3.36828E-004	11	..........a	-327.68
	2782	2783	-1.65456E+000	-2.00191E-001	-2.07837E+000	-2.00025E+000	3.34544E-004	11	..........a	-327.68
	2783	2784	-1.65376E+000	-2.00191E-001	-2.08971E+000	-2.00025E+000	3.36444E-004	11	..........a	-327.68
	2784	2785	-1.65696E+000	-2.00190E-001	-2.09275E+000	-2.00025E+000	3.37994E-004	11	..........a	-327.68
	2785	2786	-1.65616E+000	-2.00190E-001	-2.10468E+000	-2.00025E+000	3.39828E-004	11	..........a	-327.68
	2786	2787	-1.65536E+000	-2.00191E-001	-2.10984E+000	-2.00025E+000	3.42228E-004	11	..........a	-327.68
	2787	2788	-1.65376E+000	-2.00190E-001	-2.12274E+000	-2.00025E+000	3.41078E-004	11	..........a	-327.68
	2788	2789	-1.65056E+000	-2.00190E-001	-2.12581E+000	-2.00025E+000	3.40328E-004	11	..........a	-327.68
	2789	2790	-1.65536E+000	-2.00190E-001	-2.13400E+000	-2.00025E+000	3.43878E-004	11	..........a	-327.68
	2790	2791	-1.65136E+000	-2.00190E-001	-2.14000E+000	-2.00025E+000	3.45411E-004	11	..........a	-327.68
	2791	2792	-1.65496E+000	-2.00190E-001	-2.14800E+000	-2.00025E+000	3.43594E-004	11	..........a	-327.68
	2792	2793	-1.65536E+000	-2.00190E-001	-2.14901E+000	-2.00025E+000	3.46794E-004	11	..........a	-327.68
	2793	2794	-1.65536E+000	-2.00190E-001	-2.15813E+000	-2.00025E+000	3.39011E-004	11	..........a	-327.68
	2794	2795	-1.65536E+000	-2.00190E-001	-2.15848E+000	-2.00025E+000	3.35728E-004	11	..........a	-327.68
	2795	2796	-1.65536E+000	-2.00190E-001	-2.16923E+000	-2.00025E+000	3.44794E-004	11	..........a	-327.68
	2796	2797	-1.65616E+000	-2.00190E-001	-2.17005E+000	-2.00025E+000	3.41911E-004	11	..........a	-327.68
	2797	2798	-1.65656E+000	-2.00191E-001	-2.18257E+000	-2.00025E+000	3.42594E-004	11	..........a	-327.68
	2798	2799	-1.65296E+000	-2.00191E-001	-2.18746E+000	-2.00025E+000	3.42011E-004	11	..........a	-327.68
	2799	2800	-1.65576E+000	-2.00191E-001	-2.18946E+000	-2.00025E+000	3.43511E-004	11	..........a	-327.68
	2800	2801	-1.65216E+000	-2.00192E-001	-2.07241E+000	-2.00025E+000	3.41094E-004	11	..........a	-327.68
	2801	2802	-1.65256E+000	-2.00190E-001	-2.08258E+000	-2.00025E+000	3.43261E-004	11	..........a	-327.68
	2802	2803	-1.65216E+000	-2.00191E-001	-2.08816E+000	-2.00025E+000	3.44644E-004	11	..........a	-327.68
	2803	2804	-1.65216E+000	-2.00191E-001	-2.09934E+000	-2.00025E+000	3.44611E-004	11	..........a	-327.68
	2804	2805	-1.65536E+000	-2.00190E-001	-2.10312E+000	-2.00025E+000	3.40878E-004	11	..........a	-327.68
	2805	2806	-1.65536E+000	-2.00190E-001	-2.11341E+000	-2.00025E+000	3.40528E-004	11	..........a	-327.68
	2806	2807	-1.65456E+000	-2.00190E-001	-2.12145E+000	-2.00025E+000	3.52561E-004	11	..........a	-327.68
	2807	2808	-1.65656E+000	-2.00191E-001	-2.11633E+000	-2.00025E+000	3.49694E-004	11	..........a	-327.68
	2808	2809	-1.65496E+000	-2.00191E-001	-2.12628E+000	-2.00025E+000	3.44361E-004	11	..........a	-327.68
	2809	2810	-1.65536E+000	-2.00191E-001	-2.13199E+000	-2.00025E+000	3.49328E-004	11	..........a	-327.68
	2810	2811	-1.65616E+000	-2.00192E-001	-2.13791E+000	-2.00025E+000	3.48978E-004	11	..........a	-327.68
	2811	2812	-1.65616E+000	-2.00192E-001	-2.14441E+000	-2.00025E+000	3.50494E-004	11	..........a	-327.68
	2812	2813	-1.65696E+000	-2.00191E-001	-2.14481E+000	-2.00025E+000	3.51078E-004	11	..........a	-327.68
	2813	2814	-1.65536E+000	-2.00191E-001	-2.15150E+000	-2.00025E+000	3.52028E-004	11	..........a	-327.68
	2814	2815	-1.65456E+000	-2.00191E-001	-2.01914E+000	-2.00025E+000	3.44361E-004	11	..........a	-327.68
	2815	2816	-1.65536E+000	-2.00190E-001	-2.02511E+000	-2.00025E+000	3.48461E-004	11	..........a	-327.68
	2816	2817	-1.65056E+000	-2.00191E-001	-2.03921E+000	-2.00025E+000	3.44944E-004	11	..........a	-327.68
	2817	2818	-1.65536E+000	-2.00191E-001	-2.03906E+000	-2.00025E+000	3.45694E-004	11	..........a	-327.68
	2818	2819	-1.65376E+000	-2.00191E-001	-2.05193E+000	-2.00025E+000	3.46478E-004	11	..........a	-327.68
	2819	2820	-1.65616E+000	-2.00191E-001	-2.05485E+000	-2.00025E+000	3.43778E-004	11	..........a	-327.68
	2820	2821	-1.65696E+000	-2.00191E-001	-2.06575E+000	-2.00025E+000	3.49978E-004	11	..........a	-327.68
	2821	2822	-1.65776E+000	-2.00191E-001	-2.06645E+000	-2.00025E+000	3.51728E-004	11	..........a	-327.68
	2822	2823	-1.65656E+000	-2.00191E-001	-2.07857E+000	-2.00025E+000	3.45544E-004	11	..........a	-327.68
	2823	2824	-1.65496E+000	-2.00191E-001	-2.08556E+000	-2.00025E+000	3.47611E-004	11	..........a	-327.68
	2824	2825	-1.65536E+000	-2.00191E-001	-2.09409E+000	-2.00025E+000	3.42344E-004	11	..........a	-327.68
	2825	2826	-1.65656E+000	-2.00192E-001	-2.09469E+000	-2.00025E+000	3.47761E-004	11	..........a	-327.68
	2826	2827	-1.65576E+000	-2.00190E-001	-2.10694E+000	-2.00025E+000	3.50044E-004	11	..........a	-327.68
	2827	2828	-1.65776E+000	-2.00191E-001	-2.10519E+000	-2.00025E+000	3.49544E-004	11	..........a	-327.68
	2828	2829	-1.65576E+000	-2.00190E-001	-2.12106E+000	-2.00025E+000	3.50194E-004	11	..........a	-327.68
	2829	2830	-1.65536E+000	-2.00191E-001	-2.12365E+000	-2.00025E+000	3.50561E-004	11	..........a	-327.68
	2830	2831	-1.65376E+000	-2.00191E-001	-2.03504E+000	-2.00025E+000	3.51328E-004	11	..........a	-327.68
	2831	2832	-1.65256E+000	-2.00191E-001	-2.04026E+000	-2.00025E+000	3.52444E-004	11	..........a	-327.68
	2832	2833	-1.65616E+000	-2.00190E-001	-2.05227E+000	-2.00025E+000	3.52361E-004	11	..........a	-327.68
	2833	2834	-1.65456E+000	-2.00191E-001	-2.06181E+000	-2.00025E+000	3.54278E-004	11	..........a	-327.68
	2834	2835	-1.65696E+000	-2.00191E-001	-2.06490E+000	-2.00025E+000	3.47961E-004	11	..........a	-327.68
	2835	2836	-1.65656E+000	-2.00191E-001	-2.07286E+000	-2.00025E+000	3.53111E-004	11	..........a	-327.68
	2836	2837	-1.65616E+000	-2.00191E-001	-2.08290E+000	-2.00025E+000	3.50594E-004	11	..........a	-327.68
	2837	2838	-1.65656E+000	-2.00191E-001	-2.08988E+000	-2.00025E+000	3.52378E-004	11	..........a	-327.68
	2838	2839	-1.65656E+000	-2.00192E-001	-2.09763E+000	-2.00025E+000	3.51561E-004	11	..........a	-327.68
	2839	2840	-1.65496E+000	-2.00191E-001	-2.10641E+000	-2.00025E+000	3.46628E-004	11	..........a	-327.68
	2840	2841	-1.65656E+000	-2.00190E-001	-2.11168E+000	-2.00025E+000	3.55328E-004	11	..........a	-327.68
	2841	2842	-1.65736E+000	-2.00191E-001	-2.11684E+000	-2.00025E+000	3.55978E-004	11	..........a	-327.68
	2842	2843	-1.65576E+000	-2.00191E-001	-2.12614E+000	-2.00025E+000	3.55711E-004	11	..........a	-327.68
	2843	2844	-1.65856E+000	-2.00191E-001	-2.13075E+000	-2.00025E+000	3.57794E-004	11	..........a	-327.68
	2844	2845	-1.65136E+000	-2.00191E-001	-2.02049E+000	-2.00025E+000	3.53328E-004	11	..........a	-327.68
	2845	2846	-1.65216E+000	-2.00192E-001	-2.02941E+000	-2.00025E+000	3.55478E-004	11	..........a	-327.68
	2846	2847	-1.65496E+000	-2.00191E-001	-2.03294E+000	-2.00025E+000	3.52711E-004	11	..........a	-327.68
	2847	2848	-1.65456E+000	-2.00191E-001	-2.04143E+000	-2.00025E+000	3.50961E-004	11	..........a	-327.68
	2848	2849	-1.65616E+000	-2.00190E-001	-2.04825E+000	-2.00025E+000	3.52811E-004	11	..........a	-327.68
	2849	2850	-1.65616E+000	-2.00190E-001	-2.05610E+000	-2.00025E+000	3.56578E-004	11	..........a	-327.68
	2850	2851	-1.65496E+000	-2.00191E-001	-2.06483E+000	-2.00025E+000	3.51678E-004	11	..........a	-327.68
	2851	2852	-1.65496E+000	-2.00191E-001	-2.07473E+000	-2.00025E+000	3.54644E-004	11	..........a	-327.68
	2852	2853	-1.65656E+000	-2.00191E-001	-2.08201E+000	-2.00025E+000	3.54811E-004	11	..........a	-327.68
	2853	2854	-1.65696E+000	-2.00191E-001	-2.09037E+000	-2.00025E+000	3.55411E-004	11	..........a	-327.68
	2854	2855	-1.65456E+000	-2.00191E-001	-2.10059E+000	-2.00025E+000	3.59411E-004	11	..........a	-327.68
	2855	2856	-1.65536E+000	-2.00191E-001	-2.10720E+000	-2.00025E+000	3.53161E-004	11	..........a	-327.68
	2856	2857	-1.65616E+000	-2.00191E-001	-2.11187E+000	-2.00025E+000	3.50928E-004	11	..........a	-327.68
	2857	2858	-1.65696E+000	-2.00191E-001	-2.11922E+000	-2.00025E+000	3.56894E-004	11	..........a	-327.68
	2858	2859	-1.65536E+000	-2.00192E-001	-2.12954E+000	-2.00025E+000	3.47678E-004	11	..........a	-327.68
	2859	2860	-1.65616E+000	-2.00190E-001	-2.13780E+000	-2.00025E+000	3.50794E-004	11	..........a	-327.68
	2860	2861	-1.65496E+000	-2.00190E-001	-2.15238E+000	-2.00025E+000	3.53361E-004	11	..........a	-327.68
	2861	2862	-1.65536E+000	-2.00191E-001	-2.15800E+000	-2.00025E+000	3.61444E-004	11	..........a	-327.68
	2862	2863	-1.65696E+000	-2.00190E-001	-2.16229E+000	-2.00025E+000	3.55594E-004	11	..........a	-327.68
	2863	2864	-1.65536E+000	-2.00192E-001	-2.05804E+000	-2.00025E+000	3.48294E-004	11	..........a	-327.68
	2864	2865	-1.65536E+000	-2.00191E-001	-2.03532E+000	-2.00025E+000	3.53128E-004	11	..........a	-327.68
	2865	2866	-1.65616E+000	-2.00191E-001	-2.04287E+000	-2.00025E+000	3.53928E-004	11	..........a	-327.68
	2866	2867	-1.65536E+000	-2.00192E-001	-2.05175E+000	-2.00025E+000	3.52678E-004	11	..........a	-327.68
	2867	2868	-1.65616E+000	-2.00190E-001	-2.06061E+000	-2.00025E+000	3.51661E-004	11	..........a	-327.68
	2868	2869	-1.65696E+000	-2.00192E-001	-2.06844E+000	-2.00025E+000	3.48528E-004	11	..........a	-327.68
	2869	2870	-1.65696E+000	-2.00192E-001	-2.07948E+000	-2.00025E+000	3.50328E-004	11	..........a	-327.68
	2870	2871	-1.65496E+000	-2.00191E-001	-2.08864E+000	-2.00025E+000	3.54111E-004	11	..........a	-327.68
	2871	2872	-1.65456E+000	-2.00191E-001	-2.09666E+000	-2.00025E+000	3.51878E-004	11	..........a	-327.68
	2872	2873	-1.65776E+000	-2.00192E-001	-2.10007E+000	-2.00025E+000	3.48861E-004	11	..........a	-327.68
	2873	2874	-1.65536E+000	-2.00191E-001	-2.10799E+000	-2.00025E+000	3.47861E-004	11	..........a	-327.68
	2874	2875	-1.65536E+000	-2.00191E-001	-2.11373E+000	-2.00025E+000	3.45478E-004	11	..........a	-327.68
	2875	2876	-1.65536E+000	-2.00192E-001	-2.05380E+000	-2.00025E+000	3.46611E-004	11	..........a	-327.68
	2876	2877	-1.65136E+000	-2.00190E-001	-2.05508E+000	-2.00025E+000	3.44028E-004	11	..........a	-327.68
	2877	2878	-1.65616E+000	-2.00190E-001	-2.05943E+000	-2.00025E+000	3.44778E-004	11	..........a	-327.68
	2878	2879	-1.65696E+000	-2.00191E-001	-2.06614E+000	-2.00025E+000	3.51761E-004	11	..........a	-327.68
	2879	2880	-1.65536E+000	-2.00190E-001	-2.07761E+000	-2.00025E+000	3.46911E-004	11	..........a	-327.68
	2880	2881	-1.65576E+000	-2.00190E-001	-2.08455E+000	-2.00025E+000	3.47594E-004	11	..........a	-327.68
	2881	2882	-1.65496E+000	-2.00191E-001	-2.09526E+000	-2.00025E+000	3.50511E-004	11	..........a	-327.68
	2882	2883	-1.65696E+000	-2.00190E-001	-2.10076E+000	-2.00025E+000	3.43628E-004	11	..........a	-327.68
	2883	2884	-1.65496E+000	-2.00191E-001	-2.11731E+000	-2.00025E+000	3.52961E-004	11	..........a	-327.68
	2884	2885	-1.65616E+000	-2.00191E-001	-2.11924E+000	-2.00025E+000	3.52644E-004	11	..........a	-327.68
	2885	2886	-1.65616E+000	-2.00191E-001	-2.11914E+000	-2.00025E+000	3.46678E-004	11	..........a	-327.68
	2886	2887	-1.65376E+000	-2.00191E-001	-2.12502E+000	-2.00025E+000	3.50344E-004	11	..........a	-327.68
	2887	2888	-1.65056E+000	-2.00191E-001	-2.13540E+000	-2.00025E+000	3.52861E-004	11	..........a	-327.68
	2888	2889	-1.65576E+000	-2.00191E-001	-2.13175E+000	-2.00025E+000	3.56111E-004	11	..........a	-327.68
	2889	2890	-1.65536E+000	-2.00191E-001	-2.13620E+000	-2.00025E+000	3.50894E-004	11	..........a	-327.68
	2890	2891	-1.65456E+000	-2.00190E-001	-2.04630E+000	-2.00025E+000	3.49278E-004	11	..........a	-327.68
	2891	2892	-1.65536E+000	-2.00190E-001	-2.05060E+000	-2.00025E+000	3.47928E-004	11	..........a	-327.68
	2892	2893	-1.65656E+000	-2.00190E-001	-2.06052E+000	-2.00025E+000	3.50844E-004	11	..........a	-327.68
	2893	2894	-1.65536E+000	-2.00190E-001	-2.06775E+000	-2.00025E+000	3.53494E-004	11	..........a	-327.68
	2894	2895	-1.65616E+000	-2.00190E-001	-2.07409E+000	-2.00025E+000	3.52994E-004	11	..........a	-327.68
	2895	2896	-1.65616E+000	-2.00190E-001	-2.08025E+000	-2.00025E+000	3.48794E-004	11	..........a	-327.68
	2896	2897	-1.65696E+000	-2.00191E-001	-2.08747E+000	-2.00025E+000	3.50378E-004	11	..........a	-327.68
	2897	2898	-1.65656E+000	-2.00191E-001	-2.09710E+000	-2.00025E+000	3.50178E-004	11	..........a	-327.68
	2898	2899	-1.65696E+000	-2.00191E-001	-2.10265E+000	-2.00025E+000	3.45644E-004	11	..........a	-327.68
	2899	2900	-1.65416E+000	-2.00191E-001	-2.11140E+000	-2.00025E+000	3.55061E-004	11	..........a	-327.68
	2900	2901	-1.65536E+000	-2.00190E-001	-2.11898E+000	-2.00025E+000	3.53278E-004	11	..........a	-327.68
	2901	2902	-1.65216E+000	-2.00191E-001	-2.12976E+000	-2.00025E+000	3.55928E-004	11	..........a	-327.68
	2902	2903	-1.65216E+000	-2.00192E-001	-2.09490E+000	-2.00025E+000	3.53361E-004	11	..........a	-327.68
	2903	2904	-1.65456E+000	-2.00191E-001	-2.03802E+000	-2.00025E+000	3.49444E-004	11	..........a	-327.68
	2904	2905	-1.65616E+000	-2.00191E-001	-2.04718E+000	-2.00025E+000	3.48444E-004	11	..........a	-327.68
	2905	2906	-1.65536E+000	-2.00191E-001	-2.05631E+000	-2.00025E+000	3.51544E-004	11	..........a	-327.68
	2906	2907	-1.65616E+000	-2.00191E-001	-2.06439E+000	-2.00025E+000	3.58094E-004	11	..........a	-327.68
	2907	2908	-1.65496E+000	-2.00191E-001	-2.07176E+000	-2.00025E+000	3.54111E-004	11	..........a	-327.68
	2908	2909	-1.65696E+000	-2.00191E-001	-2.07767E+000	-2.00025E+000	3.50044E-004	11	..........a	-327.68
	2909	2910	-1.65616E+000	-2.00191E-001	-2.08455E+000	-2.00025E+000	3.53028E-004	11	..........a	-327.68
	2910	2911	-1.65656E+000	-2.00190E-001	-2.09105E+000	-2.00025E+000	3.50994E-004	11	..........a	-327.68
	2911	2912	-1.65696E+000	-2.00191E-001	-2.09622E+000	-2.00025E+000	3.53394E-004	11	..........a	-327.68
	2912	2913	-1.65696E+000	-2.00190E-001	-2.10608E+000	-2.00025E+000	3.58294E-004	11	..........a	-327.68
	2913	2914	-1.65776E+000	-2.00190E-001	-2.10919E+000	-2.00025E+000	3.50211E-004	11	..........a	-327.68
	2914	2915	-1.65456E+000	-2.00191E-001	-2.12540E+000	-2.00025E+000	3.55678E-004	11	..........a	-327.68
	2915	2916	-1.65456E+000	-2.00191E-001	-2.12966E+000	-2.00025E+000	3.48044E-004	11	..........a	-327.68
	2916	2917	-1.65136E+000	-2.00192E-001	-2.05310E+000	-2.00025E+000	3.52428E-004	11	..........a	-327.68
	2917	2918	-1.65136E+000	-2.00191E-001	-2.03360E+000	-2.00025E+000	3.51128E-004	11	..........a	-327.68
	2918	2919	-1.65536E+000	-2.00192E-001	-2.03763E+000	-2.00025E+000	3.54028E-004	11	..........a	-327.68
	2919	2920	-1.65696E+000	-2.00191E-001	-2.04423E+000	-2.00025E+000	3.54028E-004	11	..........a	-327.68
	2920	2921	-1.65576E+000	-2.00191E-001	-2.05356E+000	-2.00025E+000	3.51761E-004	11	..........a	-327.68
	2921	2922	-1.65616E+000	-2.00191E-001	-2.06104E+000	-2.00025E+000	3.47144E-004	11	..........a	-327.68
	2922	2923	-1.65616E+000	-2.00191E-001	-2.06791E+000	-2.00025E+000	3.50611E-004	11	..........a	-327.68
	2923	2924	-1.65576E+000	-2.00191E-001	-2.07460E+000	-2.00025E+000	3.52611E-004	11	..........a	-327.68
	2924	2925	-1.65776E+000	-2.00190E-001	-2.07561E+000	-2.00025E+000	3.46028E-004	11	..........a	-327.68
	2925	2926	-1.65696E+000	-2.00191E-001	-2.08164E+000	-2.00025E+000	3.54378E-004	11	..........a	-327.68
	2926	2927	-1.65216E+000	-2.00191E-001	-2.10071E+000	-2.00025E+000	3.49994E-004	11	..........a	-327.68
	2927	2928	-1.65096E+000	-2.00191E-001	-2.10527E+000	-2.00025E+000	3.55578E-004	11	..........a	-327.68
	2928	2929	-1.65136E+000	-2.00197E-001	-2.10397E+000	-2.00025E+000	3.56278E-004	11	..........a	-327.68
	2929	2930	-1.65536E+000	-2.00197E-001	-2.10729E+000	-2.00025E+000	3.74961E-004	11	..........a	-327.68
	2930	2931	-1.65536E+000	-2.00197E-001	-2.10524E+000	-2.00025E+000	3.82028E-004	11	..........a	-327.68
	2931	2932	-1.65536E+000	-2.00197E-001	-2.11411E+000	-2.00025E+000	3.77661E-004	11	..........a	-327.68
	2932	2933	-1.65376E+000	-2.00197E-001	-2.04356E+000	-2.00025E+000	3.89378E-004	11	..........a	-327.68
	2933	2934	-1.65456E+000	-2.00197E-001	-2.04963E+000	-2.00025E+000	3.83944E-004	11	..........a	-327.68
	2934	2935	-1.65536E+000	-2.00197E-001	-2.05648E+000	-2.00025E+000	3.72161E-004	11	..........a	-327.68
	2935	2936	-1.65336E+000	-2.00197E-001	-2.06880E+000	-2.00025E+000	3.63928E-004	11	..........a	-327.68
	2936	2937	-1.65696E+000	-2.00198E-001	-2.07324E+000	-2.00025E+000	3.69961E-004	11	..........a	-327.68
	2937	2938	-1.65536E+000	-2.00198E-001	-2.08038E+000	-2.00025E+000	3.68728E-004	11	..........a	-327.68
	2938	2939	-1.65696E+000	-2.00198E-001	-2.08546E+000	-2.00025E+000	3.69228E-004	11	..........a	-327.68
	2939	2940	-1.65616E+000	-2.00197E-001	-2.09323E+000	-2.00025E+000	3.82611E-004	11	..........a	-327.68
	2940	2941	-1.65696E+000	-2.00197E-001	-2.09853E+000	-2.00025E+000	3.72078E-004	11	..........a	-327.68
	2941	2942	-1.65616E+000	-2.00197E-001	-2.10448E+000	-2.00025E+000	3.67944E-004	11	..........a	-327.68
	2942	2943	-1.65616E+000	-2.00197E-001	-2.10890E+000	-2.00025E+000	3.75161E-004	11	..........a	-327.68
	2943	2944	-1.65536E+000	-2.00198E-001	-2.11401E+000	-2.00025E+000	3.81028E-004	11	..........a	-327.68
	2944	2945	-1.65456E+000	-2.00198E-001	-2.12116E+000	-2.00025E+000	3.66228E-004	11	..........a	-327.68
	2945	2946	-1.65656E+000	-2.00197E-001	-2.12264E+000	-2.00025E+000	3.79978E-004	11	..........a	-327.68
	2946	2947	-1.65296E+000	-2.00197E-001	-2.13214E+000	-2.00025E+000	3.83778E-004	11	..........a	-327.68
	2947	2948	-1.65376E+000	-2.00197E-001	-2.13251E+000	-2.00025E+000	3.83678E-004	11	..........a	-327.68
	2948	2949	-1.65696E+000	-2.00197E-001	-2.13870E+000	-2.00025E+000	3.73644E-004	11	..........a	-327.68
	2949	2950	-1.65456E+000	-2.00198E-001	-2.14700E+000	-2.00025E+000	3.78694E-004	11	..........a	-327.68
	2950	2951	-1.65536E+000	-2.00198E-001	-2.01666E+000	-2.00025E+000	3.64311E-004	11	..........a	-327.68
	2951	2952	-1.65376E+000	-2.00198E-001	-2.02651E+000	-2.00025E+000	3.74828E-004	11	..........a	-327.68
	2952	2953	-1.65536E+000	-2.00198E-001	-2.03394E+000	-2.00025E+000	3.61128E-004	11	..........a	-327.68
	2953	2954	-1.65576E+000	-2.00198E-001	-2.04127E+000	-2.00025E+000	3.72428E-004	11	..........a	-327.68
	2954	2955	-1.65376E+000	-2.00195E-001	-2.05262E+000	-2.00025E+000	2.26478E-004	11	..........a	-327.68
	2955	2956	-1.65696E+000	-2.00195E-001	-2.05656E+000	-2.00025E+000	2.37278E-004	11	..........a	-327.68
	2956	2957	-1.65696E+000	-2.00195E-001	-2.06437E+000	-2.00025E+000	2.38828E-004	11	..........a	-327.68
	2957	2958	-1.65696E+000	-2.00194E-001	-2.06934E+000	-2.00025E+000	2.38978E-004	11	..........a	-327.68
	2958	2959	-1.65696E+000	-2.00194E-001	-2.07792E+000	-2.00025E+000	2.43511E-004	11	..........a	-327.68
	2959	2960	-1.65576E+000	-2.00195E-001	-2.08486E+000	-2.00025E+000	2.41444E-004	11	..........a	-327.68
	2960	2961	-1.65616E+000	-2.00196E-001	-2.09031E+000	-2.00025E+000	2.61628E-004	11	..........a	-327.68
	2961	2962	-1.65536E+000	-2.00195E-001	-2.09780E+000	-2.00025E+000	2.41194E-004	11	..........a	-327.68
	2962	2963	-1.65536E+000	-2.00195E-001	-2.10808E+000	-2.00025E+000	2.51711E-004	11	..........a	-327.68
	2963	2964	-1.65576E+000	-2.00195E-001	-2.10720E+000	-2.00025E+000	2.58244E-004	11	..........a	-327.68
	2964	2965	-1.65656E+000	-2.00195E-001	-2.11165E+000	-2.00025E+000	2.66644E-004	11	..........a	-327.68
	2965	2966	-1.65696E+000	-2.00195E-001	-2.11617E+000	-2.00025E+000	2.63328E-004	11	..........a	-327.68
	2966	2967	-1.65776E+000	-2.00195E-001	-2.12282E+000	-2.00025E+000	2.54094E-004	11	..........a	-327.68
	2967	2968	-1.65616E+000	-2.00195E-001	-2.13187E+000	-2.00025E+000	2.54211E-004	11	..........a	-327.68
	2968	2969	-1.65496E+000	-2.00195E-001	-2.13728E+000	-2.00025E+000	2.51178E-004	11	..........a	-327.68
	2969	2970	-1.65496E+000	-2.00195E-001	-2.14401E+000	-2.00025E+000	2.59528E-004	11	..........a	-327.68
	2970	2971	-1.65256E+000	-2.00195E-001	-2.12276E+000	-2.00025E+000	2.56711E-004	11	..........a	-327.68
	2971	2972	-1.65216E+000	-2.00194E-001	-2.10260E+000	-2.00025E+000	2.47294E-004	11	..........a	-327.68
	2972	2973	-1.65496E+000	-2.00195E-001	-2.10499E+000	-2.00025E+000	2.50161E-004	11	..........a	-327.68
	2973	2974	-1.65456E+000	-2.00194E-001	-2.11195E+000	-2.00025E+000	2.14711E-004	11	..........a	-327.68
	2974	2975	-1.65496E+000	-2.00194E-001	-2.11688E+000	-2.00025E+000	2.33344E-004	11	..........a	-327.68
	2975	2976	-1.65616E+000	-2.00195E-001	-2.12266E+000	-2.00025E+000	2.42261E-004	11	..........a	-327.68
	2976	2977	-1.65656E+000	-2.00195E-001	-2.12583E+000	-2.00025E+000	2.47578E-004	11	..........a	-327.68
	2977	2978	-1.65536E+000	-2.00194E-001	-2.13289E+000	-2.00025E+000	2.45278E-004	11	..........a	-327.68
	2978	2979	-1.65456E+000	-2.00195E-001	-2.12685E+000	-2.00025E+000	2.56361E-004	11	..........a	-327.68
	2979	2980	-1.65456E+000	-2.00194E-001	-2.13464E+000	-2.00025E+000	2.55061E-004	11	..........a	-327.68
	2980	2981	-1.65496E+000	-2.00194E-001	-2.13721E+000	-2.00025E+000	3.28311E-004	11	..........a	-327.68
	2981	2982	-1.65736E+000	-2.00194E-001	-2.14449E+000	-2.00025E+000	3.16628E-004	11	..........a	-327.68
	2982	2983	-1.65536E+000	-2.00195E-001	-2.03813E+000	-2.00025E+000	3.28544E-004	11	..........a	-327.68
	2983	2984	-1.65496E+000	-2.00194E-001	-2.04961E+000	-2.00025E+000	3.20228E-004	11	..........a	-327.68
	2984	2985	-1.65776E+000	-2.00195E-001	-2.04948E+000	-2.00025E+000	3.24094E-004	11	..........a	-327.68
	2985	2986	-1.65456E+000	-2.00194E-001	-2.06425E+000	-2.00025E+000	3.29378E-004	11	..........a	-327.68
	2986	2987	-1.65576E+000	-2.00194E-001	-2.05854E+000	-2.00025E+000	3.25611E-004	11	..........a	-327.68
	2987	2988	-1.65696E+000	-2.00194E-001	-2.07168E+000	-2.00025E+000	3.25578E-004	11	..........a	-327.68
	2988	2989	-1.65616E+000	-2.00194E-001	-2.07940E+000	-2.00025E+000	3.25578E-004	11	..........a	-327.68
	2989	2990	-1.65256E+000	-2.00194E-001	-2.09401E+000	-2.00025E+000	3.23244E-004	11	..........a	-327.68
	2990	2991	-1.65536E+000	-2.00194E-001	-2.09352E+000	-2.00025E+000	3.29944E-004	11	..........a	-327.68
	2991	2992	-1.65496E+000	-2.00194E-001	-2.10148E+000	-2.00025E+000	3.31594E-004	11	..........a	-327.68
	2992	2993	-1.65616E+000	-2.00194E-001	-2.10266E+000	-2.00025E+000	3.26178E-004	11	..........a	-327.68
	2993	2994	-1.65536E+000	-2.00194E-001	-2.10029E+000	-2.00025E+000	3.26911E-004	11	..........a	-327.68
	2994	2995	-1.65616E+000	-2.00194E-001	-2.10114E+000	-2.00025E+000	3.30494E-004	11	..........a	-327.68
	2995	2996	-1.65536E+000	-2.00194E-001	-2.10968E+000	-2.00025E+000	3.32428E-004	11	..........a	-327.68
	2996	2997	-1.65536E+000	-2.00194E-001	-2.11225E+000	-2.00025E+000	3.30411E-004	11	..........a	-327.68
	2997	2998	-1.65136E+000	-2.00194E-001	-2.04592E+000	-2.00025E+000	3.26261E-004	11	..........a	-327.68
	2998	2999	-1.65696E+000	-2.00195E-001	-2.04213E+000	-2.00025E+000	3.24694E-004	11	..........a	-327.68
	2999	3000	-1.65536E+000	-2.00194E-001	-2.05321E+000	-2.00025E+000	3.31861E-004	11	..........a	-327.68
	3000	3001	-1.65616E+000	-2.00194E-001	-2.06305E+000	-2.00025E+000	3.30728E-004	11	..........a	-327.68
	3001	3002	-1.65456E+000	-2.00194E-001	-2.07210E+000	-2.00025E+000	3.31161E-004	11	..........a	-327.68
	3002	3003	-1.65376E+000	-2.00194E-001	-2.07318E+000	-2.00025E+000	3.29311E-004	11	..........a	-327.68
	3003	3004	-1.65456E+000	-2.00194E-001	-2.08298E+000	-2.00025E+000	3.30994E-004	11	..........a	-327.68
	3004	3005	-1.65456E+000	-2.00194E-001	-2.08451E+000	-2.00025E+000	3.39028E-004	11	..........a	-327.68
	3005	3006	-1.65536E+000	-2.00194E-001	-2.08939E+000	-2.00025E+000	3.35528E-004	11	..........a	-327.68
	3006	3007	-1.65496E+000	-2.00194E-001	-2.09678E+000	-2.00025E+000	3.05194E-004	11	..........a	-327.68
	3007	3008	-1.65696E+000	-2.00194E-001	-2.09804E+000	-2.00025E+000	3.04894E-004	11	..........a	-327.68
	3008	3009	-1.65616E+000	-2.00194E-001	-2.10770E+000	-2.00025E+000	3.01344E-004	11	..........a	-327.68
	3009	3010	-1.65616E+000	-2.00194E-001	-2.11132E+000	-2.00025E+000	2.95328E-004	11	..........a	-327.68
	3010	3011	-1.65536E+000	-2.00194E-001	-2.11596E+000	-2.00025E+000	3.00544E-004	11	..........a	-327.68
	3011	3012	-1.65536E+000	-2.00194E-001	-2.00248E+000	-2.00025E+000	2.96961E-004	11	..........a	-327.68
	3012	3013	-1.65616E+000	-2.00194E-001	-2.01254E+000	-2.00025E+000	2.95278E-004	11	..........a	-327.68
	3013	3014	-1.65536E+000	-2.00194E-001	-2.01832E+000	-2.00025E+000	3.00878E-004	11	..........a	-327.68
	3014	3015	-1.65616E+000	-2.00194E-001	-2.02838E+000	-2.00025E+000	3.05861E-004	11	..........a	-327.68
	3015	3016	-1.65616E+000	-2.00193E-001	-2.03076E+000	-2.00025E+000	3.06011E-004	11	..........a	-327.68
	3016	3017	-1.65696E+000	-2.00194E-001	-2.04476E+000	-2.00025E+000	3.06528E-004	11	..........a	-327.68
	3017	3018	-1.65456E+000	-2.00195E-001	-2.05187E+000	-2.00025E+000	3.03844E-004	11	..........a	-327.68
	3018	3019	-1.65456E+000	-2.00195E-001	-2.06278E+000	-2.00025E+000	2.97378E-004	11	..........a	-327.68
	3019	3020	-1.65536E+000	-2.00194E-001	-2.06501E+000	-2.00025E+000	2.94878E-004	11	..........a	-327.68
	3020	3021	-1.65456E+000	-2.00194E-001	-2.07470E+000	-2.00025E+000	3.04844E-004	11	..........a	-327.68
	3021	3022	-1.65376E+000	-2.00194E-001	-2.07798E+000	-2.00025E+000	3.06661E-004	11	..........a	-327.68
	3022	3023	-1.65576E+000	-2.00195E-001	-2.08566E+000	-2.00025E+000	2.98044E-004	11	..........a	-327.68
	3023	3024	-1.65296E+000	-2.00194E-001	-2.09160E+000	-2.00025E+000	2.96878E-004	11	..........a	-327.68
	3024	3025	-1.65696E+000	-2.00194E-001	-2.09608E+000	-2.00025E+000	3.02811E-004	11	..........a	-327.68
	3025	3026	-1.65536E+000	-2.00194E-001	-2.10141E+000	-2.00025E+000	2.98528E-004	11	..........a	-327.68
	3026	3027	-1.65696E+000	-2.00194E-001	-2.10915E+000	-2.00025E+000	2.94911E-004	11	..........a	-327.68
	3027	3028	-1.65696E+000	-2.00194E-001	-2.09472E+000	-2.00025E+000	3.02628E-004	11	..........a	-327.68
	3028	3029	-1.65656E+000	-2.00194E-001	-2.07653E+000	-2.00025E+000	2.99928E-004	11	..........a	-327.68
	3029	3030	-1.65776E+000	-2.00194E-001	-2.08597E+000	-2.00025E+000	2.99994E-004	11	..........a	-327.68
	3030	3031	-1.65536E+000	-2.00194E-001	-2.09298E+000	-2.00025E+000	3.06194E-004	11	..........a	-327.68
	3031	3032	-1.65496E+000	-2.00194E-001	-2.10812E+000	-2.00025E+000	2.97561E-004	11	..........a	-327.68
	3032	3033	-1.65696E+000	-2.00194E-001	-2.10487E+000	-2.00025E+000	2.92144E-004	11	..........a	-327.68
	3033	3034	-1.65536E+000	-2.00195E-001	-2.11583E+000	-2.00025E+000	2.98728E-004	11	..........a	-327.68
	3034	3035	-1.65616E+000	-2.00194E-001	-2.10770E+000	-2.00025E+000	3.03211E-004	11	..........a	-327.68
	3035	3036	-1.65376E+000	-2.00194E-001	-2.11651E+000	-2.00025E+000	3.01961E-004	11	..........a	-327.68
	3036	3037	-1.65456E+000	-2.00194E-001	-2.11801E+000	-2.00025E+000	2.99461E-004	11	..........a	-327.68
	3037	3038	-1.65456E+000	-2.00194E-001	-2.12613E+000	-2.00025E+000	2.99211E-004	11	..........a	-327.68
	3038	3039	-1.65536E+000	-2.00194E-001	-2.12730E+000	-2.00025E+000	2.98978E-004	11	..........a	-327.68
	3039	3040	-1.65616E+000	-2.00194E-001	-2.13987E+000	-2.00025E+000	2.94661E-004	11	..........a	-327.68
	3040	3041	-1.65336E+000	-2.00194E-001	-2.14367E+000	-2.00025E+000	3.00944E-004	11	..........a	-327.68
	3041	3042	-1.65616E+000	-2.00194E-001	-2.14857E+000	-2.00025E+000	2.99728E-004	11	..........a	-327.68
	3042	3043	-1.65336E+000	-2.00194E-001	-2.01792E+000	-2.00025E+000	3.08078E-004	11	..........a	-327.68
	3043	3044	-1.65336E+000	-2.00194E-001	-2.03348E+000	-2.00025E+000	2.94628E-004	11	..........a	-327.68
	3044	3045	-1.65256E+000	-2.00194E-001	-2.04295E+000	-2.00025E+000	2.97278E-004	11	..........a	-327.68
	3045	3046	-1.65216E+000	-2.00194E-001	-2.05414E+000	-2.00025E+000	2.99511E-004	11	..........a	-327.68
	3046	3047	-1.65216E+000	-2.00194E-001	-2.05896E+000	-2.00025E+000	2.91178E-004	11	..........a	-327.68
	3047	3048	-1.65376E+000	-2.00194E-001	-2.07039E+000	-2.00025E+000	2.95311E-004	11	..........a	-327.68
	3048	3049	-1.65536E+000	-2.00194E-001	-2.07332E+000	-2.00025E+000	2.97178E-004	11	..........a	-327.68
	3049	3050	-1.65376E+000	-2.00194E-001	-2.08518E+000	-2.00025E+000	2.95478E-004	11	..........a	-327.68
	3050	3051	-1.65536E+000	-2.00194E-001	-2.08499E+000	-2.00025E+000	2.90894E-004	11	..........a	-327.68
	3051	3052	-1.65456E+000	-2.00194E-001	-2.09712E+000	-2.00025E+000	2.96761E-004	11	..........a	-327.68
	3052	3053	-1.65696E+000	-2.00194E-001	-2.09935E+000	-2.00025E+000	2.97244E-004	11	..........a	-327.68
	3053	3054	-1.65456E+000	-2.00194E-001	-2.11085E+000	-2.00025E+000	2.98578E-004	11	..........a	-327.68
	3054	3055	-1.65456E+000	-2.00195E-001	-2.10996E+000	-2.00025E+000	3.14294E-004	11	..........a	-327.68
	3055	3056	-1.65456E+000	-2.00195E-001	-2.11776E+000	-2.00025E+000	3.21344E-004	11	..........a	-327.68
	3056	3057	-1.65376E+000	-2.00195E-001	-2.12244E+000	-2.00025E+000	3.17694E-004	11	..........a	-327.68
	3057	3058	-1.65696E+000	-2.00195E-001	-2.12836E+000	-2.00025E+000	3.19044E-004	11	..........a	-327.68
	3058	3059	-1.65776E+000	-2.00196E-001	-2.05732E+000	-2.00025E+000	3.28328E-004	11	..........a	-327.68
	3059	3060	-1.65576E+000	-2.00195E-001	-2.03526E+000	-2.00025E+000	3.25278E-004	11	..........a	-327.68
	3060	3061	-1.65456E+000	-2.00195E-001	-2.04453E+000	-2.00025E+000	3.13811E-004	11	..........a	-327.68
	3061	3062	-1.65536E+000	-2.00195E-001	-2.05418E+000	-2.00025E+000	3.24828E-004	11	..........a	-327.68
	3062	3063	-1.65536E+000	-2.00195E-001	-2.06117E+000	-2.00025E+000	3.25194E-004	11	..........a	-327.68
	3063	3064	-1.65496E+000	-2.00195E-001	-2.06783E+000	-2.00025E+000	3.24211E-004	11	..........a	-327.68
	3064	3065	-1.65496E+000	-2.00195E-001	-2.07402E+000	-2.00025E+000	3.31611E-004	11	..........a	-327.68
	3065	3066	-1.65696E+000	-2.00195E-001	-2.07923E+000	-2.00025E+000	3.29928E-004	11	..........a	-327.68
	3066	3067	-1.65616E+000	-2.00195E-001	-2.08768E+000	-2.00025E+000	3.28261E-004	11	..........a	-327.68
	3067	3068	-1.65696E+000	-2.00195E-001	-2.09661E+000	-2.00025E+000	3.26261E-004	11	..........a	-327.68
	3068	3069	-1.65296E+000	-2.00196E-001	-2.11120E+000	-2.00025E+000	3.32794E-004	11	..........a	-327.68
	3069	3070	-1.65136E+000	-2.00195E-001	-2.10770E+000	-2.00025E+000	3.21011E-004	11	..........a	-327.68
	3070	3071	-1.65456E+000	-2.00195E-001	-2.10537E+000	-2.00025E+000	3.23661E-004	11	..........a	-327.68
	3071	3072	-1.65056E+000	-2.00196E-001	-2.11184E+000	-2.00025E+000	3.27478E-004	11	..........a	-327.68
	3072	3073	-1.65616E+000	-2.00196E-001	-2.03459E+000	-2.00025E+000	3.24278E-004	11	..........a	-327.68
	3073	3074	-1.65536E+000	-2.00196E-001	-2.04410E+000	-2.00025E+000	3.23628E-004	11	..........a	-327.68
	3074	3075	-1.65616E+000	-2.00196E-001	-2.05149E+000	-2.00025E+000	3.13194E-004	11	..........a	-327.68
	3075	3076	-1.65536E+000	-2.00195E-001	-2.06016E+000	-2.00025E+000	3.16611E-004	11	..........a	-327.68
	3076	3077	-1.65536E+000	-2.00195E-001	-2.06978E+000	-2.00025E+000	3.18511E-004	11	..........a	-327.68
	3077	3078	-1.65776E+000	-2.00195E-001	-2.07232E+000	-2.00025E+000	3.26394E-004	11	..........a	-327.68
	3078	3079	-1.65536E+000	-2.00195E-001	-2.08465E+000	-2.00025E+000	3.25411E-004	11	..........a	-327.68
	3079	3080	-1.65576E+000	-2.00195E-001	-2.08848E+000	-2.00025E+000	3.29744E-004	11	..........a	-327.68
	3080	3081	-1.65456E+000	-2.00196E-001	-2.09917E+000	-2.00025E+000	3.29328E-004	11	..........a	-327.68
	3081	3082	-1.65536E+000	-2.00195E-001	-2.10285E+000	-2.00025E+000	3.27728E-004	11	..........a	-327.68
	3082	3083	-1.65616E+000	-2.00196E-001	-2.11188E+000	-2.00025E+000	3.24461E-004	11	..........a	-327.68
	3083	3084	-1.65656E+000	-2.00195E-001	-2.11670E+000	-2.00025E+000	3.23311E-004	11	..........a	-327.68
	3084	3085	-1.65496E+000	-2.00195E-001	-2.12340E+000	-2.00025E+000	3.24044E-004	11	..........a	-327.68
	3085	3086	-1.65456E+000	-2.00195E-001	-2.12245E+000	-2.00025E+000	3.17278E-004	11	..........a	-327.68
	3086	3087	-1.65096E+000	-2.00195E-001	-2.03379E+000	-2.00025E+000	3.24244E-004	11	..........a	-327.68
	3087	3088	-1.65296E+000	-2.00195E-001	-2.03952E+000	-2.00025E+000	3.19644E-004	11	..........a	-327.68
	3088	3089	-1.65336E+000	-2.00195E-001	-2.05227E+000	-2.00025E+000	3.28961E-004	11	..........a	-327.68
	3089	3090	-1.65496E+000	-2.00195E-001	-2.05392E+000	-2.00025E+000	3.23878E-004	11	..........a	-327.68
	3090	3091	-1.65456E+000	-2.00195E-001	-2.06463E+000	-2.00025E+000	3.22561E-004	11	..........a	-327.68
	3091	3092	-1.65376E+000	-2.00194E-001	-2.06953E+000	-2.00025E+000	3.16511E-004	11	..........a	-327.68
	3092	3093	-1.65136E+000	-2.00195E-001	-2.08239E+000	-2.00025E+000	3.26561E-004	11	..........a	-327.68
	3093	3094	-1.65456E+000	-2.00195E-001	-2.08286E+000	-2.00025E+000	3.33728E-004	11	..........a	-327.68
	3094	3095	-1.65376E+000	-2.00195E-001	-2.02771E+000	-2.00025E+000	3.27744E-004	11	..........a	-327.68
	3095	3096	-1.65616E+000	-2.00195E-001	-2.02923E+000	-2.00025E+000	3.24744E-004	11	..........a	-327.68
	3096	3097	-1.65376E+000	-2.00196E-001	-2.04288E+000	-2.00025E+000	3.31061E-004	11	..........a	-327.68
	3097	3098	-1.65536E+000	-2.00195E-001	-2.04757E+000	-2.00025E+000	3.17644E-004	11	..........a	-327.68
	3098	3099	-1.65616E+000	-2.00195E-001	-2.05930E+000	-2.00025E+000	3.25978E-004	11	..........a	-327.68
	3099	3100	-1.65136E+000	-2.00195E-001	-2.07186E+000	-2.00025E+000	3.19661E-004	11	..........a	-327.68
	3100	3101	-1.65536E+000	-2.00195E-001	-2.08098E+000	-2.00025E+000	3.17844E-004	11	..........a	-327.68
	3101	3102	-1.65616E+000	-2.00195E-001	-2.08389E+000	-2.00025E+000	3.17728E-004	11	..........a	-327.68
	3102	3103	-1.65536E+000	-2.00195E-001	-2.09294E+000	-2.00025E+000	3.25928E-004	11	..........a	-327.68
	3103	3104	-1.65456E+000	-2.00195E-001	-2.09756E+000	-2.00025E+000	3.20228E-004	11	..........a	-327.68
	3104	3105	-1.65536E+000	-2.00195E-001	-2.10904E+000	-2.00025E+000	3.17011E-004	11	..........a	-327.68
	3105	3106	-1.65296E+000	-2.00194E-001	-2.11425E+000	-2.00025E+000	3.23361E-004	11	..........a	-327.68
	3106	3107	-1.65616E+000	-2.00195E-001	-2.12075E+000	-2.00025E+000	3.23778E-004	11	..........a	-327.68
	3107	3108	-1.65536E+000	-2.00195E-001	-2.11522E+000	-2.00025E+000	3.15078E-004	11	..........a	-327.68
	3108	3109	-1.65456E+000	-2.00195E-001	-2.03034E+000	-2.00025E+000	3.21378E-004	11	..........a	-327.68
	3109	3110	-1.65216E+000	-2.00195E-001	-2.03826E+000	-2.00025E+000	3.21078E-004	11	..........a	-327.68
	3110	3111	-1.65536E+000	-2.00195E-001	-2.05044E+000	-2.00025E+000	3.21544E-004	11	..........a	-327.68
	3111	3112	-1.65456E+000	-2.00195E-001	-2.05507E+000	-2.00025E+000	3.15228E-004	11	..........a	-327.68
	3112	3113	-1.65136E+000	-2.00195E-001	-2.06956E+000	-2.00025E+000	3.15278E-004	11	..........a	-327.68
	3113	3114	-1.65696E+000	-2.00195E-001	-2.06771E+000	-2.00025E+000	3.07361E-004	11	..........a	-327.68
	3114	3115	-1.65696E+000	-2.00196E-001	-2.08497E+000	-2.00025E+000	3.17394E-004	11	..........a	-327.68
	3115	3116	-1.65696E+000	-2.00195E-001	-2.08680E+000	-2.00025E+000	3.22394E-004	11	..........a	-327.68
	3116	3117	-1.65696E+000	-2.00195E-001	-2.09658E+000	-2.00025E+000	3.22961E-004	11	..........a	-327.68
	3117	3118	-1.65576E+000	-2.00195E-001	-2.10186E+000	-2.00025E+000	3.22028E-004	11	..........a	-327.68
	3118	3119	-1.65336E+000	-2.00195E-001	-2.11563E+000	-2.00025E+000	3.21278E-004	11	..........a	-327.68
	3119	3120	-1.65616E+000	-2.00195E-001	-2.11572E+000	-2.00025E+000	3.19261E-004	11	..........a	-327.68
	3120	3121	-1.65776E+000	-2.00195E-001	-2.12403E+000	-2.00025E+000	3.19278E-004	11	..........a	-327.68
	3121	3122	-1.65536E+000	-2.00195E-001	-2.12599E+000	-2.00025E+000	3.18211E-004	11	..........a	-327.68
	3122	3123	-1.65696E+000	-2.00195E-001	-2.13469E+000	-2.00025E+000	3.21461E-004	11	..........a	-327.68
	3123	3124	-1.65496E+000	-2.00195E-001	-2.13935E+000	-2.00025E+000	3.22294E-004	11	..........a	-327.68
	3124	3125	-1.65376E+000	-2.00195E-001	-2.14690E+000	-2.00025E+000	3.21761E-004	11	..........a	-327.68
	3125	3126	-1.65616E+000	-2.00195E-001	-2.14818E+000	-2.00025E+000	3.23494E-004	11	..........a	-327.68
	3126	3127	-1.65536E+000	-2.00195E-001	-2.07949E+000	-2.00025E+000	3.20111E-004	11	..........a	-327.68
	3127	3128	-1.65456E+000	-2.00195E-001	-2.07559E+000	-2.00025E+000	3.18694E-004	11	..........a	-327.68
	3128	3129	-1.65616E+000	-2.00195E-001	-2.08888E+000	-2.00025E+000	3.25761E-004	11	..........a	-327.68
	3129	3130	-1.65136E+000	-2.00195E-001	-2.09840E+000	-2.00025E+000	3.30144E-004	11	..........a	-327.68
	3130	3131	-1.65536E+000	-2.00195E-001	-2.10555E+000	-2.00025E+000	3.21911E-004	11	..........a	-327.68
	3131	3132	-1.65616E+000	-2.00196E-001	-2.11103E+000	-2.00025E+000	3.21894E-004	11	..........a	-327.68
	3132	3133	-1.65536E+000	-2.00195E-001	-2.12171E+000	-2.00025E+000	3.24144E-004	11	..........a	-327.68
	3133	3134	-1.65656E+000	-2.00195E-001	-2.12869E+000	-2.00025E+000	3.27011E-004	11	..........a	-327.68
	3134	3135	-1.65736E+000	-2.00196E-001	-2.13664E+000	-2.00025E+000	3.20578E-004	11	..........a	-327.68
	3135	3136	-1.65616E+000	-2.00195E-001	-2.13918E+000	-2.00025E+000	3.24128E-004	11	..........a	-327.68
	3136	3137	-1.65296E+000	-2.00196E-001	-2.14877E+000	-2.00025E+000	3.23378E-004	11	..........a	-327.68
	3137	3138	-1.65456E+000	-2.00196E-001	-2.14387E+000	-2.00025E+000	3.18944E-004	11	..........a	-327.68
	3138	3139	-1.65456E+000	-2.00195E-001	-2.07244E+000	-2.00025E+000	3.12078E-004	11	..........a	-327.68
	3139	3140	-1.65216E+000	-2.00195E-001	-2.07339E+000	-2.00025E+000	3.20094E-004	11	..........a	-327.68
	3140	3141	-1.65376E+000	-2.00195E-001	-2.08099E+000	-2.00025E+000	3.16861E-004	11	..........a	-327.68
	3141	3142	-1.65456E+000	-2.00195E-001	-2.08829E+000	-2.00025E+000	3.12194E-004	11	..........a	-327.68
	3142	3143	-1.65376E+000	-2.00195E-001	-2.09760E+000	-2.00025E+000	3.15994E-004	11	..........a	-327.68
	3143	3144	-1.65536E+000	-2.00195E-001	-2.10558E+000	-2.00025E+000	3.12611E-004	11	..........a	-327.68
	3144	3145	-1.65296E+000	-2.00195E-001	-2.11586E+000	-2.00025E+000	3.11944E-004	11	..........a	-327.68
	3145	3146	-1.65616E+000	-2.00195E-001	-2.12229E+000	-2.00025E+000	3.18428E-004	11	..........a	-327.68
	3146	3147	-1.65696E+000	-2.00195E-001	-2.12831E+000	-2.00025E+000	3.13294E-004	11	..........a	-327.68
	3147	3148	-1.65576E+000	-2.00195E-001	-2.14057E+000	-2.00025E+000	3.16444E-004	11	..........a	-327.68
	3148	3149	-1.65456E+000	-2.00194E-001	-2.14534E+000	-2.00025E+000	3.17144E-004	11	..........a	-327.68
	3149	3150	-1.65536E+000	-2.00195E-001	-2.14135E+000	-2.00025E+000	3.19078E-004	11	..........a	-327.68
	3150	3151	-1.65456E+000	-2.00194E-001	-2.14477E+000	-2.00025E+000	3.23144E-004	11	..........a	-327.68
	3151	3152	-1.65616E+000	-2.00195E-001	-2.14778E+000	-2.00025E+000	3.21361E-004	11	..........a	-327.68
	3152	3153	-1.65616E+000	-2.00195E-001	-2.15630E+000	-2.00025E+000	3.25611E-004	11	..........a	-327.68
	3153	3154	-1.65296E+000	-2.00195E-001	-2.06492E+000	-2.00025E+000	3.27978E-004	11	..........a	-327.68
	3154	3155	-1.65456E+000	-2.00194E-001	-2.07137E+000	-2.00025E+000	3.10728E-004	11	..........a	-327.68
	3155	3156	-1.65216E+000	-2.00195E-001	-2.08123E+000	-2.00025E+000	3.23461E-004	11	..........a	-327.68
	3156	3157	-1.65536E+000	-2.00195E-001	-2.08726E+000	-2.00025E+000	3.22344E-004	11	..........a	-327.68
	3157	3158	-1.65056E+000	-2.00194E-001	-2.10133E+000	-2.00025E+000	3.26711E-004	11	..........a	-327.68
	3158	3159	-1.65536E+000	-2.00195E-001	-2.10338E+000	-2.00025E+000	3.10594E-004	11	..........a	-327.68
	3159	3160	-1.65536E+000	-2.00195E-001	-2.11023E+000	-2.00025E+000	3.18028E-004	11	..........a	-327.68
	3160	3161	-1.65456E+000	-2.00195E-001	-2.11917E+000	-2.00025E+000	3.17711E-004	11	..........a	-327.68
	3161	3162	-1.65456E+000	-2.00195E-001	-2.12578E+000	-2.00025E+000	3.14161E-004	11	..........a	-327.68
	3162	3163	-1.65536E+000	-2.00195E-001	-2.12979E+000	-2.00025E+000	3.14094E-004	11	..........a	-327.68
	3163	3164	-1.65576E+000	-2.00195E-001	-2.13497E+000	-2.00025E+000	3.22061E-004	11	..........a	-327.68
	3164	3165	-1.65296E+000	-2.00195E-001	-2.13934E+000	-2.00025E+000	3.12411E-004	11	..........a	-327.68
	3165	3166	-1.65496E+000	-2.00194E-001	-2.14648E+000	-2.00025E+000	3.15094E-004	11	..........a	-327.68
	3166	3167	-1.65216E+000	-2.00195E-001	-2.15216E+000	-2.00025E+000	3.14794E-004	11	..........a	-327.68
	3167	3168	-1.65336E+000	-2.00195E-001	-2.01990E+000	-2.00025E+000	3.16894E-004	11	..........a	-327.68
	3168	3169	-1.65456E+000	-2.00195E-001	-2.02825E+000	-2.00025E+000	3.22378E-004	11	..........a	-327.68
	3169	3170	-1.65376E+000	-2.00195E-001	-2.03943E+000	-2.00025E+000	3.24694E-004	11	..........a	-327.68
	3170	3171	-1.65296E+000	-2.00196E-001	-2.04647E+000	-2.00025E+000	3.21844E-004	11	..........a	-327.68
	3171	3172	-1.65616E+000	-2.00195E-001	-2.05188E+000	-2.00025E+000	3.23228E-004	11	..........a	-327.68
	3172	3173	-1.65456E+000	-2.00195E-001	-2.06326E+000	-2.00025E+000	3.21728E-004	11	..........a	-327.68
	3173	3174	-1.65496E+000	-2.00195E-001	-2.07296E+000	-2.00025E+000	3.25644E-004	11	..........a	-327.68
	3174	3175	-1.65536E+000	-2.00195E-001	-2.08123E+000	-2.00025E+000	3.23344E-004	11	..........a	-327.68
	3175	3176	-1.65456E+000	-2.00195E-001	-2.09316E+000	-2.00025E+000	3.27611E-004	11	..........a	-327.68
	3176	3177	-1.65616E+000	-2.00195E-001	-2.09695E+000	-2.00025E+000	3.25644E-004	11	..........a	-327.68
	3177	3178	-1.65536E+000	-2.00195E-001	-2.10481E+000	-2.00025E+000	3.22844E-004	11	..........a	-327.68
	3178	3179	-1.65456E+000	-2.00195E-001	-2.11287E+000	-2.00025E+000	3.18761E-004	11	..........a	-327.68
	3179	3180	-1.65456E+000	-2.00196E-001	-2.12106E+000	-2.00025E+000	3.24194E-004	11	..........a	-327.68
	3180	3181	-1.65376E+000	-2.00196E-001	-2.12678E+000	-2.00025E+000	3.22011E-004	11	..........a	-327.68
	3181	3182	-1.65296E+000	-2.00196E-001	-2.13431E+000	-2.00025E+000	3.20528E-004	11	..........a	-327.68
	3182	3183	-1.65296E+000	-2.00195E-001	-2.04964E+000	-2.00025E+000	3.25428E-004	11	..........a	-327.68
	3183	3184	-1.65456E+000	-2.00195E-001	-2.05768E+000	-2.00025E+000	3.20094E-004	11	..........a	-327.68
	3184	3185	-1.65336E+000	-2.00196E-001	-2.06018E+000	-2.00025E+000	3.25328E-004	11	..........a	-327.68
	3185	3186	-1.65376E+000	-2.00195E-001	-2.06862E+000	-2.00025E+000	3.28994E-004	11	..........a	-327.68
	3186	3187	-1.65536E+000	-2.00196E-001	-2.07373E+000	-2.00025E+000	3.24344E-004	11	..........a	-327.68
	3187	3188	-1.65216E+000	-2.00195E-001	-2.08675E+000	-2.00025E+000	3.22894E-004	11	..........a	-327.68
	3188	3189	-1.65416E+000	-2.00196E-001	-2.09359E+000	-2.00025E+000	3.20894E-004	11	..........a	-327.68
	3189	3190	-1.65536E+000	-2.00196E-001	-2.10218E+000	-2.00025E+000	3.27711E-004	11	..........a	-327.68
	3190	3191	-1.65536E+000	-2.00196E-001	-2.10684E+000	-2.00025E+000	3.19744E-004	11	..........a	-327.68
	3191	3192	-1.65536E+000	-2.00196E-001	-2.11012E+000	-2.00025E+000	3.24628E-004	11	..........a	-327.68
	3192	3193	-1.65696E+000	-2.00196E-001	-2.11734E+000	-2.00025E+000	3.18928E-004	11	..........a	-327.68
	3193	3194	-1.65256E+000	-2.00196E-001	-2.12872E+000	-2.00025E+000	3.17661E-004	11	..........a	-327.68
	3194	3195	-1.65376E+000	-2.00196E-001	-2.13449E+000	-2.00025E+000	3.18078E-004	11	..........a	-327.68
	3195	3196	-1.65336E+000	-2.00196E-001	-2.13917E+000	-2.00025E+000	3.21178E-004	11	..........a	-327.68
	3196	3197	-1.65536E+000	-2.00211E-001	-2.13916E+000	-2.00025E+000	8.31678E-004	11	..........a	-327.68
	3197	3198	-1.65376E+000	-2.00212E-001	-2.03953E+000	-2.00025E+000	8.31228E-004	11	..........a	-327.68
	3198	3199	-1.65296E+000	-2.00212E-001	-2.04803E+000	-2.00025E+000	8.35811E-004	11	..........a	-327.68
	3199	3200	-1.65376E+000	-2.00212E-001	-2.05815E+000	-2.00025E+000	8.40594E-004	11	..........a	-327.68
	3200	3201	-1.65376E+000	-2.00212E-001	-2.06709E+000	-2.00025E+000	8.34761E-004	11	..........a	-327.68
	3201	3202	-1.65496E+000	-2.00211E-001	-2.07615E+000	-2.00025E+000	8.31228E-004	11	..........a	-327.68
	3202	3203	-1.65616E+000	-2.00211E-001	-2.08426E+000	-2.00025E+000	8.28844E-004	11	..........a	-327.68
	3203	3204	-1.65456E+000	-2.00211E-001	-2.09925E+000	-2.00025E+000	8.30111E-004	11	..........a	-327.68
	3204	3205	-1.65456E+000	-2.00211E-001	-2.10541E+000	-2.00025E+000	8.39378E-004	11	..........a	-327.68
	3205	3206	-1.65216E+000	-2.00212E-001	-2.11628E+000	-2.00025E+000	8.42761E-004	11	..........a	-327.68
	3206	3207	-1.65536E+000	-2.00211E-001	-2.11218E+000	-2.00025E+000	8.41578E-004	11	..........a	-327.68
	3207	3208	-1.65336E+000	-2.00211E-001	-2.12066E+000	-2.00025E+000	8.31178E-004	11	..........a	-327.68
	3208	3209	-1.65536E+000	-2.00211E-001	-2.12179E+000	-2.00025E+000	8.24094E-004	11	..........a	-327.68
	3209	3210	-1.65456E+000	-2.00211E-001	-2.12856E+000	-2.00025E+000	8.22761E-004	11	..........a	-327.68
	3210	3211	-1.65576E+000	-2.00211E-001	-2.13412E+000	-2.00025E+000	8.26328E-004	11	..........a	-327.68
	3211	3212	-1.65536E+000	-2.00210E-001	-2.14492E+000	-2.00025E+000	8.16544E-004	11	..........a	-327.68
	3212	3213	-1.65576E+000	-2.00209E-001	-2.14208E+000	-2.00025E+000	8.02761E-004	11	..........a	-327.68
	3213	3214	-1.65296E+000	-2.00210E-001	-2.14949E+000	-2.00025E+000	8.15811E-004	11	..........a	-327.68
	3214	3215	-1.65296E+000	-2.00210E-001	-2.11157E+000	-2.00025E+000	7.96561E-004	11	..........a	-327.68
	3215	3216	-1.65536E+000	-2.00208E-001	-2.10346E+000	-2.00025E+000	7.78661E-004	11	..........a	-327.68
	3216	3217	-1.65456E+000	-2.00208E-001	-2.10353E+000	-2.00025E+000	7.85928E-004	11	..........a	-327.68
	3217	3218	-1.65496E+000	-2.00208E-001	-2.10846E+000	-2.00025E+000	7.81061E-004	11	..........a	-327.68
	3218	3219	-1.65496E+000	-2.00209E-001	-2.11346E+000	-2.00025E+000	7.99728E-004	11	..........a	-327.68
	3219	3220	-1.65536E+000	-2.00210E-001	-2.11661E+000	-2.00025E+000	7.95561E-004	11	..........a	-327.68
	3220	3221	-1.65536E+000	-2.00210E-001	-2.12223E+000	-2.00025E+000	8.02094E-004	11	..........a	-327.68
	3221	3222	-1.65616E+000	-2.00209E-001	-2.05338E+000	-2.00025E+000	8.01628E-004	11	..........a	-327.68
	3222	3223	-1.65096E+000	-2.00191E-001	-2.06865E+000	-2.00025E+000	2.05011E-004	11	..........a	-327.68
	3223	3224	-1.65536E+000	-2.00191E-001	-2.07329E+000	-2.00025E+000	2.01161E-004	11	..........a	-327.68
	3224	3225	-1.65376E+000	-2.00191E-001	-2.08752E+000	-2.00025E+000	1.97444E-004	11	..........a	-327.68
	3225	3226	-1.65456E+000	-2.00191E-001	-2.09424E+000	-2.00025E+000	2.02294E-004	11	..........a	-327.68
	3226	3227	-1.65496E+000	-2.00191E-001	-2.09592E+000	-2.00025E+000	1.99944E-004	11	..........a	-327.68
	3227	3228	-1.65536E+000	-2.00191E-001	-2.10552E+000	-2.00025E+000	2.08261E-004	11	..........a	-327.68
	3228	3229	-1.65616E+000	-2.00190E-001	-2.09000E+000	-2.00025E+000	2.08394E-004	11	..........a	-327.68
	3229	3230	-1.65536E+000	-2.00190E-001	-2.09950E+000	-2.00025E+000	2.07178E-004	11	..........a	-327.68
	3230	3231	-1.65616E+000	-2.00190E-001	-2.10246E+000	-2.00025E+000	2.03578E-004	11	..........a	-327.68
	3231	3232	-1.65496E+000	-2.00191E-001	-2.11228E+000	-2.00025E+000	2.09561E-004	11	..........a	-327.68
	3232	3233	-1.65536E+000	-2.00190E-001	-2.11589E+000	-2.00025E+000	2.08028E-004	11	..........a	-327.68
	3233	3234	-1.65456E+000	-2.00190E-001	-2.12263E+000	-2.00025E+000	2.16444E-004	11	..........a	-327.68
	3234	3235	-1.65616E+000	-2.00190E-001	-2.12717E+000	-2.00025E+000	2.07694E-004	11	..........a	-327.68
	3235	3236	-1.65376E+000	-2.00191E-001	-2.13440E+000	-2.00025E+000	2.02561E-004	11	..........a	-327.68
	3236	3237	-1.65496E+000	-2.00190E-001	-2.13878E+000	-2.00025E+000	2.08078E-004	11	..........a	-327.68
	3237	3238	-1.65376E+000	-2.00191E-001	-2.14431E+000	-2.00025E+000	2.03061E-004	11	..........a	-327.68
	3238	3239	-1.65496E+000	-2.00190E-001	-2.05323E+000	-2.00025E+000	2.02494E-004	11	..........a	-327.68
	3239	3240	-1.65056E+000	-2.00190E-001	-2.01352E+000	-2.00025E+000	2.02694E-004	11	..........a	-327.68
	3240	3241	-1.65216E+000	-2.00190E-001	-2.01295E+000	-2.00025E+000	2.02828E-004	11	..........a	-327.68
	3241	3242	-1.65456E+000	-2.00191E-001	-2.01719E+000	-2.00025E+000	2.00561E-004	11	..........a	-327.68
	3242	3243	-1.65456E+000	-2.00190E-001	-2.02469E+000	-2.00025E+000	2.03444E-004	11	..........a	-327.68
	3243	3244	-1.65456E+000	-2.00191E-001	-2.03107E+000	-2.00025E+000	2.01444E-004	11	..........a	-327.68
	3244	3245	-1.65256E+000	-2.00191E-001	-2.04123E+000	-2.00025E+000	1.96761E-004	11	..........a	-327.68
	3245	3246	-1.65136E+000	-2.00190E-001	-2.04967E+000	-2.00025E+000	1.92278E-004	11	..........a	-327.68
	3246	3247	-1.65216E+000	-2.00191E-001	-2.05838E+000	-2.00025E+000	2.09611E-004	11	..........a	-327.68
	3247	3248	-1.65536E+000	-2.00191E-001	-2.05877E+000	-2.00025E+000	2.06194E-004	11	..........a	-327.68
	3248	3249	-1.65536E+000	-2.00190E-001	-2.06557E+000	-2.00025E+000	1.97794E-004	11	..........a	-327.68
	3249	3250	-1.65456E+000	-2.00190E-001	-2.07057E+000	-2.00025E+000	1.97361E-004	11	..........a	-327.68
	3250	3251	-1.65336E+000	-2.00191E-001	-2.08078E+000	-2.00025E+000	2.05411E-004	11	..........a	-327.68
	3251	3252	-1.65376E+000	-2.00191E-001	-2.08649E+000	-2.00025E+000	2.05228E-004	11	..........a	-327.68
	3252	3253	-1.64976E+000	-2.00191E-001	-2.10176E+000	-2.00025E+000	2.05528E-004	11	..........a	-327.68
	3253	3254	-1.65296E+000	-2.00190E-001	-2.10427E+000	-2.00025E+000	2.07911E-004	11	..........a	-327.68
	3254	3255	-1.65616E+000	-2.00190E-001	-2.11063E+000	-2.00025E+000	2.12044E-004	11	..........a	-327.68
	3255	3256	-1.65496E+000	-2.00191E-001	-2.11688E+000	-2.00025E+000	2.19044E-004	11	..........a	-327.68
	3256	3257	-1.65536E+000	-2.00190E-001	-2.12337E+000	-2.00025E+000	2.14894E-004	11	..........a	-327.68
	3257	3258	-1.65416E+000	-2.00190E-001	-2.12787E+000	-2.00025E+000	2.17294E-004	11	..........a	-327.68
	3258	3259	-1.65256E+000	-2.00190E-001	-2.13803E+000	-2.00025E+000	2.13894E-004	11	..........a	-327.68
	3259	3260	-1.65296E+000	-2.00190E-001	-2.14100E+000	-2.00025E+000	2.17894E-004	11	..........a	-327.68
	3260	3261	-1.65456E+000	-2.00190E-001	-2.14795E+000	-2.00025E+000	2.01561E-004	11	..........a	-327.68
	3261	3262	-1.65376E+000	-2.00190E-001	-2.15400E+000	-2.00025E+000	1.99244E-004	11	..........a	-327.68
	3262	3263	-1.65456E+000	-2.00190E-001	-2.16172E+000	-2.00025E+000	2.04244E-004	11	..........a	-327.68
	3263	3264	-1.65376E+000	-2.00190E-001	-2.15751E+000	-2.00025E+000	2.03961E-004	11	..........a	-327.68
	3264	3265	-1.65256E+000	-2.00191E-001	-2.02195E+000	-2.00025E+000	2.10778E-004	11	..........a	-327.68
	3265	3266	-1.65176E+000	-2.00190E-001	-2.02861E+000	-2.00025E+000	1.97428E-004	11	..........a	-327.68
	3266	3267	-1.65136E+000	-2.00191E-001	-2.03995E+000	-2.00025E+000	1.99228E-004	11	..........a	-327.68
	3267	3268	-1.65536E+000	-2.00190E-001	-2.04392E+000	-2.00025E+000	2.01494E-004	11	..........a	-327.68
	3268	3269	-1.65416E+000	-2.00190E-001	-2.05483E+000	-2.00025E+000	2.01528E-004	11	..........a	-327.68
	3269	3270	-1.65376E+000	-2.00190E-001	-2.06232E+000	-2.00025E+000	2.00161E-004	11	..........a	-327.68
	3270	3271	-1.65536E+000	-2.00190E-001	-2.06576E+000	-2.00025E+000	1.94711E-004	11	..........a	-327.68
	3271	3272	-1.65696E+000	-2.00191E-001	-2.07320E+000	-2.00025E+000	2.05344E-004	11	..........a	-327.68
	3272	3273	-1.65576E+000	-2.00190E-001	-2.08331E+000	-2.00025E+000	2.03728E-004	11	..........a	-327.68
	3273	3274	-1.65376E+000	-2.00191E-001	-2.09455E+000	-2.00025E+000	1.94844E-004	11	..........a	-327.68
	3274	3275	-1.65616E+000	-2.00190E-001	-2.09790E+000	-2.00025E+000	2.01811E-004	11	..........a	-327.68
	3275	3276	-1.65536E+000	-2.00190E-001	-2.10453E+000	-2.00025E+000	2.07611E-004	11	..........a	-327.68
	3276	3277	-1.65616E+000	-2.00191E-001	-2.10924E+000	-2.00025E+000	2.09228E-004	11	..........a	-327.68
	3277	3278	-1.65496E+000	-2.00191E-001	-2.11611E+000	-2.00025E+000	2.02861E-004	11	..........a	-327.68
	3278	3279	-1.65376E+000	-2.00190E-001	-2.12213E+000	-2.00025E+000	2.12528E-004	11	..........a	-327.68
	3279	3280	-1.65496E+000	-2.00191E-001	-2.12618E+000	-2.00025E+000	2.02111E-004	11	..........a	-327.68
	3280	3281	-1.65376E+000	-2.00190E-001	-2.13334E+000	-2.00025E+000	2.00211E-004	11	..........a	-327.68
	3281	3282	-1.65616E+000	-2.00190E-001	-2.13782E+000	-2.00025E+000	2.06128E-004	11	..........a	-327.68
	3282	3283	-1.65456E+000	-2.00191E-001	-2.14724E+000	-2.00025E+000	1.99661E-004	11	..........a	-327.68
	3283	3284	-1.65536E+000	-2.00191E-001	-2.05552E+000	-2.00025E+000	1.97694E-004	11	..........a	-327.68
	3284	3285	-1.65376E+000	-2.00190E-001	-2.05530E+000	-2.00025E+000	2.06894E-004	11	..........a	-327.68
	3285	3286	-1.65456E+000	-2.00191E-001	-2.05354E+000	-2.00025E+000	1.92961E-004	11	..........a	-327.68
	3286	3287	-1.65616E+000	-2.00191E-001	-2.05794E+000	-2.00025E+000	2.06478E-004	11	..........a	-327.68
	3287	3288	-1.65536E+000	-2.00191E-001	-2.06826E+000	-2.00025E+000	1.92461E-004	11	..........a	-327.68
	3288	3289	-1.65456E+000	-2.00191E-001	-2.07642E+000	-2.00025E+000	1.90361E-004	11	..........a	-327.68
	3289	3290	-1.65376E+000	-2.00191E-001	-2.08557E+000	-2.00025E+000	1.94728E-004	11	..........a	-327.68
	3290	3291	-1.65616E+000	-2.00190E-001	-2.08790E+000	-2.00025E+000	1.92761E-004	11	..........a	-327.68
	3291	3292	-1.65456E+000	-2.00196E-001	-2.10061E+000	-2.00025E+000	3.06011E-004	11	..........a	-327.68
	3292	3293	-1.65776E+000	-2.00196E-001	-2.10031E+000	-2.00025E+000	2.91811E-004	11	..........a	-327.68
	3293	3294	-1.65216E+000	-2.00196E-001	-2.11676E+000	-2.00025E+000	2.98411E-004	11	..........a	-327.68
	3294	3295	-1.65456E+000	-2.00196E-001	-2.11798E+000	-2.00025E+000	2.99561E-004	11	..........a	-327.68
	3295	3296	-1.65376E+000	-2.00196E-001	-2.12774E+000	-2.00025E+000	3.00911E-004	11	..........a	-327.68
	3296	3297	-1.65336E+000	-2.00196E-001	-2.13116E+000	-2.00025E+000	3.08978E-004	11	..........a	-327.68
	3297	3298	-1.65496E+000	-2.00196E-001	-2.13701E+000	-2.00025E+000	3.08244E-004	11	..........a	-327.68
	3298	3299	-1.65456E+000	-2.00196E-001	-2.14127E+000	-2.00025E+000	2.98778E-004	11	..........a	-327.68
	3299	3300	-1.65496E+000	-2.00196E-001	-2.14240E+000	-2.00025E+000	3.12278E-004	11	..........a	-327.68
	3300	3301	-1.65616E+000	-2.00196E-001	-2.04454E+000	-2.00025E+000	3.13861E-004	11	..........a	-327.68
	3301	3302	-1.65536E+000	-2.00196E-001	-2.05730E+000	-2.00025E+000	3.08944E-004	11	..........a	-327.68
	3302	3303	-1.65536E+000	-2.00196E-001	-2.06206E+000	-2.00025E+000	3.10994E-004	11	..........a	-327.68
	3303	3304	-1.65376E+000	-2.00196E-001	-2.07478E+000	-2.00025E+000	3.10394E-004	11	..........a	-327.68
	3304	3305	-1.65336E+000	-2.00196E-001	-2.07510E+000	-2.00025E+000	3.06478E-004	11	..........a	-327.68
	3305	3306	-1.65696E+000	-2.00196E-001	-2.08446E+000	-2.00025E+000	3.04428E-004	11	..........a	-327.68
	3306	3307	-1.65456E+000	-2.00196E-001	-2.09713E+000	-2.00025E+000	3.06578E-004	11	..........a	-327.68
	3307	3308	-1.65216E+000	-2.00196E-001	-2.09547E+000	-2.00025E+000	3.09461E-004	11	..........a	-327.68
	3308	3309	-1.65376E+000	-2.00196E-001	-2.09370E+000	-2.00025E+000	3.18261E-004	11	..........a	-327.68
	3309	3310	-1.65376E+000	-2.00196E-001	-2.02308E+000	-2.00025E+000	3.16744E-004	11	..........a	-327.68
	3310	3311	-1.65336E+000	-2.00196E-001	-2.02488E+000	-2.00025E+000	3.13644E-004	11	..........a	-327.68
	3311	3312	-1.65536E+000	-2.00196E-001	-2.02761E+000	-2.00025E+000	3.10394E-004	11	..........a	-327.68
	3312	3313	-1.65376E+000	-2.00196E-001	-2.03181E+000	-2.00025E+000	3.05344E-004	11	..........a	-327.68
	3313	3314	-1.65536E+000	-2.00196E-001	-2.04173E+000	-2.00025E+000	3.17228E-004	11	..........a	-327.68
	3314	3315	-1.65416E+000	-2.00196E-001	-2.04615E+000	-2.00025E+000	3.14778E-004	11	..........a	-327.68
	3315	3316	-1.65376E+000	-2.00196E-001	-2.05943E+000	-2.00025E+000	3.17378E-004	11	..........a	-327.68
	3316	3317	-1.65456E+000	-2.00196E-001	-2.06500E+000	-2.00025E+000	3.07328E-004	11	..........a	-327.68
	3317	3318	-1.65416E+000	-2.00195E-001	-2.07555E+000	-2.00025E+000	2.88394E-004	11	..........a	-327.68
	3318	3319	-1.65496E+000	-2.00195E-001	-2.08108E+000	-2.00025E+000	2.92328E-004	11	..........a	-327.68
	3319	3320	-1.65456E+000	-2.00195E-001	-2.08917E+000	-2.00025E+000	2.93061E-004	11	..........a	-327.68
	3320	3321	-1.65256E+000	-2.00195E-001	-2.05279E+000	-2.00025E+000	2.87644E-004	11	..........a	-327.68
	3321	3322	-1.65296E+000	-2.00195E-001	-2.05661E+000	-2.00025E+000	2.83894E-004	11	..........a	-327.68
	3322	3323	-1.65416E+000	-2.00195E-001	-2.06041E+000	-2.00025E+000	2.80744E-004	11	..........a	-327.68
	3323	3324	-1.65256E+000	-2.00194E-001	-2.07222E+000	-2.00025E+000	2.87611E-004	11	..........a	-327.68
	3324	3325	-1.65216E+000	-2.00195E-001	-2.07387E+000	-2.00025E+000	2.93994E-004	11	..........a	-327.68
	3325	3326	-1.65336E+000	-2.00195E-001	-2.07659E+000	-2.00025E+000	2.83794E-004	11	..........a	-327.68
	3326	3327	-1.65256E+000	-2.00196E-001	-2.03523E+000	-2.00025E+000	2.77061E-004	11	..........a	-327.68
	3327	3328	-1.65296E+000	-2.00195E-001	-1.99455E+000	-2.00025E+000	2.88078E-004	11	..........a	-327.68
	3328	3329	-1.65376E+000	-2.00195E-001	-2.00154E+000	-2.00025E+000	2.97928E-004	11	..........a	-327.68
	3329	3330	-1.65136E+000	-2.00195E-001	-2.01150E+000	-2.00025E+000	2.87328E-004	11	..........a	-327.68
	3330	3331	-1.65296E+000	-2.00195E-001	-2.01961E+000	-2.00025E+000	2.85244E-004	11	..........a	-327.68
	3331	3332	-1.65456E+000	-2.00195E-001	-2.02392E+000	-2.00025E+000	2.90744E-004	11	..........a	-327.68
	3332	3333	-1.65216E+000	-2.00195E-001	-2.03685E+000	-2.00025E+000	2.87911E-004	11	..........a	-327.68
	3333	3334	-1.65456E+000	-2.00195E-001	-2.04302E+000	-2.00025E+000	2.97661E-004	11	..........a	-327.68
	3334	3335	-1.65296E+000	-2.00195E-001	-2.04943E+000	-2.00025E+000	2.90011E-004	11	..........a	-327.68
	3335	3336	-1.65256E+000	-2.00195E-001	-2.05246E+000	-2.00025E+000	3.07678E-004	11	..........a	-327.68
	3336	3337	-1.65536E+000	-2.00195E-001	-2.05977E+000	-2.00025E+000	2.83128E-004	11	..........a	-327.68
	3337	3338	-1.65536E+000	-2.00195E-001	-2.06599E+000	-2.00025E+000	2.86344E-004	11	..........a	-327.68
	3338	3339	-1.65496E+000	-2.00195E-001	-2.07375E+000	-2.00025E+000	2.80578E-004	11	..........a	-327.68
	3339	3340	-1.65456E+000	-2.00195E-001	-2.07889E+000	-2.00025E+000	2.85611E-004	11	..........a	-327.68
	3340	3341	-1.65096E+000	-2.00195E-001	-2.09194E+000	-2.00025E+000	2.87644E-004	11	..........a	-327.68
	3341	3342	-1.65216E+000	-2.00195E-001	-2.00181E+000	-2.00025E+000	2.93411E-004	11	..........a	-327.68
	3342	3343	-1.65216E+000	-2.00195E-001	-2.01480E+000	-2.00025E+000	2.92844E-004	11	..........a	-327.68
	3343	3344	-1.65416E+000	-2.00194E-001	-2.01833E+000	-2.00025E+000	2.47311E-004	11	..........a	-327.68
	3344	3345	-1.65536E+000	-2.00194E-001	-2.02895E+000	-2.00025E+000	2.43644E-004	11	..........a	-327.68
	3345	3346	-1.65176E+000	-2.00195E-001	-2.03819E+000	-2.00025E+000	2.49678E-004	11	..........a	-327.68
	3346	3347	-1.65416E+000	-2.00194E-001	-2.04707E+000	-2.00025E+000	2.45828E-004	11	..........a	-327.68
	3347	3348	-1.65536E+000	-2.00194E-001	-2.05126E+000	-2.00025E+000	2.35311E-004	11	..........a	-327.68
	3348	3349	-1.65456E+000	-2.00194E-001	-2.06407E+000	-2.00025E+000	2.49911E-004	11	..........a	-327.68
	3349	3350	-1.65296E+000	-2.00194E-001	-2.07377E+000	-2.00025E+000	2.53528E-004	11	..........a	-327.68
	3350	3351	-1.65296E+000	-2.00194E-001	-2.08156E+000	-2.00025E+000	2.53144E-004	11	..........a	-327.68
	3351	3352	-1.65376E+000	-2.00194E-001	-2.08337E+000	-2.00025E+000	2.49411E-004	11	..........a	-327.68
	3352	3353	-1.65456E+000	-2.00194E-001	-2.08995E+000	-2.00025E+000	2.52744E-004	11	..........a	-327.68
	3353	3354	-1.65616E+000	-2.00195E-001	-2.09275E+000	-2.00025E+000	2.50544E-004	11	..........a	-327.68
	3354	3355	-1.65616E+000	-2.00194E-001	-2.10220E+000	-2.00025E+000	2.54428E-004	11	..........a	-327.68
	3355	3356	-1.65176E+000	-2.00195E-001	-2.01442E+000	-2.00025E+000	2.54711E-004	11	..........a	-327.68
	3356	3357	-1.65256E+000	-2.00194E-001	-2.01733E+000	-2.00025E+000	2.47261E-004	11	..........a	-327.68
	3357	3358	-1.65296E+000	-2.00194E-001	-2.01960E+000	-2.00025E+000	2.45294E-004	11	..........a	-327.68
	3358	3359	-1.65176E+000	-2.00194E-001	-2.03218E+000	-2.00025E+000	2.55128E-004	11	..........a	-327.68
	3359	3360	-1.65616E+000	-2.00195E-001	-2.03299E+000	-2.00025E+000	2.47661E-004	11	..........a	-327.68
	3360	3361	-1.65216E+000	-2.00195E-001	-2.05041E+000	-2.00025E+000	2.59111E-004	11	..........a	-327.68
	3361	3362	-1.65416E+000	-2.00194E-001	-2.05431E+000	-2.00025E+000	2.54378E-004	11	..........a	-327.68
	3362	3363	-1.65496E+000	-2.00194E-001	-2.06714E+000	-2.00025E+000	2.45161E-004	11	..........a	-327.68
	3363	3364	-1.65496E+000	-2.00195E-001	-2.07687E+000	-2.00025E+000	2.51511E-004	11	..........a	-327.68
	3364	3365	-1.65536E+000	-2.00195E-001	-2.08893E+000	-2.00025E+000	2.51611E-004	11	..........a	-327.68
	3365	3366	-1.65536E+000	-2.00195E-001	-2.09224E+000	-2.00025E+000	2.62061E-004	11	..........a	-327.68
	3366	3367	-1.65536E+000	-2.00194E-001	-2.10064E+000	-2.00025E+000	2.58344E-004	11	..........a	-327.68
	3367	3368	-1.65536E+000	-2.00194E-001	-2.10486E+000	-2.00025E+000	2.59861E-004	11	..........a	-327.68
	3368	3369	-1.65536E+000	-2.00194E-001	-2.11908E+000	-2.00025E+000	2.58661E-004	11	..........a	-327.68
	3369	3370	-1.65296E+000	-2.00194E-001	-2.11532E+000	-2.00025E+000	2.53394E-004	11	..........a	-327.68
	3370	3371	-1.65216E+000	-2.00195E-001	-2.12297E+000	-2.00025E+000	2.53461E-004	11	..........a	-327.68
	3371	3372	-1.65096E+000	-2.00195E-001	-2.12581E+000	-2.00025E+000	2.50728E-004	11	..........a	-327.68
	3372	3373	-1.65456E+000	-2.00194E-001	-2.00616E+000	-2.00025E+000	2.52578E-004	11	..........a	-327.68
	3373	3374	-1.65536E+000	-2.00194E-001	-2.01016E+000	-2.00025E+000	2.52894E-004	11	..........a	-327.68
	3374	3375	-1.65616E+000	-2.00194E-001	-2.01846E+000	-2.00025E+000	2.55028E-004	11	..........a	-327.68
	3375	3376	-1.65216E+000	-2.00194E-001	-2.03202E+000	-2.00025E+000	2.46928E-004	11	..........a	-327.68
	3376	3377	-1.65616E+000	-2.00194E-001	-2.03658E+000	-2.00025E+000	2.47578E-004	11	..........a	-327.68
	3377	3378	-1.65576E+000	-2.00193E-001	-2.04494E+000	-2.00025E+000	2.53878E-004	11	..........a	-327.68
	3378	3379	-1.65296E+000	-2.00193E-001	-2.05831E+000	-2.00025E+000	2.48994E-004	11	..........a	-327.68
	3379	3380	-1.65536E+000	-2.00195E-001	-2.06386E+000	-2.00025E+000	2.53461E-004	11	..........a	-327.68
	3380	3381	-1.65376E+000	-2.00194E-001	-2.07144E+000	-2.00025E+000	2.53494E-004	11	..........a	-327.68
	3381	3382	-1.65456E+000	-2.00194E-001	-2.07929E+000	-2.00025E+000	2.45894E-004	11	..........a	-327.68
	3382	3383	-1.65176E+000	-2.00194E-001	-2.08719E+000	-2.00025E+000	2.55444E-004	11	..........a	-327.68
	3383	3384	-1.65176E+000	-2.00194E-001	-2.09232E+000	-2.00025E+000	2.48528E-004	11	..........a	-327.68
	3384	3385	-1.65256E+000	-2.00194E-001	-2.09213E+000	-2.00025E+000	2.55978E-004	11	..........a	-327.68
	3385	3386	-1.65336E+000	-2.00194E-001	-2.09989E+000	-2.00025E+000	2.51594E-004	11	..........a	-327.68
	3386	3387	-1.65136E+000	-2.00194E-001	-2.10580E+000	-2.00025E+000	2.57978E-004	11	..........a	-327.68
	3387	3388	-1.65536E+000	-2.00194E-001	-2.10988E+000	-2.00025E+000	2.59878E-004	11	..........a	-327.68
	3388	3389	-1.65296E+000	-2.00194E-001	-2.02798E+000	-2.00025E+000	2.51711E-004	11	..........a	-327.68
	3389	3390	-1.65296E+000	-2.00194E-001	-2.04138E+000	-2.00025E+000	2.60111E-004	11	..........a	-327.68
	3390	3391	-1.65136E+000	-2.00194E-001	-2.04779E+000	-2.00025E+000	2.61728E-004	11	..........a	-327.68
	3391	3392	-1.65536E+000	-2.00194E-001	-2.05698E+000	-2.00025E+000	2.51561E-004	11	..........a	-327.68
	3392	3393	-1.65216E+000	-2.00194E-001	-2.06752E+000	-2.00025E+000	2.56844E-004	11	..........a	-327.68
	3393	3394	-1.65536E+000	-2.00194E-001	-2.07473E+000	-2.00025E+000	2.64444E-004	11	..........a	-327.68
	3394	3395	-1.65696E+000	-2.00194E-001	-2.07854E+000	-2.00025E+000	2.52961E-004	11	..........a	-327.68
	3395	3396	-1.65536E+000	-2.00194E-001	-2.08079E+000	-2.00025E+000	2.50161E-004	11	..........a	-327.68
	3396	3397	-1.65456E+000	-2.00194E-001	-2.08456E+000	-2.00025E+000	2.43561E-004	11	..........a	-327.68
	3397	3398	-1.65456E+000	-2.00194E-001	-2.09549E+000	-2.00025E+000	2.55211E-004	11	..........a	-327.68
	3398	3399	-1.65456E+000	-2.00194E-001	-2.09771E+000	-2.00025E+000	2.50244E-004	11	..........a	-327.68
	3399	3400	-1.65536E+000	-2.00194E-001	-2.10784E+000	-2.00025E+000	2.47811E-004	11	..........a	-327.68
	3400	3401	-1.65456E+000	-2.00194E-001	-2.11194E+000	-2.00025E+000	2.51178E-004	11	..........a	-327.68
	3401	3402	-1.65256E+000	-2.00193E-001	-2.11855E+000	-2.00025E+000	2.45328E-004	11	..........a	-327.68
	3402	3403	-1.65136E+000	-2.00194E-001	-2.12177E+000	-2.00025E+000	2.46644E-004	11	..........a	-327.68
	3403	3404	-1.65216E+000	-2.00194E-001	-2.12820E+000	-2.00025E+000	2.49011E-004	11	..........a	-327.68
	3404	3405	-1.65096E+000	-2.00194E-001	-2.01371E+000	-2.00025E+000	2.46878E-004	11	..........a	-327.68
	3405	3406	-1.65216E+000	-2.00194E-001	-2.02089E+000	-2.00025E+000	2.47461E-004	11	..........a	-327.68
	3406	3407	-1.65296E+000	-2.00194E-001	-2.02590E+000	-2.00025E+000	2.53978E-004	11	..........a	-327.68
	3407	3408	-1.65216E+000	-2.00193E-001	-2.03887E+000	-2.00025E+000	2.46378E-004	11	..........a	-327.68
	3408	3409	-1.65376E+000	-2.00194E-001	-2.04407E+000	-2.00025E+000	2.52628E-004	11	..........a	-327.68
	3409	3410	-1.65176E+000	-2.00194E-001	-2.05458E+000	-2.00025E+000	2.50394E-004	11	..........a	-327.68
	3410	3411	-1.65216E+000	-2.00194E-001	-2.05904E+000	-2.00025E+000	2.58078E-004	11	..........a	-327.68
	3411	3412	-1.65216E+000	-2.00194E-001	-2.07181E+000	-2.00025E+000	2.51594E-004	11	..........a	-327.68
	3412	3413	-1.65376E+000	-2.00194E-001	-2.07533E+000	-2.00025E+000	1.79844E-004	11	..........a	-327.68
	3413	3414	-1.65376E+000	-2.00194E-001	-2.08344E+000	-2.00025E+000	1.90061E-004	11	..........a	-327.68
	3414	3415	-1.65296E+000	-2.00194E-001	-2.09067E+000	-2.00025E+000	1.83978E-004	11	..........a	-327.68
	3415	3416	-1.65256E+000	-2.00194E-001	-2.09697E+000	-2.00025E+000	1.78994E-004	11	..........a	-327.68
	3416	3417	-1.65616E+000	-2.00194E-001	-2.10334E+000	-2.00025E+000	1.85711E-004	11	..........a	-327.68
	3417	3418	-1.65216E+000	-2.00194E-001	-2.11240E+000	-2.00025E+000	1.75478E-004	11	..........a	-327.68
	3418	3419	-1.65576E+000	-2.00194E-001	-2.11361E+000	-2.00025E+000	1.79311E-004	11	..........a	-327.68
	3419	3420	-1.65456E+000	-2.00194E-001	-2.12103E+000	-2.00025E+000	1.80311E-004	11	..........a	-327.68
	3420	3421	-1.65576E+000	-2.00194E-001	-2.01618E+000	-2.00025E+000	1.86944E-004	11	..........a	-327.68
	3421	3422	-1.65496E+000	-2.00194E-001	-2.02534E+000	-2.00025E+000	1.84678E-004	11	..........a	-327.68
	3422	3423	-1.65256E+000	-2.00194E-001	-2.03446E+000	-2.00025E+000	1.83328E-004	11	..........a	-327.68
	3423	3424	-1.65456E+000	-2.00194E-001	-2.03980E+000	-2.00025E+000	1.76944E-004	11	..........a	-327.68
	3424	3425	-1.65376E+000	-2.00194E-001	-2.05408E+000	-2.00025E+000	1.75194E-004	11	..........a	-327.68
	3425	3426	-1.65296E+000	-2.00194E-001	-2.05839E+000	-2.00025E+000	1.81761E-004	11	..........a	-327.68
	3426	3427	-1.65536E+000	-2.00194E-001	-2.06663E+000	-2.00025E+000	1.86028E-004	11	..........a	-327.68
	3427	3428	-1.65096E+000	-2.00194E-001	-2.07819E+000	-2.00025E+000	1.95194E-004	11	..........a	-327.68
	3428	3429	-1.65536E+000	-2.00194E-001	-2.08205E+000	-2.00025E+000	1.75278E-004	11	..........a	-327.68
	3429	3430	-1.65536E+000	-2.00194E-001	-2.09080E+000	-2.00025E+000	1.78161E-004	11	..........a	-327.68
	3430	3431	-1.65496E+000	-2.00194E-001	-2.10519E+000	-2.00025E+000	1.83144E-004	11	..........a	-327.68
	3431	3432	-1.65536E+000	-2.00194E-001	-2.10730E+000	-2.00025E+000	1.87294E-004	11	..........a	-327.68
	3432	3433	-1.65456E+000	-2.00194E-001	-2.11292E+000	-2.00025E+000	1.89844E-004	11	..........a	-327.68
	3433	3434	-1.65496E+000	-2.00193E-001	-2.11585E+000	-2.00025E+000	1.92394E-004	11	..........a	-327.68
	3434	3435	-1.65376E+000	-2.00194E-001	-2.11752E+000	-2.00025E+000	1.82611E-004	11	..........a	-327.68
	3435	3436	-1.65376E+000	-2.00194E-001	-2.04681E+000	-2.00025E+000	1.87061E-004	11	..........a	-327.68
	3436	3437	-1.65456E+000	-2.00193E-001	-2.01582E+000	-2.00025E+000	1.90794E-004	11	..........a	-327.68
	3437	3438	-1.65616E+000	-2.00194E-001	-2.02133E+000	-2.00025E+000	1.91228E-004	11	..........a	-327.68
	3438	3439	-1.65096E+000	-2.00193E-001	-2.03471E+000	-2.00025E+000	2.86811E-004	11	..........a	-327.68
	3439	3440	-1.65216E+000	-2.00193E-001	-2.04417E+000	-2.00025E+000	2.91061E-004	11	..........a	-327.68
	3440	3441	-1.65176E+000	-2.00194E-001	-2.05219E+000	-2.00025E+000	2.78544E-004	11	..........a	-327.68
	3441	3442	-1.65456E+000	-2.00193E-001	-2.04684E+000	-2.00025E+000	2.82061E-004	11	..........a	-327.68
	3442	3443	-1.65376E+000	-2.00193E-001	-2.05144E+000	-2.00025E+000	2.68078E-004	11	..........a	-327.68
	3443	3444	-1.65696E+000	-2.00193E-001	-2.05489E+000	-2.00025E+000	2.75828E-004	11	..........a	-327.68
	3444	3445	-1.65576E+000	-2.00193E-001	-2.06435E+000	-2.00025E+000	2.80094E-004	11	..........a	-327.68
	3445	3446	-1.65456E+000	-2.00194E-001	-2.07484E+000	-2.00025E+000	2.77844E-004	11	..........a	-327.68
	3446	3447	-1.65656E+000	-2.00193E-001	-2.07906E+000	-2.00025E+000	2.85928E-004	11	..........a	-327.68
	3447	3448	-1.65616E+000	-2.00193E-001	-2.08570E+000	-2.00025E+000	2.81128E-004	11	..........a	-327.68
	3448	3449	-1.65376E+000	-2.00193E-001	-2.09070E+000	-2.00025E+000	2.82244E-004	11	..........a	-327.68
	3449	3450	-1.65576E+000	-2.00193E-001	-2.07808E+000	-2.00025E+000	2.86511E-004	11	..........a	-327.68
	3450	3451	-1.65456E+000	-2.00193E-001	-2.00671E+000	-2.00025E+000	2.84328E-004	11	..........a	-327.68
	3451	3452	-1.65536E+000	-2.00194E-001	-2.01407E+000	-2.00025E+000	2.81878E-004	11	..........a	-327.68
	3452	3453	-1.65416E+000	-2.00194E-001	-2.02197E+000	-2.00025E+000	2.88311E-004	11	..........a	-327.68
	3453	3454	-1.65056E+000	-2.00194E-001	-2.03499E+000	-2.00025E+000	2.87228E-004	11	..........a	-327.68
	3454	3455	-1.65456E+000	-2.00194E-001	-2.03902E+000	-2.00025E+000	2.83961E-004	11	..........a	-327.68
	3455	3456	-1.65136E+000	-2.00193E-001	-2.05118E+000	-2.00025E+000	2.85328E-004	11	..........a	-327.68
	3456	3457	-1.65616E+000	-2.00193E-001	-2.05214E+000	-2.00025E+000	2.82094E-004	11	..........a	-327.68
	3457	3458	-1.65456E+000	-2.00193E-001	-2.05928E+000	-2.00025E+000	2.84328E-004	11	..........a	-327.68
	3458	3459	-1.65616E+000	-2.00193E-001	-2.06500E+000	-2.00025E+000	2.79811E-004	11	..........a	-327.68
	3459	3460	-1.65456E+000	-2.00193E-001	-2.07388E+000	-2.00025E+000	2.82244E-004	11	..........a	-327.68
	3460	3461	-1.65456E+000	-2.00194E-001	-2.07947E+000	-2.00025E+000	2.83761E-004	11	..........a	-327.68
	3461	3462	-1.65536E+000	-2.00194E-001	-2.01110E+000	-2.00025E+000	2.80061E-004	11	..........a	-327.68
	3462	3463	-1.65576E+000	-2.00193E-001	-2.01534E+000	-2.00025E+000	2.79378E-004	11	..........a	-327.68
	3463	3464	-1.65176E+000	-2.00194E-001	-2.02726E+000	-2.00025E+000	2.76794E-004	11	..........a	-327.68
	3464	3465	-1.65496E+000	-2.00193E-001	-2.03376E+000	-2.00025E+000	2.80828E-004	11	..........a	-327.68
	3465	3466	-1.65616E+000	-2.00194E-001	-2.03960E+000	-2.00025E+000	2.91828E-004	11	..........a	-327.68
	3466	3467	-1.65576E+000	-2.00193E-001	-2.04903E+000	-2.00025E+000	2.89928E-004	11	..........a	-327.68
	3467	3468	-1.65696E+000	-2.00193E-001	-2.05778E+000	-2.00025E+000	2.86094E-004	11	..........a	-327.68
	3468	3469	-1.65456E+000	-2.00194E-001	-2.05903E+000	-2.00025E+000	2.87828E-004	11	..........a	-327.68
	3469	3470	-1.65456E+000	-2.00194E-001	-2.06419E+000	-2.00025E+000	2.82694E-004	11	..........a	-327.68
	3470	3471	-1.65296E+000	-2.00194E-001	-2.04978E+000	-2.00025E+000	2.84378E-004	11	..........a	-327.68
	3471	3472	-1.65536E+000	-2.00194E-001	-2.01191E+000	-2.00025E+000	2.84911E-004	11	..........a	-327.68
	3472	3473	-1.65416E+000	-2.00193E-001	-2.02308E+000	-2.00025E+000	2.81911E-004	11	..........a	-327.68
	3473	3474	-1.65416E+000	-2.00194E-001	-2.03065E+000	-2.00025E+000	2.86778E-004	11	..........a	-327.68
	3474	3475	-1.65456E+000	-2.00194E-001	-2.03985E+000	-2.00025E+000	2.84328E-004	11	..........a	-327.68
	3475	3476	-1.65456E+000	-2.00194E-001	-2.04597E+000	-2.00025E+000	2.87611E-004	11	..........a	-327.68
	3476	3477	-1.65336E+000	-2.00194E-001	-2.05629E+000	-2.00025E+000	2.81694E-004	11	..........a	-327.68
	3477	3478	-1.65536E+000	-2.00194E-001	-2.06159E+000	-2.00025E+000	2.70744E-004	11	..........a	-327.68
	3478	3479	-1.65456E+000	-2.00193E-001	-2.06943E+000	-2.00025E+000	2.72544E-004	11	..........a	-327.68
	3479	3480	-1.65616E+000	-2.00194E-001	-2.07421E+000	-2.00025E+000	2.78511E-004	11	..........a	-327.68
	3480	3481	-1.65696E+000	-2.00194E-001	-2.08124E+000	-2.00025E+000	2.82944E-004	11	..........a	-327.68
	3481	3482	-1.65056E+000	-2.00194E-001	-2.08904E+000	-2.00025E+000	2.85794E-004	11	..........a	-327.68
	3482	3483	-1.65616E+000	-2.00193E-001	-2.09219E+000	-2.00025E+000	2.77344E-004	11	..........a	-327.68
	3483	3484	-1.65456E+000	-2.00194E-001	-2.09758E+000	-2.00025E+000	2.91494E-004	11	..........a	-327.68
	3484	3485	-1.65536E+000	-2.00194E-001	-2.10638E+000	-2.00025E+000	2.83728E-004	11	..........a	-327.68
	3485	3486	-1.65536E+000	-2.00194E-001	-2.10924E+000	-2.00025E+000	2.93078E-004	11	..........a	-327.68
	3486	3487	-1.65536E+000	-2.00194E-001	-2.11467E+000	-2.00025E+000	2.79394E-004	11	..........a	-327.68
	3487	3488	-1.65536E+000	-2.00194E-001	-2.11754E+000	-2.00025E+000	2.71861E-004	11	..........a	-327.68
	3488	3489	-1.65496E+000	-2.00194E-001	-2.05625E+000	-2.00025E+000	2.81844E-004	11	..........a	-327.68
	3489	3490	-1.65456E+000	-2.00194E-001	-2.06194E+000	-2.00025E+000	2.76461E-004	11	..........a	-327.68
	3490	3491	-1.65496E+000	-2.00194E-001	-2.06546E+000	-2.00025E+000	2.77861E-004	11	..........a	-327.68
	3491	3492	-1.65456E+000	-2.00194E-001	-2.07181E+000	-2.00025E+000	2.76361E-004	11	..........a	-327.68
	3492	3493	-1.65376E+000	-2.00194E-001	-2.08066E+000	-2.00025E+000	2.82944E-004	11	..........a	-327.68
	3493	3494	-1.65536E+000	-2.00194E-001	-2.08568E+000	-2.00025E+000	2.85244E-004	11	..........a	-327.68
	3494	3495	-1.65616E+000	-2.00194E-001	-2.09177E+000	-2.00025E+000	2.73711E-004	11	..........a	-327.68
	3495	3496	-1.65616E+000	-2.00194E-001	-2.10081E+000	-2.00025E+000	2.75094E-004	11	..........a	-327.68
	3496	3497	-1.65616E+000	-2.00194E-001	-2.10597E+000	-2.00025E+000	2.86544E-004	11	..........a	-327.68
	3497	3498	-1.65216E+000	-2.00194E-001	-2.11250E+000	-2.00025E+000	2.73511E-004	11	..........a	-327.68
	3498	3499	-1.65456E+000	-2.00194E-001	-2.11424E+000	-2.00025E+000	2.82344E-004	11	..........a	-327.68
	3499	3500	-1.65536E+000	-2.00194E-001	-2.11338E+000	-2.00025E+000	2.76294E-004	11	..........a	-327.68
	3500	3501	-1.65376E+000	-2.00194E-001	-1.99485E+000	-2.00025E+000	2.73428E-004	11	..........a	-327.68
	3501	3502	-1.65296E+000	-2.00194E-001	-2.00237E+000	-2.00025E+000	2.79894E-004	11	..........a	-327.68
	3502	3503	-1.65416E+000	-2.00194E-001	-2.00861E+000	-2.00025E+000	2.79628E-004	11	..........a	-327.68
	3503	3504	-1.65376E+000	-2.00194E-001	-2.01846E+000	-2.00025E+000	2.80561E-004	11	..........a	-327.68
	3504	3505	-1.65296E+000	-2.00194E-001	-2.02778E+000	-2.00025E+000	2.81144E-004	11	..........a	-327.68
	3505	3506	-1.65536E+000	-2.00194E-001	-2.03232E+000	-2.00025E+000	2.76644E-004	11	..........a	-327.68
	3506	3507	-1.65536E+000	-2.00193E-001	-2.03900E+000	-2.00025E+000	2.71578E-004	11	..........a	-327.68
	3507	3508	-1.65496E+000	-2.00194E-001	-2.04745E+000	-2.00025E+000	2.73944E-004	11	..........a	-327.68
	3508	3509	-1.65696E+000	-2.00194E-001	-2.05303E+000	-2.00025E+000	2.76261E-004	11	..........a	-327.68
	3509	3510	-1.65216E+000	-2.00194E-001	-2.06968E+000	-2.00025E+000	2.80894E-004	11	..........a	-327.68
	3510	3511	-1.65616E+000	-2.00194E-001	-2.07317E+000	-2.00025E+000	2.73578E-004	11	..........a	-327.68
	3511	3512	-1.65056E+000	-2.00194E-001	-2.03419E+000	-2.00025E+000	2.83994E-004	11	..........a	-327.68
	3512	3513	-1.65216E+000	-2.00194E-001	-2.02722E+000	-2.00025E+000	2.80028E-004	11	..........a	-327.68
	3513	3514	-1.65536E+000	-2.00194E-001	-2.03025E+000	-2.00025E+000	2.79561E-004	11	..........a	-327.68
	3514	3515	-1.65536E+000	-2.00194E-001	-2.03673E+000	-2.00025E+000	2.77794E-004	11	..........a	-327.68
	3515	3516	-1.65456E+000	-2.00194E-001	-2.04386E+000	-2.00025E+000	2.83094E-004	11	..........a	-327.68
	3516	3517	-1.65256E+000	-2.00194E-001	-2.05543E+000	-2.00025E+000	2.82094E-004	11	..........a	-327.68
	3517	3518	-1.65136E+000	-2.00194E-001	-2.06398E+000	-2.00025E+000	2.82061E-004	11	..........a	-327.68
	3518	3519	-1.65216E+000	-2.00194E-001	-2.06937E+000	-2.00025E+000	2.80578E-004	11	..........a	-327.68
	3519	3520	-1.65176E+000	-2.00194E-001	-2.07729E+000	-2.00025E+000	2.83478E-004	11	..........a	-327.68
	3520	3521	-1.65216E+000	-2.00194E-001	-2.07115E+000	-2.00025E+000	2.79778E-004	11	..........a	-327.68
	3521	3522	-1.65336E+000	-2.00194E-001	-2.07718E+000	-2.00025E+000	2.82361E-004	11	..........a	-327.68
	3522	3523	-1.65416E+000	-2.00194E-001	-2.08246E+000	-2.00025E+000	2.86511E-004	11	..........a	-327.68
	3523	3524	-1.65136E+000	-2.00194E-001	-2.09234E+000	-2.00025E+000	2.86128E-004	11	..........a	-327.68
	3524	3525	-1.65536E+000	-2.00194E-001	-2.08793E+000	-2.00025E+000	2.88678E-004	11	..........a	-327.68
	3525	3526	-1.65496E+000	-2.00194E-001	-2.09376E+000	-2.00025E+000	2.85944E-004	11	..........a	-327.68
	3526	3527	-1.65056E+000	-2.00194E-001	-2.09139E+000	-2.00025E+000	2.80828E-004	11	..........a	-327.68
	3527	3528	-1.65256E+000	-2.00194E-001	-2.03923E+000	-2.00025E+000	2.85994E-004	11	..........a	-327.68
	3528	3529	-1.65296E+000	-2.00193E-001	-2.05036E+000	-2.00025E+000	2.85944E-004	11	..........a	-327.68
	3529	3530	-1.65136E+000	-2.00194E-001	-2.05916E+000	-2.00025E+000	2.87961E-004	11	..........a	-327.68
	3530	3531	-1.65296E+000	-2.00194E-001	-2.06752E+000	-2.00025E+000	2.86561E-004	11	..........a	-327.68
	3531	3532	-1.65256E+000	-2.00194E-001	-2.07052E+000	-2.00025E+000	2.86428E-004	11	..........a	-327.68
	3532	3533	-1.65376E+000	-2.00194E-001	-2.07491E+000	-2.00025E+000	2.80461E-004	11	..........a	-327.68
	3533	3534	-1.65216E+000	-2.00195E-001	-1.99562E+000	-2.00025E+000	2.84411E-004	11	..........a	-327.68
	3534	3535	-1.65216E+000	-2.00194E-001	-2.00496E+000	-2.00025E+000	2.83444E-004	11	..........a	-327.68
	3535	3536	-1.65216E+000	-2.00194E-001	-2.01442E+000	-2.00025E+000	2.78328E-004	11	..........a	-327.68
	3536	3537	-1.65296E+000	-2.00194E-001	-2.02295E+000	-2.00025E+000	2.77161E-004	11	..........a	-327.68
	3537	3538	-1.65176E+000	-2.00194E-001	-2.02751E+000	-2.00025E+000	2.80978E-004	11	..........a	-327.68
	3538	3539	-1.65376E+000	-2.00194E-001	-2.03355E+000	-2.00025E+000	2.84028E-004	11	..........a	-327.68
	3539	3540	-1.65056E+000	-2.00193E-001	-2.04294E+000	-2.00025E+000	2.78361E-004	11	..........a	-327.68
	3540	3541	-1.65176E+000	-2.00194E-001	-2.04745E+000	-2.00025E+000	2.77194E-004	11	..........a	-327.68
	3541	3542	-1.65536E+000	-2.00194E-001	-2.05128E+000	-2.00025E+000	2.80844E-004	11	..........a	-327.68
	3542	3543	-1.65376E+000	-2.00194E-001	-2.06042E+000	-2.00025E+000	2.89894E-004	11	..........a	-327.68
	3543	3544	-1.65456E+000	-2.00194E-001	-2.06406E+000	-2.00025E+000	2.80978E-004	11	..........a	-327.68
	3544	3545	-1.65216E+000	-2.00194E-001	-2.07365E+000	-2.00025E+000	2.75211E-004	11	..........a	-327.68
	3545	3546	-1.65416E+000	-2.00194E-001	-2.07714E+000	-2.00025E+000	2.79728E-004	11	..........a	-327.68
	3546	3547	-1.65536E+000	-2.00194E-001	-2.08377E+000	-2.00025E+000	2.77761E-004	11	..........a	-327.68
	3547	3548	-1.65136E+000	-2.00194E-001	-2.09104E+000	-2.00025E+000	2.74044E-004	11	..........a	-327.68
	3548	3549	-1.65536E+000	-2.00195E-001	-2.09506E+000	-2.00025E+000	2.80078E-004	11	..........a	-327.68
	3549	3550	-1.65376E+000	-2.00194E-001	-2.10058E+000	-2.00025E+000	2.80461E-004	11	..........a	-327.68
	3550	3551	-1.65456E+000	-2.00195E-001	-2.10458E+000	-2.00025E+000	2.84378E-004	11	..........a	-327.68
	3551	3552	-1.65536E+000	-2.00195E-001	-2.10934E+000	-2.00025E+000	2.83711E-004	11	..........a	-327.68
	3552	3553	-1.65176E+000	-2.00195E-001	-2.07020E+000	-2.00025E+000	2.84011E-004	11	..........a	-327.68
	3553	3554	-1.65216E+000	-2.00194E-001	-2.02091E+000	-2.00025E+000	2.79211E-004	11	..........a	-327.68
	3554	3555	-1.64896E+000	-2.00195E-001	-2.03350E+000	-2.00025E+000	2.77328E-004	11	..........a	-327.68
	3555	3556	-1.65136E+000	-2.00194E-001	-2.03302E+000	-2.00025E+000	2.81944E-004	11	..........a	-327.68
	3556	3557	-1.65216E+000	-2.00195E-001	-2.04278E+000	-2.00025E+000	2.78378E-004	11	..........a	-327.68
	3557	3558	-1.65296E+000	-2.00194E-001	-2.05220E+000	-2.00025E+000	2.79028E-004	11	..........a	-327.68
	3558	3559	-1.65536E+000	-2.00195E-001	-2.05716E+000	-2.00025E+000	2.86294E-004	11	..........a	-327.68
	3559	3560	-1.65456E+000	-2.00195E-001	-2.06508E+000	-2.00025E+000	2.89428E-004	11	..........a	-327.68
	3560	3561	-1.65456E+000	-2.00195E-001	-2.07384E+000	-2.00025E+000	2.85011E-004	11	..........a	-327.68
	3561	3562	-1.65616E+000	-2.00195E-001	-2.07976E+000	-2.00025E+000	2.90728E-004	11	..........a	-327.68
	3562	3563	-1.65456E+000	-2.00195E-001	-2.08448E+000	-2.00025E+000	2.84644E-004	11	..........a	-327.68
	3563	3564	-1.65376E+000	-2.00195E-001	-2.08809E+000	-2.00025E+000	2.81194E-004	11	..........a	-327.68
	3564	3565	-1.65616E+000	-2.00195E-001	-2.08784E+000	-2.00025E+000	2.84761E-004	11	..........a	-327.68
	3565	3566	-1.65176E+000	-2.00195E-001	-2.07888E+000	-2.00025E+000	2.83928E-004	11	..........a	-327.68
	3566	3567	-1.65456E+000	-2.00195E-001	-2.01533E+000	-2.00025E+000	2.80394E-004	11	..........a	-327.68
	3567	3568	-1.65136E+000	-2.00194E-001	-2.02943E+000	-2.00025E+000	2.77178E-004	11	..........a	-327.68
	3568	3569	-1.65176E+000	-2.00194E-001	-2.03649E+000	-2.00025E+000	2.80744E-004	11	..........a	-327.68
	3569	3570	-1.65136E+000	-2.00194E-001	-2.04134E+000	-2.00025E+000	2.81544E-004	11	..........a	-327.68
	3570	3571	-1.65536E+000	-2.00195E-001	-2.04234E+000	-2.00025E+000	2.82011E-004	11	..........a	-327.68
	3571	3572	-1.65576E+000	-2.00194E-001	-2.05659E+000	-2.00025E+000	2.73744E-004	11	..........a	-327.68
	3572	3573	-1.65536E+000	-2.00194E-001	-2.06542E+000	-2.00025E+000	2.73294E-004	11	..........a	-327.68
	3573	3574	-1.65496E+000	-2.00193E-001	-2.07188E+000	-2.00025E+000	2.76528E-004	11	..........a	-327.68
	3574	3575	-1.65536E+000	-2.00194E-001	-2.07869E+000	-2.00025E+000	2.75678E-004	11	..........a	-327.68
	3575	3576	-1.65456E+000	-2.00194E-001	-2.08659E+000	-2.00025E+000	2.77311E-004	11	..........a	-327.68
	3576	3577	-1.65576E+000	-2.00194E-001	-2.08798E+000	-2.00025E+000	2.73528E-004	11	..........a	-327.68
	3577	3578	-1.65536E+000	-2.00194E-001	-2.09753E+000	-2.00025E+000	2.76094E-004	11	..........a	-327.68
	3578	3579	-1.65296E+000	-2.00194E-001	-2.09915E+000	-2.00025E+000	2.87978E-004	11	..........a	-327.68
	3579	3580	-1.65296E+000	-2.00194E-001	-2.09789E+000	-2.00025E+000	2.78978E-004	11	..........a	-327.68
	3580	3581	-1.65296E+000	-2.00194E-001	-2.03055E+000	-2.00025E+000	2.79361E-004	11	..........a	-327.68
	3581	3582	-1.65416E+000	-2.00194E-001	-2.03734E+000	-2.00025E+000	2.81361E-004	11	..........a	-327.68
	3582	3583	-1.65376E+000	-2.00194E-001	-2.04602E+000	-2.00025E+000	2.88478E-004	11	..........a	-327.68
	3583	3584	-1.65456E+000	-2.00194E-001	-2.05570E+000	-2.00025E+000	2.80278E-004	11	..........a	-327.68
	3584	3585	-1.65296E+000	-2.00194E-001	-2.06547E+000	-2.00025E+000	2.76761E-004	11	..........a	-327.68
	3585	3586	-1.65376E+000	-2.00194E-001	-2.07166E+000	-2.00025E+000	2.86361E-004	11	..........a	-327.68
	3586	3587	-1.65416E+000	-2.00194E-001	-2.07736E+000	-2.00025E+000	2.91578E-004	11	..........a	-327.68
	3587	3588	-1.65456E+000	-2.00194E-001	-2.08388E+000	-2.00025E+000	2.78661E-004	11	..........a	-327.68
	3588	3589	-1.65456E+000	-2.00194E-001	-2.08931E+000	-2.00025E+000	2.82611E-004	11	..........a	-327.68
	3589	3590	-1.65296E+000	-2.00194E-001	-2.09809E+000	-2.00025E+000	2.85711E-004	11	..........a	-327.68
	3590	3591	-1.65256E+000	-2.00194E-001	-2.10631E+000	-2.00025E+000	2.87828E-004	11	..........a	-327.68
	3591	3592	-1.65216E+000	-2.00194E-001	-2.10636E+000	-2.00025E+000	2.79044E-004	11	..........a	-327.68
	3592	3593	-1.65136E+000	-2.00194E-001	-2.11362E+000	-2.00025E+000	2.80978E-004	11	..........a	-327.68
	3593	3594	-1.65376E+000	-2.00194E-001	-2.11311E+000	-2.00025E+000	2.81311E-004	11	..........a	-327.68
	3594	3595	-1.65256E+000	-2.00194E-001	-2.10515E+000	-2.00025E+000	2.80928E-004	11	..........a	-327.68
	3595	3596	-1.65136E+000	-2.00194E-001	-1.99194E+000	-2.00025E+000	2.87961E-004	11	..........a	-327.68
	3596	3597	-1.65216E+000	-2.00194E-001	-2.00073E+000	-2.00025E+000	2.81311E-004	11	..........a	-327.68
	3597	3598	-1.65216E+000	-2.00194E-001	-2.00485E+000	-2.00025E+000	2.82728E-004	11	..........a	-327.68
	3598	3599	-1.65256E+000	-2.00194E-001	-2.01569E+000	-2.00025E+000	2.83511E-004	11	..........a	-327.68
	3599	3600	-1.65216E+000	-2.00194E-001	-2.02300E+000	-2.00025E+000	2.81911E-004	11	..........a	-327.68
