EXPLAIN
TAG	GALVANOSTATIC
TITLE	LABEL	Galvanostatic Scan	Test Identifier
DATE	LABEL	6.2.2023	Date
TIME	LABEL	12:06:07	Time
NOTES	NOTES	1	Notes...
	
PSTAT	PSTAT	REF3000-19129	Potentiostat
IINIT	QUANT	-2.00000E+002	Initial I (mA/cm^2)
TINIT	QUANT	3.60000E+003	Initial Time (s)
IFINAL	QUANT	-2.00000E+002	Final I (mA/cm^2)
TFINAL	QUANT	0.00000E+000	Final Time (s)
SAMPLETIME	QUANT	1.00000E+000	Sample Period (s)
AREA	QUANT	1.00000E+000	Sample Area (cm^2)
DENSITY	QUANT	7.87000E+000	Density (g/cm^3)
EQUIV	QUANT	2.79200E+001	Equiv. Wt
IRCOMP	TOGGLE	T	IR Comp
EOC	QUANT	0	Open Circuit (V)
SEQUENCER	TOGGLE	TRUE	Run as Sequence
PSTATMODEL	IQUANT	5	Pstat Model
PSTATSECTION	LABEL	REF3000-19129	Pstat Section
PSTATSERIALNO	LABEL	19129	Pstat Serial Number
CTRLMODE	IQUANT	0	Control Mode
ELECTROMETER	IQUANT	0	RE=0 or CS=1
IESTAB	IQUANT	0	I/E Stability
CASPEED	IQUANT	4	Control Amp Speed
CONVENTION	IQUANT	1	Current Convention
ICHRANGE	IQUANT	2	Ich Range
ICHRANGEMODE	TOGGLE	T	Ich Auto Range
ICHOFFSETENABLE	TOGGLE	F	Ich Offset Enable
ICHOFFSET	QUANT	0	Ich Offset (V)
ICHFILTER	IQUANT	3	Ich Filter
VCHRANGE	IQUANT	3	Vch Range
VCHRANGEMODE	TOGGLE	T	Vch Auto Range
VCHOFFSETENABLE	TOGGLE	F	Vch Offset Enable
VCHOFFSET	QUANT	0	Vch Offset (V)
VCHFILTER	IQUANT	1	Vch Filter
ACHRANGE	IQUANT	2	Ach Range
ACHOFFSETENABLE	TOGGLE	F	Ach Offset Enable
ACHOFFSET	QUANT	0	Ach Offset (V)
ACHFILTER	IQUANT	1	Ach Filter
IERANGELOWERLIMIT	IQUANT	4	I/E Range Lower Limit
IERANGEMODE	TOGGLE	F	I/E AutoRange
IERANGE	IQUANT	11	I/E Range
POSFEEDENABLE	TOGGLE	F	Positive Feedback IR Comp
POSFEEDRESISTANCE	QUANT	0	Positive Feedback Resistance (ohm)
ACHSELECT	IQUANT	0	Ach Select
SENSECABLEID	IQUANT	14	Sense Cable ID
PWRCABLEID	IQUANT	13	Power Cable ID
DCCALDATE	LABEL	11/22/2022	DC Calibration Date
ACCALDATE	LABEL		AC Calibration Date
THERMOSELECT	IQUANT	1	Thermo Select
FRAMEWORKVERSION	QUANT	7.07	Framework Version
INSTRUMENTVERSION	LABEL	4.35	Instrument Version
COMPLIANCEVOLTAGE	IQUANT	0	Compliance Voltage
CURVE	TABLE	3600
	Pt	T	Vf	Im	Vu	Sig	Ach	IERange	Over	Temp
	#	s	V vs. Ref.	A	V	V	V	#	bits	deg C
	0	1	-1.63256E+000	-2.00169E-001	-2.26198E+000	-2.00025E+000	5.13911E-004	11	..........a	-327.68
	1	2	-1.64776E+000	-2.00178E-001	-2.25819E+000	-2.00025E+000	5.10478E-004	11	..........a	-327.68
	2	3	-1.65216E+000	-2.00181E-001	-2.25603E+000	-2.00025E+000	5.11494E-004	11	..........a	-327.68
	3	4	-1.65616E+000	-2.00182E-001	-2.25262E+000	-2.00025E+000	5.14844E-004	11	..........a	-327.68
	4	5	-1.65856E+000	-2.00183E-001	-2.24716E+000	-2.00025E+000	5.12178E-004	11	..........a	-327.68
	5	6	-1.66016E+000	-2.00183E-001	-2.24324E+000	-2.00025E+000	5.17661E-004	11	..........a	-327.68
	6	7	-1.66336E+000	-2.00184E-001	-2.23827E+000	-2.00025E+000	5.13994E-004	11	..........a	-327.68
	7	8	-1.66296E+000	-2.00184E-001	-2.22897E+000	-2.00025E+000	5.09661E-004	11	..........a	-327.68
	8	9	-1.66416E+000	-2.00185E-001	-2.22588E+000	-2.00025E+000	5.06228E-004	11	..........a	-327.68
	9	10	-1.66416E+000	-2.00185E-001	-2.22544E+000	-2.00025E+000	5.06311E-004	11	..........a	-327.68
	10	11	-1.66256E+000	-2.00185E-001	-2.22526E+000	-2.00025E+000	5.08644E-004	11	..........a	-327.68
	11	12	-1.65376E+000	-2.00185E-001	-2.23276E+000	-2.00025E+000	5.05078E-004	11	..........a	-327.68
	12	13	-1.66536E+000	-2.00185E-001	-2.21908E+000	-2.00025E+000	5.06044E-004	11	..........a	-327.68
	13	14	-1.66536E+000	-2.00186E-001	-2.21811E+000	-2.00025E+000	5.02594E-004	11	..........a	-327.68
	14	15	-1.66496E+000	-2.00186E-001	-2.21715E+000	-2.00025E+000	5.04744E-004	11	..........a	-327.68
	15	16	-1.66376E+000	-2.00186E-001	-2.21517E+000	-2.00025E+000	5.00561E-004	11	..........a	-327.68
	16	17	-1.66416E+000	-2.00186E-001	-2.21324E+000	-2.00025E+000	5.01344E-004	11	..........a	-327.68
	17	18	-1.66536E+000	-2.00187E-001	-2.20968E+000	-2.00025E+000	5.00994E-004	11	..........a	-327.68
	18	19	-1.66456E+000	-2.00186E-001	-2.21076E+000	-2.00025E+000	5.08861E-004	11	..........a	-327.68
	19	20	-1.66376E+000	-2.00186E-001	-2.21043E+000	-2.00025E+000	5.09528E-004	11	..........a	-327.68
	20	21	-1.66416E+000	-2.00186E-001	-2.20668E+000	-2.00025E+000	5.05228E-004	11	..........a	-327.68
	21	22	-1.66416E+000	-2.00187E-001	-2.20323E+000	-2.00025E+000	5.05511E-004	11	..........a	-327.68
	22	23	-1.66576E+000	-2.00187E-001	-2.20177E+000	-2.00025E+000	5.03428E-004	11	..........a	-327.68
	23	24	-1.66416E+000	-2.00187E-001	-2.20191E+000	-2.00025E+000	5.02711E-004	11	..........a	-327.68
	24	25	-1.65416E+000	-2.00187E-001	-2.21062E+000	-2.00025E+000	4.97628E-004	11	..........a	-327.68
	25	26	-1.66416E+000	-2.00187E-001	-2.19971E+000	-2.00025E+000	4.94461E-004	11	..........a	-327.68
	26	27	-1.65376E+000	-2.00187E-001	-2.21088E+000	-2.00025E+000	5.01694E-004	11	..........a	-327.68
	27	28	-1.66256E+000	-2.00187E-001	-2.20166E+000	-2.00025E+000	5.10244E-004	11	..........a	-327.68
	28	29	-1.66416E+000	-2.00187E-001	-2.19853E+000	-2.00025E+000	4.99011E-004	11	..........a	-327.68
	29	30	-1.66336E+000	-2.00188E-001	-2.19897E+000	-2.00025E+000	5.02378E-004	11	..........a	-327.68
	30	31	-1.66416E+000	-2.00188E-001	-2.19888E+000	-2.00025E+000	4.99494E-004	11	..........a	-327.68
	31	32	-1.66376E+000	-2.00187E-001	-2.19536E+000	-2.00025E+000	5.03011E-004	11	..........a	-327.68
	32	33	-1.66256E+000	-2.00188E-001	-2.19616E+000	-2.00025E+000	4.95411E-004	11	..........a	-327.68
	33	34	-1.66376E+000	-2.00188E-001	-2.19617E+000	-2.00025E+000	4.92194E-004	11	..........a	-327.68
	34	35	-1.66216E+000	-2.00188E-001	-2.19283E+000	-2.00025E+000	4.98211E-004	11	..........a	-327.68
	35	36	-1.65376E+000	-2.00187E-001	-2.20005E+000	-2.00025E+000	5.29978E-004	11	..........a	-327.68
	36	37	-1.65976E+000	-2.00187E-001	-2.19416E+000	-2.00025E+000	5.35644E-004	11	..........a	-327.68
	37	38	-1.66056E+000	-2.00187E-001	-2.19065E+000	-2.00025E+000	5.36944E-004	11	..........a	-327.68
	38	39	-1.66056E+000	-2.00188E-001	-2.19254E+000	-2.00025E+000	5.35444E-004	11	..........a	-327.68
	39	40	-1.66136E+000	-2.00187E-001	-2.19286E+000	-2.00025E+000	5.38678E-004	11	..........a	-327.68
	40	41	-1.65976E+000	-2.00187E-001	-2.19450E+000	-2.00025E+000	5.28011E-004	11	..........a	-327.68
	41	42	-1.66056E+000	-2.00187E-001	-2.19328E+000	-2.00025E+000	5.27561E-004	11	..........a	-327.68
	42	43	-1.65896E+000	-2.00188E-001	-2.19285E+000	-2.00025E+000	5.40428E-004	11	..........a	-327.68
	43	44	-1.66056E+000	-2.00187E-001	-2.19238E+000	-2.00025E+000	5.36911E-004	11	..........a	-327.68
	44	45	-1.66056E+000	-2.00187E-001	-2.19206E+000	-2.00025E+000	5.31678E-004	11	..........a	-327.68
	45	46	-1.66056E+000	-2.00187E-001	-2.19394E+000	-2.00025E+000	5.31861E-004	11	..........a	-327.68
	46	47	-1.65896E+000	-2.00187E-001	-2.19593E+000	-2.00025E+000	5.31344E-004	11	..........a	-327.68
	47	48	-1.65976E+000	-2.00187E-001	-2.19613E+000	-2.00025E+000	5.22278E-004	11	..........a	-327.68
	48	49	-1.66136E+000	-2.00187E-001	-2.19497E+000	-2.00025E+000	5.12144E-004	11	..........a	-327.68
	49	50	-1.66056E+000	-2.00187E-001	-2.19528E+000	-2.00025E+000	5.28311E-004	11	..........a	-327.68
	50	51	-1.66096E+000	-2.00187E-001	-2.19302E+000	-2.00025E+000	5.09711E-004	11	..........a	-327.68
	51	52	-1.65976E+000	-2.00187E-001	-2.19426E+000	-2.00025E+000	5.36344E-004	11	..........a	-327.68
	52	53	-1.65976E+000	-2.00187E-001	-2.19285E+000	-2.00025E+000	5.41394E-004	11	..........a	-327.68
	53	54	-1.65936E+000	-2.00187E-001	-2.19367E+000	-2.00025E+000	5.30311E-004	11	..........a	-327.68
	54	55	-1.65856E+000	-2.00187E-001	-2.19376E+000	-2.00025E+000	5.15494E-004	11	..........a	-327.68
	55	56	-1.65856E+000	-2.00188E-001	-2.19383E+000	-2.00025E+000	5.13111E-004	11	..........a	-327.68
	56	57	-1.65936E+000	-2.00187E-001	-2.19462E+000	-2.00025E+000	5.17511E-004	11	..........a	-327.68
	57	58	-1.65936E+000	-2.00187E-001	-2.19541E+000	-2.00025E+000	5.16761E-004	11	..........a	-327.68
	58	59	-1.66016E+000	-2.00187E-001	-2.19215E+000	-2.00025E+000	5.18978E-004	11	..........a	-327.68
	59	60	-1.65856E+000	-2.00188E-001	-2.19238E+000	-2.00025E+000	6.67277E-005	11	..........a	-327.68
	60	61	-1.65856E+000	-2.00188E-001	-2.19279E+000	-2.00025E+000	6.61277E-005	11	..........a	-327.68
	61	62	-1.65056E+000	-2.00188E-001	-2.20177E+000	-2.00025E+000	7.34277E-005	11	..........a	-327.68
	62	63	-1.65776E+000	-2.00188E-001	-2.19617E+000	-2.00025E+000	6.94444E-005	11	..........a	-327.68
	63	64	-1.65856E+000	-2.00188E-001	-2.19469E+000	-2.00025E+000	7.40277E-005	11	..........a	-327.68
	64	65	-1.65856E+000	-2.00189E-001	-2.19465E+000	-2.00025E+000	7.13944E-005	11	..........a	-327.68
	65	66	-1.65816E+000	-2.00188E-001	-2.19594E+000	-2.00025E+000	7.25944E-005	11	..........a	-327.68
	66	67	-1.65776E+000	-2.00189E-001	-2.19613E+000	-2.00025E+000	6.91944E-005	11	..........a	-327.68
	67	68	-1.65696E+000	-2.00189E-001	-2.19527E+000	-2.00025E+000	7.32111E-005	11	..........a	-327.68
	68	69	-1.65976E+000	-2.00188E-001	-2.19329E+000	-2.00025E+000	7.36277E-005	11	..........a	-327.68
	69	70	-1.65776E+000	-2.00188E-001	-2.19498E+000	-2.00025E+000	7.21277E-005	11	..........a	-327.68
	70	71	-1.65816E+000	-2.00188E-001	-2.19408E+000	-2.00025E+000	7.27444E-005	11	..........a	-327.68
	71	72	-1.65816E+000	-2.00189E-001	-2.19395E+000	-2.00025E+000	6.86277E-005	11	..........a	-327.68
	72	73	-1.65816E+000	-2.00189E-001	-2.19379E+000	-2.00025E+000	7.24111E-005	11	..........a	-327.68
	73	74	-1.65776E+000	-2.00188E-001	-2.19657E+000	-2.00025E+000	7.26777E-005	11	..........a	-327.68
	74	75	-1.65616E+000	-2.00188E-001	-2.19204E+000	-2.00025E+000	6.81277E-005	11	..........a	-327.68
	75	76	-1.65616E+000	-2.00189E-001	-2.19033E+000	-2.00025E+000	7.02111E-005	11	..........a	-327.68
	76	77	-1.64896E+000	-2.00189E-001	-2.19920E+000	-2.00025E+000	7.11277E-005	11	..........a	-327.68
	77	78	-1.65576E+000	-2.00189E-001	-2.19084E+000	-2.00025E+000	7.46944E-005	11	..........a	-327.68
	78	79	-1.64816E+000	-2.00189E-001	-2.19655E+000	-2.00025E+000	7.47444E-005	11	..........a	-327.68
	79	80	-1.65656E+000	-2.00189E-001	-2.18842E+000	-2.00025E+000	7.38444E-005	11	..........a	-327.68
	80	81	-1.65616E+000	-2.00189E-001	-2.18683E+000	-2.00025E+000	7.01611E-005	11	..........a	-327.68
	81	82	-1.65616E+000	-2.00189E-001	-2.18699E+000	-2.00025E+000	7.02944E-005	11	..........a	-327.68
	82	83	-1.65696E+000	-2.00189E-001	-2.18637E+000	-2.00025E+000	6.95944E-005	11	..........a	-327.68
	83	84	-1.65496E+000	-2.00189E-001	-2.18805E+000	-2.00025E+000	6.97111E-005	11	..........a	-327.68
	84	85	-1.65656E+000	-2.00189E-001	-2.18675E+000	-2.00025E+000	7.12444E-005	11	..........a	-327.68
	85	86	-1.65656E+000	-2.00189E-001	-2.18133E+000	-2.00025E+000	7.44111E-005	11	..........a	-327.68
	86	87	-1.65736E+000	-2.00189E-001	-2.18320E+000	-2.00025E+000	6.94611E-005	11	..........a	-327.68
	87	88	-1.65576E+000	-2.00189E-001	-2.18545E+000	-2.00025E+000	6.99611E-005	11	..........a	-327.68
	88	89	-1.65696E+000	-2.00189E-001	-2.18277E+000	-2.00025E+000	6.90944E-005	11	..........a	-327.68
	89	90	-1.65416E+000	-2.00189E-001	-2.18635E+000	-2.00025E+000	6.97944E-005	11	..........a	-327.68
	90	91	-1.65496E+000	-2.00190E-001	-2.18494E+000	-2.00025E+000	7.32111E-005	11	..........a	-327.68
	91	92	-1.65456E+000	-2.00189E-001	-2.18513E+000	-2.00025E+000	7.29777E-005	11	..........a	-327.68
	92	93	-1.65536E+000	-2.00189E-001	-2.18599E+000	-2.00025E+000	7.23111E-005	11	..........a	-327.68
	93	94	-1.65376E+000	-2.00189E-001	-2.18539E+000	-2.00025E+000	7.32277E-005	11	..........a	-327.68
	94	95	-1.65416E+000	-2.00189E-001	-2.18621E+000	-2.00025E+000	6.85277E-005	11	..........a	-327.68
	95	96	-1.65376E+000	-2.00189E-001	-2.18720E+000	-2.00025E+000	6.73277E-005	11	..........a	-327.68
	96	97	-1.65336E+000	-2.00189E-001	-2.18874E+000	-2.00025E+000	6.77111E-005	11	..........a	-327.68
	97	98	-1.65416E+000	-2.00189E-001	-2.18672E+000	-2.00025E+000	6.74944E-005	11	..........a	-327.68
	98	99	-1.65336E+000	-2.00189E-001	-2.18776E+000	-2.00025E+000	7.01611E-005	11	..........a	-327.68
	99	100	-1.65376E+000	-2.00189E-001	-2.18720E+000	-2.00025E+000	7.41277E-005	11	..........a	-327.68
	100	101	-1.65376E+000	-2.00189E-001	-2.18717E+000	-2.00025E+000	3.25061E-004	11	..........a	-327.68
	101	102	-1.65416E+000	-2.00189E-001	-2.18744E+000	-2.00025E+000	3.23661E-004	11	..........a	-327.68
	102	103	-1.64656E+000	-2.00189E-001	-2.19690E+000	-2.00025E+000	3.20444E-004	11	..........a	-327.68
	103	104	-1.65416E+000	-2.00189E-001	-2.18859E+000	-2.00025E+000	3.22244E-004	11	..........a	-327.68
	104	105	-1.64616E+000	-2.00189E-001	-2.19693E+000	-2.00025E+000	3.22078E-004	11	..........a	-327.68
	105	106	-1.65416E+000	-2.00190E-001	-2.19138E+000	-2.00025E+000	3.15861E-004	11	..........a	-327.68
	106	107	-1.65416E+000	-2.00189E-001	-2.19078E+000	-2.00025E+000	3.17261E-004	11	..........a	-327.68
	107	108	-1.65416E+000	-2.00189E-001	-2.19030E+000	-2.00025E+000	3.19178E-004	11	..........a	-327.68
	108	109	-1.65256E+000	-2.00189E-001	-2.19278E+000	-2.00025E+000	3.24378E-004	11	..........a	-327.68
	109	110	-1.65576E+000	-2.00188E-001	-2.17730E+000	-2.00025E+000	3.25694E-004	11	..........a	-327.68
	110	111	-1.65336E+000	-2.00189E-001	-2.17856E+000	-2.00025E+000	3.29278E-004	11	..........a	-327.68
	111	112	-1.65176E+000	-2.00189E-001	-2.18117E+000	-2.00025E+000	3.26694E-004	11	..........a	-327.68
	112	113	-1.65336E+000	-2.00189E-001	-2.17484E+000	-2.00025E+000	3.25578E-004	11	..........a	-327.68
	113	114	-1.65096E+000	-2.00189E-001	-2.17837E+000	-2.00025E+000	3.24494E-004	11	..........a	-327.68
	114	115	-1.65256E+000	-2.00189E-001	-2.17918E+000	-2.00025E+000	3.24844E-004	11	..........a	-327.68
	115	116	-1.64616E+000	-2.00189E-001	-2.18602E+000	-2.00025E+000	3.29394E-004	11	..........a	-327.68
	116	117	-1.65176E+000	-2.00189E-001	-2.17972E+000	-2.00025E+000	3.17594E-004	11	..........a	-327.68
	117	118	-1.64616E+000	-2.00189E-001	-2.18380E+000	-2.00025E+000	3.18061E-004	11	..........a	-327.68
	118	119	-1.65256E+000	-2.00189E-001	-2.17755E+000	-2.00025E+000	3.16644E-004	11	..........a	-327.68
	119	120	-1.65336E+000	-2.00189E-001	-2.17694E+000	-2.00025E+000	3.19528E-004	11	..........a	-327.68
	120	121	-1.65336E+000	-2.00188E-001	-2.17769E+000	-2.00025E+000	3.19811E-004	11	..........a	-327.68
	121	122	-1.65176E+000	-2.00188E-001	-2.18103E+000	-2.00025E+000	3.25028E-004	11	..........a	-327.68
	122	123	-1.65296E+000	-2.00188E-001	-2.17969E+000	-2.00025E+000	3.26794E-004	11	..........a	-327.68
	123	124	-1.65016E+000	-2.00189E-001	-2.18275E+000	-2.00025E+000	3.25978E-004	11	..........a	-327.68
	124	125	-1.65416E+000	-2.00189E-001	-2.17642E+000	-2.00025E+000	3.23111E-004	11	..........a	-327.68
	125	126	-1.65376E+000	-2.00189E-001	-2.17583E+000	-2.00025E+000	3.21161E-004	11	..........a	-327.68
	126	127	-1.65216E+000	-2.00189E-001	-2.17731E+000	-2.00025E+000	3.20394E-004	11	..........a	-327.68
	127	128	-1.65256E+000	-2.00189E-001	-2.17442E+000	-2.00025E+000	3.28511E-004	11	..........a	-327.68
	128	129	-1.65176E+000	-2.00189E-001	-2.17862E+000	-2.00025E+000	3.22294E-004	11	..........a	-327.68
	129	130	-1.65336E+000	-2.00189E-001	-2.17727E+000	-2.00025E+000	3.20511E-004	11	..........a	-327.68
	130	131	-1.64416E+000	-2.00189E-001	-2.18393E+000	-2.00025E+000	3.26928E-004	11	..........a	-327.68
	131	132	-1.65296E+000	-2.00189E-001	-2.17514E+000	-2.00025E+000	3.25961E-004	11	..........a	-327.68
	132	133	-1.65176E+000	-2.00188E-001	-2.17643E+000	-2.00025E+000	3.28178E-004	11	..........a	-327.68
	133	134	-1.65176E+000	-2.00189E-001	-2.17638E+000	-2.00025E+000	3.29944E-004	11	..........a	-327.68
	134	135	-1.65056E+000	-2.00189E-001	-2.18048E+000	-2.00025E+000	3.20444E-004	11	..........a	-327.68
	135	136	-1.65296E+000	-2.00189E-001	-2.17776E+000	-2.00025E+000	3.25478E-004	11	..........a	-327.68
	136	137	-1.65216E+000	-2.00189E-001	-2.17983E+000	-2.00025E+000	3.18661E-004	11	..........a	-327.68
	137	138	-1.65256E+000	-2.00189E-001	-2.18054E+000	-2.00025E+000	3.16094E-004	11	..........a	-327.68
	138	139	-1.65096E+000	-2.00189E-001	-2.18172E+000	-2.00025E+000	3.25661E-004	11	..........a	-327.68
	139	140	-1.65256E+000	-2.00189E-001	-2.17820E+000	-2.00025E+000	3.22128E-004	11	..........a	-327.68
	140	141	-1.65096E+000	-2.00189E-001	-2.18201E+000	-2.00025E+000	3.17994E-004	11	..........a	-327.68
	141	142	-1.65016E+000	-2.00189E-001	-2.18302E+000	-2.00025E+000	3.17411E-004	11	..........a	-327.68
	142	143	-1.65136E+000	-2.00189E-001	-2.18166E+000	-2.00025E+000	3.19011E-004	11	..........a	-327.68
	143	144	-1.65056E+000	-2.00189E-001	-2.18470E+000	-2.00025E+000	3.17061E-004	11	..........a	-327.68
	144	145	-1.65136E+000	-2.00189E-001	-2.18338E+000	-2.00025E+000	3.23111E-004	11	..........a	-327.68
	145	146	-1.64376E+000	-2.00189E-001	-2.19131E+000	-2.00025E+000	3.23878E-004	11	..........a	-327.68
	146	147	-1.65096E+000	-2.00189E-001	-2.18228E+000	-2.00025E+000	3.24111E-004	11	..........a	-327.68
	147	148	-1.64376E+000	-2.00189E-001	-2.19143E+000	-2.00025E+000	3.23444E-004	11	..........a	-327.68
	148	149	-1.65256E+000	-2.00189E-001	-2.18301E+000	-2.00025E+000	3.27128E-004	11	..........a	-327.68
	149	150	-1.65056E+000	-2.00189E-001	-2.18495E+000	-2.00025E+000	3.27594E-004	11	..........a	-327.68
	150	151	-1.65016E+000	-2.00189E-001	-2.18452E+000	-2.00025E+000	3.16194E-004	11	..........a	-327.68
	151	152	-1.65176E+000	-2.00190E-001	-2.18301E+000	-2.00025E+000	3.19611E-004	11	..........a	-327.68
	152	153	-1.65016E+000	-2.00190E-001	-2.17702E+000	-2.00025E+000	3.19994E-004	11	..........a	-327.68
	153	154	-1.64976E+000	-2.00189E-001	-2.17457E+000	-2.00025E+000	3.24128E-004	11	..........a	-327.68
	154	155	-1.65016E+000	-2.00189E-001	-2.17317E+000	-2.00025E+000	3.16561E-004	11	..........a	-327.68
	155	156	-1.64896E+000	-2.00189E-001	-2.17671E+000	-2.00025E+000	3.22428E-004	11	..........a	-327.68
	156	157	-1.64936E+000	-2.00189E-001	-2.17663E+000	-2.00025E+000	3.28228E-004	11	..........a	-327.68
	157	158	-1.64936E+000	-2.00189E-001	-2.17542E+000	-2.00025E+000	3.17644E-004	11	..........a	-327.68
	158	159	-1.64176E+000	-2.00188E-001	-2.18334E+000	-2.00025E+000	3.18611E-004	11	..........a	-327.68
	159	160	-1.64976E+000	-2.00189E-001	-2.17489E+000	-2.00025E+000	3.23961E-004	11	..........a	-327.68
	160	161	-1.64296E+000	-2.00190E-001	-2.17986E+000	-2.00025E+000	3.19511E-004	11	..........a	-327.68
	161	162	-1.65056E+000	-2.00189E-001	-2.17394E+000	-2.00025E+000	3.19444E-004	11	..........a	-327.68
	162	163	-1.64936E+000	-2.00189E-001	-2.17633E+000	-2.00025E+000	3.24344E-004	11	..........a	-327.68
	163	164	-1.65016E+000	-2.00189E-001	-2.17849E+000	-2.00025E+000	3.22444E-004	11	..........a	-327.68
	164	165	-1.65216E+000	-2.00188E-001	-2.17618E+000	-2.00025E+000	3.21344E-004	11	..........a	-327.68
	165	166	-1.64776E+000	-2.00189E-001	-2.17881E+000	-2.00025E+000	3.20794E-004	11	..........a	-327.68
	166	167	-1.65016E+000	-2.00188E-001	-2.17738E+000	-2.00025E+000	3.19244E-004	11	..........a	-327.68
	167	168	-1.65016E+000	-2.00189E-001	-2.17845E+000	-2.00025E+000	3.20894E-004	11	..........a	-327.68
	168	169	-1.64936E+000	-2.00189E-001	-2.17927E+000	-2.00025E+000	3.21311E-004	11	..........a	-327.68
	169	170	-1.64976E+000	-2.00188E-001	-2.17882E+000	-2.00025E+000	2.98961E-004	11	..........a	-327.68
	170	171	-1.65016E+000	-2.00188E-001	-2.17735E+000	-2.00025E+000	2.94811E-004	11	..........a	-327.68
	171	172	-1.64176E+000	-2.00188E-001	-2.18846E+000	-2.00025E+000	2.90578E-004	11	..........a	-327.68
	172	173	-1.65016E+000	-2.00188E-001	-2.17988E+000	-2.00025E+000	2.94094E-004	11	..........a	-327.68
	173	174	-1.64296E+000	-2.00188E-001	-2.18648E+000	-2.00025E+000	2.90711E-004	11	..........a	-327.68
	174	175	-1.64816E+000	-2.00188E-001	-2.18348E+000	-2.00025E+000	2.93161E-004	11	..........a	-327.68
	175	176	-1.65016E+000	-2.00188E-001	-2.18077E+000	-2.00025E+000	2.97944E-004	11	..........a	-327.68
	176	177	-1.65056E+000	-2.00188E-001	-2.18099E+000	-2.00025E+000	2.97311E-004	11	..........a	-327.68
	177	178	-1.64616E+000	-2.00188E-001	-2.18518E+000	-2.00025E+000	2.97544E-004	11	..........a	-327.68
	178	179	-1.64936E+000	-2.00188E-001	-2.18076E+000	-2.00025E+000	2.91961E-004	11	..........a	-327.68
	179	180	-1.65056E+000	-2.00188E-001	-2.18105E+000	-2.00025E+000	2.91111E-004	11	..........a	-327.68
	180	181	-1.64936E+000	-2.00189E-001	-2.18142E+000	-2.00025E+000	2.93028E-004	11	..........a	-327.68
	181	182	-1.64776E+000	-2.00188E-001	-2.18338E+000	-2.00025E+000	2.90078E-004	11	..........a	-327.68
	182	183	-1.64856E+000	-2.00188E-001	-2.18217E+000	-2.00025E+000	2.95694E-004	11	..........a	-327.68
	183	184	-1.64696E+000	-2.00189E-001	-2.18432E+000	-2.00025E+000	3.02044E-004	11	..........a	-327.68
	184	185	-1.64936E+000	-2.00189E-001	-2.18366E+000	-2.00025E+000	3.04311E-004	11	..........a	-327.68
	185	186	-1.64816E+000	-2.00188E-001	-2.18194E+000	-2.00025E+000	3.00344E-004	11	..........a	-327.68
	186	187	-1.64776E+000	-2.00189E-001	-2.18165E+000	-2.00025E+000	2.94244E-004	11	..........a	-327.68
	187	188	-1.64776E+000	-2.00189E-001	-2.18301E+000	-2.00025E+000	2.89461E-004	11	..........a	-327.68
	188	189	-1.64816E+000	-2.00189E-001	-2.17988E+000	-2.00025E+000	2.94144E-004	11	..........a	-327.68
	189	190	-1.64776E+000	-2.00188E-001	-2.18072E+000	-2.00025E+000	2.88694E-004	11	..........a	-327.68
	190	191	-1.64776E+000	-2.00188E-001	-2.18183E+000	-2.00025E+000	2.89461E-004	11	..........a	-327.68
	191	192	-1.64776E+000	-2.00189E-001	-2.18322E+000	-2.00025E+000	2.88244E-004	11	..........a	-327.68
	192	193	-1.64856E+000	-2.00189E-001	-2.18256E+000	-2.00025E+000	2.90178E-004	11	..........a	-327.68
	193	194	-1.64776E+000	-2.00189E-001	-2.18305E+000	-2.00025E+000	2.92694E-004	11	..........a	-327.68
	194	195	-1.64776E+000	-2.00189E-001	-2.18388E+000	-2.00025E+000	2.92561E-004	11	..........a	-327.68
	195	196	-1.64776E+000	-2.00189E-001	-2.18402E+000	-2.00025E+000	2.93711E-004	11	..........a	-327.68
	196	197	-1.64856E+000	-2.00189E-001	-2.18455E+000	-2.00025E+000	2.87278E-004	11	..........a	-327.68
	197	198	-1.64616E+000	-2.00188E-001	-2.18724E+000	-2.00025E+000	2.94111E-004	11	..........a	-327.68
	198	199	-1.64576E+000	-2.00189E-001	-2.16397E+000	-2.00025E+000	2.96361E-004	11	..........a	-327.68
	199	200	-1.63936E+000	-2.00189E-001	-2.16854E+000	-2.00025E+000	2.99244E-004	11	..........a	-327.68
	200	201	-1.64696E+000	-2.00189E-001	-2.16087E+000	-2.00025E+000	2.93028E-004	11	..........a	-327.68
	201	202	-1.64536E+000	-2.00189E-001	-2.16583E+000	-2.00025E+000	2.87828E-004	11	..........a	-327.68
	202	203	-1.64736E+000	-2.00189E-001	-2.16358E+000	-2.00025E+000	3.00661E-004	11	..........a	-327.68
	203	204	-1.64696E+000	-2.00190E-001	-2.16378E+000	-2.00025E+000	2.92294E-004	11	..........a	-327.68
	204	205	-1.64936E+000	-2.00189E-001	-2.16243E+000	-2.00025E+000	2.98161E-004	11	..........a	-327.68
	205	206	-1.64736E+000	-2.00189E-001	-2.16376E+000	-2.00025E+000	3.02011E-004	11	..........a	-327.68
	206	207	-1.64776E+000	-2.00189E-001	-2.16475E+000	-2.00025E+000	2.96444E-004	11	..........a	-327.68
	207	208	-1.64616E+000	-2.00190E-001	-2.16437E+000	-2.00025E+000	2.93211E-004	11	..........a	-327.68
	208	209	-1.64936E+000	-2.00189E-001	-2.16198E+000	-2.00025E+000	2.95011E-004	11	..........a	-327.68
	209	210	-1.64536E+000	-2.00189E-001	-2.16894E+000	-2.00025E+000	2.97044E-004	11	..........a	-327.68
	210	211	-1.64576E+000	-2.00189E-001	-2.16796E+000	-2.00025E+000	2.94711E-004	11	..........a	-327.68
	211	212	-1.64816E+000	-2.00189E-001	-2.16262E+000	-2.00025E+000	2.96411E-004	11	..........a	-327.68
	212	213	-1.64536E+000	-2.00189E-001	-2.16562E+000	-2.00025E+000	3.00428E-004	11	..........a	-327.68
	213	214	-1.64616E+000	-2.00189E-001	-2.16566E+000	-2.00025E+000	2.87578E-004	11	..........a	-327.68
	214	215	-1.63936E+000	-2.00189E-001	-2.17247E+000	-2.00025E+000	2.90411E-004	11	..........a	-327.68
	215	216	-1.64616E+000	-2.00189E-001	-2.16498E+000	-2.00025E+000	2.93094E-004	11	..........a	-327.68
	216	217	-1.64536E+000	-2.00189E-001	-2.16786E+000	-2.00025E+000	2.95928E-004	11	..........a	-327.68
	217	218	-1.64536E+000	-2.00188E-001	-2.16736E+000	-2.00025E+000	2.87978E-004	11	..........a	-327.68
	218	219	-1.64816E+000	-2.00188E-001	-2.16416E+000	-2.00025E+000	2.98728E-004	11	..........a	-327.68
	219	220	-1.64736E+000	-2.00189E-001	-2.16565E+000	-2.00025E+000	2.95194E-004	11	..........a	-327.68
	220	221	-1.64656E+000	-2.00189E-001	-2.16699E+000	-2.00025E+000	3.06328E-004	11	..........a	-327.68
	221	222	-1.64696E+000	-2.00189E-001	-2.16589E+000	-2.00025E+000	2.99744E-004	11	..........a	-327.68
	222	223	-1.64696E+000	-2.00189E-001	-2.16531E+000	-2.00025E+000	3.00111E-004	11	..........a	-327.68
	223	224	-1.64736E+000	-2.00189E-001	-2.16274E+000	-2.00025E+000	2.97894E-004	11	..........a	-327.68
	224	225	-1.64776E+000	-2.00189E-001	-2.16543E+000	-2.00025E+000	2.94744E-004	11	..........a	-327.68
	225	226	-1.64736E+000	-2.00189E-001	-2.16536E+000	-2.00025E+000	2.94961E-004	11	..........a	-327.68
	226	227	-1.64496E+000	-2.00189E-001	-2.16793E+000	-2.00025E+000	2.96744E-004	11	..........a	-327.68
	227	228	-1.64416E+000	-2.00189E-001	-2.16946E+000	-2.00025E+000	2.93978E-004	11	..........a	-327.68
	228	229	-1.64776E+000	-2.00189E-001	-2.16627E+000	-2.00025E+000	2.95261E-004	11	..........a	-327.68
	229	230	-1.63776E+000	-2.00189E-001	-2.17786E+000	-2.00025E+000	2.92211E-004	11	..........a	-327.68
	230	231	-1.64496E+000	-2.00190E-001	-2.16807E+000	-2.00025E+000	2.97511E-004	11	..........a	-327.68
	231	232	-1.64656E+000	-2.00190E-001	-2.16644E+000	-2.00025E+000	3.00711E-004	11	..........a	-327.68
	232	233	-1.64656E+000	-2.00189E-001	-2.16829E+000	-2.00025E+000	2.98561E-004	11	..........a	-327.68
	233	234	-1.64496E+000	-2.00189E-001	-2.17107E+000	-2.00025E+000	2.92828E-004	11	..........a	-327.68
	234	235	-1.64656E+000	-2.00189E-001	-2.17045E+000	-2.00025E+000	2.92744E-004	11	..........a	-327.68
	235	236	-1.64496E+000	-2.00190E-001	-2.17352E+000	-2.00025E+000	2.99844E-004	11	..........a	-327.68
	236	237	-1.64776E+000	-2.00189E-001	-2.17110E+000	-2.00025E+000	2.97811E-004	11	..........a	-327.68
	237	238	-1.64536E+000	-2.00189E-001	-2.17279E+000	-2.00025E+000	3.00861E-004	11	..........a	-327.68
	238	239	-1.64616E+000	-2.00189E-001	-2.17392E+000	-2.00025E+000	3.03961E-004	11	..........a	-327.68
	239	240	-1.64576E+000	-2.00189E-001	-2.17362E+000	-2.00025E+000	3.00444E-004	11	..........a	-327.68
	240	241	-1.64656E+000	-2.00189E-001	-2.17259E+000	-2.00025E+000	2.97011E-004	11	..........a	-327.68
	241	242	-1.64576E+000	-2.00190E-001	-2.17092E+000	-2.00025E+000	2.91978E-004	11	..........a	-327.68
	242	243	-1.63776E+000	-2.00189E-001	-2.17925E+000	-2.00025E+000	2.90111E-004	11	..........a	-327.68
	243	244	-1.64456E+000	-2.00189E-001	-2.16943E+000	-2.00025E+000	2.97311E-004	11	..........a	-327.68
	244	245	-1.63776E+000	-2.00189E-001	-2.17764E+000	-2.00025E+000	2.99128E-004	11	..........a	-327.68
	245	246	-1.64376E+000	-2.00189E-001	-2.16992E+000	-2.00025E+000	2.96728E-004	11	..........a	-327.68
	246	247	-1.64376E+000	-2.00189E-001	-2.16851E+000	-2.00025E+000	2.95044E-004	11	..........a	-327.68
	247	248	-1.64416E+000	-2.00189E-001	-2.17267E+000	-2.00025E+000	2.96144E-004	11	..........a	-327.68
	248	249	-1.64656E+000	-2.00189E-001	-2.17075E+000	-2.00025E+000	2.92461E-004	11	..........a	-327.68
	249	250	-1.64496E+000	-2.00189E-001	-2.17233E+000	-2.00025E+000	2.97111E-004	11	..........a	-327.68
	250	251	-1.64496E+000	-2.00189E-001	-2.17450E+000	-2.00025E+000	2.95161E-004	11	..........a	-327.68
	251	252	-1.64256E+000	-2.00189E-001	-2.17621E+000	-2.00025E+000	3.00144E-004	11	..........a	-327.68
	252	253	-1.64456E+000	-2.00189E-001	-2.17353E+000	-2.00025E+000	2.96178E-004	11	..........a	-327.68
	253	254	-1.64416E+000	-2.00189E-001	-2.17443E+000	-2.00025E+000	2.97961E-004	11	..........a	-327.68
	254	255	-1.64256E+000	-2.00190E-001	-2.17782E+000	-2.00025E+000	3.02478E-004	11	..........a	-327.68
	255	256	-1.64496E+000	-2.00189E-001	-2.17577E+000	-2.00025E+000	3.04161E-004	11	..........a	-327.68
	256	257	-1.64496E+000	-2.00189E-001	-2.17507E+000	-2.00025E+000	3.03844E-004	11	..........a	-327.68
	257	258	-1.63656E+000	-2.00189E-001	-2.18661E+000	-2.00025E+000	2.94444E-004	11	..........a	-327.68
	258	259	-1.64456E+000	-2.00189E-001	-2.17849E+000	-2.00025E+000	2.98428E-004	11	..........a	-327.68
	259	260	-1.64496E+000	-2.00189E-001	-2.17771E+000	-2.00025E+000	2.98244E-004	11	..........a	-327.68
	260	261	-1.64496E+000	-2.00189E-001	-2.17824E+000	-2.00025E+000	3.07544E-004	11	..........a	-327.68
	261	262	-1.64336E+000	-2.00189E-001	-2.17861E+000	-2.00025E+000	3.00844E-004	11	..........a	-327.68
	262	263	-1.64496E+000	-2.00189E-001	-2.17917E+000	-2.00025E+000	2.99394E-004	11	..........a	-327.68
	263	264	-1.64536E+000	-2.00189E-001	-2.17836E+000	-2.00025E+000	3.01744E-004	11	..........a	-327.68
	264	265	-1.64496E+000	-2.00189E-001	-2.18028E+000	-2.00025E+000	3.03361E-004	11	..........a	-327.68
	265	266	-1.64336E+000	-2.00189E-001	-2.18067E+000	-2.00025E+000	3.04144E-004	11	..........a	-327.68
	266	267	-1.64336E+000	-2.00189E-001	-2.18147E+000	-2.00025E+000	2.99461E-004	11	..........a	-327.68
	267	268	-1.64336E+000	-2.00189E-001	-2.18172E+000	-2.00025E+000	3.02828E-004	11	..........a	-327.68
	268	269	-1.64496E+000	-2.00189E-001	-2.18018E+000	-2.00025E+000	3.03528E-004	11	..........a	-327.68
	269	270	-1.64336E+000	-2.00190E-001	-2.18201E+000	-2.00025E+000	3.06928E-004	11	..........a	-327.68
	270	271	-1.63456E+000	-2.00189E-001	-2.19200E+000	-2.00025E+000	3.06694E-004	11	..........a	-327.68
	271	272	-1.64256E+000	-2.00189E-001	-2.18435E+000	-2.00025E+000	3.07228E-004	11	..........a	-327.68
	272	273	-1.63656E+000	-2.00189E-001	-2.19057E+000	-2.00025E+000	2.96378E-004	11	..........a	-327.68
	273	274	-1.64296E+000	-2.00189E-001	-2.18261E+000	-2.00025E+000	3.02811E-004	11	..........a	-327.68
	274	275	-1.64336E+000	-2.00189E-001	-2.18314E+000	-2.00025E+000	3.07978E-004	11	..........a	-327.68
	275	276	-1.64296E+000	-2.00189E-001	-2.18360E+000	-2.00025E+000	3.01328E-004	11	..........a	-327.68
	276	277	-1.64336E+000	-2.00189E-001	-2.18457E+000	-2.00025E+000	2.96228E-004	11	..........a	-327.68
	277	278	-1.64216E+000	-2.00189E-001	-2.18280E+000	-2.00025E+000	3.09078E-004	11	..........a	-327.68
	278	279	-1.64016E+000	-2.00189E-001	-2.18351E+000	-2.00025E+000	3.03594E-004	11	..........a	-327.68
	279	280	-1.64216E+000	-2.00189E-001	-2.18381E+000	-2.00025E+000	2.99511E-004	11	..........a	-327.68
	280	281	-1.64336E+000	-2.00189E-001	-2.18270E+000	-2.00025E+000	2.96844E-004	11	..........a	-327.68
	281	282	-1.64336E+000	-2.00190E-001	-2.18320E+000	-2.00025E+000	3.01678E-004	11	..........a	-327.68
	282	283	-1.64376E+000	-2.00189E-001	-2.18273E+000	-2.00025E+000	3.05661E-004	11	..........a	-327.68
	283	284	-1.63536E+000	-2.00189E-001	-2.19290E+000	-2.00025E+000	2.99394E-004	11	..........a	-327.68
	284	285	-1.64296E+000	-2.00189E-001	-2.18642E+000	-2.00025E+000	3.08511E-004	11	..........a	-327.68
	285	286	-1.63616E+000	-2.00189E-001	-2.19065E+000	-2.00025E+000	3.07028E-004	11	..........a	-327.68
	286	287	-1.64336E+000	-2.00189E-001	-2.18740E+000	-2.00025E+000	3.14778E-004	11	..........a	-327.68
	287	288	-1.64296E+000	-2.00189E-001	-2.18835E+000	-2.00025E+000	3.19578E-004	11	..........a	-327.68
	288	289	-1.64456E+000	-2.00189E-001	-2.18591E+000	-2.00025E+000	3.18694E-004	11	..........a	-327.68
	289	290	-1.64336E+000	-2.00189E-001	-2.18786E+000	-2.00025E+000	3.09411E-004	11	..........a	-327.68
	290	291	-1.64256E+000	-2.00189E-001	-2.18721E+000	-2.00025E+000	3.14194E-004	11	..........a	-327.68
	291	292	-1.64536E+000	-2.00189E-001	-2.18628E+000	-2.00025E+000	3.08361E-004	11	..........a	-327.68
	292	293	-1.64016E+000	-2.00189E-001	-2.19278E+000	-2.00025E+000	3.06694E-004	11	..........a	-327.68
	293	294	-1.64016E+000	-2.00190E-001	-2.19078E+000	-2.00025E+000	3.05294E-004	11	..........a	-327.68
	294	295	-1.64256E+000	-2.00189E-001	-2.18772E+000	-2.00025E+000	3.03828E-004	11	..........a	-327.68
	295	296	-1.64096E+000	-2.00190E-001	-2.19134E+000	-2.00025E+000	3.06111E-004	11	..........a	-327.68
	296	297	-1.63496E+000	-2.00189E-001	-2.19717E+000	-2.00025E+000	3.10011E-004	11	..........a	-327.68
	297	298	-1.64096E+000	-2.00190E-001	-2.19182E+000	-2.00025E+000	3.07328E-004	11	..........a	-327.68
	298	299	-1.64296E+000	-2.00190E-001	-2.19249E+000	-2.00025E+000	3.07761E-004	11	..........a	-327.68
	299	300	-1.64056E+000	-2.00190E-001	-2.16394E+000	-2.00025E+000	3.07994E-004	11	..........a	-327.68
	300	301	-1.64216E+000	-2.00190E-001	-2.16190E+000	-2.00025E+000	3.09394E-004	11	..........a	-327.68
	301	302	-1.63976E+000	-2.00190E-001	-2.16468E+000	-2.00025E+000	3.04078E-004	11	..........a	-327.68
	302	303	-1.63776E+000	-2.00190E-001	-2.16615E+000	-2.00025E+000	3.04111E-004	11	..........a	-327.68
	303	304	-1.63816E+000	-2.00190E-001	-2.16492E+000	-2.00025E+000	3.11411E-004	11	..........a	-327.68
	304	305	-1.64296E+000	-2.00189E-001	-2.16108E+000	-2.00025E+000	3.05028E-004	11	..........a	-327.68
	305	306	-1.63816E+000	-2.00190E-001	-2.16677E+000	-2.00025E+000	3.08244E-004	11	..........a	-327.68
	306	307	-1.64216E+000	-2.00190E-001	-2.16130E+000	-2.00025E+000	3.06878E-004	11	..........a	-327.68
	307	308	-1.63936E+000	-2.00189E-001	-2.16509E+000	-2.00025E+000	3.11544E-004	11	..........a	-327.68
	308	309	-1.64256E+000	-2.00189E-001	-2.16029E+000	-2.00025E+000	3.01828E-004	11	..........a	-327.68
	309	310	-1.64176E+000	-2.00189E-001	-2.16088E+000	-2.00025E+000	3.09794E-004	11	..........a	-327.68
	310	311	-1.64176E+000	-2.00190E-001	-2.15912E+000	-2.00025E+000	3.13878E-004	11	..........a	-327.68
	311	312	-1.63816E+000	-2.00189E-001	-2.16300E+000	-2.00025E+000	3.10961E-004	11	..........a	-327.68
	312	313	-1.63936E+000	-2.00189E-001	-2.16202E+000	-2.00025E+000	3.05711E-004	11	..........a	-327.68
	313	314	-1.63936E+000	-2.00190E-001	-2.16177E+000	-2.00025E+000	3.03778E-004	11	..........a	-327.68
	314	315	-1.63816E+000	-2.00189E-001	-2.16293E+000	-2.00025E+000	3.13611E-004	11	..........a	-327.68
	315	316	-1.63896E+000	-2.00189E-001	-2.16477E+000	-2.00025E+000	3.17511E-004	11	..........a	-327.68
	316	317	-1.63936E+000	-2.00189E-001	-2.16468E+000	-2.00025E+000	3.09211E-004	11	..........a	-327.68
	317	318	-1.63816E+000	-2.00190E-001	-2.16408E+000	-2.00025E+000	3.02728E-004	11	..........a	-327.68
	318	319	-1.63976E+000	-2.00190E-001	-2.15344E+000	-2.00025E+000	3.07478E-004	11	..........a	-327.68
	319	320	-1.63936E+000	-2.00189E-001	-2.15306E+000	-2.00025E+000	3.05494E-004	11	..........a	-327.68
	320	321	-1.63936E+000	-2.00190E-001	-2.15174E+000	-2.00025E+000	3.09611E-004	11	..........a	-327.68
	321	322	-1.64096E+000	-2.00190E-001	-2.15271E+000	-2.00025E+000	3.09461E-004	11	..........a	-327.68
	322	323	-1.63136E+000	-2.00189E-001	-2.16153E+000	-2.00025E+000	3.08128E-004	11	..........a	-327.68
	323	324	-1.63896E+000	-2.00189E-001	-2.15481E+000	-2.00025E+000	3.06128E-004	11	..........a	-327.68
	324	325	-1.64136E+000	-2.00189E-001	-2.15147E+000	-2.00025E+000	3.05544E-004	11	..........a	-327.68
	325	326	-1.63936E+000	-2.00190E-001	-2.15286E+000	-2.00025E+000	3.07878E-004	11	..........a	-327.68
	326	327	-1.63856E+000	-2.00190E-001	-2.15299E+000	-2.00025E+000	3.07111E-004	11	..........a	-327.68
	327	328	-1.63856E+000	-2.00190E-001	-2.15380E+000	-2.00025E+000	3.11661E-004	11	..........a	-327.68
	328	329	-1.63936E+000	-2.00189E-001	-2.15385E+000	-2.00025E+000	3.03161E-004	11	..........a	-327.68
	329	330	-1.64096E+000	-2.00189E-001	-2.15173E+000	-2.00025E+000	3.12644E-004	11	..........a	-327.68
	330	331	-1.64016E+000	-2.00190E-001	-2.15284E+000	-2.00025E+000	3.06944E-004	11	..........a	-327.68
	331	332	-1.63776E+000	-2.00189E-001	-2.15567E+000	-2.00025E+000	2.98861E-004	11	..........a	-327.68
	332	333	-1.63576E+000	-2.00189E-001	-2.15847E+000	-2.00025E+000	3.09061E-004	11	..........a	-327.68
	333	334	-1.64056E+000	-2.00190E-001	-2.15404E+000	-2.00025E+000	3.16544E-004	11	..........a	-327.68
	334	335	-1.64056E+000	-2.00189E-001	-2.15670E+000	-2.00025E+000	3.16828E-004	11	..........a	-327.68
	335	336	-1.63976E+000	-2.00189E-001	-2.15690E+000	-2.00025E+000	3.15578E-004	11	..........a	-327.68
	336	337	-1.63976E+000	-2.00189E-001	-2.15712E+000	-2.00025E+000	3.16411E-004	11	..........a	-327.68
	337	338	-1.63336E+000	-2.00189E-001	-2.16329E+000	-2.00025E+000	3.18128E-004	11	..........a	-327.68
	338	339	-1.63976E+000	-2.00189E-001	-2.15685E+000	-2.00025E+000	3.12394E-004	11	..........a	-327.68
	339	340	-1.64136E+000	-2.00189E-001	-2.15655E+000	-2.00025E+000	3.11694E-004	11	..........a	-327.68
	340	341	-1.64056E+000	-2.00189E-001	-2.14786E+000	-2.00025E+000	3.11961E-004	11	..........a	-327.68
	341	342	-1.63976E+000	-2.00189E-001	-2.14641E+000	-2.00025E+000	3.13678E-004	11	..........a	-327.68
	342	343	-1.63896E+000	-2.00189E-001	-2.14574E+000	-2.00025E+000	3.12611E-004	11	..........a	-327.68
	343	344	-1.64016E+000	-2.00190E-001	-2.14093E+000	-2.00025E+000	3.11628E-004	11	..........a	-327.68
	344	345	-1.63856E+000	-2.00189E-001	-2.14042E+000	-2.00025E+000	3.16461E-004	11	..........a	-327.68
	345	346	-1.63696E+000	-2.00190E-001	-2.13784E+000	-2.00025E+000	3.13778E-004	11	..........a	-327.68
	346	347	-1.63696E+000	-2.00190E-001	-2.13439E+000	-2.00025E+000	3.13578E-004	11	..........a	-327.68
	347	348	-1.63576E+000	-2.00189E-001	-2.13504E+000	-2.00025E+000	3.08378E-004	11	..........a	-327.68
	348	349	-1.63536E+000	-2.00189E-001	-2.11877E+000	-2.00025E+000	3.03861E-004	11	..........a	-327.68
	349	350	-1.63456E+000	-2.00189E-001	-2.12148E+000	-2.00025E+000	3.09411E-004	11	..........a	-327.68
	350	351	-1.63496E+000	-2.00189E-001	-2.12267E+000	-2.00025E+000	3.13578E-004	11	..........a	-327.68
	351	352	-1.63616E+000	-2.00189E-001	-2.12336E+000	-2.00025E+000	3.12128E-004	11	..........a	-327.68
	352	353	-1.63576E+000	-2.00190E-001	-2.12403E+000	-2.00025E+000	3.13161E-004	11	..........a	-327.68
	353	354	-1.63536E+000	-2.00190E-001	-2.12403E+000	-2.00025E+000	3.15261E-004	11	..........a	-327.68
	354	355	-1.63776E+000	-2.00190E-001	-2.12171E+000	-2.00025E+000	3.10594E-004	11	..........a	-327.68
	355	356	-1.63496E+000	-2.00189E-001	-2.12436E+000	-2.00025E+000	3.16411E-004	11	..........a	-327.68
	356	357	-1.63696E+000	-2.00190E-001	-2.12409E+000	-2.00025E+000	3.10644E-004	11	..........a	-327.68
	357	358	-1.63736E+000	-2.00189E-001	-2.12361E+000	-2.00025E+000	3.14478E-004	11	..........a	-327.68
	358	359	-1.63616E+000	-2.00190E-001	-2.12473E+000	-2.00025E+000	3.16944E-004	11	..........a	-327.68
	359	360	-1.63696E+000	-2.00189E-001	-2.12411E+000	-2.00025E+000	3.19928E-004	11	..........a	-327.68
	360	361	-1.63656E+000	-2.00190E-001	-2.12568E+000	-2.00025E+000	3.13561E-004	11	..........a	-327.68
	361	362	-1.63496E+000	-2.00190E-001	-2.12710E+000	-2.00025E+000	3.16978E-004	11	..........a	-327.68
	362	363	-1.63456E+000	-2.00190E-001	-2.12743E+000	-2.00025E+000	3.14128E-004	11	..........a	-327.68
	363	364	-1.63576E+000	-2.00190E-001	-2.12672E+000	-2.00025E+000	3.15528E-004	11	..........a	-327.68
	364	365	-1.63816E+000	-2.00190E-001	-2.12366E+000	-2.00025E+000	3.21628E-004	11	..........a	-327.68
	365	366	-1.63536E+000	-2.00189E-001	-2.12562E+000	-2.00025E+000	3.18044E-004	11	..........a	-327.68
	366	367	-1.63336E+000	-2.00190E-001	-2.12597E+000	-2.00025E+000	3.22461E-004	11	..........a	-327.68
	367	368	-1.63496E+000	-2.00189E-001	-2.12602E+000	-2.00025E+000	3.17028E-004	11	..........a	-327.68
	368	369	-1.63416E+000	-2.00190E-001	-2.12649E+000	-2.00025E+000	3.14544E-004	11	..........a	-327.68
	369	370	-1.63416E+000	-2.00189E-001	-2.12791E+000	-2.00025E+000	3.15261E-004	11	..........a	-327.68
	370	371	-1.63496E+000	-2.00190E-001	-2.12678E+000	-2.00025E+000	3.13578E-004	11	..........a	-327.68
	371	372	-1.63576E+000	-2.00190E-001	-2.12680E+000	-2.00025E+000	3.18544E-004	11	..........a	-327.68
	372	373	-1.63496E+000	-2.00189E-001	-2.12686E+000	-2.00025E+000	3.20011E-004	11	..........a	-327.68
	373	374	-1.63376E+000	-2.00189E-001	-2.12758E+000	-2.00025E+000	3.09844E-004	11	..........a	-327.68
	374	375	-1.63576E+000	-2.00190E-001	-2.12635E+000	-2.00025E+000	3.14694E-004	11	..........a	-327.68
	375	376	-1.63416E+000	-2.00190E-001	-2.13167E+000	-2.00025E+000	3.16061E-004	11	..........a	-327.68
	376	377	-1.63736E+000	-2.00190E-001	-2.12899E+000	-2.00025E+000	3.16328E-004	11	..........a	-327.68
	377	378	-1.63616E+000	-2.00189E-001	-2.12913E+000	-2.00025E+000	3.14261E-004	11	..........a	-327.68
	378	379	-1.62896E+000	-2.00190E-001	-2.13601E+000	-2.00025E+000	3.16011E-004	11	..........a	-327.68
	379	380	-1.63496E+000	-2.00190E-001	-2.12946E+000	-2.00025E+000	3.15644E-004	11	..........a	-327.68
	380	381	-1.62816E+000	-2.00190E-001	-2.13814E+000	-2.00025E+000	3.12394E-004	11	..........a	-327.68
	381	382	-1.63576E+000	-2.00190E-001	-2.13089E+000	-2.00025E+000	3.09844E-004	11	..........a	-327.68
	382	383	-1.63536E+000	-2.00189E-001	-2.13102E+000	-2.00025E+000	3.08694E-004	11	..........a	-327.68
	383	384	-1.63576E+000	-2.00190E-001	-2.13049E+000	-2.00025E+000	3.16378E-004	11	..........a	-327.68
	384	385	-1.63496E+000	-2.00189E-001	-2.13179E+000	-2.00025E+000	3.06878E-004	11	..........a	-327.68
	385	386	-1.63336E+000	-2.00190E-001	-2.13159E+000	-2.00025E+000	3.09394E-004	11	..........a	-327.68
	386	387	-1.63736E+000	-2.00190E-001	-2.12893E+000	-2.00025E+000	3.09811E-004	11	..........a	-327.68
	387	388	-1.63416E+000	-2.00222E-001	-2.12888E+000	-2.00025E+000	9.81178E-004	11	..........a	-327.68
	388	389	-1.63496E+000	-2.00223E-001	-2.12752E+000	-2.00025E+000	9.93861E-004	11	..........a	-327.68
	389	390	-1.63456E+000	-2.00223E-001	-2.12800E+000	-2.00025E+000	9.98194E-004	11	..........a	-327.68
	390	391	-1.63496E+000	-2.00222E-001	-2.12761E+000	-2.00025E+000	1.00336E-003	11	..........a	-327.68
	391	392	-1.63416E+000	-2.00222E-001	-2.12970E+000	-2.00025E+000	9.93878E-004	11	..........a	-327.68
	392	393	-1.63496E+000	-2.00222E-001	-2.11074E+000	-2.00025E+000	9.74144E-004	11	..........a	-327.68
	393	394	-1.63416E+000	-2.00222E-001	-2.11399E+000	-2.00025E+000	9.73628E-004	11	..........a	-327.68
	394	395	-1.63416E+000	-2.00222E-001	-2.11307E+000	-2.00025E+000	9.72694E-004	11	..........a	-327.68
	395	396	-1.63496E+000	-2.00222E-001	-2.11265E+000	-2.00025E+000	9.67961E-004	11	..........a	-327.68
	396	397	-1.63416E+000	-2.00223E-001	-2.11318E+000	-2.00025E+000	9.96794E-004	11	..........a	-327.68
	397	398	-1.63576E+000	-2.00223E-001	-2.11111E+000	-2.00025E+000	1.01674E-003	11	..........a	-327.68
	398	399	-1.63496E+000	-2.00223E-001	-2.11188E+000	-2.00025E+000	1.01396E-003	11	..........a	-327.68
	399	400	-1.63416E+000	-2.00223E-001	-2.11328E+000	-2.00025E+000	9.95894E-004	11	..........a	-327.68
	400	401	-1.63416E+000	-2.00222E-001	-2.11413E+000	-2.00025E+000	9.88794E-004	11	..........a	-327.68
	401	402	-1.63416E+000	-2.00222E-001	-2.11404E+000	-2.00025E+000	9.90994E-004	11	..........a	-327.68
	402	403	-1.63416E+000	-2.00222E-001	-2.11547E+000	-2.00025E+000	9.84594E-004	11	..........a	-327.68
	403	404	-1.63496E+000	-2.00222E-001	-2.11316E+000	-2.00025E+000	9.95261E-004	11	..........a	-327.68
	404	405	-1.63496E+000	-2.00223E-001	-2.11518E+000	-2.00025E+000	1.01518E-003	11	..........a	-327.68
	405	406	-1.63416E+000	-2.00223E-001	-2.11809E+000	-2.00025E+000	1.01263E-003	11	..........a	-327.68
	406	407	-1.63496E+000	-2.00223E-001	-2.11942E+000	-2.00025E+000	9.86011E-004	11	..........a	-327.68
	407	408	-1.63576E+000	-2.00223E-001	-2.11800E+000	-2.00025E+000	9.90494E-004	11	..........a	-327.68
	408	409	-1.63416E+000	-2.00222E-001	-2.11579E+000	-2.00025E+000	9.83961E-004	11	..........a	-327.68
	409	410	-1.63416E+000	-2.00222E-001	-2.11393E+000	-2.00025E+000	9.93944E-004	11	..........a	-327.68
	410	411	-1.63416E+000	-2.00223E-001	-2.11353E+000	-2.00025E+000	1.00009E-003	11	..........a	-327.68
	411	412	-1.63416E+000	-2.00223E-001	-2.10924E+000	-2.00025E+000	1.00876E-003	11	..........a	-327.68
	412	413	-1.63496E+000	-2.00223E-001	-2.10977E+000	-2.00025E+000	1.00226E-003	11	..........a	-327.68
	413	414	-1.63456E+000	-2.00222E-001	-2.11154E+000	-2.00025E+000	9.96311E-004	11	..........a	-327.68
	414	415	-1.63496E+000	-2.00223E-001	-2.11099E+000	-2.00025E+000	9.82694E-004	11	..........a	-327.68
	415	416	-1.63496E+000	-2.00222E-001	-2.10651E+000	-2.00025E+000	9.75644E-004	11	..........a	-327.68
	416	417	-1.63456E+000	-2.00222E-001	-2.10922E+000	-2.00025E+000	9.70744E-004	11	..........a	-327.68
	417	418	-1.62856E+000	-2.00222E-001	-2.11426E+000	-2.00025E+000	9.74078E-004	11	..........a	-327.68
	418	419	-1.63496E+000	-2.00222E-001	-2.10827E+000	-2.00025E+000	9.89844E-004	11	..........a	-327.68
	419	420	-1.63416E+000	-2.00223E-001	-2.10964E+000	-2.00025E+000	9.75744E-004	11	..........a	-327.68
	420	421	-1.63496E+000	-2.00222E-001	-2.11026E+000	-2.00025E+000	9.76528E-004	11	..........a	-327.68
	421	422	-1.63416E+000	-2.00223E-001	-2.11133E+000	-2.00025E+000	9.79828E-004	11	..........a	-327.68
	422	423	-1.63576E+000	-2.00222E-001	-2.10830E+000	-2.00025E+000	9.72444E-004	11	..........a	-327.68
	423	424	-1.63416E+000	-2.00222E-001	-2.11100E+000	-2.00025E+000	9.66311E-004	11	..........a	-327.68
	424	425	-1.63576E+000	-2.00222E-001	-2.11032E+000	-2.00025E+000	9.88078E-004	11	..........a	-327.68
	425	426	-1.63656E+000	-2.00223E-001	-2.11022E+000	-2.00025E+000	9.97778E-004	11	..........a	-327.68
	426	427	-1.63576E+000	-2.00223E-001	-2.11002E+000	-2.00025E+000	1.00733E-003	11	..........a	-327.68
	427	428	-1.63496E+000	-2.00223E-001	-2.11130E+000	-2.00025E+000	9.81194E-004	11	..........a	-327.68
	428	429	-1.63496E+000	-2.00222E-001	-2.11192E+000	-2.00025E+000	9.86278E-004	11	..........a	-327.68
	429	430	-1.63496E+000	-2.00222E-001	-2.11118E+000	-2.00025E+000	9.80311E-004	11	..........a	-327.68
	430	431	-1.63416E+000	-2.00222E-001	-2.11281E+000	-2.00025E+000	9.83961E-004	11	..........a	-327.68
	431	432	-1.63416E+000	-2.00222E-001	-2.11036E+000	-2.00025E+000	9.79978E-004	11	..........a	-327.68
	432	433	-1.63416E+000	-2.00223E-001	-2.10955E+000	-2.00025E+000	1.00644E-003	11	..........a	-327.68
	433	434	-1.63336E+000	-2.00223E-001	-2.10908E+000	-2.00025E+000	9.81444E-004	11	..........a	-327.68
	434	435	-1.63456E+000	-2.00222E-001	-2.10684E+000	-2.00025E+000	9.78528E-004	11	..........a	-327.68
	435	436	-1.63256E+000	-2.00222E-001	-2.10969E+000	-2.00025E+000	9.62578E-004	11	..........a	-327.68
	436	437	-1.63256E+000	-2.00222E-001	-2.11291E+000	-2.00025E+000	9.56444E-004	11	..........a	-327.68
	437	438	-1.63176E+000	-2.00222E-001	-2.11355E+000	-2.00025E+000	9.51511E-004	11	..........a	-327.68
	438	439	-1.63416E+000	-2.00222E-001	-2.11097E+000	-2.00025E+000	9.49261E-004	11	..........a	-327.68
	439	440	-1.63576E+000	-2.00222E-001	-2.11101E+000	-2.00025E+000	9.67394E-004	11	..........a	-327.68
	440	441	-1.63576E+000	-2.00223E-001	-2.11200E+000	-2.00025E+000	9.89728E-004	11	..........a	-327.68
	441	442	-1.63336E+000	-2.00222E-001	-2.11544E+000	-2.00025E+000	1.00568E-003	11	..........a	-327.68
	442	443	-1.63336E+000	-2.00223E-001	-2.11614E+000	-2.00025E+000	1.00248E-003	11	..........a	-327.68
	443	444	-1.63256E+000	-2.00222E-001	-2.11734E+000	-2.00025E+000	9.92161E-004	11	..........a	-327.68
	444	445	-1.63496E+000	-2.00222E-001	-2.11494E+000	-2.00025E+000	9.85328E-004	11	..........a	-327.68
	445	446	-1.63456E+000	-2.00222E-001	-2.11539E+000	-2.00025E+000	9.98094E-004	11	..........a	-327.68
	446	447	-1.63416E+000	-2.00222E-001	-2.11661E+000	-2.00025E+000	9.95994E-004	11	..........a	-327.68
	447	448	-1.62736E+000	-2.00222E-001	-2.12397E+000	-2.00025E+000	1.01154E-003	11	..........a	-327.68
	448	449	-1.63416E+000	-2.00223E-001	-2.11611E+000	-2.00025E+000	1.00728E-003	11	..........a	-327.68
	449	450	-1.63416E+000	-2.00223E-001	-2.11686E+000	-2.00025E+000	9.92978E-004	11	..........a	-327.68
	450	451	-1.63776E+000	-2.00222E-001	-2.11361E+000	-2.00025E+000	9.78561E-004	11	..........a	-327.68
	451	452	-1.63336E+000	-2.00222E-001	-2.11796E+000	-2.00025E+000	9.77078E-004	11	..........a	-327.68
	452	453	-1.63296E+000	-2.00221E-001	-2.12065E+000	-2.00025E+000	9.69311E-004	11	..........a	-327.68
	453	454	-1.63416E+000	-2.00222E-001	-2.12079E+000	-2.00025E+000	1.00008E-003	11	..........a	-327.68
	454	455	-1.63416E+000	-2.00222E-001	-2.12111E+000	-2.00025E+000	9.98711E-004	11	..........a	-327.68
	455	456	-1.63576E+000	-2.00223E-001	-2.11994E+000	-2.00025E+000	1.01629E-003	11	..........a	-327.68
	456	457	-1.63376E+000	-2.00187E-001	-2.12351E+000	-2.00025E+000	2.47378E-004	11	..........a	-327.68
	457	458	-1.63416E+000	-2.00186E-001	-2.12440E+000	-2.00025E+000	2.41478E-004	11	..........a	-327.68
	458	459	-1.62656E+000	-2.00187E-001	-2.13229E+000	-2.00025E+000	2.44128E-004	11	..........a	-327.68
	459	460	-1.63416E+000	-2.00187E-001	-2.12570E+000	-2.00025E+000	2.32778E-004	11	..........a	-327.68
	460	461	-1.63496E+000	-2.00187E-001	-2.12507E+000	-2.00025E+000	2.36828E-004	11	..........a	-327.68
	461	462	-1.63336E+000	-2.00187E-001	-2.12594E+000	-2.00025E+000	2.34144E-004	11	..........a	-327.68
	462	463	-1.63256E+000	-2.00187E-001	-2.12763E+000	-2.00025E+000	2.48661E-004	11	..........a	-327.68
	463	464	-1.63416E+000	-2.00187E-001	-2.12534E+000	-2.00025E+000	2.38761E-004	11	..........a	-327.68
	464	465	-1.63496E+000	-2.00188E-001	-2.12439E+000	-2.00025E+000	2.46394E-004	11	..........a	-327.68
	465	466	-1.63376E+000	-2.00187E-001	-2.12638E+000	-2.00025E+000	2.49478E-004	11	..........a	-327.68
	466	467	-1.63336E+000	-2.00187E-001	-2.12850E+000	-2.00025E+000	2.51061E-004	11	..........a	-327.68
	467	468	-1.63376E+000	-2.00187E-001	-2.12821E+000	-2.00025E+000	2.48244E-004	11	..........a	-327.68
	468	469	-1.63456E+000	-2.00187E-001	-2.12774E+000	-2.00025E+000	2.44628E-004	11	..........a	-327.68
	469	470	-1.63296E+000	-2.00187E-001	-2.12867E+000	-2.00025E+000	2.44728E-004	11	..........a	-327.68
	470	471	-1.63376E+000	-2.00187E-001	-2.12789E+000	-2.00025E+000	2.46144E-004	11	..........a	-327.68
	471	472	-1.63296E+000	-2.00187E-001	-2.12801E+000	-2.00025E+000	2.52844E-004	11	..........a	-327.68
	472	473	-1.63416E+000	-2.00187E-001	-2.12668E+000	-2.00025E+000	2.48578E-004	11	..........a	-327.68
	473	474	-1.63336E+000	-2.00187E-001	-2.12969E+000	-2.00025E+000	2.51828E-004	11	..........a	-327.68
	474	475	-1.63256E+000	-2.00187E-001	-2.13150E+000	-2.00025E+000	2.44628E-004	11	..........a	-327.68
	475	476	-1.62616E+000	-2.00187E-001	-2.13924E+000	-2.00025E+000	2.46994E-004	11	..........a	-327.68
	476	477	-1.63856E+000	-2.00187E-001	-2.12502E+000	-2.00025E+000	2.42978E-004	11	..........a	-327.68
	477	478	-1.63296E+000	-2.00187E-001	-2.13210E+000	-2.00025E+000	2.45861E-004	11	..........a	-327.68
	478	479	-1.63496E+000	-2.00187E-001	-2.13055E+000	-2.00025E+000	2.52661E-004	11	..........a	-327.68
	479	480	-1.63456E+000	-2.00187E-001	-2.13102E+000	-2.00025E+000	2.53394E-004	11	..........a	-327.68
	480	481	-1.63216E+000	-2.00187E-001	-2.13101E+000	-2.00025E+000	2.50161E-004	11	..........a	-327.68
	481	482	-1.63936E+000	-2.00187E-001	-2.12334E+000	-2.00025E+000	2.44744E-004	11	..........a	-327.68
	482	483	-1.64016E+000	-2.00187E-001	-2.08617E+000	-2.00025E+000	2.34428E-004	11	..........a	-327.68
	483	484	-1.63136E+000	-2.00187E-001	-2.09647E+000	-2.00025E+000	2.46611E-004	11	..........a	-327.68
	484	485	-1.63336E+000	-2.00187E-001	-2.09528E+000	-2.00025E+000	2.49461E-004	11	..........a	-327.68
	485	486	-1.63376E+000	-2.00187E-001	-2.09596E+000	-2.00025E+000	2.47744E-004	11	..........a	-327.68
	486	487	-1.63376E+000	-2.00187E-001	-2.09556E+000	-2.00025E+000	2.42344E-004	11	..........a	-327.68
	487	488	-1.63176E+000	-2.00187E-001	-2.09734E+000	-2.00025E+000	2.41728E-004	11	..........a	-327.68
	488	489	-1.63376E+000	-2.00187E-001	-2.09513E+000	-2.00025E+000	2.44511E-004	11	..........a	-327.68
	489	490	-1.63416E+000	-2.00187E-001	-2.09666E+000	-2.00025E+000	2.37644E-004	11	..........a	-327.68
	490	491	-1.63376E+000	-2.00187E-001	-2.09946E+000	-2.00025E+000	2.38061E-004	11	..........a	-327.68
	491	492	-1.63416E+000	-2.00187E-001	-2.09823E+000	-2.00025E+000	2.46511E-004	11	..........a	-327.68
	492	493	-1.63176E+000	-2.00187E-001	-2.10111E+000	-2.00025E+000	2.47361E-004	11	..........a	-327.68
	493	494	-1.63416E+000	-2.00187E-001	-2.09797E+000	-2.00025E+000	2.42311E-004	11	..........a	-327.68
	494	495	-1.63336E+000	-2.00187E-001	-2.09838E+000	-2.00025E+000	2.50011E-004	11	..........a	-327.68
	495	496	-1.63936E+000	-2.00187E-001	-2.09265E+000	-2.00025E+000	2.43428E-004	11	..........a	-327.68
	496	497	-1.63296E+000	-2.00187E-001	-2.09861E+000	-2.00025E+000	2.51261E-004	11	..........a	-327.68
	497	498	-1.63336E+000	-2.00187E-001	-2.10005E+000	-2.00025E+000	2.52561E-004	11	..........a	-327.68
	498	499	-1.63256E+000	-2.00186E-001	-2.10072E+000	-2.00025E+000	2.50778E-004	11	..........a	-327.68
	499	500	-1.63096E+000	-2.00187E-001	-2.10406E+000	-2.00025E+000	2.43344E-004	11	..........a	-327.68
	500	501	-1.63336E+000	-2.00187E-001	-2.10188E+000	-2.00025E+000	2.47828E-004	11	..........a	-327.68
	501	502	-1.63296E+000	-2.00186E-001	-2.10197E+000	-2.00025E+000	2.46494E-004	11	..........a	-327.68
	502	503	-1.63296E+000	-2.00186E-001	-2.10172E+000	-2.00025E+000	2.39544E-004	11	..........a	-327.68
	503	504	-1.62536E+000	-2.00186E-001	-2.11084E+000	-2.00025E+000	2.51578E-004	11	..........a	-327.68
	504	505	-1.63216E+000	-2.00187E-001	-2.10363E+000	-2.00025E+000	2.48361E-004	11	..........a	-327.68
	505	506	-1.63216E+000	-2.00187E-001	-2.10372E+000	-2.00025E+000	2.45161E-004	11	..........a	-327.68
	506	507	-1.63456E+000	-2.00187E-001	-2.10611E+000	-2.00025E+000	2.50161E-004	11	..........a	-327.68
	507	508	-1.63456E+000	-2.00187E-001	-2.11176E+000	-2.00025E+000	2.46161E-004	11	..........a	-327.68
	508	509	-1.63336E+000	-2.00187E-001	-2.11383E+000	-2.00025E+000	2.46594E-004	11	..........a	-327.68
	509	510	-1.63736E+000	-2.00186E-001	-2.10800E+000	-2.00025E+000	2.44228E-004	11	..........a	-327.68
	510	511	-1.63376E+000	-2.00187E-001	-2.10904E+000	-2.00025E+000	2.42911E-004	11	..........a	-327.68
	511	512	-1.63376E+000	-2.00187E-001	-2.10968E+000	-2.00025E+000	2.39478E-004	11	..........a	-327.68
	512	513	-1.63176E+000	-2.00187E-001	-2.11315E+000	-2.00025E+000	2.45778E-004	11	..........a	-327.68
	513	514	-1.63296E+000	-2.00187E-001	-2.11196E+000	-2.00025E+000	2.48094E-004	11	..........a	-327.68
	514	515	-1.63296E+000	-2.00186E-001	-2.11449E+000	-2.00025E+000	2.47528E-004	11	..........a	-327.68
	515	516	-1.63456E+000	-2.00186E-001	-2.11415E+000	-2.00025E+000	2.41478E-004	11	..........a	-327.68
	516	517	-1.63416E+000	-2.00186E-001	-2.11403E+000	-2.00025E+000	2.42494E-004	11	..........a	-327.68
	517	518	-1.63496E+000	-2.00187E-001	-2.11234E+000	-2.00025E+000	2.46594E-004	11	..........a	-327.68
	518	519	-1.63296E+000	-2.00186E-001	-2.11488E+000	-2.00025E+000	2.41444E-004	11	..........a	-327.68
	519	520	-1.63816E+000	-2.00187E-001	-2.11354E+000	-2.00025E+000	2.36261E-004	11	..........a	-327.68
	520	521	-1.63296E+000	-2.00187E-001	-2.11773E+000	-2.00025E+000	2.39878E-004	11	..........a	-327.68
	521	522	-1.63416E+000	-2.00187E-001	-2.11553E+000	-2.00025E+000	2.41061E-004	11	..........a	-327.68
	522	523	-1.63336E+000	-2.00187E-001	-2.11641E+000	-2.00025E+000	2.41394E-004	11	..........a	-327.68
	523	524	-1.63296E+000	-2.00187E-001	-2.12016E+000	-2.00025E+000	2.36311E-004	11	..........a	-327.68
	524	525	-1.63496E+000	-2.00187E-001	-2.11932E+000	-2.00025E+000	2.40428E-004	11	..........a	-327.68
	525	526	-1.63456E+000	-2.00190E-001	-2.12036E+000	-2.00025E+000	3.19261E-004	11	..........a	-327.68
	526	527	-1.63376E+000	-2.00190E-001	-2.12215E+000	-2.00025E+000	3.14694E-004	11	..........a	-327.68
	527	528	-1.63376E+000	-2.00190E-001	-2.12066E+000	-2.00025E+000	3.17228E-004	11	..........a	-327.68
	528	529	-1.63416E+000	-2.00190E-001	-2.12169E+000	-2.00025E+000	3.20061E-004	11	..........a	-327.68
	529	530	-1.63456E+000	-2.00190E-001	-2.11978E+000	-2.00025E+000	3.16528E-004	11	..........a	-327.68
	530	531	-1.63496E+000	-2.00190E-001	-2.11933E+000	-2.00025E+000	3.17694E-004	11	..........a	-327.68
	531	532	-1.63296E+000	-2.00190E-001	-2.10619E+000	-2.00025E+000	3.11194E-004	11	..........a	-327.68
	532	533	-1.63536E+000	-2.00190E-001	-2.10674E+000	-2.00025E+000	3.05894E-004	11	..........a	-327.68
	533	534	-1.63296E+000	-2.00190E-001	-2.11074E+000	-2.00025E+000	3.13278E-004	11	..........a	-327.68
	534	535	-1.63256E+000	-2.00190E-001	-2.11264E+000	-2.00025E+000	3.17911E-004	11	..........a	-327.68
	535	536	-1.63736E+000	-2.00190E-001	-2.10949E+000	-2.00025E+000	3.14611E-004	11	..........a	-327.68
	536	537	-1.63416E+000	-2.00190E-001	-2.11426E+000	-2.00025E+000	3.10261E-004	11	..........a	-327.68
	537	538	-1.63256E+000	-2.00190E-001	-2.11581E+000	-2.00025E+000	3.16861E-004	11	..........a	-327.68
	538	539	-1.63416E+000	-2.00190E-001	-2.11425E+000	-2.00025E+000	3.17944E-004	11	..........a	-327.68
	539	540	-1.63416E+000	-2.00189E-001	-2.11585E+000	-2.00025E+000	3.15461E-004	11	..........a	-327.68
	540	541	-1.63336E+000	-2.00190E-001	-2.11638E+000	-2.00025E+000	3.17811E-004	11	..........a	-327.68
	541	542	-1.63496E+000	-2.00190E-001	-2.11561E+000	-2.00025E+000	3.24444E-004	11	..........a	-327.68
	542	543	-1.63416E+000	-2.00190E-001	-2.11615E+000	-2.00025E+000	3.18878E-004	11	..........a	-327.68
	543	544	-1.63416E+000	-2.00190E-001	-2.11561E+000	-2.00025E+000	3.17961E-004	11	..........a	-327.68
	544	545	-1.63416E+000	-2.00190E-001	-2.11589E+000	-2.00025E+000	3.14794E-004	11	..........a	-327.68
	545	546	-1.63656E+000	-2.00190E-001	-2.11513E+000	-2.00025E+000	3.15244E-004	11	..........a	-327.68
	546	547	-1.63496E+000	-2.00190E-001	-2.11762E+000	-2.00025E+000	3.16044E-004	11	..........a	-327.68
	547	548	-1.63416E+000	-2.00190E-001	-2.12032E+000	-2.00025E+000	3.18394E-004	11	..........a	-327.68
	548	549	-1.63576E+000	-2.00190E-001	-2.11882E+000	-2.00025E+000	3.23878E-004	11	..........a	-327.68
	549	550	-1.63416E+000	-2.00190E-001	-2.12184E+000	-2.00025E+000	3.29528E-004	11	..........a	-327.68
	550	551	-1.63816E+000	-2.00190E-001	-2.11856E+000	-2.00025E+000	3.24861E-004	11	..........a	-327.68
	551	552	-1.63336E+000	-2.00189E-001	-2.12400E+000	-2.00025E+000	2.93478E-004	11	..........a	-327.68
	552	553	-1.63416E+000	-2.00189E-001	-2.12446E+000	-2.00025E+000	2.98994E-004	11	..........a	-327.68
	553	554	-1.62696E+000	-2.00189E-001	-2.13087E+000	-2.00025E+000	2.92528E-004	11	..........a	-327.68
	554	555	-1.63416E+000	-2.00189E-001	-2.12554E+000	-2.00025E+000	2.93361E-004	11	..........a	-327.68
	555	556	-1.62696E+000	-2.00189E-001	-2.13427E+000	-2.00025E+000	2.90378E-004	11	..........a	-327.68
	556	557	-1.63296E+000	-2.00189E-001	-2.13000E+000	-2.00025E+000	2.96628E-004	11	..........a	-327.68
	557	558	-1.63176E+000	-2.00189E-001	-2.13199E+000	-2.00025E+000	2.98544E-004	11	..........a	-327.68
	558	559	-1.63456E+000	-2.00189E-001	-2.12822E+000	-2.00025E+000	2.90278E-004	11	..........a	-327.68
	559	560	-1.63496E+000	-2.00189E-001	-2.12817E+000	-2.00025E+000	2.95378E-004	11	..........a	-327.68
	560	561	-1.63336E+000	-2.00189E-001	-2.13087E+000	-2.00025E+000	2.94161E-004	11	..........a	-327.68
	561	562	-1.63216E+000	-2.00189E-001	-2.13189E+000	-2.00025E+000	2.92611E-004	11	..........a	-327.68
	562	563	-1.63256E+000	-2.00189E-001	-2.13100E+000	-2.00025E+000	2.71544E-004	11	..........a	-327.68
	563	564	-1.63376E+000	-2.00188E-001	-2.13146E+000	-2.00025E+000	2.68094E-004	11	..........a	-327.68
	564	565	-1.63376E+000	-2.00188E-001	-2.13019E+000	-2.00025E+000	2.70128E-004	11	..........a	-327.68
	565	566	-1.63176E+000	-2.00188E-001	-2.13380E+000	-2.00025E+000	2.73761E-004	11	..........a	-327.68
	566	567	-1.62656E+000	-2.00188E-001	-2.14018E+000	-2.00025E+000	2.72411E-004	11	..........a	-327.68
	567	568	-1.63296E+000	-2.00188E-001	-2.13611E+000	-2.00025E+000	2.72944E-004	11	..........a	-327.68
	568	569	-1.63296E+000	-2.00188E-001	-2.13560E+000	-2.00025E+000	2.74678E-004	11	..........a	-327.68
	569	570	-1.63336E+000	-2.00188E-001	-2.13862E+000	-2.00025E+000	2.70311E-004	11	..........a	-327.68
	570	571	-1.63456E+000	-2.00189E-001	-2.13690E+000	-2.00025E+000	2.66211E-004	11	..........a	-327.68
	571	572	-1.63896E+000	-2.00189E-001	-2.13253E+000	-2.00025E+000	2.64844E-004	11	..........a	-327.68
	572	573	-1.63776E+000	-2.00188E-001	-2.13345E+000	-2.00025E+000	2.78794E-004	11	..........a	-327.68
	573	574	-1.63816E+000	-2.00189E-001	-2.13289E+000	-2.00025E+000	2.75078E-004	11	..........a	-327.68
	574	575	-1.63416E+000	-2.00189E-001	-2.13819E+000	-2.00025E+000	2.70911E-004	11	..........a	-327.68
	575	576	-1.63296E+000	-2.00189E-001	-2.13978E+000	-2.00025E+000	3.07694E-004	11	..........a	-327.68
	576	577	-1.63296E+000	-2.00189E-001	-2.14139E+000	-2.00025E+000	3.10044E-004	11	..........a	-327.68
	577	578	-1.62656E+000	-2.00189E-001	-2.14778E+000	-2.00025E+000	3.07111E-004	11	..........a	-327.68
	578	579	-1.63496E+000	-2.00189E-001	-2.13985E+000	-2.00025E+000	3.04144E-004	11	..........a	-327.68
	579	580	-1.62496E+000	-2.00189E-001	-2.15048E+000	-2.00025E+000	3.09678E-004	11	..........a	-327.68
	580	581	-1.63816E+000	-2.00189E-001	-2.13751E+000	-2.00025E+000	3.13278E-004	11	..........a	-327.68
	581	582	-1.63376E+000	-2.00189E-001	-2.14102E+000	-2.00025E+000	3.16128E-004	11	..........a	-327.68
	582	583	-1.63296E+000	-2.00189E-001	-2.14202E+000	-2.00025E+000	3.14378E-004	11	..........a	-327.68
	583	584	-1.63296E+000	-2.00189E-001	-2.14249E+000	-2.00025E+000	3.05278E-004	11	..........a	-327.68
	584	585	-1.63376E+000	-2.00189E-001	-2.13926E+000	-2.00025E+000	3.11611E-004	11	..........a	-327.68
	585	586	-1.63936E+000	-2.00189E-001	-2.13296E+000	-2.00025E+000	3.05411E-004	11	..........a	-327.68
	586	587	-1.63296E+000	-2.00189E-001	-2.14089E+000	-2.00025E+000	3.07044E-004	11	..........a	-327.68
	587	588	-1.63216E+000	-2.00189E-001	-2.14153E+000	-2.00025E+000	3.05044E-004	11	..........a	-327.68
	588	589	-1.63296E+000	-2.00189E-001	-2.11752E+000	-2.00025E+000	3.08111E-004	11	..........a	-327.68
	589	590	-1.63216E+000	-2.00189E-001	-2.11913E+000	-2.00025E+000	3.00611E-004	11	..........a	-327.68
	590	591	-1.63296E+000	-2.00189E-001	-2.11695E+000	-2.00025E+000	3.00978E-004	11	..........a	-327.68
	591	592	-1.63136E+000	-2.00189E-001	-2.11930E+000	-2.00025E+000	2.97961E-004	11	..........a	-327.68
	592	593	-1.63056E+000	-2.00189E-001	-2.11737E+000	-2.00025E+000	3.02911E-004	11	..........a	-327.68
	593	594	-1.63256E+000	-2.00189E-001	-2.11460E+000	-2.00025E+000	3.00361E-004	11	..........a	-327.68
	594	595	-1.63216E+000	-2.00189E-001	-2.11566E+000	-2.00025E+000	3.00561E-004	11	..........a	-327.68
	595	596	-1.63296E+000	-2.00189E-001	-2.11864E+000	-2.00025E+000	3.08011E-004	11	..........a	-327.68
	596	597	-1.63216E+000	-2.00189E-001	-2.12094E+000	-2.00025E+000	3.00978E-004	11	..........a	-327.68
	597	598	-1.63376E+000	-2.00190E-001	-2.11831E+000	-2.00025E+000	3.03461E-004	11	..........a	-327.68
	598	599	-1.63376E+000	-2.00190E-001	-2.11714E+000	-2.00025E+000	2.98061E-004	11	..........a	-327.68
	599	600	-1.63456E+000	-2.00189E-001	-2.11904E+000	-2.00025E+000	3.03111E-004	11	..........a	-327.68
	600	601	-1.63296E+000	-2.00190E-001	-2.11585E+000	-2.00025E+000	3.01094E-004	11	..........a	-327.68
	601	602	-1.63376E+000	-2.00189E-001	-2.11754E+000	-2.00025E+000	3.04228E-004	11	..........a	-327.68
	602	603	-1.63216E+000	-2.00189E-001	-2.12031E+000	-2.00025E+000	3.06778E-004	11	..........a	-327.68
	603	604	-1.63376E+000	-2.00189E-001	-2.11934E+000	-2.00025E+000	3.03711E-004	11	..........a	-327.68
	604	605	-1.63136E+000	-2.00189E-001	-2.12329E+000	-2.00025E+000	3.02928E-004	11	..........a	-327.68
	605	606	-1.62496E+000	-2.00189E-001	-2.12772E+000	-2.00025E+000	3.01761E-004	11	..........a	-327.68
	606	607	-1.63376E+000	-2.00189E-001	-2.12067E+000	-2.00025E+000	2.96344E-004	11	..........a	-327.68
	607	608	-1.62496E+000	-2.00189E-001	-2.12795E+000	-2.00025E+000	3.03494E-004	11	..........a	-327.68
	608	609	-1.63176E+000	-2.00189E-001	-2.12276E+000	-2.00025E+000	3.00228E-004	11	..........a	-327.68
	609	610	-1.63216E+000	-2.00189E-001	-2.12215E+000	-2.00025E+000	3.02228E-004	11	..........a	-327.68
	610	611	-1.63376E+000	-2.00189E-001	-2.12220E+000	-2.00025E+000	2.99811E-004	11	..........a	-327.68
	611	612	-1.63296E+000	-2.00189E-001	-2.12339E+000	-2.00025E+000	2.97378E-004	11	..........a	-327.68
	612	613	-1.63136E+000	-2.00189E-001	-2.12361E+000	-2.00025E+000	3.00111E-004	11	..........a	-327.68
	613	614	-1.64016E+000	-2.00189E-001	-2.11478E+000	-2.00025E+000	3.02694E-004	11	..........a	-327.68
	614	615	-1.63296E+000	-2.00189E-001	-2.12162E+000	-2.00025E+000	3.03244E-004	11	..........a	-327.68
	615	616	-1.63256E+000	-2.00189E-001	-2.12376E+000	-2.00025E+000	3.01378E-004	11	..........a	-327.68
	616	617	-1.63096E+000	-2.00189E-001	-2.12597E+000	-2.00025E+000	2.98761E-004	11	..........a	-327.68
	617	618	-1.62976E+000	-2.00189E-001	-2.12965E+000	-2.00025E+000	3.02678E-004	11	..........a	-327.68
	618	619	-1.63056E+000	-2.00189E-001	-2.12792E+000	-2.00025E+000	2.99978E-004	11	..........a	-327.68
	619	620	-1.63216E+000	-2.00189E-001	-2.12656E+000	-2.00025E+000	3.00311E-004	11	..........a	-327.68
	620	621	-1.63056E+000	-2.00189E-001	-2.12809E+000	-2.00025E+000	3.00794E-004	11	..........a	-327.68
	621	622	-1.63376E+000	-2.00189E-001	-2.12540E+000	-2.00025E+000	2.95278E-004	11	..........a	-327.68
	622	623	-1.62456E+000	-2.00189E-001	-2.13501E+000	-2.00025E+000	3.07894E-004	11	..........a	-327.68
	623	624	-1.63136E+000	-2.00189E-001	-2.12804E+000	-2.00025E+000	3.04961E-004	11	..........a	-327.68
	624	625	-1.63136E+000	-2.00188E-001	-2.12802E+000	-2.00025E+000	2.97944E-004	11	..........a	-327.68
	625	626	-1.63376E+000	-2.00189E-001	-2.12667E+000	-2.00025E+000	3.05228E-004	11	..........a	-327.68
	626	627	-1.63056E+000	-2.00189E-001	-2.13007E+000	-2.00025E+000	2.99228E-004	11	..........a	-327.68
	627	628	-1.63176E+000	-2.00189E-001	-2.12777E+000	-2.00025E+000	2.99644E-004	11	..........a	-327.68
	628	629	-1.63056E+000	-2.00189E-001	-2.12912E+000	-2.00025E+000	2.97294E-004	11	..........a	-327.68
	629	630	-1.63056E+000	-2.00189E-001	-2.12770E+000	-2.00025E+000	2.99644E-004	11	..........a	-327.68
	630	631	-1.63136E+000	-2.00189E-001	-2.12899E+000	-2.00025E+000	3.01744E-004	11	..........a	-327.68
	631	632	-1.63056E+000	-2.00189E-001	-2.12821E+000	-2.00025E+000	2.96694E-004	11	..........a	-327.68
	632	633	-1.62976E+000	-2.00188E-001	-2.12959E+000	-2.00025E+000	3.03878E-004	11	..........a	-327.68
	633	634	-1.63016E+000	-2.00189E-001	-2.12955E+000	-2.00025E+000	2.97511E-004	11	..........a	-327.68
	634	635	-1.63056E+000	-2.00189E-001	-2.13048E+000	-2.00025E+000	3.03761E-004	11	..........a	-327.68
	635	636	-1.63136E+000	-2.00189E-001	-2.12952E+000	-2.00025E+000	3.01394E-004	11	..........a	-327.68
	636	637	-1.63096E+000	-2.00189E-001	-2.12897E+000	-2.00025E+000	3.01994E-004	11	..........a	-327.68
	637	638	-1.63056E+000	-2.00189E-001	-2.13012E+000	-2.00025E+000	3.01161E-004	11	..........a	-327.68
	638	639	-1.62896E+000	-2.00189E-001	-2.13254E+000	-2.00025E+000	3.00528E-004	11	..........a	-327.68
	639	640	-1.63096E+000	-2.00189E-001	-2.13026E+000	-2.00025E+000	3.01494E-004	11	..........a	-327.68
	640	641	-1.62976E+000	-2.00189E-001	-2.13128E+000	-2.00025E+000	3.05261E-004	11	..........a	-327.68
	641	642	-1.63096E+000	-2.00189E-001	-2.13163E+000	-2.00025E+000	3.00878E-004	11	..........a	-327.68
	642	643	-1.62776E+000	-2.00189E-001	-2.13492E+000	-2.00025E+000	3.01494E-004	11	..........a	-327.68
	643	644	-1.63056E+000	-2.00189E-001	-2.13278E+000	-2.00025E+000	2.96961E-004	11	..........a	-327.68
	644	645	-1.63016E+000	-2.00189E-001	-2.13362E+000	-2.00025E+000	3.04228E-004	11	..........a	-327.68
	645	646	-1.62856E+000	-2.00189E-001	-2.13530E+000	-2.00025E+000	2.95594E-004	11	..........a	-327.68
	646	647	-1.62736E+000	-2.00189E-001	-2.13548E+000	-2.00025E+000	2.99178E-004	11	..........a	-327.68
	647	648	-1.63016E+000	-2.00189E-001	-2.13220E+000	-2.00025E+000	2.96728E-004	11	..........a	-327.68
	648	649	-1.62696E+000	-2.00189E-001	-2.13607E+000	-2.00025E+000	2.96361E-004	11	..........a	-327.68
	649	650	-1.62776E+000	-2.00189E-001	-2.13613E+000	-2.00025E+000	3.03344E-004	11	..........a	-327.68
	650	651	-1.62176E+000	-2.00189E-001	-2.14126E+000	-2.00025E+000	2.98961E-004	11	..........a	-327.68
	651	652	-1.62936E+000	-2.00189E-001	-2.13290E+000	-2.00025E+000	2.97544E-004	11	..........a	-327.68
	652	653	-1.62896E+000	-2.00189E-001	-2.13519E+000	-2.00025E+000	3.00194E-004	11	..........a	-327.68
	653	654	-1.62776E+000	-2.00189E-001	-2.13416E+000	-2.00025E+000	3.00711E-004	11	..........a	-327.68
	654	655	-1.62976E+000	-2.00189E-001	-2.13425E+000	-2.00025E+000	3.00494E-004	11	..........a	-327.68
	655	656	-1.62776E+000	-2.00189E-001	-2.13533E+000	-2.00025E+000	3.05811E-004	11	..........a	-327.68
	656	657	-1.62776E+000	-2.00189E-001	-2.13853E+000	-2.00025E+000	3.00878E-004	11	..........a	-327.68
	657	658	-1.62896E+000	-2.00189E-001	-2.13718E+000	-2.00025E+000	2.88794E-004	11	..........a	-327.68
	658	659	-1.62816E+000	-2.00189E-001	-2.13867E+000	-2.00025E+000	2.91561E-004	11	..........a	-327.68
	659	660	-1.62816E+000	-2.00189E-001	-2.13789E+000	-2.00025E+000	2.93011E-004	11	..........a	-327.68
	660	661	-1.62856E+000	-2.00189E-001	-2.13821E+000	-2.00025E+000	2.91611E-004	11	..........a	-327.68
	661	662	-1.62176E+000	-2.00189E-001	-2.14475E+000	-2.00025E+000	2.94228E-004	11	..........a	-327.68
	662	663	-1.62776E+000	-2.00189E-001	-2.13870E+000	-2.00025E+000	2.94844E-004	11	..........a	-327.68
	663	664	-1.62936E+000	-2.00189E-001	-2.13805E+000	-2.00025E+000	2.92378E-004	11	..........a	-327.68
	664	665	-1.62816E+000	-2.00189E-001	-2.13981E+000	-2.00025E+000	2.89828E-004	11	..........a	-327.68
	665	666	-1.62816E+000	-2.00189E-001	-2.13793E+000	-2.00025E+000	2.85028E-004	11	..........a	-327.68
	666	667	-1.62856E+000	-2.00189E-001	-2.12971E+000	-2.00025E+000	2.84928E-004	11	..........a	-327.68
	667	668	-1.62856E+000	-2.00189E-001	-2.13104E+000	-2.00025E+000	2.86278E-004	11	..........a	-327.68
	668	669	-1.62776E+000	-2.00189E-001	-2.13060E+000	-2.00025E+000	2.86794E-004	11	..........a	-327.68
	669	670	-1.62776E+000	-2.00189E-001	-2.13082E+000	-2.00025E+000	2.89711E-004	11	..........a	-327.68
	670	671	-1.62936E+000	-2.00189E-001	-2.12906E+000	-2.00025E+000	2.94261E-004	11	..........a	-327.68
	671	672	-1.62816E+000	-2.00189E-001	-2.13252E+000	-2.00025E+000	2.93728E-004	11	..........a	-327.68
	672	673	-1.62776E+000	-2.00189E-001	-2.13073E+000	-2.00025E+000	2.97611E-004	11	..........a	-327.68
	673	674	-1.62816E+000	-2.00190E-001	-2.13022E+000	-2.00025E+000	2.90711E-004	11	..........a	-327.68
	674	675	-1.62776E+000	-2.00190E-001	-2.13194E+000	-2.00025E+000	2.91078E-004	11	..........a	-327.68
	675	676	-1.62856E+000	-2.00190E-001	-2.13233E+000	-2.00025E+000	2.90911E-004	11	..........a	-327.68
	676	677	-1.62216E+000	-2.00190E-001	-2.13713E+000	-2.00025E+000	2.92978E-004	11	..........a	-327.68
	677	678	-1.62536E+000	-2.00190E-001	-2.12295E+000	-2.00025E+000	2.91661E-004	11	..........a	-327.68
	678	679	-1.62536E+000	-2.00189E-001	-2.11368E+000	-2.00025E+000	2.93628E-004	11	..........a	-327.68
	679	680	-1.62896E+000	-2.00190E-001	-2.11179E+000	-2.00025E+000	2.94278E-004	11	..........a	-327.68
	680	681	-1.62536E+000	-2.00189E-001	-2.11593E+000	-2.00025E+000	2.92411E-004	11	..........a	-327.68
	681	682	-1.62776E+000	-2.00190E-001	-2.11153E+000	-2.00025E+000	2.95728E-004	11	..........a	-327.68
	682	683	-1.62616E+000	-2.00189E-001	-2.11530E+000	-2.00025E+000	3.00411E-004	11	..........a	-327.68
	683	684	-1.62536E+000	-2.00189E-001	-2.11475E+000	-2.00025E+000	3.02694E-004	11	..........a	-327.68
	684	685	-1.62696E+000	-2.00189E-001	-2.11423E+000	-2.00025E+000	3.00244E-004	11	..........a	-327.68
	685	686	-1.62696E+000	-2.00189E-001	-2.11425E+000	-2.00025E+000	3.00011E-004	11	..........a	-327.68
	686	687	-1.62776E+000	-2.00190E-001	-2.11376E+000	-2.00025E+000	2.94928E-004	11	..........a	-327.68
	687	688	-1.62936E+000	-2.00190E-001	-2.11281E+000	-2.00025E+000	2.99661E-004	11	..........a	-327.68
	688	689	-1.62696E+000	-2.00189E-001	-2.11399E+000	-2.00025E+000	3.02628E-004	11	..........a	-327.68
	689	690	-1.62096E+000	-2.00189E-001	-2.12023E+000	-2.00025E+000	3.00461E-004	11	..........a	-327.68
	690	691	-1.62936E+000	-2.00189E-001	-2.11236E+000	-2.00025E+000	2.96244E-004	11	..........a	-327.68
	691	692	-1.62136E+000	-2.00190E-001	-2.12048E+000	-2.00025E+000	2.97744E-004	11	..........a	-327.68
	692	693	-1.62776E+000	-2.00190E-001	-2.11400E+000	-2.00025E+000	3.04178E-004	11	..........a	-327.68
	693	694	-1.62856E+000	-2.00190E-001	-2.11388E+000	-2.00025E+000	3.01478E-004	11	..........a	-327.68
	694	695	-1.62776E+000	-2.00190E-001	-2.11377E+000	-2.00025E+000	2.99228E-004	11	..........a	-327.68
	695	696	-1.62776E+000	-2.00190E-001	-2.11540E+000	-2.00025E+000	2.99194E-004	11	..........a	-327.68
	696	697	-1.62616E+000	-2.00190E-001	-2.11587E+000	-2.00025E+000	2.94328E-004	11	..........a	-327.68
	697	698	-1.62616E+000	-2.00189E-001	-2.11735E+000	-2.00025E+000	3.02411E-004	11	..........a	-327.68
	698	699	-1.62616E+000	-2.00189E-001	-2.11821E+000	-2.00025E+000	2.96411E-004	11	..........a	-327.68
	699	700	-1.62616E+000	-2.00189E-001	-2.11945E+000	-2.00025E+000	2.92211E-004	11	..........a	-327.68
	700	701	-1.62616E+000	-2.00190E-001	-2.11917E+000	-2.00025E+000	2.92561E-004	11	..........a	-327.68
	701	702	-1.62776E+000	-2.00190E-001	-2.11795E+000	-2.00025E+000	2.92511E-004	11	..........a	-327.68
	702	703	-1.62736E+000	-2.00190E-001	-2.11854E+000	-2.00025E+000	2.91311E-004	11	..........a	-327.68
	703	704	-1.62656E+000	-2.00190E-001	-2.11966E+000	-2.00025E+000	2.94178E-004	11	..........a	-327.68
	704	705	-1.61936E+000	-2.00189E-001	-2.12759E+000	-2.00025E+000	2.88828E-004	11	..........a	-327.68
	705	706	-1.62696E+000	-2.00189E-001	-2.12135E+000	-2.00025E+000	2.86744E-004	11	..........a	-327.68
	706	707	-1.62776E+000	-2.00189E-001	-2.12186E+000	-2.00025E+000	2.93428E-004	11	..........a	-327.68
	707	708	-1.62616E+000	-2.00190E-001	-2.12329E+000	-2.00025E+000	2.83494E-004	11	..........a	-327.68
	708	709	-1.62856E+000	-2.00190E-001	-2.12188E+000	-2.00025E+000	2.93711E-004	11	..........a	-327.68
	709	710	-1.62696E+000	-2.00189E-001	-2.12251E+000	-2.00025E+000	2.94278E-004	11	..........a	-327.68
	710	711	-1.62696E+000	-2.00189E-001	-2.12189E+000	-2.00025E+000	2.88611E-004	11	..........a	-327.68
	711	712	-1.62616E+000	-2.00189E-001	-2.12248E+000	-2.00025E+000	2.85561E-004	11	..........a	-327.68
	712	713	-1.62696E+000	-2.00190E-001	-2.12129E+000	-2.00025E+000	2.89678E-004	11	..........a	-327.68
	713	714	-1.62576E+000	-2.00189E-001	-2.12214E+000	-2.00025E+000	3.02544E-004	11	..........a	-327.68
	714	715	-1.62976E+000	-2.00190E-001	-2.11868E+000	-2.00025E+000	2.93411E-004	11	..........a	-327.68
	715	716	-1.62296E+000	-2.00189E-001	-2.12675E+000	-2.00025E+000	2.96511E-004	11	..........a	-327.68
	716	717	-1.62456E+000	-2.00190E-001	-2.12690E+000	-2.00025E+000	2.92528E-004	11	..........a	-327.68
	717	718	-1.62456E+000	-2.00189E-001	-2.12715E+000	-2.00025E+000	2.99794E-004	11	..........a	-327.68
	718	719	-1.63136E+000	-2.00190E-001	-2.11913E+000	-2.00025E+000	2.94228E-004	11	..........a	-327.68
	719	720	-1.62296E+000	-2.00190E-001	-2.12695E+000	-2.00025E+000	3.01794E-004	11	..........a	-327.68
	720	721	-1.62896E+000	-2.00190E-001	-2.12066E+000	-2.00025E+000	2.95911E-004	11	..........a	-327.68
	721	722	-1.62776E+000	-2.00189E-001	-2.12249E+000	-2.00025E+000	2.98528E-004	11	..........a	-327.68
	722	723	-1.62616E+000	-2.00190E-001	-2.12362E+000	-2.00025E+000	3.02744E-004	11	..........a	-327.68
	723	724	-1.62536E+000	-2.00190E-001	-2.12415E+000	-2.00025E+000	2.99994E-004	11	..........a	-327.68
	724	725	-1.62696E+000	-2.00190E-001	-2.12071E+000	-2.00025E+000	3.01178E-004	11	..........a	-327.68
	725	726	-1.62576E+000	-2.00190E-001	-2.12176E+000	-2.00025E+000	3.01094E-004	11	..........a	-327.68
	726	727	-1.62616E+000	-2.00190E-001	-2.12005E+000	-2.00025E+000	2.97661E-004	11	..........a	-327.68
	727	728	-1.62496E+000	-2.00190E-001	-2.12125E+000	-2.00025E+000	3.00611E-004	11	..........a	-327.68
	728	729	-1.62576E+000	-2.00190E-001	-2.12216E+000	-2.00025E+000	3.04494E-004	11	..........a	-327.68
	729	730	-1.62696E+000	-2.00189E-001	-2.12281E+000	-2.00025E+000	2.96578E-004	11	..........a	-327.68
	730	731	-1.62496E+000	-2.00190E-001	-2.12428E+000	-2.00025E+000	2.97544E-004	11	..........a	-327.68
	731	732	-1.62456E+000	-2.00189E-001	-2.12503E+000	-2.00025E+000	2.95278E-004	11	..........a	-327.68
	732	733	-1.62816E+000	-2.00189E-001	-2.12132E+000	-2.00025E+000	3.03411E-004	11	..........a	-327.68
	733	734	-1.62456E+000	-2.00189E-001	-2.12399E+000	-2.00025E+000	3.01311E-004	11	..........a	-327.68
	734	735	-1.62296E+000	-2.00189E-001	-2.12517E+000	-2.00025E+000	3.11794E-004	11	..........a	-327.68
	735	736	-1.62856E+000	-2.00189E-001	-2.11911E+000	-2.00025E+000	2.98061E-004	11	..........a	-327.68
	736	737	-1.62816E+000	-2.00189E-001	-2.11944E+000	-2.00025E+000	3.04211E-004	11	..........a	-327.68
	737	738	-1.62456E+000	-2.00189E-001	-2.12413E+000	-2.00025E+000	2.97311E-004	11	..........a	-327.68
	738	739	-1.62336E+000	-2.00189E-001	-2.12496E+000	-2.00025E+000	3.04378E-004	11	..........a	-327.68
	739	740	-1.62696E+000	-2.00190E-001	-2.12083E+000	-2.00025E+000	3.17211E-004	11	..........a	-327.68
	740	741	-1.62656E+000	-2.00190E-001	-2.12108E+000	-2.00025E+000	3.14761E-004	11	..........a	-327.68
	741	742	-1.61856E+000	-2.00190E-001	-2.12983E+000	-2.00025E+000	3.08761E-004	11	..........a	-327.68
	742	743	-1.62616E+000	-2.00190E-001	-2.12273E+000	-2.00025E+000	3.10278E-004	11	..........a	-327.68
	743	744	-1.62456E+000	-2.00190E-001	-2.12406E+000	-2.00025E+000	3.14728E-004	11	..........a	-327.68
	744	745	-1.62496E+000	-2.00190E-001	-2.12204E+000	-2.00025E+000	3.12628E-004	11	..........a	-327.68
	745	746	-1.62576E+000	-2.00190E-001	-2.12264E+000	-2.00025E+000	3.12311E-004	11	..........a	-327.68
	746	747	-1.62496E+000	-2.00190E-001	-2.12357E+000	-2.00025E+000	3.10128E-004	11	..........a	-327.68
	747	748	-1.62496E+000	-2.00190E-001	-2.12533E+000	-2.00025E+000	3.15211E-004	11	..........a	-327.68
	748	749	-1.62536E+000	-2.00190E-001	-2.11956E+000	-2.00025E+000	3.22778E-004	11	..........a	-327.68
	749	750	-1.62496E+000	-2.00190E-001	-2.11715E+000	-2.00025E+000	3.22644E-004	11	..........a	-327.68
	750	751	-1.62576E+000	-2.00190E-001	-2.11694E+000	-2.00025E+000	3.10561E-004	11	..........a	-327.68
	751	752	-1.62656E+000	-2.00190E-001	-2.11680E+000	-2.00025E+000	3.10061E-004	11	..........a	-327.68
	752	753	-1.62496E+000	-2.00190E-001	-2.11885E+000	-2.00025E+000	3.10628E-004	11	..........a	-327.68
	753	754	-1.62576E+000	-2.00190E-001	-2.11778E+000	-2.00025E+000	3.07228E-004	11	..........a	-327.68
	754	755	-1.62456E+000	-2.00190E-001	-2.11748E+000	-2.00025E+000	3.12411E-004	11	..........a	-327.68
	755	756	-1.62536E+000	-2.00190E-001	-2.11698E+000	-2.00025E+000	3.06878E-004	11	..........a	-327.68
	756	757	-1.61856E+000	-2.00190E-001	-2.12357E+000	-2.00025E+000	3.07311E-004	11	..........a	-327.68
	757	758	-1.62576E+000	-2.00190E-001	-2.10922E+000	-2.00025E+000	3.10144E-004	11	..........a	-327.68
	758	759	-1.62496E+000	-2.00190E-001	-2.11158E+000	-2.00025E+000	3.11144E-004	11	..........a	-327.68
	759	760	-1.62536E+000	-2.00190E-001	-2.11233E+000	-2.00025E+000	3.09311E-004	11	..........a	-327.68
	760	761	-1.62576E+000	-2.00190E-001	-2.11154E+000	-2.00025E+000	3.11861E-004	11	..........a	-327.68
	761	762	-1.62656E+000	-2.00190E-001	-2.11094E+000	-2.00025E+000	3.14561E-004	11	..........a	-327.68
	762	763	-1.62616E+000	-2.00190E-001	-2.11180E+000	-2.00025E+000	3.14528E-004	11	..........a	-327.68
	763	764	-1.62536E+000	-2.00189E-001	-2.11212E+000	-2.00025E+000	3.15278E-004	11	..........a	-327.68
	764	765	-1.62576E+000	-2.00190E-001	-2.11138E+000	-2.00025E+000	3.13594E-004	11	..........a	-327.68
	765	766	-1.62496E+000	-2.00190E-001	-2.11357E+000	-2.00025E+000	3.24061E-004	11	..........a	-327.68
	766	767	-1.62456E+000	-2.00190E-001	-2.11379E+000	-2.00025E+000	3.19178E-004	11	..........a	-327.68
	767	768	-1.62456E+000	-2.00190E-001	-2.11378E+000	-2.00025E+000	3.14061E-004	11	..........a	-327.68
	768	769	-1.62656E+000	-2.00189E-001	-2.11106E+000	-2.00025E+000	3.18094E-004	11	..........a	-327.68
	769	770	-1.61816E+000	-2.00190E-001	-2.11959E+000	-2.00025E+000	3.14244E-004	11	..........a	-327.68
	770	771	-1.62576E+000	-2.00190E-001	-2.11158E+000	-2.00025E+000	3.15111E-004	11	..........a	-327.68
	771	772	-1.61856E+000	-2.00190E-001	-2.11853E+000	-2.00025E+000	3.09844E-004	11	..........a	-327.68
	772	773	-1.62656E+000	-2.00189E-001	-2.11067E+000	-2.00025E+000	3.17644E-004	11	..........a	-327.68
	773	774	-1.62656E+000	-2.00189E-001	-2.11257E+000	-2.00025E+000	3.17411E-004	11	..........a	-327.68
	774	775	-1.62496E+000	-2.00190E-001	-2.11524E+000	-2.00025E+000	3.21561E-004	11	..........a	-327.68
	775	776	-1.62456E+000	-2.00190E-001	-2.11531E+000	-2.00025E+000	3.18528E-004	11	..........a	-327.68
	776	777	-1.62496E+000	-2.00190E-001	-2.11203E+000	-2.00025E+000	3.10411E-004	11	..........a	-327.68
	777	778	-1.62576E+000	-2.00190E-001	-2.11203E+000	-2.00025E+000	3.13928E-004	11	..........a	-327.68
	778	779	-1.62496E+000	-2.00190E-001	-2.11229E+000	-2.00025E+000	3.18628E-004	11	..........a	-327.68
	779	780	-1.62576E+000	-2.00190E-001	-2.11343E+000	-2.00025E+000	3.16294E-004	11	..........a	-327.68
	780	781	-1.62576E+000	-2.00190E-001	-2.11192E+000	-2.00025E+000	3.16161E-004	11	..........a	-327.68
	781	782	-1.62576E+000	-2.00190E-001	-2.11389E+000	-2.00025E+000	3.19994E-004	11	..........a	-327.68
	782	783	-1.62496E+000	-2.00190E-001	-2.11434E+000	-2.00025E+000	3.10128E-004	11	..........a	-327.68
	783	784	-1.62576E+000	-2.00190E-001	-2.11246E+000	-2.00025E+000	3.17478E-004	11	..........a	-327.68
	784	785	-1.61856E+000	-2.00190E-001	-2.11861E+000	-2.00025E+000	3.11478E-004	11	..........a	-327.68
	785	786	-1.62616E+000	-2.00190E-001	-2.11190E+000	-2.00025E+000	3.20444E-004	11	..........a	-327.68
	786	787	-1.62456E+000	-2.00190E-001	-2.11372E+000	-2.00025E+000	3.13144E-004	11	..........a	-327.68
	787	788	-1.62576E+000	-2.00190E-001	-2.11274E+000	-2.00025E+000	3.21578E-004	11	..........a	-327.68
	788	789	-1.62496E+000	-2.00190E-001	-2.11446E+000	-2.00025E+000	3.14844E-004	11	..........a	-327.68
	789	790	-1.62576E+000	-2.00189E-001	-2.11471E+000	-2.00025E+000	3.11561E-004	11	..........a	-327.68
	790	791	-1.62496E+000	-2.00189E-001	-2.11547E+000	-2.00025E+000	3.14311E-004	11	..........a	-327.68
	791	792	-1.62616E+000	-2.00190E-001	-2.11289E+000	-2.00025E+000	3.14444E-004	11	..........a	-327.68
	792	793	-1.62616E+000	-2.00190E-001	-2.11384E+000	-2.00025E+000	3.23678E-004	11	..........a	-327.68
	793	794	-1.62496E+000	-2.00189E-001	-2.11506E+000	-2.00025E+000	3.19744E-004	11	..........a	-327.68
	794	795	-1.62576E+000	-2.00189E-001	-2.11181E+000	-2.00025E+000	3.09511E-004	11	..........a	-327.68
	795	796	-1.62536E+000	-2.00189E-001	-2.11295E+000	-2.00025E+000	3.13711E-004	11	..........a	-327.68
	796	797	-1.62456E+000	-2.00189E-001	-2.11462E+000	-2.00025E+000	3.13544E-004	11	..........a	-327.68
	797	798	-1.61736E+000	-2.00189E-001	-2.12338E+000	-2.00025E+000	3.09678E-004	11	..........a	-327.68
	798	799	-1.62616E+000	-2.00190E-001	-2.11326E+000	-2.00025E+000	3.12278E-004	11	..........a	-327.68
	799	800	-1.61856E+000	-2.00189E-001	-2.12225E+000	-2.00025E+000	3.13578E-004	11	..........a	-327.68
	800	801	-1.62456E+000	-2.00189E-001	-2.11620E+000	-2.00025E+000	3.13578E-004	11	..........a	-327.68
	801	802	-1.62576E+000	-2.00190E-001	-2.11670E+000	-2.00025E+000	3.08061E-004	11	..........a	-327.68
	802	803	-1.62736E+000	-2.00190E-001	-2.11632E+000	-2.00025E+000	3.11628E-004	11	..........a	-327.68
	803	804	-1.62456E+000	-2.00190E-001	-2.11929E+000	-2.00025E+000	3.14094E-004	11	..........a	-327.68
	804	805	-1.62416E+000	-2.00189E-001	-2.11909E+000	-2.00025E+000	3.16294E-004	11	..........a	-327.68
	805	806	-1.62456E+000	-2.00190E-001	-2.11854E+000	-2.00025E+000	3.08578E-004	11	..........a	-327.68
	806	807	-1.62536E+000	-2.00190E-001	-2.11762E+000	-2.00025E+000	3.14078E-004	11	..........a	-327.68
	807	808	-1.62456E+000	-2.00190E-001	-2.11856E+000	-2.00025E+000	3.13444E-004	11	..........a	-327.68
	808	809	-1.62496E+000	-2.00190E-001	-2.11800E+000	-2.00025E+000	3.14394E-004	11	..........a	-327.68
	809	810	-1.62536E+000	-2.00190E-001	-2.11854E+000	-2.00025E+000	3.15144E-004	11	..........a	-327.68
	810	811	-1.62496E+000	-2.00190E-001	-2.11903E+000	-2.00025E+000	3.08611E-004	11	..........a	-327.68
	811	812	-1.62496E+000	-2.00190E-001	-2.11908E+000	-2.00025E+000	3.11028E-004	11	..........a	-327.68
	812	813	-1.61776E+000	-2.00190E-001	-2.12581E+000	-2.00025E+000	3.10261E-004	11	..........a	-327.68
	813	814	-1.62736E+000	-2.00190E-001	-2.11697E+000	-2.00025E+000	3.08544E-004	11	..........a	-327.68
	814	815	-1.61776E+000	-2.00190E-001	-2.12811E+000	-2.00025E+000	3.03778E-004	11	..........a	-327.68
	815	816	-1.62496E+000	-2.00190E-001	-2.12175E+000	-2.00025E+000	3.12328E-004	11	..........a	-327.68
	816	817	-1.62336E+000	-2.00190E-001	-2.12476E+000	-2.00025E+000	3.17578E-004	11	..........a	-327.68
	817	818	-1.62536E+000	-2.00190E-001	-2.12185E+000	-2.00025E+000	3.21494E-004	11	..........a	-327.68
	818	819	-1.62296E+000	-2.00190E-001	-2.10984E+000	-2.00025E+000	3.19444E-004	11	..........a	-327.68
	819	820	-1.62416E+000	-2.00190E-001	-2.08467E+000	-2.00025E+000	3.23544E-004	11	..........a	-327.68
	820	821	-1.62536E+000	-2.00190E-001	-2.08199E+000	-2.00025E+000	3.23928E-004	11	..........a	-327.68
	821	822	-1.62696E+000	-2.00190E-001	-2.07905E+000	-2.00025E+000	3.20994E-004	11	..........a	-327.68
	822	823	-1.62456E+000	-2.00190E-001	-2.08032E+000	-2.00025E+000	3.23861E-004	11	..........a	-327.68
	823	824	-1.62336E+000	-2.00190E-001	-2.08161E+000	-2.00025E+000	3.19761E-004	11	..........a	-327.68
	824	825	-1.62376E+000	-2.00190E-001	-2.08006E+000	-2.00025E+000	3.17228E-004	11	..........a	-327.68
	825	826	-1.62336E+000	-2.00190E-001	-2.07969E+000	-2.00025E+000	3.22611E-004	11	..........a	-327.68
	826	827	-1.62416E+000	-2.00190E-001	-2.07356E+000	-2.00025E+000	3.14994E-004	11	..........a	-327.68
	827	828	-1.61696E+000	-2.00190E-001	-2.07952E+000	-2.00025E+000	3.15111E-004	11	..........a	-327.68
	828	829	-1.62536E+000	-2.00190E-001	-2.07209E+000	-2.00025E+000	3.16861E-004	11	..........a	-327.68
	829	830	-1.62496E+000	-2.00190E-001	-2.07036E+000	-2.00025E+000	3.10778E-004	11	..........a	-327.68
	830	831	-1.62456E+000	-2.00191E-001	-2.07073E+000	-2.00025E+000	3.14811E-004	11	..........a	-327.68
	831	832	-1.62456E+000	-2.00190E-001	-2.07121E+000	-2.00025E+000	3.15294E-004	11	..........a	-327.68
	832	833	-1.62296E+000	-2.00190E-001	-2.07270E+000	-2.00025E+000	3.06394E-004	11	..........a	-327.68
	833	834	-1.62176E+000	-2.00190E-001	-2.07284E+000	-2.00025E+000	3.17511E-004	11	..........a	-327.68
	834	835	-1.62376E+000	-2.00190E-001	-2.07015E+000	-2.00025E+000	3.14311E-004	11	..........a	-327.68
	835	836	-1.62216E+000	-2.00190E-001	-2.07226E+000	-2.00025E+000	3.08578E-004	11	..........a	-327.68
	836	837	-1.62136E+000	-2.00190E-001	-2.07207E+000	-2.00025E+000	3.16828E-004	11	..........a	-327.68
	837	838	-1.62376E+000	-2.00190E-001	-2.07060E+000	-2.00025E+000	3.18194E-004	11	..........a	-327.68
	838	839	-1.62296E+000	-2.00190E-001	-2.07057E+000	-2.00025E+000	3.19978E-004	11	..........a	-327.68
	839	840	-1.62176E+000	-2.00190E-001	-2.07158E+000	-2.00025E+000	3.22711E-004	11	..........a	-327.68
	840	841	-1.61536E+000	-2.00190E-001	-2.07719E+000	-2.00025E+000	3.19594E-004	11	..........a	-327.68
	841	842	-1.62376E+000	-2.00190E-001	-2.07005E+000	-2.00025E+000	3.17144E-004	11	..........a	-327.68
	842	843	-1.61576E+000	-2.00190E-001	-2.07696E+000	-2.00025E+000	3.23678E-004	11	..........a	-327.68
	843	844	-1.62136E+000	-2.00190E-001	-2.07263E+000	-2.00025E+000	3.16811E-004	11	..........a	-327.68
	844	845	-1.62296E+000	-2.00190E-001	-2.07195E+000	-2.00025E+000	3.16944E-004	11	..........a	-327.68
	845	846	-1.62136E+000	-2.00190E-001	-2.07325E+000	-2.00025E+000	3.17294E-004	11	..........a	-327.68
	846	847	-1.62216E+000	-2.00190E-001	-2.07312E+000	-2.00025E+000	3.09544E-004	11	..........a	-327.68
	847	848	-1.62296E+000	-2.00190E-001	-2.07166E+000	-2.00025E+000	3.14761E-004	11	..........a	-327.68
	848	849	-1.62136E+000	-2.00190E-001	-2.07426E+000	-2.00025E+000	3.10411E-004	11	..........a	-327.68
	849	850	-1.62216E+000	-2.00190E-001	-2.07538E+000	-2.00025E+000	3.08444E-004	11	..........a	-327.68
	850	851	-1.62136E+000	-2.00190E-001	-2.07724E+000	-2.00025E+000	3.11761E-004	11	..........a	-327.68
	851	852	-1.62216E+000	-2.00197E-001	-2.07959E+000	-2.00025E+000	5.07144E-004	11	..........a	-327.68
	852	853	-1.62376E+000	-2.00196E-001	-2.07859E+000	-2.00025E+000	5.04328E-004	11	..........a	-327.68
	853	854	-1.61656E+000	-2.00197E-001	-2.08441E+000	-2.00025E+000	5.16894E-004	11	..........a	-327.68
	854	855	-1.62256E+000	-2.00197E-001	-2.08020E+000	-2.00025E+000	5.11111E-004	11	..........a	-327.68
	855	856	-1.61656E+000	-2.00197E-001	-2.08538E+000	-2.00025E+000	5.13411E-004	11	..........a	-327.68
	856	857	-1.62136E+000	-2.00197E-001	-2.08061E+000	-2.00025E+000	5.11261E-004	11	..........a	-327.68
	857	858	-1.62176E+000	-2.00197E-001	-2.08101E+000	-2.00025E+000	5.06111E-004	11	..........a	-327.68
	858	859	-1.62176E+000	-2.00196E-001	-2.08064E+000	-2.00025E+000	5.02894E-004	11	..........a	-327.68
	859	860	-1.62216E+000	-2.00197E-001	-2.08052E+000	-2.00025E+000	4.96044E-004	11	..........a	-327.68
	860	861	-1.62216E+000	-2.00196E-001	-2.08187E+000	-2.00025E+000	5.02728E-004	11	..........a	-327.68
	861	862	-1.62136E+000	-2.00197E-001	-2.08300E+000	-2.00025E+000	4.98694E-004	11	..........a	-327.68
	862	863	-1.62136E+000	-2.00196E-001	-2.08336E+000	-2.00025E+000	4.97711E-004	11	..........a	-327.68
	863	864	-1.62136E+000	-2.00197E-001	-2.08396E+000	-2.00025E+000	5.12078E-004	11	..........a	-327.68
	864	865	-1.62056E+000	-2.00197E-001	-2.08491E+000	-2.00025E+000	5.10594E-004	11	..........a	-327.68
	865	866	-1.62216E+000	-2.00197E-001	-2.08340E+000	-2.00025E+000	5.10611E-004	11	..........a	-327.68
	866	867	-1.61576E+000	-2.00197E-001	-2.08998E+000	-2.00025E+000	5.05878E-004	11	..........a	-327.68
	867	868	-1.62376E+000	-2.00197E-001	-2.08240E+000	-2.00025E+000	5.01694E-004	11	..........a	-327.68
	868	869	-1.61576E+000	-2.00196E-001	-2.09109E+000	-2.00025E+000	5.12628E-004	11	..........a	-327.68
	869	870	-1.62136E+000	-2.00196E-001	-2.08620E+000	-2.00025E+000	5.04111E-004	11	..........a	-327.68
	870	871	-1.62216E+000	-2.00197E-001	-2.08599E+000	-2.00025E+000	4.99094E-004	11	..........a	-327.68
	871	872	-1.62216E+000	-2.00196E-001	-2.08363E+000	-2.00025E+000	5.01628E-004	11	..........a	-327.68
	872	873	-1.62136E+000	-2.00196E-001	-2.08554E+000	-2.00025E+000	5.00044E-004	11	..........a	-327.68
	873	874	-1.62056E+000	-2.00196E-001	-2.08674E+000	-2.00025E+000	5.03461E-004	11	..........a	-327.68
	874	875	-1.62136E+000	-2.00196E-001	-2.08540E+000	-2.00025E+000	5.14661E-004	11	..........a	-327.68
	875	876	-1.62136E+000	-2.00197E-001	-2.08756E+000	-2.00025E+000	5.18361E-004	11	..........a	-327.68
	876	877	-1.62136E+000	-2.00197E-001	-2.08655E+000	-2.00025E+000	4.98878E-004	11	..........a	-327.68
	877	878	-1.62136E+000	-2.00191E-001	-2.08750E+000	-2.00025E+000	3.28711E-004	11	..........a	-327.68
	878	879	-1.62296E+000	-2.00190E-001	-2.08625E+000	-2.00025E+000	3.29194E-004	11	..........a	-327.68
	879	880	-1.62216E+000	-2.00190E-001	-2.08674E+000	-2.00025E+000	3.26294E-004	11	..........a	-327.68
	880	881	-1.62296E+000	-2.00190E-001	-2.08697E+000	-2.00025E+000	3.18894E-004	11	..........a	-327.68
	881	882	-1.61576E+000	-2.00190E-001	-2.09555E+000	-2.00025E+000	3.25678E-004	11	..........a	-327.68
	882	883	-1.62056E+000	-2.00190E-001	-2.09091E+000	-2.00025E+000	3.17828E-004	11	..........a	-327.68
	883	884	-1.62216E+000	-2.00190E-001	-2.08141E+000	-2.00025E+000	3.23528E-004	11	..........a	-327.68
	884	885	-1.62136E+000	-2.00190E-001	-2.07083E+000	-2.00025E+000	3.22511E-004	11	..........a	-327.68
	885	886	-1.62336E+000	-2.00190E-001	-2.07109E+000	-2.00025E+000	3.22644E-004	11	..........a	-327.68
	886	887	-1.62376E+000	-2.00190E-001	-2.07179E+000	-2.00025E+000	3.25278E-004	11	..........a	-327.68
	887	888	-1.62336E+000	-2.00190E-001	-2.07140E+000	-2.00025E+000	3.23028E-004	11	..........a	-327.68
	888	889	-1.62456E+000	-2.00191E-001	-2.06989E+000	-2.00025E+000	3.32211E-004	11	..........a	-327.68
	889	890	-1.62296E+000	-2.00190E-001	-2.07030E+000	-2.00025E+000	3.23011E-004	11	..........a	-327.68
	890	891	-1.62136E+000	-2.00190E-001	-2.07318E+000	-2.00025E+000	3.30111E-004	11	..........a	-327.68
	891	892	-1.62216E+000	-2.00190E-001	-2.07252E+000	-2.00025E+000	3.28161E-004	11	..........a	-327.68
	892	893	-1.62216E+000	-2.00190E-001	-2.07165E+000	-2.00025E+000	3.34694E-004	11	..........a	-327.68
	893	894	-1.62216E+000	-2.00190E-001	-2.07338E+000	-2.00025E+000	3.30294E-004	11	..........a	-327.68
	894	895	-1.62216E+000	-2.00190E-001	-2.07415E+000	-2.00025E+000	3.26928E-004	11	..........a	-327.68
	895	896	-1.62056E+000	-2.00191E-001	-2.07682E+000	-2.00025E+000	3.28694E-004	11	..........a	-327.68
	896	897	-1.62296E+000	-2.00190E-001	-2.07390E+000	-2.00025E+000	3.34861E-004	11	..........a	-327.68
	897	898	-1.62216E+000	-2.00190E-001	-2.07508E+000	-2.00025E+000	3.22428E-004	11	..........a	-327.68
	898	899	-1.62056E+000	-2.00190E-001	-2.07755E+000	-2.00025E+000	3.25561E-004	11	..........a	-327.68
	899	900	-1.62216E+000	-2.00191E-001	-2.07592E+000	-2.00025E+000	3.17628E-004	11	..........a	-327.68
	900	901	-1.62136E+000	-2.00191E-001	-2.07729E+000	-2.00025E+000	3.26211E-004	11	..........a	-327.68
	901	902	-1.62296E+000	-2.00191E-001	-2.07651E+000	-2.00025E+000	3.28828E-004	11	..........a	-327.68
	902	903	-1.62336E+000	-2.00190E-001	-2.07530E+000	-2.00025E+000	3.24578E-004	11	..........a	-327.68
	903	904	-1.62296E+000	-2.00190E-001	-2.07592E+000	-2.00025E+000	3.22394E-004	11	..........a	-327.68
	904	905	-1.62216E+000	-2.00190E-001	-2.07863E+000	-2.00025E+000	3.20728E-004	11	..........a	-327.68
	905	906	-1.62296E+000	-2.00190E-001	-2.07597E+000	-2.00025E+000	3.23044E-004	11	..........a	-327.68
	906	907	-1.62136E+000	-2.00190E-001	-2.08011E+000	-2.00025E+000	3.26911E-004	11	..........a	-327.68
	907	908	-1.62296E+000	-2.00190E-001	-2.08035E+000	-2.00025E+000	3.18161E-004	11	..........a	-327.68
	908	909	-1.62136E+000	-2.00190E-001	-2.08184E+000	-2.00025E+000	3.33444E-004	11	..........a	-327.68
	909	910	-1.61616E+000	-2.00190E-001	-2.08752E+000	-2.00025E+000	3.23978E-004	11	..........a	-327.68
	910	911	-1.62296E+000	-2.00190E-001	-2.08030E+000	-2.00025E+000	3.23378E-004	11	..........a	-327.68
	911	912	-1.62296E+000	-2.00190E-001	-2.08034E+000	-2.00025E+000	3.23661E-004	11	..........a	-327.68
	912	913	-1.62216E+000	-2.00191E-001	-2.08139E+000	-2.00025E+000	3.21294E-004	11	..........a	-327.68
	913	914	-1.62456E+000	-2.00190E-001	-2.07844E+000	-2.00025E+000	3.25294E-004	11	..........a	-327.68
	914	915	-1.62216E+000	-2.00190E-001	-2.08071E+000	-2.00025E+000	3.29561E-004	11	..........a	-327.68
	915	916	-1.62256E+000	-2.00190E-001	-2.08001E+000	-2.00025E+000	3.34078E-004	11	..........a	-327.68
	916	917	-1.62216E+000	-2.00190E-001	-2.07945E+000	-2.00025E+000	3.30744E-004	11	..........a	-327.68
	917	918	-1.62056E+000	-2.00190E-001	-2.08180E+000	-2.00025E+000	3.30711E-004	11	..........a	-327.68
	918	919	-1.62136E+000	-2.00190E-001	-2.08302E+000	-2.00025E+000	3.33328E-004	11	..........a	-327.68
	919	920	-1.62136E+000	-2.00190E-001	-2.08364E+000	-2.00025E+000	3.29661E-004	11	..........a	-327.68
	920	921	-1.62296E+000	-2.00191E-001	-2.08211E+000	-2.00025E+000	3.34578E-004	11	..........a	-327.68
	921	922	-1.62216E+000	-2.00191E-001	-2.08299E+000	-2.00025E+000	3.23128E-004	11	..........a	-327.68
	922	923	-1.61496E+000	-2.00190E-001	-2.09267E+000	-2.00025E+000	3.28161E-004	11	..........a	-327.68
	923	924	-1.62216E+000	-2.00190E-001	-2.08571E+000	-2.00025E+000	3.33044E-004	11	..........a	-327.68
	924	925	-1.62136E+000	-2.00190E-001	-2.08727E+000	-2.00025E+000	3.19411E-004	11	..........a	-327.68
	925	926	-1.62296E+000	-2.00190E-001	-2.08497E+000	-2.00025E+000	3.26661E-004	11	..........a	-327.68
	926	927	-1.62056E+000	-2.00190E-001	-2.08647E+000	-2.00025E+000	3.24211E-004	11	..........a	-327.68
	927	928	-1.62136E+000	-2.00190E-001	-2.08617E+000	-2.00025E+000	3.26044E-004	11	..........a	-327.68
	928	929	-1.62136E+000	-2.00190E-001	-2.08608E+000	-2.00025E+000	3.25011E-004	11	..........a	-327.68
	929	930	-1.62296E+000	-2.00190E-001	-2.08503E+000	-2.00025E+000	3.28511E-004	11	..........a	-327.68
	930	931	-1.62216E+000	-2.00190E-001	-2.08921E+000	-2.00025E+000	3.23861E-004	11	..........a	-327.68
	931	932	-1.62296E+000	-2.00190E-001	-2.08930E+000	-2.00025E+000	3.20744E-004	11	..........a	-327.68
	932	933	-1.61976E+000	-2.00190E-001	-2.09298E+000	-2.00025E+000	3.25128E-004	11	..........a	-327.68
	933	934	-1.61656E+000	-2.00195E-001	-2.09497E+000	-2.00025E+000	4.22228E-004	11	..........a	-327.68
	934	935	-1.62376E+000	-2.00195E-001	-2.08831E+000	-2.00025E+000	4.21544E-004	11	..........a	-327.68
	935	936	-1.62216E+000	-2.00195E-001	-2.09296E+000	-2.00025E+000	4.26678E-004	11	..........a	-327.68
	936	937	-1.62216E+000	-2.00195E-001	-2.09256E+000	-2.00025E+000	4.29311E-004	11	..........a	-327.68
	937	938	-1.62216E+000	-2.00195E-001	-2.09300E+000	-2.00025E+000	4.27594E-004	11	..........a	-327.68
	938	939	-1.62216E+000	-2.00195E-001	-2.09282E+000	-2.00025E+000	4.29628E-004	11	..........a	-327.68
	939	940	-1.62296E+000	-2.00195E-001	-2.09313E+000	-2.00025E+000	4.21911E-004	11	..........a	-327.68
	940	941	-1.62296E+000	-2.00195E-001	-2.09242E+000	-2.00025E+000	4.16611E-004	11	..........a	-327.68
	941	942	-1.62216E+000	-2.00195E-001	-2.09307E+000	-2.00025E+000	4.28244E-004	11	..........a	-327.68
	942	943	-1.61976E+000	-2.00195E-001	-2.09544E+000	-2.00025E+000	4.22528E-004	11	..........a	-327.68
	943	944	-1.62296E+000	-2.00195E-001	-2.09324E+000	-2.00025E+000	4.24994E-004	11	..........a	-327.68
	944	945	-1.61976E+000	-2.00195E-001	-2.09535E+000	-2.00025E+000	4.22778E-004	11	..........a	-327.68
	945	946	-1.62376E+000	-2.00195E-001	-2.09232E+000	-2.00025E+000	4.09211E-004	11	..........a	-327.68
	946	947	-1.62336E+000	-2.00195E-001	-2.09325E+000	-2.00025E+000	4.17711E-004	11	..........a	-327.68
	947	948	-1.62056E+000	-2.00195E-001	-2.09565E+000	-2.00025E+000	4.21261E-004	11	..........a	-327.68
	948	949	-1.62216E+000	-2.00195E-001	-2.09497E+000	-2.00025E+000	4.26794E-004	11	..........a	-327.68
	949	950	-1.62256E+000	-2.00195E-001	-2.09606E+000	-2.00025E+000	4.31444E-004	11	..........a	-327.68
	950	951	-1.61416E+000	-2.00195E-001	-2.10605E+000	-2.00025E+000	4.22111E-004	11	..........a	-327.68
	951	952	-1.62016E+000	-2.00195E-001	-2.10007E+000	-2.00025E+000	4.31894E-004	11	..........a	-327.68
	952	953	-1.62216E+000	-2.00196E-001	-2.09792E+000	-2.00025E+000	4.26228E-004	11	..........a	-327.68
	953	954	-1.61976E+000	-2.00195E-001	-2.10074E+000	-2.00025E+000	4.18528E-004	11	..........a	-327.68
	954	955	-1.62056E+000	-2.00195E-001	-2.10012E+000	-2.00025E+000	4.21361E-004	11	..........a	-327.68
	955	956	-1.62056E+000	-2.00195E-001	-2.09964E+000	-2.00025E+000	4.27144E-004	11	..........a	-327.68
	956	957	-1.62056E+000	-2.00195E-001	-2.09942E+000	-2.00025E+000	4.20961E-004	11	..........a	-327.68
	957	958	-1.62096E+000	-2.00195E-001	-2.09860E+000	-2.00025E+000	4.20244E-004	11	..........a	-327.68
	958	959	-1.62096E+000	-2.00195E-001	-2.10031E+000	-2.00025E+000	4.28311E-004	11	..........a	-327.68
	959	960	-1.61976E+000	-2.00195E-001	-2.10110E+000	-2.00025E+000	4.24461E-004	11	..........a	-327.68
	960	961	-1.62056E+000	-2.00195E-001	-2.09882E+000	-2.00025E+000	4.22494E-004	11	..........a	-327.68
	961	962	-1.61256E+000	-2.00195E-001	-2.10751E+000	-2.00025E+000	4.24311E-004	11	..........a	-327.68
	962	963	-1.62056E+000	-2.00195E-001	-2.09921E+000	-2.00025E+000	4.27494E-004	11	..........a	-327.68
	963	964	-1.61416E+000	-2.00195E-001	-2.10690E+000	-2.00025E+000	4.16011E-004	11	..........a	-327.68
	964	965	-1.62056E+000	-2.00195E-001	-2.10376E+000	-2.00025E+000	4.19311E-004	11	..........a	-327.68
	965	966	-1.62136E+000	-2.00196E-001	-2.10295E+000	-2.00025E+000	4.22528E-004	11	..........a	-327.68
	966	967	-1.62136E+000	-2.00195E-001	-2.10293E+000	-2.00025E+000	4.23778E-004	11	..........a	-327.68
	967	968	-1.62136E+000	-2.00195E-001	-2.10310E+000	-2.00025E+000	4.21744E-004	11	..........a	-327.68
	968	969	-1.62056E+000	-2.00195E-001	-2.10406E+000	-2.00025E+000	4.20294E-004	11	..........a	-327.68
	969	970	-1.62096E+000	-2.00195E-001	-2.10340E+000	-2.00025E+000	4.22944E-004	11	..........a	-327.68
	970	971	-1.61976E+000	-2.00195E-001	-2.10574E+000	-2.00025E+000	4.26794E-004	11	..........a	-327.68
	971	972	-1.62056E+000	-2.00195E-001	-2.10593E+000	-2.00025E+000	4.21328E-004	11	..........a	-327.68
	972	973	-1.62136E+000	-2.00195E-001	-2.10652E+000	-2.00025E+000	4.27411E-004	11	..........a	-327.68
	973	974	-1.62056E+000	-2.00195E-001	-2.10792E+000	-2.00025E+000	4.20644E-004	11	..........a	-327.68
	974	975	-1.62096E+000	-2.00195E-001	-2.10742E+000	-2.00025E+000	4.20044E-004	11	..........a	-327.68
	975	976	-1.62056E+000	-2.00195E-001	-2.10963E+000	-2.00025E+000	4.20261E-004	11	..........a	-327.68
	976	977	-1.62056E+000	-2.00196E-001	-2.11085E+000	-2.00025E+000	4.19094E-004	11	..........a	-327.68
	977	978	-1.62296E+000	-2.00195E-001	-2.10893E+000	-2.00025E+000	4.18344E-004	11	..........a	-327.68
	978	979	-1.62216E+000	-2.00195E-001	-2.10917E+000	-2.00025E+000	4.19994E-004	11	..........a	-327.68
	979	980	-1.62216E+000	-2.00196E-001	-2.11073E+000	-2.00025E+000	4.24694E-004	11	..........a	-327.68
	980	981	-1.62056E+000	-2.00195E-001	-2.11081E+000	-2.00025E+000	4.12561E-004	11	..........a	-327.68
	981	982	-1.62216E+000	-2.00196E-001	-2.10932E+000	-2.00025E+000	4.21511E-004	11	..........a	-327.68
	982	983	-1.62376E+000	-2.00196E-001	-2.10857E+000	-2.00025E+000	4.19578E-004	11	..........a	-327.68
	983	984	-1.62056E+000	-2.00196E-001	-2.11216E+000	-2.00025E+000	4.19528E-004	11	..........a	-327.68
	984	985	-1.62056E+000	-2.00196E-001	-2.11139E+000	-2.00025E+000	4.30211E-004	11	..........a	-327.68
	985	986	-1.62136E+000	-2.00196E-001	-2.09149E+000	-2.00025E+000	4.16478E-004	11	..........a	-327.68
	986	987	-1.62016E+000	-2.00195E-001	-2.08483E+000	-2.00025E+000	4.19094E-004	11	..........a	-327.68
	987	988	-1.62016E+000	-2.00195E-001	-2.08593E+000	-2.00025E+000	4.24828E-004	11	..........a	-327.68
	988	989	-1.61976E+000	-2.00195E-001	-2.08546E+000	-2.00025E+000	4.23144E-004	11	..........a	-327.68
	989	990	-1.62096E+000	-2.00195E-001	-2.08685E+000	-2.00025E+000	4.20911E-004	11	..........a	-327.68
	990	991	-1.62056E+000	-2.00195E-001	-2.08689E+000	-2.00025E+000	4.22244E-004	11	..........a	-327.68
	991	992	-1.62376E+000	-2.00195E-001	-2.08422E+000	-2.00025E+000	4.19744E-004	11	..........a	-327.68
	992	993	-1.62056E+000	-2.00195E-001	-2.08705E+000	-2.00025E+000	4.18094E-004	11	..........a	-327.68
	993	994	-1.61496E+000	-2.00195E-001	-2.09204E+000	-2.00025E+000	4.20144E-004	11	..........a	-327.68
	994	995	-1.62296E+000	-2.00195E-001	-2.08293E+000	-2.00025E+000	4.17311E-004	11	..........a	-327.68
	995	996	-1.62136E+000	-2.00195E-001	-2.08786E+000	-2.00025E+000	4.22294E-004	11	..........a	-327.68
	996	997	-1.61976E+000	-2.00196E-001	-2.08868E+000	-2.00025E+000	4.15928E-004	11	..........a	-327.68
	997	998	-1.62056E+000	-2.00195E-001	-2.08967E+000	-2.00025E+000	4.19961E-004	11	..........a	-327.68
	998	999	-1.62376E+000	-2.00195E-001	-2.08485E+000	-2.00025E+000	4.28978E-004	11	..........a	-327.68
	999	1000	-1.62056E+000	-2.00195E-001	-2.08773E+000	-2.00025E+000	4.12394E-004	11	..........a	-327.68
	1000	1001	-1.62056E+000	-2.00195E-001	-2.08844E+000	-2.00025E+000	4.14194E-004	11	..........a	-327.68
	1001	1002	-1.62056E+000	-2.00195E-001	-2.09054E+000	-2.00025E+000	4.18461E-004	11	..........a	-327.68
	1002	1003	-1.61976E+000	-2.00195E-001	-2.09137E+000	-2.00025E+000	4.27944E-004	11	..........a	-327.68
	1003	1004	-1.62096E+000	-2.00195E-001	-2.09035E+000	-2.00025E+000	4.20444E-004	11	..........a	-327.68
	1004	1005	-1.61416E+000	-2.00195E-001	-2.09674E+000	-2.00025E+000	4.20161E-004	11	..........a	-327.68
	1005	1006	-1.62056E+000	-2.00195E-001	-2.09039E+000	-2.00025E+000	4.19911E-004	11	..........a	-327.68
	1006	1007	-1.61416E+000	-2.00195E-001	-2.09671E+000	-2.00025E+000	4.24778E-004	11	..........a	-327.68
	1007	1008	-1.62376E+000	-2.00195E-001	-2.08785E+000	-2.00025E+000	4.30161E-004	11	..........a	-327.68
	1008	1009	-1.62216E+000	-2.00195E-001	-2.08946E+000	-2.00025E+000	4.16344E-004	11	..........a	-327.68
	1009	1010	-1.62056E+000	-2.00195E-001	-2.09081E+000	-2.00025E+000	4.23211E-004	11	..........a	-327.68
	1010	1011	-1.62056E+000	-2.00195E-001	-2.09175E+000	-2.00025E+000	4.20961E-004	11	..........a	-327.68
	1011	1012	-1.62056E+000	-2.00195E-001	-2.09254E+000	-2.00025E+000	4.22711E-004	11	..........a	-327.68
	1012	1013	-1.62056E+000	-2.00195E-001	-2.07964E+000	-2.00025E+000	4.16894E-004	11	..........a	-327.68
	1013	1014	-1.61976E+000	-2.00196E-001	-2.08245E+000	-2.00025E+000	4.24078E-004	11	..........a	-327.68
	1014	1015	-1.62096E+000	-2.00195E-001	-2.08095E+000	-2.00025E+000	4.26794E-004	11	..........a	-327.68
	1015	1016	-1.62096E+000	-2.00190E-001	-2.08078E+000	-2.00025E+000	5.21178E-004	11	..........a	-327.68
	1016	1017	-1.62136E+000	-2.00190E-001	-2.08200E+000	-2.00025E+000	5.15628E-004	11	..........a	-327.68
	1017	1018	-1.61376E+000	-2.00190E-001	-2.09026E+000	-2.00025E+000	5.16611E-004	11	..........a	-327.68
	1018	1019	-1.62136E+000	-2.00190E-001	-2.08349E+000	-2.00025E+000	5.16044E-004	11	..........a	-327.68
	1019	1020	-1.62176E+000	-2.00189E-001	-2.08340E+000	-2.00025E+000	5.17778E-004	11	..........a	-327.68
	1020	1021	-1.62056E+000	-2.00189E-001	-2.08436E+000	-2.00025E+000	5.17811E-004	11	..........a	-327.68
	1021	1022	-1.62176E+000	-2.00189E-001	-2.08402E+000	-2.00025E+000	5.19294E-004	11	..........a	-327.68
	1022	1023	-1.62216E+000	-2.00190E-001	-2.08545E+000	-2.00025E+000	5.08728E-004	11	..........a	-327.68
	1023	1024	-1.62216E+000	-2.00190E-001	-2.08550E+000	-2.00025E+000	5.09078E-004	11	..........a	-327.68
	1024	1025	-1.62216E+000	-2.00190E-001	-2.08555E+000	-2.00025E+000	5.11111E-004	11	..........a	-327.68
	1025	1026	-1.62216E+000	-2.00189E-001	-2.08696E+000	-2.00025E+000	5.14378E-004	11	..........a	-327.68
	1026	1027	-1.61976E+000	-2.00188E-001	-2.08899E+000	-2.00025E+000	5.07961E-004	11	..........a	-327.68
	1027	1028	-1.62056E+000	-2.00188E-001	-2.08802E+000	-2.00025E+000	4.98128E-004	11	..........a	-327.68
	1028	1029	-1.61416E+000	-2.00188E-001	-2.09557E+000	-2.00025E+000	5.08811E-004	11	..........a	-327.68
	1029	1030	-1.62056E+000	-2.00189E-001	-2.08869E+000	-2.00025E+000	5.09778E-004	11	..........a	-327.68
	1030	1031	-1.62136E+000	-2.00189E-001	-2.08983E+000	-2.00025E+000	5.29761E-004	11	..........a	-327.68
	1031	1032	-1.62216E+000	-2.00188E-001	-2.09079E+000	-2.00025E+000	5.20294E-004	11	..........a	-327.68
	1032	1033	-1.62176E+000	-2.00188E-001	-2.09240E+000	-2.00025E+000	5.11494E-004	11	..........a	-327.68
	1033	1034	-1.62216E+000	-2.00188E-001	-2.09167E+000	-2.00025E+000	5.05561E-004	11	..........a	-327.68
	1034	1035	-1.62216E+000	-2.00188E-001	-2.09313E+000	-2.00025E+000	5.16578E-004	11	..........a	-327.68
	1035	1036	-1.62136E+000	-2.00188E-001	-2.09378E+000	-2.00025E+000	5.08044E-004	11	..........a	-327.68
	1036	1037	-1.62136E+000	-2.00188E-001	-2.09204E+000	-2.00025E+000	5.12894E-004	11	..........a	-327.68
	1037	1038	-1.62216E+000	-2.00188E-001	-2.09109E+000	-2.00025E+000	5.30928E-004	11	..........a	-327.68
	1038	1039	-1.62216E+000	-2.00188E-001	-2.09036E+000	-2.00025E+000	5.22728E-004	11	..........a	-327.68
	1039	1040	-1.62136E+000	-2.00188E-001	-2.09271E+000	-2.00025E+000	5.11261E-004	11	..........a	-327.68
	1040	1041	-1.62056E+000	-2.00188E-001	-2.09519E+000	-2.00025E+000	5.13344E-004	11	..........a	-327.68
	1041	1042	-1.61976E+000	-2.00188E-001	-2.09662E+000	-2.00025E+000	5.15061E-004	11	..........a	-327.68
	1042	1043	-1.62136E+000	-2.00188E-001	-2.09508E+000	-2.00025E+000	5.16494E-004	11	..........a	-327.68
	1043	1044	-1.62216E+000	-2.00188E-001	-2.09143E+000	-2.00025E+000	5.15794E-004	11	..........a	-327.68
	1044	1045	-1.62056E+000	-2.00188E-001	-2.09446E+000	-2.00025E+000	5.17511E-004	11	..........a	-327.68
	1045	1046	-1.62056E+000	-2.00188E-001	-2.09576E+000	-2.00025E+000	5.33311E-004	11	..........a	-327.68
	1046	1047	-1.62056E+000	-2.00188E-001	-2.08716E+000	-2.00025E+000	5.11178E-004	11	..........a	-327.68
	1047	1048	-1.61976E+000	-2.00188E-001	-2.07298E+000	-2.00025E+000	5.11128E-004	11	..........a	-327.68
	1048	1049	-1.62176E+000	-2.00188E-001	-2.07251E+000	-2.00025E+000	5.04294E-004	11	..........a	-327.68
	1049	1050	-1.61976E+000	-2.00188E-001	-2.07442E+000	-2.00025E+000	5.07311E-004	11	..........a	-327.68
	1050	1051	-1.62056E+000	-2.00188E-001	-2.07449E+000	-2.00025E+000	5.14144E-004	11	..........a	-327.68
	1051	1052	-1.62056E+000	-2.00188E-001	-2.07455E+000	-2.00025E+000	5.12928E-004	11	..........a	-327.68
	1052	1053	-1.62016E+000	-2.00188E-001	-2.07563E+000	-2.00025E+000	5.05411E-004	11	..........a	-327.68
	1053	1054	-1.62216E+000	-2.00188E-001	-2.07345E+000	-2.00025E+000	5.10911E-004	11	..........a	-327.68
	1054	1055	-1.61976E+000	-2.00188E-001	-2.07586E+000	-2.00025E+000	5.10794E-004	11	..........a	-327.68
	1055	1056	-1.62056E+000	-2.00188E-001	-2.07613E+000	-2.00025E+000	5.08428E-004	11	..........a	-327.68
	1056	1057	-1.61416E+000	-2.00188E-001	-2.08280E+000	-2.00025E+000	5.26411E-004	11	..........a	-327.68
	1057	1058	-1.62216E+000	-2.00188E-001	-2.07539E+000	-2.00025E+000	5.23178E-004	11	..........a	-327.68
	1058	1059	-1.61416E+000	-2.00188E-001	-2.08482E+000	-2.00025E+000	5.11344E-004	11	..........a	-327.68
	1059	1060	-1.62296E+000	-2.00188E-001	-2.07585E+000	-2.00025E+000	5.13861E-004	11	..........a	-327.68
	1060	1061	-1.62216E+000	-2.00188E-001	-2.07688E+000	-2.00025E+000	5.14194E-004	11	..........a	-327.68
	1061	1062	-1.62216E+000	-2.00188E-001	-2.07687E+000	-2.00025E+000	5.18544E-004	11	..........a	-327.68
	1062	1063	-1.62056E+000	-2.00188E-001	-2.07824E+000	-2.00025E+000	5.00444E-004	11	..........a	-327.68
	1063	1064	-1.62216E+000	-2.00188E-001	-2.07766E+000	-2.00025E+000	4.98744E-004	11	..........a	-327.68
	1064	1065	-1.62056E+000	-2.00188E-001	-2.07988E+000	-2.00025E+000	5.08711E-004	11	..........a	-327.68
	1065	1066	-1.62136E+000	-2.00188E-001	-2.07914E+000	-2.00025E+000	5.22244E-004	11	..........a	-327.68
	1066	1067	-1.62056E+000	-2.00188E-001	-2.08128E+000	-2.00025E+000	5.32578E-004	11	..........a	-327.68
	1067	1068	-1.62216E+000	-2.00189E-001	-2.07957E+000	-2.00025E+000	6.56611E-005	11	..........a	-327.68
	1068	1069	-1.62216E+000	-2.00189E-001	-2.08045E+000	-2.00025E+000	6.81444E-005	11	..........a	-327.68
	1069	1070	-1.61656E+000	-2.00189E-001	-2.08840E+000	-2.00025E+000	6.70111E-005	11	..........a	-327.68
	1070	1071	-1.62136E+000	-2.00189E-001	-2.08050E+000	-2.00025E+000	7.00111E-005	11	..........a	-327.68
	1071	1072	-1.61576E+000	-2.00189E-001	-2.08772E+000	-2.00025E+000	7.24444E-005	11	..........a	-327.68
	1072	1073	-1.62056E+000	-2.00189E-001	-2.08273E+000	-2.00025E+000	7.07444E-005	11	..........a	-327.68
	1073	1074	-1.61976E+000	-2.00189E-001	-2.08277E+000	-2.00025E+000	6.99611E-005	11	..........a	-327.68
	1074	1075	-1.62216E+000	-2.00189E-001	-2.08024E+000	-2.00025E+000	6.88277E-005	11	..........a	-327.68
	1075	1076	-1.62136E+000	-2.00189E-001	-2.08223E+000	-2.00025E+000	6.93777E-005	11	..........a	-327.68
	1076	1077	-1.62216E+000	-2.00189E-001	-2.08335E+000	-2.00025E+000	7.35444E-005	11	..........a	-327.68
	1077	1078	-1.62296E+000	-2.00189E-001	-2.08192E+000	-2.00025E+000	7.31277E-005	11	..........a	-327.68
	1078	1079	-1.62216E+000	-2.00189E-001	-2.08176E+000	-2.00025E+000	3.16911E-004	11	..........a	-327.68
	1079	1080	-1.62136E+000	-2.00189E-001	-2.08152E+000	-2.00025E+000	3.19428E-004	11	..........a	-327.68
	1080	1081	-1.61416E+000	-2.00189E-001	-2.09074E+000	-2.00025E+000	3.18794E-004	11	..........a	-327.68
	1081	1082	-1.62376E+000	-2.00189E-001	-2.08129E+000	-2.00025E+000	3.20511E-004	11	..........a	-327.68
	1082	1083	-1.62056E+000	-2.00189E-001	-2.08521E+000	-2.00025E+000	3.16178E-004	11	..........a	-327.68
	1083	1084	-1.62296E+000	-2.00189E-001	-2.08205E+000	-2.00025E+000	3.11178E-004	11	..........a	-327.68
	1084	1085	-1.62216E+000	-2.00189E-001	-2.08457E+000	-2.00025E+000	3.10728E-004	11	..........a	-327.68
	1085	1086	-1.62216E+000	-2.00189E-001	-2.08458E+000	-2.00025E+000	3.12728E-004	11	..........a	-327.68
	1086	1087	-1.62136E+000	-2.00189E-001	-2.08721E+000	-2.00025E+000	3.09711E-004	11	..........a	-327.68
	1087	1088	-1.62136E+000	-2.00189E-001	-2.08699E+000	-2.00025E+000	3.15578E-004	11	..........a	-327.68
	1088	1089	-1.61976E+000	-2.00189E-001	-2.08987E+000	-2.00025E+000	3.07861E-004	11	..........a	-327.68
	1089	1090	-1.62136E+000	-2.00189E-001	-2.08968E+000	-2.00025E+000	3.11511E-004	11	..........a	-327.68
	1090	1091	-1.62136E+000	-2.00189E-001	-2.08958E+000	-2.00025E+000	3.12261E-004	11	..........a	-327.68
	1091	1092	-1.62216E+000	-2.00189E-001	-2.08908E+000	-2.00025E+000	3.18428E-004	11	..........a	-327.68
	1092	1093	-1.62296E+000	-2.00190E-001	-2.08865E+000	-2.00025E+000	3.12244E-004	11	..........a	-327.68
	1093	1094	-1.62056E+000	-2.00189E-001	-2.09083E+000	-2.00025E+000	3.13711E-004	11	..........a	-327.68
	1094	1095	-1.61896E+000	-2.00189E-001	-2.09252E+000	-2.00025E+000	3.10261E-004	11	..........a	-327.68
	1095	1096	-1.61496E+000	-2.00189E-001	-2.09583E+000	-2.00025E+000	3.16261E-004	11	..........a	-327.68
	1096	1097	-1.61976E+000	-2.00190E-001	-2.09350E+000	-2.00025E+000	3.10061E-004	11	..........a	-327.68
	1097	1098	-1.61416E+000	-2.00189E-001	-2.10106E+000	-2.00025E+000	3.14828E-004	11	..........a	-327.68
	1098	1099	-1.62056E+000	-2.00189E-001	-2.09363E+000	-2.00025E+000	3.13478E-004	11	..........a	-327.68
	1099	1100	-1.62056E+000	-2.00189E-001	-2.09316E+000	-2.00025E+000	3.09678E-004	11	..........a	-327.68
	1100	1101	-1.62216E+000	-2.00189E-001	-2.09214E+000	-2.00025E+000	3.16911E-004	11	..........a	-327.68
	1101	1102	-1.62056E+000	-2.00189E-001	-2.09302E+000	-2.00025E+000	3.11228E-004	11	..........a	-327.68
	1102	1103	-1.62136E+000	-2.00189E-001	-2.09148E+000	-2.00025E+000	3.13444E-004	11	..........a	-327.68
	1103	1104	-1.61976E+000	-2.00189E-001	-2.09534E+000	-2.00025E+000	3.17944E-004	11	..........a	-327.68
	1104	1105	-1.62016E+000	-2.00189E-001	-2.09506E+000	-2.00025E+000	3.10294E-004	11	..........a	-327.68
	1105	1106	-1.62056E+000	-2.00189E-001	-2.09660E+000	-2.00025E+000	3.14844E-004	11	..........a	-327.68
	1106	1107	-1.62136E+000	-2.00189E-001	-2.09405E+000	-2.00025E+000	3.11928E-004	11	..........a	-327.68
	1107	1108	-1.61976E+000	-2.00189E-001	-2.09407E+000	-2.00025E+000	3.08411E-004	11	..........a	-327.68
	1108	1109	-1.61376E+000	-2.00189E-001	-2.10096E+000	-2.00025E+000	3.14678E-004	11	..........a	-327.68
	1109	1110	-1.62256E+000	-2.00189E-001	-2.09216E+000	-2.00025E+000	3.15161E-004	11	..........a	-327.68
	1110	1111	-1.61376E+000	-2.00189E-001	-2.10315E+000	-2.00025E+000	3.13444E-004	11	..........a	-327.68
	1111	1112	-1.61976E+000	-2.00189E-001	-2.09527E+000	-2.00025E+000	3.09861E-004	11	..........a	-327.68
	1112	1113	-1.61976E+000	-2.00189E-001	-2.09504E+000	-2.00025E+000	3.07828E-004	11	..........a	-327.68
	1113	1114	-1.62136E+000	-2.00189E-001	-2.09509E+000	-2.00025E+000	3.04061E-004	11	..........a	-327.68
	1114	1115	-1.62216E+000	-2.00189E-001	-2.09403E+000	-2.00025E+000	3.11194E-004	11	..........a	-327.68
	1115	1116	-1.62056E+000	-2.00189E-001	-2.09595E+000	-2.00025E+000	3.08344E-004	11	..........a	-327.68
	1116	1117	-1.62096E+000	-2.00189E-001	-2.09613E+000	-2.00025E+000	3.09578E-004	11	..........a	-327.68
	1117	1118	-1.62056E+000	-2.00190E-001	-2.09627E+000	-2.00025E+000	3.12011E-004	11	..........a	-327.68
	1118	1119	-1.61976E+000	-2.00189E-001	-2.09748E+000	-2.00025E+000	3.12328E-004	11	..........a	-327.68
	1119	1120	-1.62056E+000	-2.00189E-001	-2.09839E+000	-2.00025E+000	2.97928E-004	11	..........a	-327.68
	1120	1121	-1.61976E+000	-2.00190E-001	-2.09834E+000	-2.00025E+000	2.97478E-004	11	..........a	-327.68
	1121	1122	-1.61376E+000	-2.00190E-001	-2.10458E+000	-2.00025E+000	2.95761E-004	11	..........a	-327.68
	1122	1123	-1.62056E+000	-2.00189E-001	-2.09711E+000	-2.00025E+000	3.01078E-004	11	..........a	-327.68
	1123	1124	-1.61976E+000	-2.00189E-001	-2.09726E+000	-2.00025E+000	2.99394E-004	11	..........a	-327.68
	1124	1125	-1.61976E+000	-2.00190E-001	-2.09670E+000	-2.00025E+000	3.00461E-004	11	..........a	-327.68
	1125	1126	-1.61896E+000	-2.00190E-001	-2.09690E+000	-2.00025E+000	3.04111E-004	11	..........a	-327.68
	1126	1127	-1.62056E+000	-2.00189E-001	-2.09841E+000	-2.00025E+000	2.99644E-004	11	..........a	-327.68
	1127	1128	-1.62176E+000	-2.00189E-001	-2.09827E+000	-2.00025E+000	2.98728E-004	11	..........a	-327.68
	1128	1129	-1.62056E+000	-2.00189E-001	-2.09900E+000	-2.00025E+000	2.95728E-004	11	..........a	-327.68
	1129	1130	-1.62056E+000	-2.00189E-001	-2.07172E+000	-2.00025E+000	2.93644E-004	11	..........a	-327.68
	1130	1131	-1.62096E+000	-2.00190E-001	-2.07332E+000	-2.00025E+000	3.03628E-004	11	..........a	-327.68
	1131	1132	-1.62096E+000	-2.00190E-001	-2.07318E+000	-2.00025E+000	2.96061E-004	11	..........a	-327.68
	1132	1133	-1.62216E+000	-2.00189E-001	-2.07196E+000	-2.00025E+000	2.98578E-004	11	..........a	-327.68
	1133	1134	-1.62016E+000	-2.00189E-001	-2.07281E+000	-2.00025E+000	3.03928E-004	11	..........a	-327.68
	1134	1135	-1.61896E+000	-2.00189E-001	-2.07510E+000	-2.00025E+000	3.09244E-004	11	..........a	-327.68
	1135	1136	-1.62056E+000	-2.00189E-001	-2.07348E+000	-2.00025E+000	3.08094E-004	11	..........a	-327.68
	1136	1137	-1.62056E+000	-2.00190E-001	-2.07393E+000	-2.00025E+000	3.11494E-004	11	..........a	-327.68
	1137	1138	-1.62016E+000	-2.00190E-001	-2.07291E+000	-2.00025E+000	3.12728E-004	11	..........a	-327.68
	1138	1139	-1.62016E+000	-2.00190E-001	-2.07427E+000	-2.00025E+000	3.13811E-004	11	..........a	-327.68
	1139	1140	-1.61976E+000	-2.00190E-001	-2.07549E+000	-2.00025E+000	3.10361E-004	11	..........a	-327.68
	1140	1141	-1.62096E+000	-2.00189E-001	-2.07415E+000	-2.00025E+000	3.08628E-004	11	..........a	-327.68
	1141	1142	-1.62016E+000	-2.00190E-001	-2.07731E+000	-2.00025E+000	3.15361E-004	11	..........a	-327.68
	1142	1143	-1.61976E+000	-2.00189E-001	-2.08118E+000	-2.00025E+000	3.10244E-004	11	..........a	-327.68
	1143	1144	-1.62056E+000	-2.00189E-001	-2.08027E+000	-2.00025E+000	3.11044E-004	11	..........a	-327.68
	1144	1145	-1.62016E+000	-2.00189E-001	-2.08011E+000	-2.00025E+000	3.16328E-004	11	..........a	-327.68
	1145	1146	-1.62016E+000	-2.00189E-001	-2.07849E+000	-2.00025E+000	3.17111E-004	11	..........a	-327.68
	1146	1147	-1.62056E+000	-2.00190E-001	-2.07728E+000	-2.00025E+000	3.14378E-004	11	..........a	-327.68
	1147	1148	-1.61896E+000	-2.00189E-001	-2.08031E+000	-2.00025E+000	3.10544E-004	11	..........a	-327.68
	1148	1149	-1.61896E+000	-2.00190E-001	-2.07990E+000	-2.00025E+000	3.17244E-004	11	..........a	-327.68
	1149	1150	-1.62056E+000	-2.00190E-001	-2.08052E+000	-2.00025E+000	3.15328E-004	11	..........a	-327.68
	1150	1151	-1.62016E+000	-2.00190E-001	-2.08124E+000	-2.00025E+000	3.15178E-004	11	..........a	-327.68
	1151	1152	-1.62096E+000	-2.00190E-001	-2.08121E+000	-2.00025E+000	3.12861E-004	11	..........a	-327.68
	1152	1153	-1.62056E+000	-2.00190E-001	-2.08305E+000	-2.00025E+000	3.13061E-004	11	..........a	-327.68
	1153	1154	-1.61976E+000	-2.00189E-001	-2.08492E+000	-2.00025E+000	3.08878E-004	11	..........a	-327.68
	1154	1155	-1.62096E+000	-2.00190E-001	-2.07949E+000	-2.00025E+000	3.08894E-004	11	..........a	-327.68
	1155	1156	-1.62016E+000	-2.00190E-001	-2.08015E+000	-2.00025E+000	3.02611E-004	11	..........a	-327.68
	1156	1157	-1.62056E+000	-2.00190E-001	-2.08229E+000	-2.00025E+000	3.08561E-004	11	..........a	-327.68
	1157	1158	-1.62056E+000	-2.00190E-001	-2.08164E+000	-2.00025E+000	3.06961E-004	11	..........a	-327.68
	1158	1159	-1.62096E+000	-2.00190E-001	-2.08238E+000	-2.00025E+000	3.03328E-004	11	..........a	-327.68
	1159	1160	-1.62016E+000	-2.00190E-001	-2.08240E+000	-2.00025E+000	3.06444E-004	11	..........a	-327.68
	1160	1161	-1.61376E+000	-2.00190E-001	-2.09080E+000	-2.00025E+000	3.04511E-004	11	..........a	-327.68
	1161	1162	-1.62056E+000	-2.00189E-001	-2.08540E+000	-2.00025E+000	3.09211E-004	11	..........a	-327.68
	1162	1163	-1.61976E+000	-2.00190E-001	-2.08555E+000	-2.00025E+000	3.13778E-004	11	..........a	-327.68
	1163	1164	-1.62016E+000	-2.00190E-001	-2.08601E+000	-2.00025E+000	3.16128E-004	11	..........a	-327.68
	1164	1165	-1.62056E+000	-2.00190E-001	-2.08513E+000	-2.00025E+000	3.19144E-004	11	..........a	-327.68
	1165	1166	-1.61816E+000	-2.00190E-001	-2.08653E+000	-2.00025E+000	3.13961E-004	11	..........a	-327.68
	1166	1167	-1.61976E+000	-2.00189E-001	-2.08551E+000	-2.00025E+000	3.07644E-004	11	..........a	-327.68
	1167	1168	-1.61976E+000	-2.00189E-001	-2.08461E+000	-2.00025E+000	3.03928E-004	11	..........a	-327.68
	1168	1169	-1.62056E+000	-2.00189E-001	-2.08358E+000	-2.00025E+000	3.09094E-004	11	..........a	-327.68
	1169	1170	-1.61976E+000	-2.00189E-001	-2.08507E+000	-2.00025E+000	3.12461E-004	11	..........a	-327.68
	1170	1171	-1.62016E+000	-2.00190E-001	-2.08376E+000	-2.00025E+000	3.15044E-004	11	..........a	-327.68
	1171	1172	-1.62096E+000	-2.00189E-001	-2.08349E+000	-2.00025E+000	3.11394E-004	11	..........a	-327.68
	1172	1173	-1.61976E+000	-2.00190E-001	-2.08455E+000	-2.00025E+000	3.15244E-004	11	..........a	-327.68
	1173	1174	-1.62056E+000	-2.00189E-001	-2.08385E+000	-2.00025E+000	3.04211E-004	11	..........a	-327.68
	1174	1175	-1.62016E+000	-2.00189E-001	-2.08639E+000	-2.00025E+000	3.13711E-004	11	..........a	-327.68
	1175	1176	-1.61976E+000	-2.00189E-001	-2.08723E+000	-2.00025E+000	3.06811E-004	11	..........a	-327.68
	1176	1177	-1.62016E+000	-2.00189E-001	-2.08675E+000	-2.00025E+000	3.08478E-004	11	..........a	-327.68
	1177	1178	-1.61896E+000	-2.00189E-001	-2.08791E+000	-2.00025E+000	3.06878E-004	11	..........a	-327.68
	1178	1179	-1.62056E+000	-2.00190E-001	-2.08558E+000	-2.00025E+000	3.06944E-004	11	..........a	-327.68
	1179	1180	-1.62176E+000	-2.00190E-001	-2.08381E+000	-2.00025E+000	3.07111E-004	11	..........a	-327.68
	1180	1181	-1.62056E+000	-2.00190E-001	-2.08445E+000	-2.00025E+000	3.11828E-004	11	..........a	-327.68
	1181	1182	-1.61976E+000	-2.00189E-001	-2.08628E+000	-2.00025E+000	3.10961E-004	11	..........a	-327.68
	1182	1183	-1.62056E+000	-2.00189E-001	-2.08765E+000	-2.00025E+000	3.04578E-004	11	..........a	-327.68
	1183	1184	-1.62016E+000	-2.00189E-001	-2.08793E+000	-2.00025E+000	3.07044E-004	11	..........a	-327.68
	1184	1185	-1.62056E+000	-2.00189E-001	-2.08951E+000	-2.00025E+000	3.13511E-004	11	..........a	-327.68
	1185	1186	-1.61976E+000	-2.00189E-001	-2.09001E+000	-2.00025E+000	3.06544E-004	11	..........a	-327.68
	1186	1187	-1.62016E+000	-2.00189E-001	-2.08818E+000	-2.00025E+000	3.04078E-004	11	..........a	-327.68
	1187	1188	-1.62136E+000	-2.00189E-001	-2.08741E+000	-2.00025E+000	3.14161E-004	11	..........a	-327.68
	1188	1189	-1.62096E+000	-2.00188E-001	-2.08932E+000	-2.00025E+000	3.08444E-004	11	..........a	-327.68
	1189	1190	-1.62216E+000	-2.00189E-001	-2.08854E+000	-2.00025E+000	3.09994E-004	11	..........a	-327.68
	1190	1191	-1.61456E+000	-2.00189E-001	-2.09588E+000	-2.00025E+000	3.13194E-004	11	..........a	-327.68
	1191	1192	-1.62216E+000	-2.00189E-001	-2.08706E+000	-2.00025E+000	3.18261E-004	11	..........a	-327.68
	1192	1193	-1.61416E+000	-2.00189E-001	-2.09672E+000	-2.00025E+000	3.10611E-004	11	..........a	-327.68
	1193	1194	-1.62056E+000	-2.00189E-001	-2.09058E+000	-2.00025E+000	3.08778E-004	11	..........a	-327.68
	1194	1195	-1.62176E+000	-2.00189E-001	-2.08965E+000	-2.00025E+000	3.07761E-004	11	..........a	-327.68
	1195	1196	-1.62176E+000	-2.00189E-001	-2.08962E+000	-2.00025E+000	3.04828E-004	11	..........a	-327.68
	1196	1197	-1.62136E+000	-2.00189E-001	-2.09271E+000	-2.00025E+000	3.06828E-004	11	..........a	-327.68
	1197	1198	-1.62136E+000	-2.00189E-001	-2.09562E+000	-2.00025E+000	2.99328E-004	11	..........a	-327.68
	1198	1199	-1.62256E+000	-2.00189E-001	-2.09548E+000	-2.00025E+000	3.07761E-004	11	..........a	-327.68
	1199	1200	-1.61896E+000	-2.00190E-001	-2.09754E+000	-2.00025E+000	3.09228E-004	11	..........a	-327.68
	1200	1201	-1.61976E+000	-2.00190E-001	-2.09841E+000	-2.00025E+000	3.02578E-004	11	..........a	-327.68
	1201	1202	-1.61216E+000	-2.00190E-001	-2.10549E+000	-2.00025E+000	3.10028E-004	11	..........a	-327.68
	1202	1203	-1.61936E+000	-2.00190E-001	-2.09692E+000	-2.00025E+000	3.09228E-004	11	..........a	-327.68
	1203	1204	-1.62016E+000	-2.00189E-001	-2.09462E+000	-2.00025E+000	3.14611E-004	11	..........a	-327.68
	1204	1205	-1.62096E+000	-2.00189E-001	-2.09369E+000	-2.00025E+000	3.11961E-004	11	..........a	-327.68
	1205	1206	-1.62016E+000	-2.00189E-001	-2.09485E+000	-2.00025E+000	3.12444E-004	11	..........a	-327.68
	1206	1207	-1.61856E+000	-2.00190E-001	-2.09664E+000	-2.00025E+000	3.10261E-004	11	..........a	-327.68
	1207	1208	-1.61816E+000	-2.00190E-001	-2.09561E+000	-2.00025E+000	3.14228E-004	11	..........a	-327.68
	1208	1209	-1.62096E+000	-2.00189E-001	-2.09398E+000	-2.00025E+000	3.12894E-004	11	..........a	-327.68
	1209	1210	-1.61936E+000	-2.00189E-001	-2.09657E+000	-2.00025E+000	3.11061E-004	11	..........a	-327.68
	1210	1211	-1.61856E+000	-2.00189E-001	-2.09774E+000	-2.00025E+000	3.11444E-004	11	..........a	-327.68
	1211	1212	-1.61816E+000	-2.00189E-001	-2.10162E+000	-2.00025E+000	3.07878E-004	11	..........a	-327.68
	1212	1213	-1.62016E+000	-2.00189E-001	-2.10011E+000	-2.00025E+000	3.18561E-004	11	..........a	-327.68
	1213	1214	-1.61936E+000	-2.00189E-001	-2.10340E+000	-2.00025E+000	3.09011E-004	11	..........a	-327.68
	1214	1215	-1.61976E+000	-2.00189E-001	-2.10279E+000	-2.00025E+000	3.12778E-004	11	..........a	-327.68
	1215	1216	-1.62176E+000	-2.00189E-001	-2.10091E+000	-2.00025E+000	3.13794E-004	11	..........a	-327.68
	1216	1217	-1.61296E+000	-2.00189E-001	-2.11043E+000	-2.00025E+000	3.09661E-004	11	..........a	-327.68
	1217	1218	-1.62056E+000	-2.00189E-001	-2.10281E+000	-2.00025E+000	3.08461E-004	11	..........a	-327.68
	1218	1219	-1.61936E+000	-2.00189E-001	-2.10380E+000	-2.00025E+000	3.15844E-004	11	..........a	-327.68
	1219	1220	-1.62016E+000	-2.00190E-001	-2.10476E+000	-2.00025E+000	3.16661E-004	11	..........a	-327.68
	1220	1221	-1.61936E+000	-2.00190E-001	-2.10561E+000	-2.00025E+000	3.12044E-004	11	..........a	-327.68
	1221	1222	-1.61976E+000	-2.00189E-001	-2.10500E+000	-2.00025E+000	3.11994E-004	11	..........a	-327.68
	1222	1223	-1.62016E+000	-2.00189E-001	-2.10633E+000	-2.00025E+000	3.12061E-004	11	..........a	-327.68
	1223	1224	-1.62056E+000	-2.00189E-001	-2.10549E+000	-2.00025E+000	3.12494E-004	11	..........a	-327.68
	1224	1225	-1.61976E+000	-2.00189E-001	-2.10589E+000	-2.00025E+000	3.05761E-004	11	..........a	-327.68
	1225	1226	-1.61976E+000	-2.00190E-001	-2.10527E+000	-2.00025E+000	3.11728E-004	11	..........a	-327.68
	1226	1227	-1.62016E+000	-2.00190E-001	-2.10477E+000	-2.00025E+000	3.09961E-004	11	..........a	-327.68
	1227	1228	-1.62016E+000	-2.00190E-001	-2.10469E+000	-2.00025E+000	3.14928E-004	11	..........a	-327.68
	1228	1229	-1.62056E+000	-2.00190E-001	-2.10382E+000	-2.00025E+000	3.12211E-004	11	..........a	-327.68
	1229	1230	-1.62016E+000	-2.00190E-001	-2.10416E+000	-2.00025E+000	3.17978E-004	11	..........a	-327.68
	1230	1231	-1.61896E+000	-2.00190E-001	-2.10783E+000	-2.00025E+000	3.17661E-004	11	..........a	-327.68
	1231	1232	-1.62096E+000	-2.00190E-001	-2.10562E+000	-2.00025E+000	3.10994E-004	11	..........a	-327.68
	1232	1233	-1.62096E+000	-2.00190E-001	-2.10590E+000	-2.00025E+000	3.12211E-004	11	..........a	-327.68
	1233	1234	-1.61896E+000	-2.00190E-001	-2.10537E+000	-2.00025E+000	3.12894E-004	11	..........a	-327.68
	1234	1235	-1.62096E+000	-2.00190E-001	-2.10386E+000	-2.00025E+000	3.06261E-004	11	..........a	-327.68
	1235	1236	-1.61896E+000	-2.00190E-001	-2.10587E+000	-2.00025E+000	3.10528E-004	11	..........a	-327.68
	1236	1237	-1.62016E+000	-2.00190E-001	-2.10421E+000	-2.00025E+000	3.16378E-004	11	..........a	-327.68
	1237	1238	-1.61936E+000	-2.00190E-001	-2.10602E+000	-2.00025E+000	3.18444E-004	11	..........a	-327.68
	1238	1239	-1.61776E+000	-2.00190E-001	-2.10818E+000	-2.00025E+000	3.10311E-004	11	..........a	-327.68
	1239	1240	-1.61856E+000	-2.00190E-001	-2.10753E+000	-2.00025E+000	3.19978E-004	11	..........a	-327.68
	1240	1241	-1.62056E+000	-2.00190E-001	-2.10823E+000	-2.00025E+000	3.13761E-004	11	..........a	-327.68
	1241	1242	-1.61936E+000	-2.00190E-001	-2.11105E+000	-2.00025E+000	3.18794E-004	11	..........a	-327.68
	1242	1243	-1.62016E+000	-2.00190E-001	-2.11273E+000	-2.00025E+000	3.14261E-004	11	..........a	-327.68
	1243	1244	-1.61976E+000	-2.00190E-001	-2.11333E+000	-2.00025E+000	3.19011E-004	11	..........a	-327.68
	1244	1245	-1.61256E+000	-2.00190E-001	-2.11984E+000	-2.00025E+000	3.14978E-004	11	..........a	-327.68
	1245	1246	-1.62056E+000	-2.00190E-001	-2.11462E+000	-2.00025E+000	3.10994E-004	11	..........a	-327.68
	1246	1247	-1.62016E+000	-2.00190E-001	-2.11504E+000	-2.00025E+000	3.10878E-004	11	..........a	-327.68
	1247	1248	-1.62176E+000	-2.00190E-001	-2.11329E+000	-2.00025E+000	3.19661E-004	11	..........a	-327.68
	1248	1249	-1.62096E+000	-2.00190E-001	-2.11330E+000	-2.00025E+000	3.10328E-004	11	..........a	-327.68
	1249	1250	-1.61856E+000	-2.00190E-001	-2.11596E+000	-2.00025E+000	3.08378E-004	11	..........a	-327.68
	1250	1251	-1.61856E+000	-2.00190E-001	-2.11339E+000	-2.00025E+000	3.16078E-004	11	..........a	-327.68
	1251	1252	-1.62016E+000	-2.00190E-001	-2.11167E+000	-2.00025E+000	3.09394E-004	11	..........a	-327.68
	1252	1253	-1.61936E+000	-2.00190E-001	-2.11124E+000	-2.00025E+000	3.09428E-004	11	..........a	-327.68
	1253	1254	-1.61976E+000	-2.00190E-001	-2.11199E+000	-2.00025E+000	3.19128E-004	11	..........a	-327.68
	1254	1255	-1.62016E+000	-2.00190E-001	-2.11511E+000	-2.00025E+000	3.05278E-004	11	..........a	-327.68
	1255	1256	-1.61856E+000	-2.00190E-001	-2.11550E+000	-2.00025E+000	3.07761E-004	11	..........a	-327.68
	1256	1257	-1.61976E+000	-2.00191E-001	-2.11533E+000	-2.00025E+000	3.12944E-004	11	..........a	-327.68
	1257	1258	-1.61896E+000	-2.00191E-001	-2.11570E+000	-2.00025E+000	3.12861E-004	11	..........a	-327.68
	1258	1259	-1.61896E+000	-2.00191E-001	-2.11456E+000	-2.00025E+000	3.11694E-004	11	..........a	-327.68
	1259	1260	-1.61216E+000	-2.00191E-001	-2.12077E+000	-2.00025E+000	3.08911E-004	11	..........a	-327.68
	1260	1261	-1.62016E+000	-2.00190E-001	-2.11345E+000	-2.00025E+000	3.14911E-004	11	..........a	-327.68
	1261	1262	-1.61136E+000	-2.00190E-001	-2.12194E+000	-2.00025E+000	3.18044E-004	11	..........a	-327.68
	1262	1263	-1.61856E+000	-2.00191E-001	-2.11342E+000	-2.00025E+000	3.09261E-004	11	..........a	-327.68
	1263	1264	-1.61856E+000	-2.00190E-001	-2.11337E+000	-2.00025E+000	3.13711E-004	11	..........a	-327.68
	1264	1265	-1.61936E+000	-2.00190E-001	-2.11100E+000	-2.00025E+000	3.19361E-004	11	..........a	-327.68
	1265	1266	-1.61696E+000	-2.00190E-001	-2.11397E+000	-2.00025E+000	3.09228E-004	11	..........a	-327.68
	1266	1267	-1.61856E+000	-2.00190E-001	-2.11224E+000	-2.00025E+000	3.06144E-004	11	..........a	-327.68
	1267	1268	-1.61936E+000	-2.00190E-001	-2.11541E+000	-2.00025E+000	3.08411E-004	11	..........a	-327.68
	1268	1269	-1.61696E+000	-2.00190E-001	-2.11801E+000	-2.00025E+000	3.15211E-004	11	..........a	-327.68
	1269	1270	-1.62096E+000	-2.00190E-001	-2.11425E+000	-2.00025E+000	3.11894E-004	11	..........a	-327.68
	1270	1271	-1.61896E+000	-2.00190E-001	-2.11523E+000	-2.00025E+000	3.12161E-004	11	..........a	-327.68
	1271	1272	-1.61856E+000	-2.00190E-001	-2.11608E+000	-2.00025E+000	3.09194E-004	11	..........a	-327.68
	1272	1273	-1.60976E+000	-2.00190E-001	-2.08438E+000	-2.00025E+000	3.12228E-004	11	..........a	-327.68
	1273	1274	-1.61656E+000	-2.00190E-001	-2.06832E+000	-2.00025E+000	3.02711E-004	11	..........a	-327.68
	1274	1275	-1.61536E+000	-2.00190E-001	-2.06883E+000	-2.00025E+000	3.06694E-004	11	..........a	-327.68
	1275	1276	-1.61776E+000	-2.00190E-001	-2.06804E+000	-2.00025E+000	3.09494E-004	11	..........a	-327.68
	1276	1277	-1.61816E+000	-2.00191E-001	-2.07093E+000	-2.00025E+000	3.10528E-004	11	..........a	-327.68
	1277	1278	-1.61776E+000	-2.00191E-001	-2.07217E+000	-2.00025E+000	3.13344E-004	11	..........a	-327.68
	1278	1279	-1.61696E+000	-2.00190E-001	-2.07288E+000	-2.00025E+000	3.13661E-004	11	..........a	-327.68
	1279	1280	-1.61696E+000	-2.00191E-001	-2.07236E+000	-2.00025E+000	3.04844E-004	11	..........a	-327.68
	1280	1281	-1.61856E+000	-2.00190E-001	-2.07053E+000	-2.00025E+000	3.06494E-004	11	..........a	-327.68
	1281	1282	-1.61696E+000	-2.00190E-001	-2.07287E+000	-2.00025E+000	3.08894E-004	11	..........a	-327.68
	1282	1283	-1.61736E+000	-2.00190E-001	-2.07215E+000	-2.00025E+000	3.23428E-004	11	..........a	-327.68
	1283	1284	-1.61856E+000	-2.00191E-001	-2.07001E+000	-2.00025E+000	3.14944E-004	11	..........a	-327.68
	1284	1285	-1.61776E+000	-2.00190E-001	-2.07290E+000	-2.00025E+000	3.08911E-004	11	..........a	-327.68
	1285	1286	-1.61736E+000	-2.00191E-001	-2.07348E+000	-2.00025E+000	3.11778E-004	11	..........a	-327.68
	1286	1287	-1.61696E+000	-2.00190E-001	-2.07415E+000	-2.00025E+000	3.15078E-004	11	..........a	-327.68
	1287	1288	-1.61136E+000	-2.00190E-001	-2.07983E+000	-2.00025E+000	3.15911E-004	11	..........a	-327.68
	1288	1289	-1.61936E+000	-2.00190E-001	-2.07467E+000	-2.00025E+000	3.22094E-004	11	..........a	-327.68
	1289	1290	-1.61136E+000	-2.00190E-001	-2.08541E+000	-2.00025E+000	3.17728E-004	11	..........a	-327.68
	1290	1291	-1.61856E+000	-2.00190E-001	-2.07889E+000	-2.00025E+000	3.21211E-004	11	..........a	-327.68
	1291	1292	-1.61816E+000	-2.00190E-001	-2.07752E+000	-2.00025E+000	3.11628E-004	11	..........a	-327.68
	1292	1293	-1.61936E+000	-2.00191E-001	-2.07613E+000	-2.00025E+000	3.10961E-004	11	..........a	-327.68
	1293	1294	-1.61696E+000	-2.00190E-001	-2.07908E+000	-2.00025E+000	3.15411E-004	11	..........a	-327.68
	1294	1295	-1.61776E+000	-2.00190E-001	-2.07937E+000	-2.00025E+000	3.11161E-004	11	..........a	-327.68
	1295	1296	-1.61656E+000	-2.00191E-001	-2.08103E+000	-2.00025E+000	3.20211E-004	11	..........a	-327.68
	1296	1297	-1.61976E+000	-2.00190E-001	-2.07915E+000	-2.00025E+000	3.15144E-004	11	..........a	-327.68
	1297	1298	-1.61936E+000	-2.00191E-001	-2.08181E+000	-2.00025E+000	3.15044E-004	11	..........a	-327.68
	1298	1299	-1.62016E+000	-2.00190E-001	-2.08022E+000	-2.00025E+000	3.12111E-004	11	..........a	-327.68
	1299	1300	-1.61936E+000	-2.00191E-001	-2.08077E+000	-2.00025E+000	3.18528E-004	11	..........a	-327.68
	1300	1301	-1.62016E+000	-2.00190E-001	-2.07948E+000	-2.00025E+000	3.18378E-004	11	..........a	-327.68
	1301	1302	-1.61856E+000	-2.00190E-001	-2.08095E+000	-2.00025E+000	3.19828E-004	11	..........a	-327.68
	1302	1303	-1.61776E+000	-2.00191E-001	-2.08116E+000	-2.00025E+000	3.16061E-004	11	..........a	-327.68
	1303	1304	-1.61656E+000	-2.00191E-001	-2.08432E+000	-2.00025E+000	3.17128E-004	11	..........a	-327.68
	1304	1305	-1.61096E+000	-2.00191E-001	-2.08912E+000	-2.00025E+000	3.16061E-004	11	..........a	-327.68
	1305	1306	-1.61616E+000	-2.00191E-001	-2.08225E+000	-2.00025E+000	3.24244E-004	11	..........a	-327.68
	1306	1307	-1.61776E+000	-2.00191E-001	-2.08281E+000	-2.00025E+000	3.17378E-004	11	..........a	-327.68
	1307	1308	-1.61776E+000	-2.00190E-001	-2.08503E+000	-2.00025E+000	3.16061E-004	11	..........a	-327.68
	1308	1309	-1.61976E+000	-2.00190E-001	-2.08264E+000	-2.00025E+000	3.07428E-004	11	..........a	-327.68
	1309	1310	-1.61656E+000	-2.00190E-001	-2.08463E+000	-2.00025E+000	3.13411E-004	11	..........a	-327.68
	1310	1311	-1.61816E+000	-2.00190E-001	-2.08237E+000	-2.00025E+000	3.18178E-004	11	..........a	-327.68
	1311	1312	-1.61896E+000	-2.00190E-001	-2.08276E+000	-2.00025E+000	3.19028E-004	11	..........a	-327.68
	1312	1313	-1.61816E+000	-2.00190E-001	-2.08443E+000	-2.00025E+000	3.21094E-004	11	..........a	-327.68
	1313	1314	-1.61216E+000	-2.00190E-001	-2.08876E+000	-2.00025E+000	3.17661E-004	11	..........a	-327.68
	1314	1315	-1.62056E+000	-2.00190E-001	-2.08019E+000	-2.00025E+000	3.20044E-004	11	..........a	-327.68
	1315	1316	-1.62056E+000	-2.00190E-001	-2.08248E+000	-2.00025E+000	3.21578E-004	11	..........a	-327.68
	1316	1317	-1.61976E+000	-2.00190E-001	-2.08382E+000	-2.00025E+000	3.21978E-004	11	..........a	-327.68
	1317	1318	-1.61936E+000	-2.00190E-001	-2.08411E+000	-2.00025E+000	3.16961E-004	11	..........a	-327.68
	1318	1319	-1.61896E+000	-2.00190E-001	-2.08406E+000	-2.00025E+000	3.20128E-004	11	..........a	-327.68
	1319	1320	-1.62056E+000	-2.00190E-001	-2.08308E+000	-2.00025E+000	3.17944E-004	11	..........a	-327.68
	1320	1321	-1.62056E+000	-2.00190E-001	-2.08262E+000	-2.00025E+000	3.13961E-004	11	..........a	-327.68
	1321	1322	-1.61936E+000	-2.00190E-001	-2.08397E+000	-2.00025E+000	3.15161E-004	11	..........a	-327.68
	1322	1323	-1.61936E+000	-2.00190E-001	-2.08403E+000	-2.00025E+000	3.14228E-004	11	..........a	-327.68
	1323	1324	-1.61896E+000	-2.00190E-001	-2.08474E+000	-2.00025E+000	3.11411E-004	11	..........a	-327.68
	1324	1325	-1.61816E+000	-2.00190E-001	-2.08644E+000	-2.00025E+000	3.15661E-004	11	..........a	-327.68
	1325	1326	-1.61776E+000	-2.00190E-001	-2.08692E+000	-2.00025E+000	3.15761E-004	11	..........a	-327.68
	1326	1327	-1.61976E+000	-2.00190E-001	-2.08494E+000	-2.00025E+000	3.17178E-004	11	..........a	-327.68
	1327	1328	-1.62056E+000	-2.00190E-001	-2.08402E+000	-2.00025E+000	3.20378E-004	11	..........a	-327.68
	1328	1329	-1.61176E+000	-2.00190E-001	-2.09396E+000	-2.00025E+000	3.17678E-004	11	..........a	-327.68
	1329	1330	-1.62096E+000	-2.00190E-001	-2.08438E+000	-2.00025E+000	3.11761E-004	11	..........a	-327.68
	1330	1331	-1.61176E+000	-2.00190E-001	-2.09339E+000	-2.00025E+000	3.16844E-004	11	..........a	-327.68
	1331	1332	-1.61936E+000	-2.00190E-001	-2.08448E+000	-2.00025E+000	3.16611E-004	11	..........a	-327.68
	1332	1333	-1.61856E+000	-2.00190E-001	-2.08543E+000	-2.00025E+000	3.12294E-004	11	..........a	-327.68
	1333	1334	-1.61936E+000	-2.00189E-001	-2.08399E+000	-2.00025E+000	3.20711E-004	11	..........a	-327.68
	1334	1335	-1.61936E+000	-2.00190E-001	-2.08531E+000	-2.00025E+000	3.18294E-004	11	..........a	-327.68
	1335	1336	-1.61896E+000	-2.00190E-001	-2.08521E+000	-2.00025E+000	3.24744E-004	11	..........a	-327.68
	1336	1337	-1.61896E+000	-2.00190E-001	-2.08611E+000	-2.00025E+000	3.17328E-004	11	..........a	-327.68
	1337	1338	-1.61976E+000	-2.00190E-001	-2.08385E+000	-2.00025E+000	3.09211E-004	11	..........a	-327.68
	1338	1339	-1.61896E+000	-2.00190E-001	-2.08499E+000	-2.00025E+000	3.12761E-004	11	..........a	-327.68
	1339	1340	-1.62096E+000	-2.00190E-001	-2.08409E+000	-2.00025E+000	3.15311E-004	11	..........a	-327.68
	1340	1341	-1.61976E+000	-2.00190E-001	-2.08624E+000	-2.00025E+000	3.14494E-004	11	..........a	-327.68
	1341	1342	-1.61176E+000	-2.00190E-001	-2.09436E+000	-2.00025E+000	3.15728E-004	11	..........a	-327.68
	1342	1343	-1.61976E+000	-2.00190E-001	-2.08525E+000	-2.00025E+000	3.16261E-004	11	..........a	-327.68
	1343	1344	-1.61736E+000	-2.00190E-001	-2.08862E+000	-2.00025E+000	3.12928E-004	11	..........a	-327.68
	1344	1345	-1.61776E+000	-2.00190E-001	-2.08978E+000	-2.00025E+000	3.17811E-004	11	..........a	-327.68
	1345	1346	-1.61976E+000	-2.00190E-001	-2.08905E+000	-2.00025E+000	3.20461E-004	11	..........a	-327.68
	1346	1347	-1.62096E+000	-2.00190E-001	-2.08867E+000	-2.00025E+000	3.24961E-004	11	..........a	-327.68
	1347	1348	-1.62056E+000	-2.00190E-001	-2.08970E+000	-2.00025E+000	3.20228E-004	11	..........a	-327.68
	1348	1349	-1.62096E+000	-2.00190E-001	-2.08977E+000	-2.00025E+000	3.15428E-004	11	..........a	-327.68
	1349	1350	-1.61776E+000	-2.00190E-001	-2.09315E+000	-2.00025E+000	3.12578E-004	11	..........a	-327.68
	1350	1351	-1.61816E+000	-2.00190E-001	-2.09363E+000	-2.00025E+000	3.13644E-004	11	..........a	-327.68
	1351	1352	-1.62016E+000	-2.00190E-001	-2.09230E+000	-2.00025E+000	3.20544E-004	11	..........a	-327.68
	1352	1353	-1.61856E+000	-2.00223E-001	-2.09248E+000	-2.00025E+000	9.93311E-004	11	..........a	-327.68
	1353	1354	-1.61856E+000	-2.00223E-001	-2.09196E+000	-2.00025E+000	9.94144E-004	11	..........a	-327.68
	1354	1355	-1.62056E+000	-2.00223E-001	-2.08911E+000	-2.00025E+000	1.00736E-003	11	..........a	-327.68
	1355	1356	-1.61976E+000	-2.00223E-001	-2.08825E+000	-2.00025E+000	9.93228E-004	11	..........a	-327.68
	1356	1357	-1.61736E+000	-2.00223E-001	-2.07321E+000	-2.00025E+000	9.86428E-004	11	..........a	-327.68
	1357	1358	-1.62016E+000	-2.00222E-001	-2.07061E+000	-2.00025E+000	9.90761E-004	11	..........a	-327.68
	1358	1359	-1.61856E+000	-2.00223E-001	-2.07301E+000	-2.00025E+000	9.95478E-004	11	..........a	-327.68
	1359	1360	-1.61816E+000	-2.00223E-001	-2.07421E+000	-2.00025E+000	9.83928E-004	11	..........a	-327.68
	1360	1361	-1.61976E+000	-2.00223E-001	-2.07444E+000	-2.00025E+000	9.94311E-004	11	..........a	-327.68
	1361	1362	-1.61936E+000	-2.00223E-001	-2.07527E+000	-2.00025E+000	1.00214E-003	11	..........a	-327.68
	1362	1363	-1.61736E+000	-2.00223E-001	-2.07760E+000	-2.00025E+000	1.01454E-003	11	..........a	-327.68
	1363	1364	-1.61936E+000	-2.00223E-001	-2.07576E+000	-2.00025E+000	9.90578E-004	11	..........a	-327.68
	1364	1365	-1.61816E+000	-2.00222E-001	-2.07758E+000	-2.00025E+000	9.84194E-004	11	..........a	-327.68
	1365	1366	-1.61896E+000	-2.00223E-001	-2.07929E+000	-2.00025E+000	9.75194E-004	11	..........a	-327.68
	1366	1367	-1.61936E+000	-2.00223E-001	-2.07846E+000	-2.00025E+000	9.93478E-004	11	..........a	-327.68
	1367	1368	-1.61216E+000	-2.00223E-001	-2.08602E+000	-2.00025E+000	9.91628E-004	11	..........a	-327.68
	1368	1369	-1.61976E+000	-2.00223E-001	-2.07679E+000	-2.00025E+000	1.01003E-003	11	..........a	-327.68
	1369	1370	-1.62016E+000	-2.00223E-001	-2.07567E+000	-2.00025E+000	1.01324E-003	11	..........a	-327.68
	1370	1371	-1.61896E+000	-2.00223E-001	-2.07685E+000	-2.00025E+000	1.01109E-003	11	..........a	-327.68
	1371	1372	-1.62136E+000	-2.00223E-001	-2.07443E+000	-2.00025E+000	1.00223E-003	11	..........a	-327.68
	1372	1373	-1.61976E+000	-2.00222E-001	-2.07862E+000	-2.00025E+000	9.92661E-004	11	..........a	-327.68
	1373	1374	-1.62056E+000	-2.00222E-001	-2.07631E+000	-2.00025E+000	9.65778E-004	11	..........a	-327.68
	1374	1375	-1.61936E+000	-2.00223E-001	-2.07865E+000	-2.00025E+000	9.85628E-004	11	..........a	-327.68
	1375	1376	-1.61976E+000	-2.00223E-001	-2.07847E+000	-2.00025E+000	9.85444E-004	11	..........a	-327.68
	1376	1377	-1.62056E+000	-2.00223E-001	-2.07674E+000	-2.00025E+000	9.91444E-004	11	..........a	-327.68
	1377	1378	-1.61936E+000	-2.00223E-001	-2.08052E+000	-2.00025E+000	9.74794E-004	11	..........a	-327.68
	1378	1379	-1.61936E+000	-2.00187E-001	-2.08125E+000	-2.00025E+000	2.44761E-004	11	..........a	-327.68
	1379	1380	-1.62016E+000	-2.00187E-001	-2.08026E+000	-2.00025E+000	2.52744E-004	11	..........a	-327.68
	1380	1381	-1.61976E+000	-2.00187E-001	-2.08174E+000	-2.00025E+000	2.45961E-004	11	..........a	-327.68
	1381	1382	-1.62016E+000	-2.00187E-001	-2.08105E+000	-2.00025E+000	2.47144E-004	11	..........a	-327.68
	1382	1383	-1.61216E+000	-2.00187E-001	-2.09095E+000	-2.00025E+000	2.48111E-004	11	..........a	-327.68
	1383	1384	-1.61936E+000	-2.00187E-001	-2.08407E+000	-2.00025E+000	2.51411E-004	11	..........a	-327.68
	1384	1385	-1.61896E+000	-2.00187E-001	-2.08522E+000	-2.00025E+000	2.50661E-004	11	..........a	-327.68
	1385	1386	-1.61776E+000	-2.00187E-001	-2.08483E+000	-2.00025E+000	2.59211E-004	11	..........a	-327.68
	1386	1387	-1.61936E+000	-2.00187E-001	-2.08611E+000	-2.00025E+000	2.49244E-004	11	..........a	-327.68
	1387	1388	-1.61976E+000	-2.00187E-001	-2.08637E+000	-2.00025E+000	2.46878E-004	11	..........a	-327.68
	1388	1389	-1.62136E+000	-2.00187E-001	-2.08526E+000	-2.00025E+000	2.40761E-004	11	..........a	-327.68
	1389	1390	-1.61976E+000	-2.00187E-001	-2.08628E+000	-2.00025E+000	2.43811E-004	11	..........a	-327.68
	1390	1391	-1.61936E+000	-2.00187E-001	-2.08620E+000	-2.00025E+000	2.50111E-004	11	..........a	-327.68
	1391	1392	-1.62016E+000	-2.00187E-001	-2.08717E+000	-2.00025E+000	2.49011E-004	11	..........a	-327.68
	1392	1393	-1.62016E+000	-2.00187E-001	-2.08788E+000	-2.00025E+000	2.47928E-004	11	..........a	-327.68
	1393	1394	-1.61216E+000	-2.00187E-001	-2.09536E+000	-2.00025E+000	2.51761E-004	11	..........a	-327.68
	1394	1395	-1.62016E+000	-2.00187E-001	-2.08692E+000	-2.00025E+000	2.47211E-004	11	..........a	-327.68
	1395	1396	-1.61216E+000	-2.00186E-001	-2.09471E+000	-2.00025E+000	2.56844E-004	11	..........a	-327.68
	1396	1397	-1.61856E+000	-2.00187E-001	-2.08529E+000	-2.00025E+000	2.55044E-004	11	..........a	-327.68
	1397	1398	-1.61936E+000	-2.00187E-001	-2.08417E+000	-2.00025E+000	2.55211E-004	11	..........a	-327.68
	1398	1399	-1.61936E+000	-2.00187E-001	-2.08372E+000	-2.00025E+000	2.48944E-004	11	..........a	-327.68
	1399	1400	-1.61776E+000	-2.00187E-001	-2.08508E+000	-2.00025E+000	2.51461E-004	11	..........a	-327.68
	1400	1401	-1.61976E+000	-2.00186E-001	-2.08093E+000	-2.00025E+000	2.51778E-004	11	..........a	-327.68
	1401	1402	-1.61816E+000	-2.00187E-001	-2.08386E+000	-2.00025E+000	2.47611E-004	11	..........a	-327.68
	1402	1403	-1.61816E+000	-2.00187E-001	-2.08563E+000	-2.00025E+000	2.56461E-004	11	..........a	-327.68
	1403	1404	-1.61976E+000	-2.00187E-001	-2.08308E+000	-2.00025E+000	2.56578E-004	11	..........a	-327.68
	1404	1405	-1.61936E+000	-2.00187E-001	-2.05745E+000	-2.00025E+000	2.43378E-004	11	..........a	-327.68
	1405	1406	-1.62176E+000	-2.00187E-001	-2.05404E+000	-2.00025E+000	2.49478E-004	11	..........a	-327.68
	1406	1407	-1.61936E+000	-2.00187E-001	-2.05576E+000	-2.00025E+000	2.50528E-004	11	..........a	-327.68
	1407	1408	-1.61936E+000	-2.00187E-001	-2.05721E+000	-2.00025E+000	2.52278E-004	11	..........a	-327.68
	1408	1409	-1.61896E+000	-2.00187E-001	-2.05612E+000	-2.00025E+000	2.58494E-004	11	..........a	-327.68
	1409	1410	-1.61936E+000	-2.00187E-001	-2.05588E+000	-2.00025E+000	2.64694E-004	11	..........a	-327.68
	1410	1411	-1.61176E+000	-2.00187E-001	-2.06469E+000	-2.00025E+000	2.57944E-004	11	..........a	-327.68
	1411	1412	-1.61976E+000	-2.00187E-001	-2.05635E+000	-2.00025E+000	2.56244E-004	11	..........a	-327.68
	1412	1413	-1.61776E+000	-2.00187E-001	-2.05926E+000	-2.00025E+000	2.62678E-004	11	..........a	-327.68
	1413	1414	-1.61856E+000	-2.00187E-001	-2.05857E+000	-2.00025E+000	2.49294E-004	11	..........a	-327.68
	1414	1415	-1.61816E+000	-2.00187E-001	-2.05830E+000	-2.00025E+000	2.49678E-004	11	..........a	-327.68
	1415	1416	-1.62016E+000	-2.00187E-001	-2.05614E+000	-2.00025E+000	2.51594E-004	11	..........a	-327.68
	1416	1417	-1.61856E+000	-2.00186E-001	-2.05861E+000	-2.00025E+000	2.55578E-004	11	..........a	-327.68
	1417	1418	-1.61896E+000	-2.00186E-001	-2.05875E+000	-2.00025E+000	2.49328E-004	11	..........a	-327.68
	1418	1419	-1.61856E+000	-2.00186E-001	-2.06068E+000	-2.00025E+000	2.52328E-004	11	..........a	-327.68
	1419	1420	-1.61736E+000	-2.00186E-001	-2.06198E+000	-2.00025E+000	2.39011E-004	11	..........a	-327.68
	1420	1421	-1.61816E+000	-2.00187E-001	-2.06387E+000	-2.00025E+000	2.39361E-004	11	..........a	-327.68
	1421	1422	-1.61856E+000	-2.00186E-001	-2.06256E+000	-2.00025E+000	2.41394E-004	11	..........a	-327.68
	1422	1423	-1.61776E+000	-2.00186E-001	-2.06564E+000	-2.00025E+000	2.38961E-004	11	..........a	-327.68
	1423	1424	-1.61816E+000	-2.00187E-001	-2.06460E+000	-2.00025E+000	2.45794E-004	11	..........a	-327.68
	1424	1425	-1.61856E+000	-2.00187E-001	-2.06438E+000	-2.00025E+000	2.36961E-004	11	..........a	-327.68
	1425	1426	-1.61176E+000	-2.00186E-001	-2.07151E+000	-2.00025E+000	2.33078E-004	11	..........a	-327.68
	1426	1427	-1.61936E+000	-2.00186E-001	-2.06437E+000	-2.00025E+000	2.48511E-004	11	..........a	-327.68
	1427	1428	-1.61976E+000	-2.00187E-001	-2.06485E+000	-2.00025E+000	2.44061E-004	11	..........a	-327.68
	1428	1429	-1.61936E+000	-2.00187E-001	-2.06489E+000	-2.00025E+000	2.50128E-004	11	..........a	-327.68
	1429	1430	-1.61976E+000	-2.00186E-001	-2.06428E+000	-2.00025E+000	2.44094E-004	11	..........a	-327.68
	1430	1431	-1.61936E+000	-2.00187E-001	-2.06593E+000	-2.00025E+000	2.37478E-004	11	..........a	-327.68
	1431	1432	-1.62096E+000	-2.00187E-001	-2.06520E+000	-2.00025E+000	2.41111E-004	11	..........a	-327.68
	1432	1433	-1.62096E+000	-2.00190E-001	-2.06817E+000	-2.00025E+000	3.17278E-004	11	..........a	-327.68
	1433	1434	-1.62096E+000	-2.00190E-001	-2.06809E+000	-2.00025E+000	3.23261E-004	11	..........a	-327.68
	1434	1435	-1.61216E+000	-2.00190E-001	-2.07628E+000	-2.00025E+000	3.15228E-004	11	..........a	-327.68
	1435	1436	-1.61976E+000	-2.00190E-001	-2.06828E+000	-2.00025E+000	3.21211E-004	11	..........a	-327.68
	1436	1437	-1.61896E+000	-2.00190E-001	-2.06967E+000	-2.00025E+000	3.13944E-004	11	..........a	-327.68
	1437	1438	-1.62096E+000	-2.00190E-001	-2.06858E+000	-2.00025E+000	3.10928E-004	11	..........a	-327.68
	1438	1439	-1.61976E+000	-2.00189E-001	-2.06970E+000	-2.00025E+000	3.12194E-004	11	..........a	-327.68
	1439	1440	-1.61776E+000	-2.00190E-001	-2.07063E+000	-2.00025E+000	3.15328E-004	11	..........a	-327.68
	1440	1441	-1.61936E+000	-2.00189E-001	-2.06858E+000	-2.00025E+000	3.15111E-004	11	..........a	-327.68
	1441	1442	-1.61816E+000	-2.00190E-001	-2.07008E+000	-2.00025E+000	3.06561E-004	11	..........a	-327.68
	1442	1443	-1.62136E+000	-2.00190E-001	-2.06581E+000	-2.00025E+000	3.20794E-004	11	..........a	-327.68
	1443	1444	-1.61816E+000	-2.00189E-001	-2.06986E+000	-2.00025E+000	3.15461E-004	11	..........a	-327.68
	1444	1445	-1.61856E+000	-2.00190E-001	-2.06883E+000	-2.00025E+000	3.14344E-004	11	..........a	-327.68
	1445	1446	-1.62016E+000	-2.00190E-001	-2.06796E+000	-2.00025E+000	3.13128E-004	11	..........a	-327.68
	1446	1447	-1.61856E+000	-2.00190E-001	-2.06985E+000	-2.00025E+000	3.05844E-004	11	..........a	-327.68
	1447	1448	-1.61696E+000	-2.00189E-001	-2.07266E+000	-2.00025E+000	3.11694E-004	11	..........a	-327.68
	1448	1449	-1.61856E+000	-2.00190E-001	-2.07082E+000	-2.00025E+000	3.06544E-004	11	..........a	-327.68
	1449	1450	-1.61816E+000	-2.00190E-001	-2.07253E+000	-2.00025E+000	3.10394E-004	11	..........a	-327.68
	1450	1451	-1.61776E+000	-2.00190E-001	-2.06700E+000	-2.00025E+000	3.18528E-004	11	..........a	-327.68
	1451	1452	-1.62016E+000	-2.00190E-001	-2.06618E+000	-2.00025E+000	3.15811E-004	11	..........a	-327.68
	1452	1453	-1.61856E+000	-2.00190E-001	-2.06879E+000	-2.00025E+000	3.16028E-004	11	..........a	-327.68
	1453	1454	-1.62096E+000	-2.00189E-001	-2.06575E+000	-2.00025E+000	3.18228E-004	11	..........a	-327.68
	1454	1455	-1.61816E+000	-2.00190E-001	-2.06930E+000	-2.00025E+000	3.26461E-004	11	..........a	-327.68
	1455	1456	-1.61816E+000	-2.00189E-001	-2.06821E+000	-2.00025E+000	3.29428E-004	11	..........a	-327.68
	1456	1457	-1.61816E+000	-2.00189E-001	-2.06969E+000	-2.00025E+000	3.20844E-004	11	..........a	-327.68
	1457	1458	-1.62056E+000	-2.00190E-001	-2.06788E+000	-2.00025E+000	3.12161E-004	11	..........a	-327.68
	1458	1459	-1.61616E+000	-2.00188E-001	-2.07354E+000	-2.00025E+000	2.91278E-004	11	..........a	-327.68
	1459	1460	-1.61816E+000	-2.00188E-001	-2.07109E+000	-2.00025E+000	2.88128E-004	11	..........a	-327.68
	1460	1461	-1.61856E+000	-2.00188E-001	-2.07204E+000	-2.00025E+000	2.81861E-004	11	..........a	-327.68
	1461	1462	-1.61936E+000	-2.00189E-001	-2.07524E+000	-2.00025E+000	2.78978E-004	11	..........a	-327.68
	1462	1463	-1.61936E+000	-2.00189E-001	-2.07555E+000	-2.00025E+000	2.94044E-004	11	..........a	-327.68
	1463	1464	-1.62096E+000	-2.00189E-001	-2.07569E+000	-2.00025E+000	2.92811E-004	11	..........a	-327.68
	1464	1465	-1.61976E+000	-2.00189E-001	-2.07580E+000	-2.00025E+000	2.85094E-004	11	..........a	-327.68
	1465	1466	-1.61936E+000	-2.00189E-001	-2.07614E+000	-2.00025E+000	2.87911E-004	11	..........a	-327.68
	1466	1467	-1.61896E+000	-2.00189E-001	-2.07562E+000	-2.00025E+000	2.81378E-004	11	..........a	-327.68
	1467	1468	-1.61976E+000	-2.00189E-001	-2.07496E+000	-2.00025E+000	2.86828E-004	11	..........a	-327.68
	1468	1469	-1.61856E+000	-2.00189E-001	-2.07697E+000	-2.00025E+000	2.91978E-004	11	..........a	-327.68
	1469	1470	-1.61976E+000	-2.00190E-001	-2.07428E+000	-2.00025E+000	2.82878E-004	11	..........a	-327.68
	1470	1471	-1.61816E+000	-2.00189E-001	-2.07651E+000	-2.00025E+000	2.80161E-004	11	..........a	-327.68
	1471	1472	-1.61856E+000	-2.00189E-001	-2.07841E+000	-2.00025E+000	2.90294E-004	11	..........a	-327.68
	1472	1473	-1.61816E+000	-2.00190E-001	-2.07803E+000	-2.00025E+000	2.84294E-004	11	..........a	-327.68
	1473	1474	-1.62016E+000	-2.00189E-001	-2.07584E+000	-2.00025E+000	2.95378E-004	11	..........a	-327.68
	1474	1475	-1.61776E+000	-2.00189E-001	-2.07690E+000	-2.00025E+000	2.85578E-004	11	..........a	-327.68
	1475	1476	-1.61776E+000	-2.00189E-001	-2.07663E+000	-2.00025E+000	2.89244E-004	11	..........a	-327.68
	1476	1477	-1.61696E+000	-2.00189E-001	-2.07617E+000	-2.00025E+000	2.92711E-004	11	..........a	-327.68
	1477	1478	-1.61776E+000	-2.00189E-001	-2.06735E+000	-2.00025E+000	2.94344E-004	11	..........a	-327.68
	1478	1479	-1.61736E+000	-2.00189E-001	-2.06815E+000	-2.00025E+000	2.96194E-004	11	..........a	-327.68
	1479	1480	-1.61696E+000	-2.00189E-001	-2.07131E+000	-2.00025E+000	2.93711E-004	11	..........a	-327.68
	1480	1481	-1.61776E+000	-2.00189E-001	-2.07142E+000	-2.00025E+000	2.97778E-004	11	..........a	-327.68
	1481	1482	-1.61736E+000	-2.00189E-001	-2.06991E+000	-2.00025E+000	2.91494E-004	11	..........a	-327.68
	1482	1483	-1.62016E+000	-2.00189E-001	-2.06773E+000	-2.00025E+000	2.85628E-004	11	..........a	-327.68
	1483	1484	-1.62136E+000	-2.00189E-001	-2.06767E+000	-2.00025E+000	2.97594E-004	11	..........a	-327.68
	1484	1485	-1.61856E+000	-2.00189E-001	-2.07053E+000	-2.00025E+000	2.68528E-004	11	..........a	-327.68
	1485	1486	-1.61896E+000	-2.00188E-001	-2.07111E+000	-2.00025E+000	2.69161E-004	11	..........a	-327.68
	1486	1487	-1.61776E+000	-2.00189E-001	-2.07249E+000	-2.00025E+000	2.71011E-004	11	..........a	-327.68
	1487	1488	-1.61856E+000	-2.00189E-001	-2.07224E+000	-2.00025E+000	2.63944E-004	11	..........a	-327.68
	1488	1489	-1.61736E+000	-2.00189E-001	-2.07392E+000	-2.00025E+000	2.64878E-004	11	..........a	-327.68
	1489	1490	-1.61656E+000	-2.00189E-001	-2.07420E+000	-2.00025E+000	2.63561E-004	11	..........a	-327.68
	1490	1491	-1.61896E+000	-2.00189E-001	-2.07382E+000	-2.00025E+000	2.59828E-004	11	..........a	-327.68
	1491	1492	-1.62016E+000	-2.00189E-001	-2.07408E+000	-2.00025E+000	2.58061E-004	11	..........a	-327.68
	1492	1493	-1.62016E+000	-2.00189E-001	-2.07577E+000	-2.00025E+000	2.65111E-004	11	..........a	-327.68
	1493	1494	-1.61736E+000	-2.00189E-001	-2.07792E+000	-2.00025E+000	2.66478E-004	11	..........a	-327.68
	1494	1495	-1.61856E+000	-2.00189E-001	-2.07472E+000	-2.00025E+000	2.72228E-004	11	..........a	-327.68
	1495	1496	-1.61856E+000	-2.00189E-001	-2.07494E+000	-2.00025E+000	2.64244E-004	11	..........a	-327.68
	1496	1497	-1.61936E+000	-2.00189E-001	-2.07447E+000	-2.00025E+000	2.65211E-004	11	..........a	-327.68
	1497	1498	-1.61936E+000	-2.00189E-001	-2.07473E+000	-2.00025E+000	2.64678E-004	11	..........a	-327.68
	1498	1499	-1.61776E+000	-2.00189E-001	-2.07620E+000	-2.00025E+000	2.54578E-004	11	..........a	-327.68
	1499	1500	-1.61736E+000	-2.00189E-001	-2.07690E+000	-2.00025E+000	2.59928E-004	11	..........a	-327.68
	1500	1501	-1.61776E+000	-2.00189E-001	-2.07882E+000	-2.00025E+000	2.57078E-004	11	..........a	-327.68
	1501	1502	-1.61136E+000	-2.00189E-001	-2.08616E+000	-2.00025E+000	2.63878E-004	11	..........a	-327.68
	1502	1503	-1.62016E+000	-2.00189E-001	-2.07702E+000	-2.00025E+000	2.60944E-004	11	..........a	-327.68
	1503	1504	-1.61096E+000	-2.00189E-001	-2.08625E+000	-2.00025E+000	2.62544E-004	11	..........a	-327.68
	1504	1505	-1.61896E+000	-2.00189E-001	-2.07907E+000	-2.00025E+000	2.61011E-004	11	..........a	-327.68
	1505	1506	-1.61856E+000	-2.00190E-001	-2.07963E+000	-2.00025E+000	2.62144E-004	11	..........a	-327.68
	1506	1507	-1.61776E+000	-2.00190E-001	-2.08221E+000	-2.00025E+000	2.66511E-004	11	..........a	-327.68
	1507	1508	-1.61936E+000	-2.00189E-001	-2.07900E+000	-2.00025E+000	2.65011E-004	11	..........a	-327.68
	1508	1509	-1.61976E+000	-2.00189E-001	-2.07902E+000	-2.00025E+000	2.63178E-004	11	..........a	-327.68
	1509	1510	-1.62096E+000	-2.00189E-001	-2.07899E+000	-2.00025E+000	2.68361E-004	11	..........a	-327.68
	1510	1511	-1.61696E+000	-2.00189E-001	-2.08311E+000	-2.00025E+000	3.07861E-004	11	..........a	-327.68
	1511	1512	-1.61896E+000	-2.00189E-001	-2.08074E+000	-2.00025E+000	3.06561E-004	11	..........a	-327.68
	1512	1513	-1.61776E+000	-2.00189E-001	-2.08413E+000	-2.00025E+000	3.07844E-004	11	..........a	-327.68
	1513	1514	-1.61856E+000	-2.00190E-001	-2.08443E+000	-2.00025E+000	3.07878E-004	11	..........a	-327.68
	1514	1515	-1.61096E+000	-2.00189E-001	-2.09230E+000	-2.00025E+000	3.03811E-004	11	..........a	-327.68
	1515	1516	-1.62056E+000	-2.00190E-001	-2.08244E+000	-2.00025E+000	3.04478E-004	11	..........a	-327.68
	1516	1517	-1.61816E+000	-2.00190E-001	-2.08557E+000	-2.00025E+000	3.02161E-004	11	..........a	-327.68
	1517	1518	-1.61936E+000	-2.00190E-001	-2.08378E+000	-2.00025E+000	3.06528E-004	11	..........a	-327.68
	1518	1519	-1.61856E+000	-2.00190E-001	-2.08666E+000	-2.00025E+000	3.04344E-004	11	..........a	-327.68
	1519	1520	-1.61936E+000	-2.00189E-001	-2.08568E+000	-2.00025E+000	3.05178E-004	11	..........a	-327.68
	1520	1521	-1.62056E+000	-2.00189E-001	-2.08504E+000	-2.00025E+000	3.01778E-004	11	..........a	-327.68
	1521	1522	-1.62056E+000	-2.00189E-001	-2.08747E+000	-2.00025E+000	3.05228E-004	11	..........a	-327.68
	1522	1523	-1.61856E+000	-2.00190E-001	-2.08908E+000	-2.00025E+000	3.06694E-004	11	..........a	-327.68
	1523	1524	-1.61896E+000	-2.00190E-001	-2.08852E+000	-2.00025E+000	2.97761E-004	11	..........a	-327.68
	1524	1525	-1.61896E+000	-2.00189E-001	-2.08842E+000	-2.00025E+000	3.02011E-004	11	..........a	-327.68
	1525	1526	-1.61936E+000	-2.00190E-001	-2.08775E+000	-2.00025E+000	3.02894E-004	11	..........a	-327.68
	1526	1527	-1.61736E+000	-2.00189E-001	-2.08973E+000	-2.00025E+000	2.97978E-004	11	..........a	-327.68
	1527	1528	-1.61136E+000	-2.00189E-001	-2.10073E+000	-2.00025E+000	3.06278E-004	11	..........a	-327.68
	1528	1529	-1.61776E+000	-2.00189E-001	-2.09540E+000	-2.00025E+000	3.01611E-004	11	..........a	-327.68
	1529	1530	-1.62096E+000	-2.00190E-001	-2.09312E+000	-2.00025E+000	3.01378E-004	11	..........a	-327.68
	1530	1531	-1.61856E+000	-2.00190E-001	-2.09610E+000	-2.00025E+000	3.05661E-004	11	..........a	-327.68
	1531	1532	-1.61976E+000	-2.00190E-001	-2.09399E+000	-2.00025E+000	3.06978E-004	11	..........a	-327.68
	1532	1533	-1.61816E+000	-2.00189E-001	-2.09772E+000	-2.00025E+000	2.97444E-004	11	..........a	-327.68
	1533	1534	-1.61976E+000	-2.00190E-001	-2.09604E+000	-2.00025E+000	3.01178E-004	11	..........a	-327.68
	1534	1535	-1.61696E+000	-2.00189E-001	-2.09811E+000	-2.00025E+000	3.01711E-004	11	..........a	-327.68
	1535	1536	-1.61936E+000	-2.00190E-001	-2.09711E+000	-2.00025E+000	2.97828E-004	11	..........a	-327.68
	1536	1537	-1.62016E+000	-2.00190E-001	-2.09736E+000	-2.00025E+000	3.05178E-004	11	..........a	-327.68
	1537	1538	-1.62016E+000	-2.00190E-001	-2.09958E+000	-2.00025E+000	3.01928E-004	11	..........a	-327.68
	1538	1539	-1.61896E+000	-2.00190E-001	-2.10212E+000	-2.00025E+000	2.96161E-004	11	..........a	-327.68
	1539	1540	-1.61896E+000	-2.00189E-001	-2.10022E+000	-2.00025E+000	2.99694E-004	11	..........a	-327.68
	1540	1541	-1.61776E+000	-2.00189E-001	-2.09203E+000	-2.00025E+000	2.97978E-004	11	..........a	-327.68
	1541	1542	-1.61776E+000	-2.00190E-001	-2.08645E+000	-2.00025E+000	2.99694E-004	11	..........a	-327.68
	1542	1543	-1.61696E+000	-2.00190E-001	-2.08775E+000	-2.00025E+000	3.00161E-004	11	..........a	-327.68
	1543	1544	-1.61936E+000	-2.00190E-001	-2.08584E+000	-2.00025E+000	2.92994E-004	11	..........a	-327.68
	1544	1545	-1.61896E+000	-2.00190E-001	-2.08501E+000	-2.00025E+000	3.04994E-004	11	..........a	-327.68
	1545	1546	-1.61936E+000	-2.00189E-001	-2.09070E+000	-2.00025E+000	2.97828E-004	11	..........a	-327.68
	1546	1547	-1.61736E+000	-2.00190E-001	-2.09533E+000	-2.00025E+000	2.94761E-004	11	..........a	-327.68
	1547	1548	-1.61696E+000	-2.00190E-001	-2.09487E+000	-2.00025E+000	2.95144E-004	11	..........a	-327.68
	1548	1549	-1.61776E+000	-2.00189E-001	-2.09467E+000	-2.00025E+000	2.99861E-004	11	..........a	-327.68
	1549	1550	-1.61696E+000	-2.00190E-001	-2.09459E+000	-2.00025E+000	2.98028E-004	11	..........a	-327.68
	1550	1551	-1.61736E+000	-2.00189E-001	-2.09440E+000	-2.00025E+000	2.98794E-004	11	..........a	-327.68
	1551	1552	-1.61776E+000	-2.00189E-001	-2.09386E+000	-2.00025E+000	3.03028E-004	11	..........a	-327.68
	1552	1553	-1.61776E+000	-2.00189E-001	-2.09283E+000	-2.00025E+000	2.98844E-004	11	..........a	-327.68
	1553	1554	-1.61616E+000	-2.00190E-001	-2.09557E+000	-2.00025E+000	3.02594E-004	11	..........a	-327.68
	1554	1555	-1.61696E+000	-2.00189E-001	-2.09492E+000	-2.00025E+000	3.00878E-004	11	..........a	-327.68
	1555	1556	-1.61096E+000	-2.00190E-001	-2.10133E+000	-2.00025E+000	3.00511E-004	11	..........a	-327.68
	1556	1557	-1.61816E+000	-2.00190E-001	-2.09503E+000	-2.00025E+000	2.99344E-004	11	..........a	-327.68
	1557	1558	-1.60976E+000	-2.00190E-001	-2.10300E+000	-2.00025E+000	2.99194E-004	11	..........a	-327.68
	1558	1559	-1.61696E+000	-2.00189E-001	-2.09707E+000	-2.00025E+000	2.94228E-004	11	..........a	-327.68
	1559	1560	-1.61656E+000	-2.00189E-001	-2.09755E+000	-2.00025E+000	2.97861E-004	11	..........a	-327.68
	1560	1561	-1.61816E+000	-2.00190E-001	-2.09534E+000	-2.00025E+000	2.99828E-004	11	..........a	-327.68
	1561	1562	-1.61736E+000	-2.00189E-001	-2.09831E+000	-2.00025E+000	2.97361E-004	11	..........a	-327.68
	1562	1563	-1.61896E+000	-2.00189E-001	-2.09826E+000	-2.00025E+000	2.95111E-004	11	..........a	-327.68
	1563	1564	-1.61696E+000	-2.00189E-001	-2.09905E+000	-2.00025E+000	2.94644E-004	11	..........a	-327.68
	1564	1565	-1.61616E+000	-2.00189E-001	-2.10118E+000	-2.00025E+000	2.96844E-004	11	..........a	-327.68
	1565	1566	-1.61816E+000	-2.00189E-001	-2.10000E+000	-2.00025E+000	2.97678E-004	11	..........a	-327.68
	1566	1567	-1.61736E+000	-2.00189E-001	-2.10161E+000	-2.00025E+000	3.00011E-004	11	..........a	-327.68
	1567	1568	-1.61936E+000	-2.00190E-001	-2.10113E+000	-2.00025E+000	2.97361E-004	11	..........a	-327.68
	1568	1569	-1.61976E+000	-2.00189E-001	-2.10081E+000	-2.00025E+000	2.97111E-004	11	..........a	-327.68
	1569	1570	-1.61736E+000	-2.00190E-001	-2.10543E+000	-2.00025E+000	2.95494E-004	11	..........a	-327.68
	1570	1571	-1.61736E+000	-2.00189E-001	-2.10615E+000	-2.00025E+000	2.96578E-004	11	..........a	-327.68
	1571	1572	-1.61776E+000	-2.00189E-001	-2.10803E+000	-2.00025E+000	3.01994E-004	11	..........a	-327.68
	1572	1573	-1.61016E+000	-2.00190E-001	-2.11480E+000	-2.00025E+000	3.04611E-004	11	..........a	-327.68
	1573	1574	-1.61736E+000	-2.00189E-001	-2.10487E+000	-2.00025E+000	3.01394E-004	11	..........a	-327.68
	1574	1575	-1.61776E+000	-2.00190E-001	-2.10549E+000	-2.00025E+000	2.99511E-004	11	..........a	-327.68
	1575	1576	-1.61776E+000	-2.00190E-001	-2.10829E+000	-2.00025E+000	3.02778E-004	11	..........a	-327.68
	1576	1577	-1.61776E+000	-2.00190E-001	-2.10817E+000	-2.00025E+000	3.01494E-004	11	..........a	-327.68
	1577	1578	-1.61936E+000	-2.00190E-001	-2.10569E+000	-2.00025E+000	3.02678E-004	11	..........a	-327.68
	1578	1579	-1.61736E+000	-2.00190E-001	-2.10826E+000	-2.00025E+000	2.98528E-004	11	..........a	-327.68
	1579	1580	-1.61776E+000	-2.00189E-001	-2.10703E+000	-2.00025E+000	2.95611E-004	11	..........a	-327.68
	1580	1581	-1.61776E+000	-2.00189E-001	-2.10991E+000	-2.00025E+000	2.94378E-004	11	..........a	-327.68
	1581	1582	-1.61696E+000	-2.00190E-001	-2.10939E+000	-2.00025E+000	2.91411E-004	11	..........a	-327.68
	1582	1583	-1.61736E+000	-2.00190E-001	-2.10980E+000	-2.00025E+000	2.94428E-004	11	..........a	-327.68
	1583	1584	-1.61056E+000	-2.00190E-001	-2.11912E+000	-2.00025E+000	3.01394E-004	11	..........a	-327.68
	1584	1585	-1.61776E+000	-2.00190E-001	-2.11345E+000	-2.00025E+000	3.01911E-004	11	..........a	-327.68
	1585	1586	-1.60976E+000	-2.00190E-001	-2.12294E+000	-2.00025E+000	2.99811E-004	11	..........a	-327.68
	1586	1587	-1.61816E+000	-2.00190E-001	-2.11446E+000	-2.00025E+000	2.95761E-004	11	..........a	-327.68
	1587	1588	-1.61696E+000	-2.00190E-001	-2.11557E+000	-2.00025E+000	3.05311E-004	11	..........a	-327.68
	1588	1589	-1.61656E+000	-2.00190E-001	-2.11565E+000	-2.00025E+000	3.02544E-004	11	..........a	-327.68
	1589	1590	-1.61696E+000	-2.00190E-001	-2.11551E+000	-2.00025E+000	2.94128E-004	11	..........a	-327.68
	1590	1591	-1.61856E+000	-2.00189E-001	-2.11333E+000	-2.00025E+000	2.93511E-004	11	..........a	-327.68
	1591	1592	-1.61856E+000	-2.00190E-001	-2.11552E+000	-2.00025E+000	2.99628E-004	11	..........a	-327.68
	1592	1593	-1.61736E+000	-2.00190E-001	-2.11780E+000	-2.00025E+000	3.06378E-004	11	..........a	-327.68
	1593	1594	-1.61776E+000	-2.00190E-001	-2.11887E+000	-2.00025E+000	3.04194E-004	11	..........a	-327.68
	1594	1595	-1.61736E+000	-2.00190E-001	-2.11876E+000	-2.00025E+000	2.91794E-004	11	..........a	-327.68
	1595	1596	-1.61776E+000	-2.00190E-001	-2.11964E+000	-2.00025E+000	2.91744E-004	11	..........a	-327.68
	1596	1597	-1.61816E+000	-2.00190E-001	-2.11826E+000	-2.00025E+000	2.94194E-004	11	..........a	-327.68
	1597	1598	-1.61736E+000	-2.00190E-001	-2.12024E+000	-2.00025E+000	2.95844E-004	11	..........a	-327.68
	1598	1599	-1.60976E+000	-2.00190E-001	-2.13031E+000	-2.00025E+000	2.88111E-004	11	..........a	-327.68
	1599	1600	-1.61576E+000	-2.00190E-001	-2.12338E+000	-2.00025E+000	2.92794E-004	11	..........a	-327.68
	1600	1601	-1.61496E+000	-2.00190E-001	-2.12505E+000	-2.00025E+000	2.94711E-004	11	..........a	-327.68
	1601	1602	-1.61816E+000	-2.00190E-001	-2.12273E+000	-2.00025E+000	2.94244E-004	11	..........a	-327.68
	1602	1603	-1.61736E+000	-2.00189E-001	-2.12252E+000	-2.00025E+000	2.93061E-004	11	..........a	-327.68
	1603	1604	-1.61656E+000	-2.00190E-001	-2.12617E+000	-2.00025E+000	2.89778E-004	11	..........a	-327.68
	1604	1605	-1.61576E+000	-2.00190E-001	-2.12604E+000	-2.00025E+000	2.94928E-004	11	..........a	-327.68
	1605	1606	-1.61736E+000	-2.00189E-001	-2.12342E+000	-2.00025E+000	2.94594E-004	11	..........a	-327.68
	1606	1607	-1.61576E+000	-2.00190E-001	-2.12705E+000	-2.00025E+000	2.90844E-004	11	..........a	-327.68
	1607	1608	-1.61616E+000	-2.00190E-001	-2.12576E+000	-2.00025E+000	2.96094E-004	11	..........a	-327.68
	1608	1609	-1.61736E+000	-2.00190E-001	-2.12683E+000	-2.00025E+000	2.90194E-004	11	..........a	-327.68
	1609	1610	-1.60936E+000	-2.00189E-001	-2.13441E+000	-2.00025E+000	2.97194E-004	11	..........a	-327.68
	1610	1611	-1.61576E+000	-2.00190E-001	-2.12821E+000	-2.00025E+000	2.89894E-004	11	..........a	-327.68
	1611	1612	-1.60976E+000	-2.00189E-001	-2.13388E+000	-2.00025E+000	2.89828E-004	11	..........a	-327.68
	1612	1613	-1.61576E+000	-2.00190E-001	-2.12764E+000	-2.00025E+000	2.84778E-004	11	..........a	-327.68
	1613	1614	-1.61536E+000	-2.00190E-001	-2.12952E+000	-2.00025E+000	2.90394E-004	11	..........a	-327.68
	1614	1615	-1.61496E+000	-2.00189E-001	-2.13349E+000	-2.00025E+000	2.93844E-004	11	..........a	-327.68
	1615	1616	-1.61496E+000	-2.00189E-001	-2.13503E+000	-2.00025E+000	2.87594E-004	11	..........a	-327.68
	1616	1617	-1.61696E+000	-2.00189E-001	-2.13281E+000	-2.00025E+000	2.90728E-004	11	..........a	-327.68
	1617	1618	-1.61696E+000	-2.00189E-001	-2.13253E+000	-2.00025E+000	2.90344E-004	11	..........a	-327.68
	1618	1619	-1.61656E+000	-2.00189E-001	-2.13350E+000	-2.00025E+000	2.90178E-004	11	..........a	-327.68
	1619	1620	-1.61776E+000	-2.00189E-001	-2.13259E+000	-2.00025E+000	2.88244E-004	11	..........a	-327.68
	1620	1621	-1.61616E+000	-2.00189E-001	-2.13478E+000	-2.00025E+000	2.88461E-004	11	..........a	-327.68
	1621	1622	-1.61616E+000	-2.00189E-001	-2.13631E+000	-2.00025E+000	2.96878E-004	11	..........a	-327.68
	1622	1623	-1.61736E+000	-2.00189E-001	-2.13620E+000	-2.00025E+000	2.92594E-004	11	..........a	-327.68
	1623	1624	-1.61536E+000	-2.00189E-001	-2.13943E+000	-2.00025E+000	2.93261E-004	11	..........a	-327.68
	1624	1625	-1.60976E+000	-2.00189E-001	-2.14433E+000	-2.00025E+000	2.82644E-004	11	..........a	-327.68
	1625	1626	-1.61656E+000	-2.00189E-001	-2.13849E+000	-2.00025E+000	2.92728E-004	11	..........a	-327.68
	1626	1627	-1.61056E+000	-2.00189E-001	-2.14492E+000	-2.00025E+000	2.90711E-004	11	..........a	-327.68
	1627	1628	-1.61536E+000	-2.00189E-001	-2.13690E+000	-2.00025E+000	2.91328E-004	11	..........a	-327.68
	1628	1629	-1.61696E+000	-2.00189E-001	-2.13448E+000	-2.00025E+000	2.85694E-004	11	..........a	-327.68
	1629	1630	-1.61816E+000	-2.00189E-001	-2.13440E+000	-2.00025E+000	2.90878E-004	11	..........a	-327.68
	1630	1631	-1.61536E+000	-2.00189E-001	-2.13677E+000	-2.00025E+000	2.85544E-004	11	..........a	-327.68
	1631	1632	-1.61616E+000	-2.00189E-001	-2.13490E+000	-2.00025E+000	2.86044E-004	11	..........a	-327.68
	1632	1633	-1.61616E+000	-2.00189E-001	-2.13548E+000	-2.00025E+000	2.89128E-004	11	..........a	-327.68
	1633	1634	-1.61536E+000	-2.00189E-001	-2.13762E+000	-2.00025E+000	2.95844E-004	11	..........a	-327.68
	1634	1635	-1.61736E+000	-2.00189E-001	-2.13592E+000	-2.00025E+000	2.94561E-004	11	..........a	-327.68
	1635	1636	-1.61656E+000	-2.00189E-001	-2.13690E+000	-2.00025E+000	2.90311E-004	11	..........a	-327.68
	1636	1637	-1.61776E+000	-2.00189E-001	-2.13545E+000	-2.00025E+000	2.85078E-004	11	..........a	-327.68
	1637	1638	-1.61736E+000	-2.00189E-001	-2.13703E+000	-2.00025E+000	2.91144E-004	11	..........a	-327.68
	1638	1639	-1.61776E+000	-2.00189E-001	-2.13604E+000	-2.00025E+000	2.86228E-004	11	..........a	-327.68
	1639	1640	-1.61896E+000	-2.00189E-001	-2.13476E+000	-2.00025E+000	2.79928E-004	11	..........a	-327.68
	1640	1641	-1.61776E+000	-2.00189E-001	-2.13530E+000	-2.00025E+000	2.83244E-004	11	..........a	-327.68
	1641	1642	-1.60896E+000	-2.00189E-001	-2.14332E+000	-2.00025E+000	2.90894E-004	11	..........a	-327.68
	1642	1643	-1.61616E+000	-2.00188E-001	-2.13744E+000	-2.00025E+000	2.85828E-004	11	..........a	-327.68
	1643	1644	-1.61656E+000	-2.00189E-001	-2.13576E+000	-2.00025E+000	2.89544E-004	11	..........a	-327.68
	1644	1645	-1.61576E+000	-2.00189E-001	-2.13714E+000	-2.00025E+000	2.84911E-004	11	..........a	-327.68
	1645	1646	-1.61496E+000	-2.00189E-001	-2.13904E+000	-2.00025E+000	2.91561E-004	11	..........a	-327.68
	1646	1647	-1.61496E+000	-2.00189E-001	-2.13924E+000	-2.00025E+000	2.93144E-004	11	..........a	-327.68
	1647	1648	-1.61576E+000	-2.00189E-001	-2.13848E+000	-2.00025E+000	2.85911E-004	11	..........a	-327.68
	1648	1649	-1.61496E+000	-2.00189E-001	-2.14002E+000	-2.00025E+000	2.82961E-004	11	..........a	-327.68
	1649	1650	-1.61656E+000	-2.00189E-001	-2.13936E+000	-2.00025E+000	2.83728E-004	11	..........a	-327.68
	1650	1651	-1.61856E+000	-2.00189E-001	-2.13816E+000	-2.00025E+000	2.87561E-004	11	..........a	-327.68
	1651	1652	-1.61856E+000	-2.00189E-001	-2.13897E+000	-2.00025E+000	2.89344E-004	11	..........a	-327.68
	1652	1653	-1.61096E+000	-2.00189E-001	-2.14585E+000	-2.00025E+000	2.87778E-004	11	..........a	-327.68
	1653	1654	-1.61696E+000	-2.00189E-001	-2.14423E+000	-2.00025E+000	2.92128E-004	11	..........a	-327.68
	1654	1655	-1.61656E+000	-2.00189E-001	-2.14458E+000	-2.00025E+000	2.92661E-004	11	..........a	-327.68
	1655	1656	-1.61816E+000	-2.00189E-001	-2.14266E+000	-2.00025E+000	2.85861E-004	11	..........a	-327.68
	1656	1657	-1.61736E+000	-2.00189E-001	-2.14434E+000	-2.00025E+000	2.80461E-004	11	..........a	-327.68
	1657	1658	-1.61616E+000	-2.00189E-001	-2.14565E+000	-2.00025E+000	2.86161E-004	11	..........a	-327.68
	1658	1659	-1.61496E+000	-2.00189E-001	-2.14686E+000	-2.00025E+000	2.89678E-004	11	..........a	-327.68
	1659	1660	-1.61736E+000	-2.00188E-001	-2.14341E+000	-2.00025E+000	2.89144E-004	11	..........a	-327.68
	1660	1661	-1.61496E+000	-2.00188E-001	-2.14518E+000	-2.00025E+000	2.92028E-004	11	..........a	-327.68
	1661	1662	-1.61576E+000	-2.00189E-001	-2.06970E+000	-2.00025E+000	2.95078E-004	11	..........a	-327.68
	1662	1663	-1.61536E+000	-2.00189E-001	-2.06982E+000	-2.00025E+000	2.86861E-004	11	..........a	-327.68
	1663	1664	-1.61256E+000	-2.00189E-001	-2.07307E+000	-2.00025E+000	3.03694E-004	11	..........a	-327.68
	1664	1665	-1.61456E+000	-2.00190E-001	-2.07084E+000	-2.00025E+000	3.06361E-004	11	..........a	-327.68
	1665	1666	-1.61496E+000	-2.00189E-001	-2.07003E+000	-2.00025E+000	3.09444E-004	11	..........a	-327.68
	1666	1667	-1.61456E+000	-2.00189E-001	-2.07079E+000	-2.00025E+000	2.99061E-004	11	..........a	-327.68
	1667	1668	-1.61536E+000	-2.00189E-001	-2.06891E+000	-2.00025E+000	2.97611E-004	11	..........a	-327.68
	1668	1669	-1.61456E+000	-2.00190E-001	-2.07067E+000	-2.00025E+000	3.03644E-004	11	..........a	-327.68
	1669	1670	-1.61536E+000	-2.00189E-001	-2.06916E+000	-2.00025E+000	3.03044E-004	11	..........a	-327.68
	1670	1671	-1.61696E+000	-2.00189E-001	-2.06707E+000	-2.00025E+000	3.06244E-004	11	..........a	-327.68
	1671	1672	-1.61256E+000	-2.00189E-001	-2.07239E+000	-2.00025E+000	2.99978E-004	11	..........a	-327.68
	1672	1673	-1.61496E+000	-2.00189E-001	-2.07092E+000	-2.00025E+000	3.05694E-004	11	..........a	-327.68
	1673	1674	-1.61656E+000	-2.00189E-001	-2.07271E+000	-2.00025E+000	3.08728E-004	11	..........a	-327.68
	1674	1675	-1.61896E+000	-2.00189E-001	-2.07047E+000	-2.00025E+000	3.04294E-004	11	..........a	-327.68
	1675	1676	-1.61936E+000	-2.00189E-001	-2.06983E+000	-2.00025E+000	2.99361E-004	11	..........a	-327.68
	1676	1677	-1.61816E+000	-2.00189E-001	-2.07089E+000	-2.00025E+000	2.99644E-004	11	..........a	-327.68
	1677	1678	-1.61496E+000	-2.00190E-001	-2.07338E+000	-2.00025E+000	3.01744E-004	11	..........a	-327.68
	1678	1679	-1.61656E+000	-2.00190E-001	-2.07059E+000	-2.00025E+000	3.02761E-004	11	..........a	-327.68
	1679	1680	-1.61296E+000	-2.00189E-001	-2.07606E+000	-2.00025E+000	3.03244E-004	11	..........a	-327.68
	1680	1681	-1.60776E+000	-2.00189E-001	-2.08046E+000	-2.00025E+000	3.06011E-004	11	..........a	-327.68
	1681	1682	-1.61736E+000	-2.00189E-001	-2.07326E+000	-2.00025E+000	3.09778E-004	11	..........a	-327.68
	1682	1683	-1.61976E+000	-2.00189E-001	-2.07121E+000	-2.00025E+000	3.05211E-004	11	..........a	-327.68
	1683	1684	-1.61696E+000	-2.00189E-001	-2.07475E+000	-2.00025E+000	3.02378E-004	11	..........a	-327.68
	1684	1685	-1.61496E+000	-2.00190E-001	-2.07616E+000	-2.00025E+000	3.02878E-004	11	..........a	-327.68
	1685	1686	-1.61816E+000	-2.00190E-001	-2.07248E+000	-2.00025E+000	3.08094E-004	11	..........a	-327.68
	1686	1687	-1.61576E+000	-2.00189E-001	-2.07642E+000	-2.00025E+000	3.02861E-004	11	..........a	-327.68
	1687	1688	-1.61576E+000	-2.00189E-001	-2.07716E+000	-2.00025E+000	3.01344E-004	11	..........a	-327.68
	1688	1689	-1.61416E+000	-2.00189E-001	-2.07890E+000	-2.00025E+000	3.01744E-004	11	..........a	-327.68
	1689	1690	-1.61736E+000	-2.00190E-001	-2.07507E+000	-2.00025E+000	3.14094E-004	11	..........a	-327.68
	1690	1691	-1.61496E+000	-2.00190E-001	-2.07716E+000	-2.00025E+000	3.02444E-004	11	..........a	-327.68
	1691	1692	-1.61576E+000	-2.00190E-001	-2.07732E+000	-2.00025E+000	3.13578E-004	11	..........a	-327.68
	1692	1693	-1.61656E+000	-2.00189E-001	-2.07612E+000	-2.00025E+000	3.15461E-004	11	..........a	-327.68
	1693	1694	-1.60976E+000	-2.00190E-001	-2.08256E+000	-2.00025E+000	3.09578E-004	11	..........a	-327.68
	1694	1695	-1.61696E+000	-2.00190E-001	-2.07565E+000	-2.00025E+000	3.12194E-004	11	..........a	-327.68
	1695	1696	-1.61456E+000	-2.00189E-001	-2.07876E+000	-2.00025E+000	2.98711E-004	11	..........a	-327.68
	1696	1697	-1.61496E+000	-2.00189E-001	-2.07965E+000	-2.00025E+000	3.05194E-004	11	..........a	-327.68
	1697	1698	-1.61576E+000	-2.00189E-001	-2.05757E+000	-2.00025E+000	3.08894E-004	11	..........a	-327.68
	1698	1699	-1.61576E+000	-2.00190E-001	-2.05787E+000	-2.00025E+000	3.11711E-004	11	..........a	-327.68
	1699	1700	-1.61496E+000	-2.00190E-001	-2.05821E+000	-2.00025E+000	3.04878E-004	11	..........a	-327.68
	1700	1701	-1.61496E+000	-2.00190E-001	-2.05887E+000	-2.00025E+000	3.06011E-004	11	..........a	-327.68
	1701	1702	-1.61496E+000	-2.00190E-001	-2.05922E+000	-2.00025E+000	3.08111E-004	11	..........a	-327.68
	1702	1703	-1.61536E+000	-2.00190E-001	-2.06034E+000	-2.00025E+000	3.05211E-004	11	..........a	-327.68
	1703	1704	-1.61656E+000	-2.00190E-001	-2.05845E+000	-2.00025E+000	3.05844E-004	11	..........a	-327.68
	1704	1705	-1.60856E+000	-2.00189E-001	-2.06548E+000	-2.00025E+000	3.06311E-004	11	..........a	-327.68
	1705	1706	-1.61576E+000	-2.00190E-001	-2.05950E+000	-2.00025E+000	3.07644E-004	11	..........a	-327.68
	1706	1707	-1.61416E+000	-2.00190E-001	-2.05989E+000	-2.00025E+000	3.12611E-004	11	..........a	-327.68
	1707	1708	-1.61576E+000	-2.00190E-001	-2.06082E+000	-2.00025E+000	3.09178E-004	11	..........a	-327.68
	1708	1709	-1.61576E+000	-2.00190E-001	-2.06073E+000	-2.00025E+000	3.07511E-004	11	..........a	-327.68
	1709	1710	-1.61536E+000	-2.00189E-001	-2.06233E+000	-2.00025E+000	3.12344E-004	11	..........a	-327.68
	1710	1711	-1.61496E+000	-2.00190E-001	-2.06412E+000	-2.00025E+000	3.08078E-004	11	..........a	-327.68
	1711	1712	-1.61576E+000	-2.00190E-001	-2.06296E+000	-2.00025E+000	3.04861E-004	11	..........a	-327.68
	1712	1713	-1.61576E+000	-2.00190E-001	-2.06360E+000	-2.00025E+000	3.09794E-004	11	..........a	-327.68
	1713	1714	-1.61576E+000	-2.00190E-001	-2.06361E+000	-2.00025E+000	3.03728E-004	11	..........a	-327.68
	1714	1715	-1.61576E+000	-2.00189E-001	-2.06365E+000	-2.00025E+000	2.99828E-004	11	..........a	-327.68
	1715	1716	-1.61576E+000	-2.00190E-001	-2.06365E+000	-2.00025E+000	3.05411E-004	11	..........a	-327.68
	1716	1717	-1.61496E+000	-2.00190E-001	-2.06442E+000	-2.00025E+000	3.06344E-004	11	..........a	-327.68
	1717	1718	-1.61576E+000	-2.00190E-001	-2.06464E+000	-2.00025E+000	3.07494E-004	11	..........a	-327.68
	1718	1719	-1.61536E+000	-2.00190E-001	-2.06549E+000	-2.00025E+000	3.07644E-004	11	..........a	-327.68
	1719	1720	-1.60936E+000	-2.00189E-001	-2.06976E+000	-2.00025E+000	3.18544E-004	11	..........a	-327.68
	1720	1721	-1.61656E+000	-2.00189E-001	-2.06303E+000	-2.00025E+000	3.11261E-004	11	..........a	-327.68
	1721	1722	-1.60856E+000	-2.00190E-001	-2.07093E+000	-2.00025E+000	3.11294E-004	11	..........a	-327.68
	1722	1723	-1.61576E+000	-2.00189E-001	-2.06592E+000	-2.00025E+000	3.16178E-004	11	..........a	-327.68
	1723	1724	-1.61496E+000	-2.00189E-001	-2.06764E+000	-2.00025E+000	3.11761E-004	11	..........a	-327.68
	1724	1725	-1.61576E+000	-2.00189E-001	-2.06572E+000	-2.00025E+000	3.07711E-004	11	..........a	-327.68
	1725	1726	-1.61536E+000	-2.00190E-001	-2.06881E+000	-2.00025E+000	3.11044E-004	11	..........a	-327.68
	1726	1727	-1.61576E+000	-2.00190E-001	-2.06824E+000	-2.00025E+000	3.15194E-004	11	..........a	-327.68
	1727	1728	-1.61536E+000	-2.00190E-001	-2.07048E+000	-2.00025E+000	3.12861E-004	11	..........a	-327.68
	1728	1729	-1.61656E+000	-2.00190E-001	-2.06870E+000	-2.00025E+000	3.12578E-004	11	..........a	-327.68
	1729	1730	-1.61656E+000	-2.00190E-001	-2.06884E+000	-2.00025E+000	3.19111E-004	11	..........a	-327.68
	1730	1731	-1.61576E+000	-2.00190E-001	-2.07065E+000	-2.00025E+000	3.20761E-004	11	..........a	-327.68
	1731	1732	-1.61576E+000	-2.00190E-001	-2.07024E+000	-2.00025E+000	3.10394E-004	11	..........a	-327.68
	1732	1733	-1.61536E+000	-2.00190E-001	-2.07185E+000	-2.00025E+000	3.12044E-004	11	..........a	-327.68
	1733	1734	-1.61496E+000	-2.00190E-001	-2.07476E+000	-2.00025E+000	3.17011E-004	11	..........a	-327.68
	1734	1735	-1.61016E+000	-2.00190E-001	-2.08050E+000	-2.00025E+000	3.06294E-004	11	..........a	-327.68
	1735	1736	-1.61496E+000	-2.00190E-001	-2.07439E+000	-2.00025E+000	3.09178E-004	11	..........a	-327.68
	1736	1737	-1.61656E+000	-2.00190E-001	-2.07374E+000	-2.00025E+000	3.09611E-004	11	..........a	-327.68
	1737	1738	-1.61656E+000	-2.00190E-001	-2.07353E+000	-2.00025E+000	3.11078E-004	11	..........a	-327.68
	1738	1739	-1.61656E+000	-2.00190E-001	-2.07554E+000	-2.00025E+000	3.10561E-004	11	..........a	-327.68
	1739	1740	-1.61616E+000	-2.00190E-001	-2.07595E+000	-2.00025E+000	3.12444E-004	11	..........a	-327.68
	1740	1741	-1.61656E+000	-2.00190E-001	-2.07469E+000	-2.00025E+000	3.08594E-004	11	..........a	-327.68
	1741	1742	-1.61736E+000	-2.00190E-001	-2.07518E+000	-2.00025E+000	3.02978E-004	11	..........a	-327.68
	1742	1743	-1.61776E+000	-2.00190E-001	-2.07442E+000	-2.00025E+000	3.06194E-004	11	..........a	-327.68
	1743	1744	-1.61536E+000	-2.00196E-001	-2.07804E+000	-2.00025E+000	5.02211E-004	11	..........a	-327.68
	1744	1745	-1.61656E+000	-2.00197E-001	-2.07694E+000	-2.00025E+000	5.10828E-004	11	..........a	-327.68
	1745	1746	-1.60936E+000	-2.00196E-001	-2.08351E+000	-2.00025E+000	5.01894E-004	11	..........a	-327.68
	1746	1747	-1.61656E+000	-2.00197E-001	-2.07789E+000	-2.00025E+000	5.10011E-004	11	..........a	-327.68
	1747	1748	-1.61576E+000	-2.00197E-001	-2.07924E+000	-2.00025E+000	5.18778E-004	11	..........a	-327.68
	1748	1749	-1.61656E+000	-2.00196E-001	-2.07677E+000	-2.00025E+000	5.03344E-004	11	..........a	-327.68
	1749	1750	-1.61576E+000	-2.00196E-001	-2.07793E+000	-2.00025E+000	5.08944E-004	11	..........a	-327.68
	1750	1751	-1.61576E+000	-2.00196E-001	-2.07619E+000	-2.00025E+000	5.08478E-004	11	..........a	-327.68
	1751	1752	-1.61576E+000	-2.00196E-001	-2.07688E+000	-2.00025E+000	4.93761E-004	11	..........a	-327.68
	1752	1753	-1.61576E+000	-2.00197E-001	-2.07718E+000	-2.00025E+000	5.12544E-004	11	..........a	-327.68
	1753	1754	-1.61576E+000	-2.00197E-001	-2.07760E+000	-2.00025E+000	5.00511E-004	11	..........a	-327.68
	1754	1755	-1.61576E+000	-2.00190E-001	-2.07782E+000	-2.00025E+000	3.27528E-004	11	..........a	-327.68
	1755	1756	-1.61656E+000	-2.00190E-001	-2.07751E+000	-2.00025E+000	3.16244E-004	11	..........a	-327.68
	1756	1757	-1.60856E+000	-2.00191E-001	-2.08412E+000	-2.00025E+000	3.20211E-004	11	..........a	-327.68
	1757	1758	-1.61576E+000	-2.00190E-001	-2.08080E+000	-2.00025E+000	3.26428E-004	11	..........a	-327.68
	1758	1759	-1.61656E+000	-2.00190E-001	-2.07854E+000	-2.00025E+000	3.14728E-004	11	..........a	-327.68
	1759	1760	-1.61656E+000	-2.00190E-001	-2.07744E+000	-2.00025E+000	3.17478E-004	11	..........a	-327.68
	1760	1761	-1.61576E+000	-2.00191E-001	-2.07876E+000	-2.00025E+000	3.19594E-004	11	..........a	-327.68
	1761	1762	-1.61576E+000	-2.00190E-001	-2.07647E+000	-2.00025E+000	3.25561E-004	11	..........a	-327.68
	1762	1763	-1.61416E+000	-2.00190E-001	-2.07774E+000	-2.00025E+000	3.21344E-004	11	..........a	-327.68
	1763	1764	-1.61496E+000	-2.00190E-001	-2.07709E+000	-2.00025E+000	3.15711E-004	11	..........a	-327.68
	1764	1765	-1.61416E+000	-2.00191E-001	-2.07908E+000	-2.00025E+000	3.28511E-004	11	..........a	-327.68
	1765	1766	-1.61416E+000	-2.00190E-001	-2.08026E+000	-2.00025E+000	3.25694E-004	11	..........a	-327.68
	1766	1767	-1.61496E+000	-2.00191E-001	-2.07766E+000	-2.00025E+000	3.24728E-004	11	..........a	-327.68
	1767	1768	-1.61576E+000	-2.00196E-001	-2.07556E+000	-2.00025E+000	4.32578E-004	11	..........a	-327.68
	1768	1769	-1.61576E+000	-2.00196E-001	-2.07612E+000	-2.00025E+000	4.23694E-004	11	..........a	-327.68
	1769	1770	-1.61336E+000	-2.00195E-001	-2.07882E+000	-2.00025E+000	4.31628E-004	11	..........a	-327.68
	1770	1771	-1.61416E+000	-2.00196E-001	-2.07752E+000	-2.00025E+000	4.29144E-004	11	..........a	-327.68
	1771	1772	-1.61576E+000	-2.00195E-001	-2.07498E+000	-2.00025E+000	4.33311E-004	11	..........a	-327.68
	1772	1773	-1.61496E+000	-2.00195E-001	-2.07562E+000	-2.00025E+000	4.28328E-004	11	..........a	-327.68
	1773	1774	-1.61416E+000	-2.00195E-001	-2.07786E+000	-2.00025E+000	4.17811E-004	11	..........a	-327.68
	1774	1775	-1.61456E+000	-2.00196E-001	-2.07722E+000	-2.00025E+000	4.26478E-004	11	..........a	-327.68
	1775	1776	-1.61336E+000	-2.00196E-001	-2.07804E+000	-2.00025E+000	4.21378E-004	11	..........a	-327.68
	1776	1777	-1.61416E+000	-2.00195E-001	-2.07703E+000	-2.00025E+000	4.29361E-004	11	..........a	-327.68
	1777	1778	-1.61416E+000	-2.00195E-001	-2.07884E+000	-2.00025E+000	4.32294E-004	11	..........a	-327.68
	1778	1779	-1.61416E+000	-2.00189E-001	-2.08046E+000	-2.00025E+000	5.08644E-004	11	..........a	-327.68
	1779	1780	-1.61416E+000	-2.00189E-001	-2.08049E+000	-2.00025E+000	5.12244E-004	11	..........a	-327.68
	1780	1781	-1.61296E+000	-2.00189E-001	-2.08218E+000	-2.00025E+000	5.09878E-004	11	..........a	-327.68
	1781	1782	-1.61496E+000	-2.00189E-001	-2.08004E+000	-2.00025E+000	5.08344E-004	11	..........a	-327.68
	1782	1783	-1.61376E+000	-2.00189E-001	-2.08085E+000	-2.00025E+000	5.11961E-004	11	..........a	-327.68
	1783	1784	-1.61376E+000	-2.00189E-001	-2.08071E+000	-2.00025E+000	5.10178E-004	11	..........a	-327.68
	1784	1785	-1.61456E+000	-2.00189E-001	-2.07830E+000	-2.00025E+000	5.11711E-004	11	..........a	-327.68
	1785	1786	-1.61336E+000	-2.00190E-001	-2.08104E+000	-2.00025E+000	5.10094E-004	11	..........a	-327.68
	1786	1787	-1.61376E+000	-2.00189E-001	-2.08136E+000	-2.00025E+000	5.09128E-004	11	..........a	-327.68
	1787	1788	-1.61336E+000	-2.00190E-001	-2.08098E+000	-2.00025E+000	5.13878E-004	11	..........a	-327.68
	1788	1789	-1.61256E+000	-2.00189E-001	-2.08197E+000	-2.00025E+000	5.08711E-004	11	..........a	-327.68
	1789	1790	-1.61176E+000	-2.00189E-001	-2.08577E+000	-2.00025E+000	5.07378E-004	11	..........a	-327.68
	1790	1791	-1.61256E+000	-2.00189E-001	-2.07125E+000	-2.00025E+000	5.12178E-004	11	..........a	-327.68
	1791	1792	-1.61376E+000	-2.00189E-001	-2.07018E+000	-2.00025E+000	5.13811E-004	11	..........a	-327.68
	1792	1793	-1.61256E+000	-2.00189E-001	-2.06925E+000	-2.00025E+000	5.14611E-004	11	..........a	-327.68
	1793	1794	-1.61496E+000	-2.00189E-001	-2.06575E+000	-2.00025E+000	5.16594E-004	11	..........a	-327.68
	1794	1795	-1.61456E+000	-2.00190E-001	-2.06487E+000	-2.00025E+000	5.20361E-004	11	..........a	-327.68
	1795	1796	-1.61376E+000	-2.00189E-001	-2.06683E+000	-2.00025E+000	5.13928E-004	11	..........a	-327.68
	1796	1797	-1.61456E+000	-2.00189E-001	-2.06690E+000	-2.00025E+000	5.16094E-004	11	..........a	-327.68
	1797	1798	-1.60696E+000	-2.00189E-001	-2.07362E+000	-2.00025E+000	5.17478E-004	11	..........a	-327.68
	1798	1799	-1.61376E+000	-2.00190E-001	-2.06844E+000	-2.00025E+000	5.10344E-004	11	..........a	-327.68
	1799	1800	-1.61296E+000	-2.00189E-001	-2.06974E+000	-2.00025E+000	5.18211E-004	11	..........a	-327.68
	1800	1801	-1.61456E+000	-2.00190E-001	-2.06806E+000	-2.00025E+000	5.13628E-004	11	..........a	-327.68
	1801	1802	-1.61536E+000	-2.00190E-001	-2.06734E+000	-2.00025E+000	5.08411E-004	11	..........a	-327.68
	1802	1803	-1.61456E+000	-2.00189E-001	-2.06765E+000	-2.00025E+000	5.13894E-004	11	..........a	-327.68
	1803	1804	-1.61496E+000	-2.00189E-001	-2.06973E+000	-2.00025E+000	5.15594E-004	11	..........a	-327.68
	1804	1805	-1.61256E+000	-2.00189E-001	-2.07309E+000	-2.00025E+000	5.15078E-004	11	..........a	-327.68
	1805	1806	-1.61496E+000	-2.00189E-001	-2.07099E+000	-2.00025E+000	5.08294E-004	11	..........a	-327.68
	1806	1807	-1.61496E+000	-2.00189E-001	-2.07267E+000	-2.00025E+000	5.10628E-004	11	..........a	-327.68
	1807	1808	-1.61376E+000	-2.00189E-001	-2.07325E+000	-2.00025E+000	5.08294E-004	11	..........a	-327.68
	1808	1809	-1.60736E+000	-2.00189E-001	-2.08059E+000	-2.00025E+000	5.07711E-004	11	..........a	-327.68
	1809	1810	-1.61376E+000	-2.00189E-001	-2.07347E+000	-2.00025E+000	5.10661E-004	11	..........a	-327.68
	1810	1811	-1.60776E+000	-2.00189E-001	-2.07933E+000	-2.00025E+000	5.10178E-004	11	..........a	-327.68
	1811	1812	-1.61456E+000	-2.00189E-001	-2.07350E+000	-2.00025E+000	5.08528E-004	11	..........a	-327.68
	1812	1813	-1.61536E+000	-2.00189E-001	-2.07306E+000	-2.00025E+000	5.15461E-004	11	..........a	-327.68
	1813	1814	-1.61576E+000	-2.00189E-001	-2.07434E+000	-2.00025E+000	5.09361E-004	11	..........a	-327.68
	1814	1815	-1.61536E+000	-2.00189E-001	-2.07580E+000	-2.00025E+000	5.09228E-004	11	..........a	-327.68
	1815	1816	-1.61496E+000	-2.00190E-001	-2.07679E+000	-2.00025E+000	5.00344E-004	11	..........a	-327.68
	1816	1817	-1.61416E+000	-2.00189E-001	-2.07746E+000	-2.00025E+000	5.06761E-004	11	..........a	-327.68
	1817	1818	-1.61536E+000	-2.00189E-001	-2.07621E+000	-2.00025E+000	5.02161E-004	11	..........a	-327.68
	1818	1819	-1.61496E+000	-2.00189E-001	-2.07636E+000	-2.00025E+000	5.17078E-004	11	..........a	-327.68
	1819	1820	-1.61336E+000	-2.00189E-001	-2.07692E+000	-2.00025E+000	5.12094E-004	11	..........a	-327.68
	1820	1821	-1.61736E+000	-2.00189E-001	-2.07369E+000	-2.00025E+000	5.14678E-004	11	..........a	-327.68
	1821	1822	-1.61336E+000	-2.00189E-001	-2.07736E+000	-2.00025E+000	5.14628E-004	11	..........a	-327.68
	1822	1823	-1.61376E+000	-2.00189E-001	-2.07695E+000	-2.00025E+000	5.12211E-004	11	..........a	-327.68
	1823	1824	-1.61496E+000	-2.00189E-001	-2.07535E+000	-2.00025E+000	5.11061E-004	11	..........a	-327.68
	1824	1825	-1.61496E+000	-2.00189E-001	-2.07614E+000	-2.00025E+000	5.12594E-004	11	..........a	-327.68
	1825	1826	-1.61296E+000	-2.00189E-001	-2.07843E+000	-2.00025E+000	5.12961E-004	11	..........a	-327.68
	1826	1827	-1.61296E+000	-2.00189E-001	-2.07905E+000	-2.00025E+000	5.14178E-004	11	..........a	-327.68
	1827	1828	-1.61456E+000	-2.00189E-001	-2.07801E+000	-2.00025E+000	5.09128E-004	11	..........a	-327.68
	1828	1829	-1.61536E+000	-2.00189E-001	-2.07712E+000	-2.00025E+000	5.05678E-004	11	..........a	-327.68
	1829	1830	-1.61456E+000	-2.00190E-001	-2.07862E+000	-2.00025E+000	5.13644E-004	11	..........a	-327.68
	1830	1831	-1.61336E+000	-2.00189E-001	-2.08123E+000	-2.00025E+000	5.13094E-004	11	..........a	-327.68
	1831	1832	-1.61416E+000	-2.00190E-001	-2.08062E+000	-2.00025E+000	5.14094E-004	11	..........a	-327.68
	1832	1833	-1.61496E+000	-2.00189E-001	-2.07955E+000	-2.00025E+000	5.02078E-004	11	..........a	-327.68
	1833	1834	-1.61576E+000	-2.00189E-001	-2.08045E+000	-2.00025E+000	5.12894E-004	11	..........a	-327.68
	1834	1835	-1.61496E+000	-2.00189E-001	-2.08066E+000	-2.00025E+000	5.11628E-004	11	..........a	-327.68
	1835	1836	-1.61456E+000	-2.00189E-001	-2.08214E+000	-2.00025E+000	5.07694E-004	11	..........a	-327.68
	1836	1837	-1.61376E+000	-2.00189E-001	-2.08117E+000	-2.00025E+000	5.07694E-004	11	..........a	-327.68
	1837	1838	-1.61496E+000	-2.00189E-001	-2.08193E+000	-2.00025E+000	5.16094E-004	11	..........a	-327.68
	1838	1839	-1.61256E+000	-2.00190E-001	-2.08509E+000	-2.00025E+000	5.07444E-004	11	..........a	-327.68
	1839	1840	-1.61456E+000	-2.00189E-001	-2.08066E+000	-2.00025E+000	5.09161E-004	11	..........a	-327.68
	1840	1841	-1.60696E+000	-2.00190E-001	-2.08774E+000	-2.00025E+000	5.10578E-004	11	..........a	-327.68
	1841	1842	-1.61416E+000	-2.00189E-001	-2.07960E+000	-2.00025E+000	5.04044E-004	11	..........a	-327.68
	1842	1843	-1.61376E+000	-2.00190E-001	-2.07927E+000	-2.00025E+000	5.03794E-004	11	..........a	-327.68
	1843	1844	-1.61416E+000	-2.00190E-001	-2.07876E+000	-2.00025E+000	5.05844E-004	11	..........a	-327.68
	1844	1845	-1.61376E+000	-2.00190E-001	-2.07948E+000	-2.00025E+000	5.07628E-004	11	..........a	-327.68
	1845	1846	-1.61336E+000	-2.00190E-001	-2.08081E+000	-2.00025E+000	5.08344E-004	11	..........a	-327.68
	1846	1847	-1.61416E+000	-2.00190E-001	-2.08092E+000	-2.00025E+000	5.14594E-004	11	..........a	-327.68
	1847	1848	-1.61376E+000	-2.00189E-001	-2.08012E+000	-2.00025E+000	5.17528E-004	11	..........a	-327.68
	1848	1849	-1.61416E+000	-2.00190E-001	-2.08098E+000	-2.00025E+000	5.12911E-004	11	..........a	-327.68
	1849	1850	-1.61536E+000	-2.00190E-001	-2.07992E+000	-2.00025E+000	5.13378E-004	11	..........a	-327.68
	1850	1851	-1.61376E+000	-2.00190E-001	-2.08392E+000	-2.00025E+000	5.13411E-004	11	..........a	-327.68
	1851	1852	-1.60696E+000	-2.00190E-001	-2.09097E+000	-2.00025E+000	5.11578E-004	11	..........a	-327.68
	1852	1853	-1.61456E+000	-2.00190E-001	-2.08449E+000	-2.00025E+000	5.11728E-004	11	..........a	-327.68
	1853	1854	-1.60776E+000	-2.00190E-001	-2.09319E+000	-2.00025E+000	5.09128E-004	11	..........a	-327.68
	1854	1855	-1.61496E+000	-2.00190E-001	-2.08315E+000	-2.00025E+000	5.11578E-004	11	..........a	-327.68
	1855	1856	-1.61616E+000	-2.00190E-001	-2.08382E+000	-2.00025E+000	5.13761E-004	11	..........a	-327.68
	1856	1857	-1.61496E+000	-2.00190E-001	-2.08640E+000	-2.00025E+000	5.11628E-004	11	..........a	-327.68
	1857	1858	-1.61576E+000	-2.00190E-001	-2.08609E+000	-2.00025E+000	5.06911E-004	11	..........a	-327.68
	1858	1859	-1.61416E+000	-2.00190E-001	-2.08805E+000	-2.00025E+000	5.06728E-004	11	..........a	-327.68
	1859	1860	-1.61496E+000	-2.00190E-001	-2.08866E+000	-2.00025E+000	5.08761E-004	11	..........a	-327.68
	1860	1861	-1.61576E+000	-2.00190E-001	-2.08738E+000	-2.00025E+000	5.15861E-004	11	..........a	-327.68
	1861	1862	-1.61576E+000	-2.00190E-001	-2.08713E+000	-2.00025E+000	5.05861E-004	11	..........a	-327.68
	1862	1863	-1.61456E+000	-2.00190E-001	-2.08861E+000	-2.00025E+000	5.13378E-004	11	..........a	-327.68
	1863	1864	-1.61496E+000	-2.00190E-001	-2.08903E+000	-2.00025E+000	5.14394E-004	11	..........a	-327.68
	1864	1865	-1.61576E+000	-2.00190E-001	-2.09152E+000	-2.00025E+000	5.15994E-004	11	..........a	-327.68
	1865	1866	-1.61576E+000	-2.00190E-001	-2.08837E+000	-2.00025E+000	5.07944E-004	11	..........a	-327.68
	1866	1867	-1.60656E+000	-2.00190E-001	-2.09764E+000	-2.00025E+000	5.13428E-004	11	..........a	-327.68
	1867	1868	-1.61496E+000	-2.00190E-001	-2.08965E+000	-2.00025E+000	5.14478E-004	11	..........a	-327.68
	1868	1869	-1.60656E+000	-2.00190E-001	-2.09878E+000	-2.00025E+000	5.10378E-004	11	..........a	-327.68
	1869	1870	-1.61336E+000	-2.00190E-001	-2.09255E+000	-2.00025E+000	5.13978E-004	11	..........a	-327.68
	1870	1871	-1.61336E+000	-2.00190E-001	-2.09424E+000	-2.00025E+000	5.09744E-004	11	..........a	-327.68
	1871	1872	-1.61496E+000	-2.00190E-001	-2.09238E+000	-2.00025E+000	5.06761E-004	11	..........a	-327.68
	1872	1873	-1.61496E+000	-2.00190E-001	-2.09425E+000	-2.00025E+000	5.04944E-004	11	..........a	-327.68
	1873	1874	-1.61416E+000	-2.00190E-001	-2.09625E+000	-2.00025E+000	5.09528E-004	11	..........a	-327.68
	1874	1875	-1.61536E+000	-2.00190E-001	-2.09538E+000	-2.00025E+000	5.06744E-004	11	..........a	-327.68
	1875	1876	-1.61576E+000	-2.00190E-001	-2.09376E+000	-2.00025E+000	5.08894E-004	11	..........a	-327.68
	1876	1877	-1.61496E+000	-2.00190E-001	-2.09505E+000	-2.00025E+000	5.09611E-004	11	..........a	-327.68
	1877	1878	-1.61496E+000	-2.00190E-001	-2.09440E+000	-2.00025E+000	5.08011E-004	11	..........a	-327.68
	1878	1879	-1.61576E+000	-2.00190E-001	-2.09484E+000	-2.00025E+000	5.06211E-004	11	..........a	-327.68
	1879	1880	-1.61496E+000	-2.00190E-001	-2.09472E+000	-2.00025E+000	5.05278E-004	11	..........a	-327.68
	1880	1881	-1.61416E+000	-2.00190E-001	-2.09550E+000	-2.00025E+000	5.09178E-004	11	..........a	-327.68
	1881	1882	-1.61416E+000	-2.00190E-001	-2.09593E+000	-2.00025E+000	5.04944E-004	11	..........a	-327.68
	1882	1883	-1.61176E+000	-2.00190E-001	-2.08937E+000	-2.00025E+000	5.05661E-004	11	..........a	-327.68
	1883	1884	-1.61176E+000	-2.00190E-001	-2.08297E+000	-2.00025E+000	5.13694E-004	11	..........a	-327.68
	1884	1885	-1.61416E+000	-2.00190E-001	-2.08054E+000	-2.00025E+000	5.05394E-004	11	..........a	-327.68
	1885	1886	-1.61416E+000	-2.00190E-001	-2.08067E+000	-2.00025E+000	5.01111E-004	11	..........a	-327.68
	1886	1887	-1.61416E+000	-2.00190E-001	-2.04824E+000	-2.00025E+000	5.04361E-004	11	..........a	-327.68
	1887	1888	-1.61656E+000	-2.00190E-001	-2.03779E+000	-2.00025E+000	4.99961E-004	11	..........a	-327.68
	1888	1889	-1.61416E+000	-2.00190E-001	-2.03992E+000	-2.00025E+000	5.08744E-004	11	..........a	-327.68
	1889	1890	-1.61456E+000	-2.00190E-001	-2.04213E+000	-2.00025E+000	5.03994E-004	11	..........a	-327.68
	1890	1891	-1.61576E+000	-2.00190E-001	-2.04280E+000	-2.00025E+000	5.09178E-004	11	..........a	-327.68
	1891	1892	-1.61576E+000	-2.00190E-001	-2.04170E+000	-2.00025E+000	5.06528E-004	11	..........a	-327.68
	1892	1893	-1.61496E+000	-2.00190E-001	-2.04158E+000	-2.00025E+000	5.08744E-004	11	..........a	-327.68
	1893	1894	-1.61416E+000	-2.00190E-001	-2.04170E+000	-2.00025E+000	5.07944E-004	11	..........a	-327.68
	1894	1895	-1.60776E+000	-2.00190E-001	-2.04814E+000	-2.00025E+000	5.00861E-004	11	..........a	-327.68
	1895	1896	-1.61376E+000	-2.00190E-001	-2.04142E+000	-2.00025E+000	5.00278E-004	11	..........a	-327.68
	1896	1897	-1.60776E+000	-2.00190E-001	-2.04543E+000	-2.00025E+000	5.05428E-004	11	..........a	-327.68
	1897	1898	-1.61656E+000	-2.00190E-001	-2.03684E+000	-2.00025E+000	5.10678E-004	11	..........a	-327.68
	1898	1899	-1.61456E+000	-2.00190E-001	-2.03997E+000	-2.00025E+000	5.09744E-004	11	..........a	-327.68
	1899	1900	-1.61416E+000	-2.00190E-001	-2.04042E+000	-2.00025E+000	5.09411E-004	11	..........a	-327.68
	1900	1901	-1.61336E+000	-2.00190E-001	-2.04100E+000	-2.00025E+000	5.06594E-004	11	..........a	-327.68
	1901	1902	-1.61336E+000	-2.00190E-001	-2.04060E+000	-2.00025E+000	5.08228E-004	11	..........a	-327.68
	1902	1903	-1.61496E+000	-2.00190E-001	-2.04246E+000	-2.00025E+000	5.07211E-004	11	..........a	-327.68
	1903	1904	-1.61576E+000	-2.00190E-001	-2.04299E+000	-2.00025E+000	5.13411E-004	11	..........a	-327.68
	1904	1905	-1.61576E+000	-2.00190E-001	-2.04297E+000	-2.00025E+000	5.08294E-004	11	..........a	-327.68
	1905	1906	-1.61456E+000	-2.00188E-001	-2.04596E+000	-2.00025E+000	5.03894E-004	11	..........a	-327.68
	1906	1907	-1.61416E+000	-2.00189E-001	-2.04685E+000	-2.00025E+000	5.07444E-004	11	..........a	-327.68
	1907	1908	-1.60776E+000	-2.00188E-001	-2.05217E+000	-2.00025E+000	5.26261E-004	11	..........a	-327.68
	1908	1909	-1.61576E+000	-2.00188E-001	-2.04393E+000	-2.00025E+000	5.16094E-004	11	..........a	-327.68
	1909	1910	-1.60936E+000	-2.00188E-001	-2.04944E+000	-2.00025E+000	5.15011E-004	11	..........a	-327.68
	1910	1911	-1.61416E+000	-2.00189E-001	-2.04434E+000	-2.00025E+000	5.18194E-004	11	..........a	-327.68
	1911	1912	-1.61496E+000	-2.00189E-001	-2.04495E+000	-2.00025E+000	5.10528E-004	11	..........a	-327.68
	1912	1913	-1.61656E+000	-2.00188E-001	-2.04432E+000	-2.00025E+000	5.05878E-004	11	..........a	-327.68
	1913	1914	-1.61456E+000	-2.00189E-001	-2.04790E+000	-2.00025E+000	5.08811E-004	11	..........a	-327.68
	1914	1915	-1.61496E+000	-2.00188E-001	-2.04758E+000	-2.00025E+000	5.15411E-004	11	..........a	-327.68
	1915	1916	-1.61816E+000	-2.00188E-001	-2.04548E+000	-2.00025E+000	5.31744E-004	11	..........a	-327.68
	1916	1917	-1.61736E+000	-2.00189E-001	-2.04750E+000	-2.00025E+000	6.19777E-005	11	..........a	-327.68
	1917	1918	-1.61656E+000	-2.00190E-001	-2.04937E+000	-2.00025E+000	6.37944E-005	11	..........a	-327.68
	1918	1919	-1.60936E+000	-2.00190E-001	-2.05543E+000	-2.00025E+000	6.24777E-005	11	..........a	-327.68
	1919	1920	-1.61496E+000	-2.00190E-001	-2.04937E+000	-2.00025E+000	6.39111E-005	11	..........a	-327.68
	1920	1921	-1.60856E+000	-2.00190E-001	-2.05700E+000	-2.00025E+000	6.04277E-005	11	..........a	-327.68
	1921	1922	-1.61496E+000	-2.00190E-001	-2.04990E+000	-2.00025E+000	6.13611E-005	11	..........a	-327.68
	1922	1923	-1.61416E+000	-2.00190E-001	-2.05190E+000	-2.00025E+000	5.90611E-005	11	..........a	-327.68
	1923	1924	-1.61576E+000	-2.00190E-001	-2.04852E+000	-2.00025E+000	6.17111E-005	11	..........a	-327.68
	1924	1925	-1.61416E+000	-2.00190E-001	-2.05132E+000	-2.00025E+000	6.14777E-005	11	..........a	-327.68
	1925	1926	-1.61496E+000	-2.00190E-001	-2.04898E+000	-2.00025E+000	5.95444E-005	11	..........a	-327.68
	1926	1927	-1.61656E+000	-2.00189E-001	-2.04808E+000	-2.00025E+000	6.09111E-005	11	..........a	-327.68
	1927	1928	-1.61496E+000	-2.00190E-001	-2.05138E+000	-2.00025E+000	5.81611E-005	11	..........a	-327.68
	1928	1929	-1.61416E+000	-2.00190E-001	-2.05464E+000	-2.00025E+000	5.83611E-005	11	..........a	-327.68
	1929	1930	-1.61576E+000	-2.00190E-001	-2.05281E+000	-2.00025E+000	5.70444E-005	11	..........a	-327.68
	1930	1931	-1.61576E+000	-2.00190E-001	-2.05317E+000	-2.00025E+000	5.88611E-005	11	..........a	-327.68
	1931	1932	-1.61576E+000	-2.00190E-001	-2.05319E+000	-2.00025E+000	5.89944E-005	11	..........a	-327.68
	1932	1933	-1.61576E+000	-2.00190E-001	-2.05303E+000	-2.00025E+000	6.00111E-005	11	..........a	-327.68
	1933	1934	-1.60856E+000	-2.00190E-001	-2.05879E+000	-2.00025E+000	6.10444E-005	11	..........a	-327.68
	1934	1935	-1.61656E+000	-2.00190E-001	-2.05039E+000	-2.00025E+000	5.85277E-005	11	..........a	-327.68
	1935	1936	-1.60856E+000	-2.00190E-001	-2.05942E+000	-2.00025E+000	6.09944E-005	11	..........a	-327.68
	1936	1937	-1.61496E+000	-2.00190E-001	-2.05193E+000	-2.00025E+000	6.06111E-005	11	..........a	-327.68
	1937	1938	-1.61336E+000	-2.00189E-001	-2.05515E+000	-2.00025E+000	6.29944E-005	11	..........a	-327.68
	1938	1939	-1.61576E+000	-2.00189E-001	-2.05211E+000	-2.00025E+000	6.16277E-005	11	..........a	-327.68
	1939	1940	-1.61416E+000	-2.00190E-001	-2.05339E+000	-2.00025E+000	6.30944E-005	11	..........a	-327.68
	1940	1941	-1.61416E+000	-2.00190E-001	-2.05282E+000	-2.00025E+000	6.18777E-005	11	..........a	-327.68
	1941	1942	-1.61696E+000	-2.00190E-001	-2.05077E+000	-2.00025E+000	6.24444E-005	11	..........a	-327.68
	1942	1943	-1.61416E+000	-2.00190E-001	-2.05392E+000	-2.00025E+000	3.27794E-004	11	..........a	-327.68
	1943	1944	-1.61496E+000	-2.00190E-001	-2.05395E+000	-2.00025E+000	3.32328E-004	11	..........a	-327.68
	1944	1945	-1.60776E+000	-2.00190E-001	-2.06347E+000	-2.00025E+000	3.31694E-004	11	..........a	-327.68
	1945	1946	-1.61256E+000	-2.00190E-001	-2.05776E+000	-2.00025E+000	3.37311E-004	11	..........a	-327.68
	1946	1947	-1.60776E+000	-2.00190E-001	-2.06157E+000	-2.00025E+000	3.25944E-004	11	..........a	-327.68
	1947	1948	-1.61496E+000	-2.00189E-001	-2.05526E+000	-2.00025E+000	3.24644E-004	11	..........a	-327.68
	1948	1949	-1.61496E+000	-2.00190E-001	-2.05615E+000	-2.00025E+000	3.26828E-004	11	..........a	-327.68
	1949	1950	-1.61496E+000	-2.00189E-001	-2.05798E+000	-2.00025E+000	3.27678E-004	11	..........a	-327.68
	1950	1951	-1.61416E+000	-2.00190E-001	-2.05819E+000	-2.00025E+000	3.32228E-004	11	..........a	-327.68
	1951	1952	-1.61496E+000	-2.00190E-001	-2.05757E+000	-2.00025E+000	3.27944E-004	11	..........a	-327.68
	1952	1953	-1.61416E+000	-2.00189E-001	-2.06261E+000	-2.00025E+000	3.29661E-004	11	..........a	-327.68
	1953	1954	-1.61656E+000	-2.00190E-001	-2.05994E+000	-2.00025E+000	3.28761E-004	11	..........a	-327.68
	1954	1955	-1.61336E+000	-2.00189E-001	-2.06463E+000	-2.00025E+000	3.29278E-004	11	..........a	-327.68
	1955	1956	-1.61576E+000	-2.00189E-001	-2.06229E+000	-2.00025E+000	3.28011E-004	11	..........a	-327.68
	1956	1957	-1.61656E+000	-2.00189E-001	-2.06259E+000	-2.00025E+000	3.27511E-004	11	..........a	-327.68
	1957	1958	-1.61496E+000	-2.00190E-001	-2.06365E+000	-2.00025E+000	3.28828E-004	11	..........a	-327.68
	1958	1959	-1.61456E+000	-2.00189E-001	-2.04926E+000	-2.00025E+000	3.33711E-004	11	..........a	-327.68
	1959	1960	-1.60696E+000	-2.00190E-001	-2.05743E+000	-2.00025E+000	3.25094E-004	11	..........a	-327.68
	1960	1961	-1.61496E+000	-2.00190E-001	-2.04892E+000	-2.00025E+000	3.33244E-004	11	..........a	-327.68
	1961	1962	-1.60776E+000	-2.00190E-001	-2.05712E+000	-2.00025E+000	3.27961E-004	11	..........a	-327.68
	1962	1963	-1.61456E+000	-2.00190E-001	-2.04966E+000	-2.00025E+000	3.25644E-004	11	..........a	-327.68
	1963	1964	-1.61576E+000	-2.00190E-001	-2.05028E+000	-2.00025E+000	3.24461E-004	11	..........a	-327.68
	1964	1965	-1.61536E+000	-2.00190E-001	-2.05346E+000	-2.00025E+000	3.20778E-004	11	..........a	-327.68
	1965	1966	-1.61416E+000	-2.00190E-001	-2.05773E+000	-2.00025E+000	3.25461E-004	11	..........a	-327.68
	1966	1967	-1.61496E+000	-2.00190E-001	-2.05655E+000	-2.00025E+000	3.25478E-004	11	..........a	-327.68
	1967	1968	-1.61496E+000	-2.00190E-001	-2.05525E+000	-2.00025E+000	3.22228E-004	11	..........a	-327.68
	1968	1969	-1.61576E+000	-2.00190E-001	-2.05397E+000	-2.00025E+000	3.18828E-004	11	..........a	-327.68
	1969	1970	-1.61536E+000	-2.00189E-001	-2.05511E+000	-2.00025E+000	3.21728E-004	11	..........a	-327.68
	1970	1971	-1.61576E+000	-2.00189E-001	-2.05493E+000	-2.00025E+000	3.23194E-004	11	..........a	-327.68
	1971	1972	-1.61576E+000	-2.00189E-001	-2.05640E+000	-2.00025E+000	3.25394E-004	11	..........a	-327.68
	1972	1973	-1.61496E+000	-2.00189E-001	-2.05673E+000	-2.00025E+000	3.17994E-004	11	..........a	-327.68
	1973	1974	-1.61576E+000	-2.00190E-001	-2.05675E+000	-2.00025E+000	3.18061E-004	11	..........a	-327.68
	1974	1975	-1.60896E+000	-2.00189E-001	-2.06630E+000	-2.00025E+000	3.24928E-004	11	..........a	-327.68
	1975	1976	-1.61656E+000	-2.00189E-001	-2.05701E+000	-2.00025E+000	3.13661E-004	11	..........a	-327.68
	1976	1977	-1.61496E+000	-2.00189E-001	-2.05954E+000	-2.00025E+000	3.16294E-004	11	..........a	-327.68
	1977	1978	-1.61496E+000	-2.00189E-001	-2.06055E+000	-2.00025E+000	3.18961E-004	11	..........a	-327.68
	1978	1979	-1.61576E+000	-2.00189E-001	-2.06038E+000	-2.00025E+000	3.16744E-004	11	..........a	-327.68
	1979	1980	-1.61496E+000	-2.00189E-001	-2.06064E+000	-2.00025E+000	3.17628E-004	11	..........a	-327.68
	1980	1981	-1.61576E+000	-2.00190E-001	-2.06144E+000	-2.00025E+000	3.19628E-004	11	..........a	-327.68
	1981	1982	-1.61416E+000	-2.00189E-001	-2.06346E+000	-2.00025E+000	3.24911E-004	11	..........a	-327.68
	1982	1983	-1.61416E+000	-2.00189E-001	-2.06354E+000	-2.00025E+000	3.14194E-004	11	..........a	-327.68
	1983	1984	-1.61496E+000	-2.00189E-001	-2.06242E+000	-2.00025E+000	3.17528E-004	11	..........a	-327.68
	1984	1985	-1.61496E+000	-2.00189E-001	-2.06411E+000	-2.00025E+000	3.19928E-004	11	..........a	-327.68
	1985	1986	-1.61736E+000	-2.00189E-001	-2.06117E+000	-2.00025E+000	3.24111E-004	11	..........a	-327.68
	1986	1987	-1.61536E+000	-2.00189E-001	-2.06392E+000	-2.00025E+000	3.22711E-004	11	..........a	-327.68
	1987	1988	-1.61496E+000	-2.00189E-001	-2.06475E+000	-2.00025E+000	3.23644E-004	11	..........a	-327.68
	1988	1989	-1.61576E+000	-2.00189E-001	-2.06536E+000	-2.00025E+000	3.20294E-004	11	..........a	-327.68
	1989	1990	-1.61496E+000	-2.00189E-001	-2.06717E+000	-2.00025E+000	3.16644E-004	11	..........a	-327.68
	1990	1991	-1.61656E+000	-2.00189E-001	-2.06625E+000	-2.00025E+000	3.11894E-004	11	..........a	-327.68
	1991	1992	-1.61656E+000	-2.00189E-001	-2.06606E+000	-2.00025E+000	3.20178E-004	11	..........a	-327.68
	1992	1993	-1.61496E+000	-2.00190E-001	-2.06779E+000	-2.00025E+000	3.12844E-004	11	..........a	-327.68
	1993	1994	-1.61576E+000	-2.00190E-001	-2.06822E+000	-2.00025E+000	3.22378E-004	11	..........a	-327.68
	1994	1995	-1.61496E+000	-2.00190E-001	-2.06852E+000	-2.00025E+000	3.15928E-004	11	..........a	-327.68
	1995	1996	-1.61576E+000	-2.00189E-001	-2.06847E+000	-2.00025E+000	3.19694E-004	11	..........a	-327.68
	1996	1997	-1.61736E+000	-2.00190E-001	-2.06554E+000	-2.00025E+000	3.24928E-004	11	..........a	-327.68
	1997	1998	-1.61336E+000	-2.00190E-001	-2.07083E+000	-2.00025E+000	3.15228E-004	11	..........a	-327.68
	1998	1999	-1.61496E+000	-2.00189E-001	-2.06907E+000	-2.00025E+000	3.15994E-004	11	..........a	-327.68
	1999	2000	-1.61496E+000	-2.00190E-001	-2.06946E+000	-2.00025E+000	3.20194E-004	11	..........a	-327.68
	2000	2001	-1.61576E+000	-2.00190E-001	-2.06847E+000	-2.00025E+000	3.17444E-004	11	..........a	-327.68
	2001	2002	-1.61576E+000	-2.00189E-001	-2.07040E+000	-2.00025E+000	3.11978E-004	11	..........a	-327.68
	2002	2003	-1.60936E+000	-2.00190E-001	-2.07761E+000	-2.00025E+000	3.09628E-004	11	..........a	-327.68
	2003	2004	-1.61496E+000	-2.00190E-001	-2.07364E+000	-2.00025E+000	3.20111E-004	11	..........a	-327.68
	2004	2005	-1.61496E+000	-2.00190E-001	-2.07452E+000	-2.00025E+000	3.16261E-004	11	..........a	-327.68
	2005	2006	-1.61496E+000	-2.00190E-001	-2.07522E+000	-2.00025E+000	3.11611E-004	11	..........a	-327.68
	2006	2007	-1.61496E+000	-2.00190E-001	-2.07499E+000	-2.00025E+000	3.13961E-004	11	..........a	-327.68
	2007	2008	-1.61416E+000	-2.00190E-001	-2.07648E+000	-2.00025E+000	3.15528E-004	11	..........a	-327.68
	2008	2009	-1.61656E+000	-2.00190E-001	-2.07411E+000	-2.00025E+000	3.17428E-004	11	..........a	-327.68
	2009	2010	-1.61416E+000	-2.00190E-001	-2.07750E+000	-2.00025E+000	3.18294E-004	11	..........a	-327.68
	2010	2011	-1.61816E+000	-2.00190E-001	-2.07297E+000	-2.00025E+000	3.18211E-004	11	..........a	-327.68
	2011	2012	-1.61576E+000	-2.00190E-001	-2.07663E+000	-2.00025E+000	2.97128E-004	11	..........a	-327.68
	2012	2013	-1.61576E+000	-2.00189E-001	-2.07649E+000	-2.00025E+000	2.94394E-004	11	..........a	-327.68
	2013	2014	-1.61496E+000	-2.00189E-001	-2.07675E+000	-2.00025E+000	2.86078E-004	11	..........a	-327.68
	2014	2015	-1.61656E+000	-2.00189E-001	-2.07446E+000	-2.00025E+000	2.98611E-004	11	..........a	-327.68
	2015	2016	-1.61416E+000	-2.00190E-001	-2.07699E+000	-2.00025E+000	2.91194E-004	11	..........a	-327.68
	2016	2017	-1.61416E+000	-2.00190E-001	-2.07757E+000	-2.00025E+000	2.92844E-004	11	..........a	-327.68
	2017	2018	-1.61416E+000	-2.00189E-001	-2.07547E+000	-2.00025E+000	2.84994E-004	11	..........a	-327.68
	2018	2019	-1.61496E+000	-2.00189E-001	-2.07460E+000	-2.00025E+000	2.90378E-004	11	..........a	-327.68
	2019	2020	-1.61336E+000	-2.00189E-001	-2.07863E+000	-2.00025E+000	2.94794E-004	11	..........a	-327.68
	2020	2021	-1.61376E+000	-2.00189E-001	-2.07716E+000	-2.00025E+000	2.94761E-004	11	..........a	-327.68
	2021	2022	-1.61336E+000	-2.00189E-001	-2.08081E+000	-2.00025E+000	2.98328E-004	11	..........a	-327.68
	2022	2023	-1.61496E+000	-2.00190E-001	-2.07758E+000	-2.00025E+000	2.99511E-004	11	..........a	-327.68
	2023	2024	-1.61336E+000	-2.00189E-001	-2.08135E+000	-2.00025E+000	3.01328E-004	11	..........a	-327.68
	2024	2025	-1.61616E+000	-2.00189E-001	-2.07978E+000	-2.00025E+000	2.98828E-004	11	..........a	-327.68
	2025	2026	-1.61536E+000	-2.00189E-001	-2.08028E+000	-2.00025E+000	3.00911E-004	11	..........a	-327.68
	2026	2027	-1.61416E+000	-2.00189E-001	-2.06187E+000	-2.00025E+000	2.94978E-004	11	..........a	-327.68
	2027	2028	-1.61656E+000	-2.00189E-001	-2.06110E+000	-2.00025E+000	2.99994E-004	11	..........a	-327.68
	2028	2029	-1.61496E+000	-2.00189E-001	-2.06302E+000	-2.00025E+000	3.00244E-004	11	..........a	-327.68
	2029	2030	-1.61536E+000	-2.00190E-001	-2.06291E+000	-2.00025E+000	2.98228E-004	11	..........a	-327.68
	2030	2031	-1.61496E+000	-2.00189E-001	-2.06350E+000	-2.00025E+000	2.98811E-004	11	..........a	-327.68
	2031	2032	-1.61576E+000	-2.00189E-001	-2.06262E+000	-2.00025E+000	2.98011E-004	11	..........a	-327.68
	2032	2033	-1.61496E+000	-2.00189E-001	-2.06388E+000	-2.00025E+000	3.03411E-004	11	..........a	-327.68
	2033	2034	-1.61576E+000	-2.00190E-001	-2.06315E+000	-2.00025E+000	2.97528E-004	11	..........a	-327.68
	2034	2035	-1.61416E+000	-2.00190E-001	-2.06495E+000	-2.00025E+000	2.94728E-004	11	..........a	-327.68
	2035	2036	-1.61496E+000	-2.00190E-001	-2.06382E+000	-2.00025E+000	2.95094E-004	11	..........a	-327.68
	2036	2037	-1.61496E+000	-2.00189E-001	-2.06706E+000	-2.00025E+000	2.91444E-004	11	..........a	-327.68
	2037	2038	-1.61576E+000	-2.00190E-001	-2.06740E+000	-2.00025E+000	3.05244E-004	11	..........a	-327.68
	2038	2039	-1.61416E+000	-2.00189E-001	-2.06947E+000	-2.00025E+000	3.00511E-004	11	..........a	-327.68
	2039	2040	-1.61496E+000	-2.00190E-001	-2.06607E+000	-2.00025E+000	2.99428E-004	11	..........a	-327.68
	2040	2041	-1.61576E+000	-2.00190E-001	-2.06727E+000	-2.00025E+000	3.07411E-004	11	..........a	-327.68
	2041	2042	-1.60856E+000	-2.00190E-001	-2.07530E+000	-2.00025E+000	3.09328E-004	11	..........a	-327.68
	2042	2043	-1.61496E+000	-2.00190E-001	-2.06914E+000	-2.00025E+000	3.05328E-004	11	..........a	-327.68
	2043	2044	-1.61416E+000	-2.00190E-001	-2.06909E+000	-2.00025E+000	3.04978E-004	11	..........a	-327.68
	2044	2045	-1.61576E+000	-2.00189E-001	-2.06737E+000	-2.00025E+000	3.03994E-004	11	..........a	-327.68
	2045	2046	-1.61496E+000	-2.00190E-001	-2.06874E+000	-2.00025E+000	3.05878E-004	11	..........a	-327.68
	2046	2047	-1.61496E+000	-2.00190E-001	-2.06738E+000	-2.00025E+000	3.10978E-004	11	..........a	-327.68
	2047	2048	-1.61496E+000	-2.00190E-001	-2.06781E+000	-2.00025E+000	3.07811E-004	11	..........a	-327.68
	2048	2049	-1.61576E+000	-2.00190E-001	-2.06756E+000	-2.00025E+000	3.01544E-004	11	..........a	-327.68
	2049	2050	-1.61576E+000	-2.00189E-001	-2.06685E+000	-2.00025E+000	3.08928E-004	11	..........a	-327.68
	2050	2051	-1.61496E+000	-2.00189E-001	-2.06798E+000	-2.00025E+000	3.06411E-004	11	..........a	-327.68
	2051	2052	-1.61656E+000	-2.00189E-001	-2.06775E+000	-2.00025E+000	3.06528E-004	11	..........a	-327.68
	2052	2053	-1.61576E+000	-2.00190E-001	-2.06899E+000	-2.00025E+000	3.02011E-004	11	..........a	-327.68
	2053	2054	-1.61696E+000	-2.00189E-001	-2.06718E+000	-2.00025E+000	3.14111E-004	11	..........a	-327.68
	2054	2055	-1.60776E+000	-2.00189E-001	-2.07514E+000	-2.00025E+000	3.02361E-004	11	..........a	-327.68
	2055	2056	-1.61416E+000	-2.00189E-001	-2.06899E+000	-2.00025E+000	3.07661E-004	11	..........a	-327.68
	2056	2057	-1.60696E+000	-2.00190E-001	-2.07726E+000	-2.00025E+000	3.03244E-004	11	..........a	-327.68
	2057	2058	-1.61496E+000	-2.00189E-001	-2.06934E+000	-2.00025E+000	3.03228E-004	11	..........a	-327.68
	2058	2059	-1.61496E+000	-2.00189E-001	-2.06941E+000	-2.00025E+000	2.94494E-004	11	..........a	-327.68
	2059	2060	-1.61336E+000	-2.00190E-001	-2.06957E+000	-2.00025E+000	2.96994E-004	11	..........a	-327.68
	2060	2061	-1.61416E+000	-2.00190E-001	-2.06936E+000	-2.00025E+000	3.02361E-004	11	..........a	-327.68
	2061	2062	-1.61416E+000	-2.00190E-001	-2.06798E+000	-2.00025E+000	3.03478E-004	11	..........a	-327.68
	2062	2063	-1.61416E+000	-2.00190E-001	-2.06976E+000	-2.00025E+000	3.00244E-004	11	..........a	-327.68
	2063	2064	-1.61376E+000	-2.00190E-001	-2.06785E+000	-2.00025E+000	3.07028E-004	11	..........a	-327.68
	2064	2065	-1.61416E+000	-2.00190E-001	-2.06714E+000	-2.00025E+000	3.09711E-004	11	..........a	-327.68
	2065	2066	-1.61576E+000	-2.00190E-001	-2.06659E+000	-2.00025E+000	3.05078E-004	11	..........a	-327.68
	2066	2067	-1.61416E+000	-2.00190E-001	-2.06967E+000	-2.00025E+000	2.99494E-004	11	..........a	-327.68
	2067	2068	-1.61416E+000	-2.00190E-001	-2.06982E+000	-2.00025E+000	3.03944E-004	11	..........a	-327.68
	2068	2069	-1.61496E+000	-2.00190E-001	-2.07089E+000	-2.00025E+000	3.15578E-004	11	..........a	-327.68
	2069	2070	-1.61576E+000	-2.00190E-001	-2.07014E+000	-2.00025E+000	3.03861E-004	11	..........a	-327.68
	2070	2071	-1.61576E+000	-2.00189E-001	-2.07147E+000	-2.00025E+000	3.11278E-004	11	..........a	-327.68
	2071	2072	-1.61736E+000	-2.00190E-001	-2.06901E+000	-2.00025E+000	3.06144E-004	11	..........a	-327.68
	2072	2073	-1.61576E+000	-2.00190E-001	-2.07239E+000	-2.00025E+000	2.98961E-004	11	..........a	-327.68
	2073	2074	-1.61536E+000	-2.00190E-001	-2.07065E+000	-2.00025E+000	3.02278E-004	11	..........a	-327.68
	2074	2075	-1.61576E+000	-2.00190E-001	-2.07186E+000	-2.00025E+000	3.00378E-004	11	..........a	-327.68
	2075	2076	-1.61576E+000	-2.00190E-001	-2.07245E+000	-2.00025E+000	3.06011E-004	11	..........a	-327.68
	2076	2077	-1.61576E+000	-2.00190E-001	-2.07232E+000	-2.00025E+000	3.01344E-004	11	..........a	-327.68
	2077	2078	-1.61656E+000	-2.00190E-001	-2.07133E+000	-2.00025E+000	2.97628E-004	11	..........a	-327.68
	2078	2079	-1.61496E+000	-2.00189E-001	-2.07277E+000	-2.00025E+000	3.12044E-004	11	..........a	-327.68
	2079	2080	-1.61576E+000	-2.00189E-001	-2.07350E+000	-2.00025E+000	3.06511E-004	11	..........a	-327.68
	2080	2081	-1.61576E+000	-2.00190E-001	-2.07319E+000	-2.00025E+000	3.12878E-004	11	..........a	-327.68
	2081	2082	-1.61496E+000	-2.00190E-001	-2.07499E+000	-2.00025E+000	3.04628E-004	11	..........a	-327.68
	2082	2083	-1.60936E+000	-2.00190E-001	-2.08054E+000	-2.00025E+000	3.12911E-004	11	..........a	-327.68
	2083	2084	-1.61496E+000	-2.00190E-001	-2.07988E+000	-2.00025E+000	3.07378E-004	11	..........a	-327.68
	2084	2085	-1.60896E+000	-2.00190E-001	-2.08447E+000	-2.00025E+000	3.04611E-004	11	..........a	-327.68
	2085	2086	-1.61536E+000	-2.00189E-001	-2.07762E+000	-2.00025E+000	3.06278E-004	11	..........a	-327.68
	2086	2087	-1.61576E+000	-2.00190E-001	-2.07758E+000	-2.00025E+000	3.06911E-004	11	..........a	-327.68
	2087	2088	-1.61576E+000	-2.00190E-001	-2.07684E+000	-2.00025E+000	3.11344E-004	11	..........a	-327.68
	2088	2089	-1.61456E+000	-2.00190E-001	-2.07912E+000	-2.00025E+000	2.99294E-004	11	..........a	-327.68
	2089	2090	-1.61496E+000	-2.00190E-001	-2.07920E+000	-2.00025E+000	3.03861E-004	11	..........a	-327.68
	2090	2091	-1.61576E+000	-2.00190E-001	-2.07949E+000	-2.00025E+000	3.13161E-004	11	..........a	-327.68
	2091	2092	-1.61536E+000	-2.00190E-001	-2.08038E+000	-2.00025E+000	3.03811E-004	11	..........a	-327.68
	2092	2093	-1.61496E+000	-2.00190E-001	-2.08324E+000	-2.00025E+000	3.08078E-004	11	..........a	-327.68
	2093	2094	-1.61576E+000	-2.00190E-001	-2.08438E+000	-2.00025E+000	3.13178E-004	11	..........a	-327.68
	2094	2095	-1.61576E+000	-2.00190E-001	-2.08483E+000	-2.00025E+000	3.09628E-004	11	..........a	-327.68
	2095	2096	-1.61536E+000	-2.00190E-001	-2.08577E+000	-2.00025E+000	3.10928E-004	11	..........a	-327.68
	2096	2097	-1.61496E+000	-2.00189E-001	-2.08579E+000	-2.00025E+000	3.09628E-004	11	..........a	-327.68
	2097	2098	-1.61616E+000	-2.00189E-001	-2.08557E+000	-2.00025E+000	3.02794E-004	11	..........a	-327.68
	2098	2099	-1.61496E+000	-2.00190E-001	-2.08737E+000	-2.00025E+000	3.10161E-004	11	..........a	-327.68
	2099	2100	-1.60896E+000	-2.00190E-001	-2.09278E+000	-2.00025E+000	3.05011E-004	11	..........a	-327.68
	2100	2101	-1.61576E+000	-2.00190E-001	-2.08692E+000	-2.00025E+000	3.07178E-004	11	..........a	-327.68
	2101	2102	-1.61696E+000	-2.00190E-001	-2.08557E+000	-2.00025E+000	3.05611E-004	11	..........a	-327.68
	2102	2103	-1.61656E+000	-2.00190E-001	-2.08496E+000	-2.00025E+000	3.07561E-004	11	..........a	-327.68
	2103	2104	-1.61496E+000	-2.00190E-001	-2.08946E+000	-2.00025E+000	3.01678E-004	11	..........a	-327.68
	2104	2105	-1.61496E+000	-2.00190E-001	-2.08980E+000	-2.00025E+000	3.03728E-004	11	..........a	-327.68
	2105	2106	-1.61496E+000	-2.00190E-001	-2.08376E+000	-2.00025E+000	3.07561E-004	11	..........a	-327.68
	2106	2107	-1.61576E+000	-2.00189E-001	-2.08343E+000	-2.00025E+000	3.11944E-004	11	..........a	-327.68
	2107	2108	-1.61576E+000	-2.00190E-001	-2.04275E+000	-2.00025E+000	3.05761E-004	11	..........a	-327.68
	2108	2109	-1.61536E+000	-2.00190E-001	-2.04404E+000	-2.00025E+000	3.08544E-004	11	..........a	-327.68
	2109	2110	-1.61496E+000	-2.00190E-001	-2.04521E+000	-2.00025E+000	3.12644E-004	11	..........a	-327.68
	2110	2111	-1.60736E+000	-2.00190E-001	-2.05337E+000	-2.00025E+000	3.07744E-004	11	..........a	-327.68
	2111	2112	-1.61496E+000	-2.00191E-001	-2.04642E+000	-2.00025E+000	3.06061E-004	11	..........a	-327.68
	2112	2113	-1.61496E+000	-2.00190E-001	-2.04578E+000	-2.00025E+000	3.08578E-004	11	..........a	-327.68
	2113	2114	-1.61656E+000	-2.00190E-001	-2.04541E+000	-2.00025E+000	3.07211E-004	11	..........a	-327.68
	2114	2115	-1.61496E+000	-2.00190E-001	-2.04992E+000	-2.00025E+000	3.04911E-004	11	..........a	-327.68
	2115	2116	-1.61496E+000	-2.00190E-001	-2.05092E+000	-2.00025E+000	3.04744E-004	11	..........a	-327.68
	2116	2117	-1.61536E+000	-2.00190E-001	-2.04950E+000	-2.00025E+000	3.03628E-004	11	..........a	-327.68
	2117	2118	-1.61576E+000	-2.00190E-001	-2.04938E+000	-2.00025E+000	3.06328E-004	11	..........a	-327.68
	2118	2119	-1.61576E+000	-2.00190E-001	-2.05057E+000	-2.00025E+000	3.07911E-004	11	..........a	-327.68
	2119	2120	-1.61576E+000	-2.00190E-001	-2.04947E+000	-2.00025E+000	3.03211E-004	11	..........a	-327.68
	2120	2121	-1.61616E+000	-2.00190E-001	-2.05028E+000	-2.00025E+000	3.05561E-004	11	..........a	-327.68
	2121	2122	-1.61336E+000	-2.00191E-001	-2.05415E+000	-2.00025E+000	3.04711E-004	11	..........a	-327.68
	2122	2123	-1.61336E+000	-2.00191E-001	-2.05632E+000	-2.00025E+000	3.02961E-004	11	..........a	-327.68
	2123	2124	-1.61376E+000	-2.00191E-001	-2.05551E+000	-2.00025E+000	3.06128E-004	11	..........a	-327.68
	2124	2125	-1.61376E+000	-2.00191E-001	-2.05733E+000	-2.00025E+000	3.04361E-004	11	..........a	-327.68
	2125	2126	-1.61256E+000	-2.00191E-001	-2.05695E+000	-2.00025E+000	3.01144E-004	11	..........a	-327.68
	2126	2127	-1.61416E+000	-2.00191E-001	-2.05562E+000	-2.00025E+000	3.09428E-004	11	..........a	-327.68
	2127	2128	-1.61576E+000	-2.00191E-001	-2.05537E+000	-2.00025E+000	3.02428E-004	11	..........a	-327.68
	2128	2129	-1.61376E+000	-2.00191E-001	-2.05671E+000	-2.00025E+000	3.04594E-004	11	..........a	-327.68
	2129	2130	-1.61496E+000	-2.00191E-001	-2.05597E+000	-2.00025E+000	3.01978E-004	11	..........a	-327.68
	2130	2131	-1.61456E+000	-2.00191E-001	-2.05772E+000	-2.00025E+000	3.04578E-004	11	..........a	-327.68
	2131	2132	-1.61416E+000	-2.00190E-001	-2.05893E+000	-2.00025E+000	2.99561E-004	11	..........a	-327.68
	2132	2133	-1.61336E+000	-2.00190E-001	-2.06096E+000	-2.00025E+000	3.07611E-004	11	..........a	-327.68
	2133	2134	-1.61336E+000	-2.00191E-001	-2.06014E+000	-2.00025E+000	3.01611E-004	11	..........a	-327.68
	2134	2135	-1.61696E+000	-2.00191E-001	-2.05779E+000	-2.00025E+000	2.99628E-004	11	..........a	-327.68
	2135	2136	-1.61376E+000	-2.00190E-001	-2.06071E+000	-2.00025E+000	3.04311E-004	11	..........a	-327.68
	2136	2137	-1.61456E+000	-2.00190E-001	-2.05902E+000	-2.00025E+000	3.00678E-004	11	..........a	-327.68
	2137	2138	-1.61336E+000	-2.00191E-001	-2.06142E+000	-2.00025E+000	3.01861E-004	11	..........a	-327.68
	2138	2139	-1.60696E+000	-2.00191E-001	-2.06599E+000	-2.00025E+000	3.08461E-004	11	..........a	-327.68
	2139	2140	-1.61256E+000	-2.00191E-001	-2.06219E+000	-2.00025E+000	3.07694E-004	11	..........a	-327.68
	2140	2141	-1.61416E+000	-2.00191E-001	-2.06133E+000	-2.00025E+000	3.10811E-004	11	..........a	-327.68
	2141	2142	-1.61336E+000	-2.00191E-001	-2.06324E+000	-2.00025E+000	3.10061E-004	11	..........a	-327.68
	2142	2143	-1.61336E+000	-2.00190E-001	-2.06440E+000	-2.00025E+000	3.06878E-004	11	..........a	-327.68
	2143	2144	-1.61496E+000	-2.00191E-001	-2.06219E+000	-2.00025E+000	3.00661E-004	11	..........a	-327.68
	2144	2145	-1.61496E+000	-2.00191E-001	-2.06278E+000	-2.00025E+000	3.05528E-004	11	..........a	-327.68
	2145	2146	-1.61416E+000	-2.00191E-001	-2.06480E+000	-2.00025E+000	3.05728E-004	11	..........a	-327.68
	2146	2147	-1.61576E+000	-2.00191E-001	-2.06406E+000	-2.00025E+000	3.02944E-004	11	..........a	-327.68
	2147	2148	-1.61456E+000	-2.00191E-001	-2.06484E+000	-2.00025E+000	3.08244E-004	11	..........a	-327.68
	2148	2149	-1.61336E+000	-2.00191E-001	-2.06602E+000	-2.00025E+000	3.07678E-004	11	..........a	-327.68
	2149	2150	-1.61536E+000	-2.00191E-001	-2.06390E+000	-2.00025E+000	3.09111E-004	11	..........a	-327.68
	2150	2151	-1.61496E+000	-2.00191E-001	-2.06609E+000	-2.00025E+000	3.08344E-004	11	..........a	-327.68
	2151	2152	-1.60736E+000	-2.00191E-001	-2.07132E+000	-2.00025E+000	3.18311E-004	11	..........a	-327.68
	2152	2153	-1.61336E+000	-2.00191E-001	-2.06544E+000	-2.00025E+000	3.11861E-004	11	..........a	-327.68
	2153	2154	-1.60776E+000	-2.00191E-001	-2.07155E+000	-2.00025E+000	3.17111E-004	11	..........a	-327.68
	2154	2155	-1.61256E+000	-2.00191E-001	-2.06486E+000	-2.00025E+000	3.14011E-004	11	..........a	-327.68
	2155	2156	-1.61336E+000	-2.00190E-001	-2.04696E+000	-2.00025E+000	3.10594E-004	11	..........a	-327.68
	2156	2157	-1.61376E+000	-2.00190E-001	-2.04603E+000	-2.00025E+000	3.07011E-004	11	..........a	-327.68
	2157	2158	-1.61336E+000	-2.00190E-001	-2.04608E+000	-2.00025E+000	3.06444E-004	11	..........a	-327.68
	2158	2159	-1.61416E+000	-2.00190E-001	-2.04626E+000	-2.00025E+000	3.06778E-004	11	..........a	-327.68
	2159	2160	-1.61256E+000	-2.00190E-001	-2.04816E+000	-2.00025E+000	3.04461E-004	11	..........a	-327.68
	2160	2161	-1.61376E+000	-2.00190E-001	-2.04885E+000	-2.00025E+000	3.07844E-004	11	..........a	-327.68
	2161	2162	-1.61296E+000	-2.00190E-001	-2.04983E+000	-2.00025E+000	2.99194E-004	11	..........a	-327.68
	2162	2163	-1.61376E+000	-2.00190E-001	-2.04886E+000	-2.00025E+000	3.02528E-004	11	..........a	-327.68
	2163	2164	-1.61496E+000	-2.00190E-001	-2.04755E+000	-2.00025E+000	3.02661E-004	11	..........a	-327.68
	2164	2165	-1.61416E+000	-2.00190E-001	-2.04746E+000	-2.00025E+000	3.01561E-004	11	..........a	-327.68
	2165	2166	-1.61456E+000	-2.00190E-001	-2.04698E+000	-2.00025E+000	2.99611E-004	11	..........a	-327.68
	2166	2167	-1.60736E+000	-2.00190E-001	-2.05330E+000	-2.00025E+000	3.03944E-004	11	..........a	-327.68
	2167	2168	-1.61416E+000	-2.00190E-001	-2.04774E+000	-2.00025E+000	3.01411E-004	11	..........a	-327.68
	2168	2169	-1.60736E+000	-2.00191E-001	-2.05462E+000	-2.00025E+000	3.00261E-004	11	..........a	-327.68
	2169	2170	-1.61296E+000	-2.00191E-001	-2.04857E+000	-2.00025E+000	3.08294E-004	11	..........a	-327.68
	2170	2171	-1.61416E+000	-2.00191E-001	-2.04932E+000	-2.00025E+000	3.06378E-004	11	..........a	-327.68
	2171	2172	-1.61416E+000	-2.00191E-001	-2.04837E+000	-2.00025E+000	2.95544E-004	11	..........a	-327.68
	2172	2173	-1.61296E+000	-2.00190E-001	-2.05054E+000	-2.00025E+000	3.03128E-004	11	..........a	-327.68
	2173	2174	-1.61256E+000	-2.00190E-001	-2.05093E+000	-2.00025E+000	3.01044E-004	11	..........a	-327.68
	2174	2175	-1.61496E+000	-2.00190E-001	-2.04765E+000	-2.00025E+000	3.04628E-004	11	..........a	-327.68
	2175	2176	-1.61496E+000	-2.00190E-001	-2.04880E+000	-2.00025E+000	3.10694E-004	11	..........a	-327.68
	2176	2177	-1.61496E+000	-2.00190E-001	-2.05038E+000	-2.00025E+000	3.20778E-004	11	..........a	-327.68
	2177	2178	-1.61576E+000	-2.00190E-001	-2.04910E+000	-2.00025E+000	3.17211E-004	11	..........a	-327.68
	2178	2179	-1.61416E+000	-2.00191E-001	-2.05193E+000	-2.00025E+000	3.13861E-004	11	..........a	-327.68
	2179	2180	-1.60856E+000	-2.00190E-001	-2.05746E+000	-2.00025E+000	3.20011E-004	11	..........a	-327.68
	2180	2181	-1.61496E+000	-2.00191E-001	-2.05191E+000	-2.00025E+000	3.11961E-004	11	..........a	-327.68
	2181	2182	-1.61416E+000	-2.00190E-001	-2.05134E+000	-2.00025E+000	3.07361E-004	11	..........a	-327.68
	2182	2183	-1.61376E+000	-2.00191E-001	-2.05294E+000	-2.00025E+000	3.15344E-004	11	..........a	-327.68
	2183	2184	-1.61656E+000	-2.00190E-001	-2.05179E+000	-2.00025E+000	3.14211E-004	11	..........a	-327.68
	2184	2185	-1.61496E+000	-2.00190E-001	-2.05344E+000	-2.00025E+000	3.12361E-004	11	..........a	-327.68
	2185	2186	-1.61576E+000	-2.00191E-001	-2.05434E+000	-2.00025E+000	3.15328E-004	11	..........a	-327.68
	2186	2187	-1.61496E+000	-2.00191E-001	-2.05561E+000	-2.00025E+000	3.11861E-004	11	..........a	-327.68
	2187	2188	-1.61576E+000	-2.00190E-001	-2.05693E+000	-2.00025E+000	3.20544E-004	11	..........a	-327.68
	2188	2189	-1.61736E+000	-2.00190E-001	-2.05763E+000	-2.00025E+000	3.11244E-004	11	..........a	-327.68
	2189	2190	-1.61576E+000	-2.00191E-001	-2.05937E+000	-2.00025E+000	3.16378E-004	11	..........a	-327.68
	2190	2191	-1.61496E+000	-2.00222E-001	-2.05900E+000	-2.00025E+000	1.02218E-003	11	..........a	-327.68
	2191	2192	-1.61496E+000	-2.00222E-001	-2.05971E+000	-2.00025E+000	1.00133E-003	11	..........a	-327.68
	2192	2193	-1.61576E+000	-2.00222E-001	-2.05885E+000	-2.00025E+000	9.98428E-004	11	..........a	-327.68
	2193	2194	-1.61576E+000	-2.00222E-001	-2.06058E+000	-2.00025E+000	1.01209E-003	11	..........a	-327.68
	2194	2195	-1.61656E+000	-2.00222E-001	-2.06077E+000	-2.00025E+000	1.01868E-003	11	..........a	-327.68
	2195	2196	-1.61656E+000	-2.00222E-001	-2.06033E+000	-2.00025E+000	1.02898E-003	11	..........a	-327.68
	2196	2197	-1.61776E+000	-2.00222E-001	-2.05899E+000	-2.00025E+000	1.02941E-003	11	..........a	-327.68
	2197	2198	-1.61536E+000	-2.00222E-001	-2.06229E+000	-2.00025E+000	1.02626E-003	11	..........a	-327.68
	2198	2199	-1.61656E+000	-2.00221E-001	-2.06198E+000	-2.00025E+000	1.01919E-003	11	..........a	-327.68
	2199	2200	-1.61696E+000	-2.00222E-001	-2.06130E+000	-2.00025E+000	1.00648E-003	11	..........a	-327.68
	2200	2201	-1.61576E+000	-2.00222E-001	-2.06369E+000	-2.00025E+000	9.90878E-004	11	..........a	-327.68
	2201	2202	-1.61576E+000	-2.00222E-001	-2.06342E+000	-2.00025E+000	1.00929E-003	11	..........a	-327.68
	2202	2203	-1.61576E+000	-2.00222E-001	-2.06398E+000	-2.00025E+000	1.01328E-003	11	..........a	-327.68
	2203	2204	-1.60856E+000	-2.00222E-001	-2.06961E+000	-2.00025E+000	1.01553E-003	11	..........a	-327.68
	2204	2205	-1.61576E+000	-2.00222E-001	-2.06261E+000	-2.00025E+000	1.02366E-003	11	..........a	-327.68
	2205	2206	-1.60856E+000	-2.00223E-001	-2.06909E+000	-2.00025E+000	1.01163E-003	11	..........a	-327.68
	2206	2207	-1.61496E+000	-2.00222E-001	-2.06405E+000	-2.00025E+000	1.00484E-003	11	..........a	-327.68
	2207	2208	-1.61576E+000	-2.00222E-001	-2.06237E+000	-2.00025E+000	1.00921E-003	11	..........a	-327.68
	2208	2209	-1.61776E+000	-2.00222E-001	-2.06410E+000	-2.00025E+000	1.01256E-003	11	..........a	-327.68
	2209	2210	-1.61456E+000	-2.00223E-001	-2.07065E+000	-2.00025E+000	1.01674E-003	11	..........a	-327.68
	2210	2211	-1.61776E+000	-2.00222E-001	-2.06715E+000	-2.00025E+000	1.02711E-003	11	..........a	-327.68
	2211	2212	-1.61736E+000	-2.00222E-001	-2.06709E+000	-2.00025E+000	1.01394E-003	11	..........a	-327.68
	2212	2213	-1.61616E+000	-2.00222E-001	-2.06799E+000	-2.00025E+000	1.01731E-003	11	..........a	-327.68
	2213	2214	-1.61736E+000	-2.00222E-001	-2.06695E+000	-2.00025E+000	1.00723E-003	11	..........a	-327.68
	2214	2215	-1.61656E+000	-2.00222E-001	-2.06731E+000	-2.00025E+000	1.00049E-003	11	..........a	-327.68
	2215	2216	-1.61416E+000	-2.00222E-001	-2.06985E+000	-2.00025E+000	1.00139E-003	11	..........a	-327.68
	2216	2217	-1.61576E+000	-2.00223E-001	-2.06569E+000	-2.00025E+000	1.00493E-003	11	..........a	-327.68
	2217	2218	-1.61656E+000	-2.00222E-001	-2.06585E+000	-2.00025E+000	1.01079E-003	11	..........a	-327.68
	2218	2219	-1.60896E+000	-2.00223E-001	-2.07386E+000	-2.00025E+000	1.01979E-003	11	..........a	-327.68
	2219	2220	-1.61576E+000	-2.00222E-001	-2.06720E+000	-2.00025E+000	1.01094E-003	11	..........a	-327.68
	2220	2221	-1.61576E+000	-2.00222E-001	-2.06678E+000	-2.00025E+000	1.00221E-003	11	..........a	-327.68
	2221	2222	-1.61496E+000	-2.00222E-001	-2.06756E+000	-2.00025E+000	9.88911E-004	11	..........a	-327.68
	2222	2223	-1.61576E+000	-2.00222E-001	-2.06581E+000	-2.00025E+000	9.98511E-004	11	..........a	-327.68
	2223	2224	-1.61336E+000	-2.00222E-001	-2.06959E+000	-2.00025E+000	9.99194E-004	11	..........a	-327.68
	2224	2225	-1.61656E+000	-2.00223E-001	-2.06638E+000	-2.00025E+000	1.00724E-003	11	..........a	-327.68
	2225	2226	-1.61576E+000	-2.00223E-001	-2.06632E+000	-2.00025E+000	9.94744E-004	11	..........a	-327.68
	2226	2227	-1.61736E+000	-2.00222E-001	-2.06446E+000	-2.00025E+000	9.78178E-004	11	..........a	-327.68
	2227	2228	-1.61656E+000	-2.00187E-001	-2.06773E+000	-2.00025E+000	2.29178E-004	11	..........a	-327.68
	2228	2229	-1.61576E+000	-2.00186E-001	-2.06783E+000	-2.00025E+000	2.22911E-004	11	..........a	-327.68
	2229	2230	-1.60896E+000	-2.00187E-001	-2.07629E+000	-2.00025E+000	2.30511E-004	11	..........a	-327.68
	2230	2231	-1.61456E+000	-2.00186E-001	-2.07091E+000	-2.00025E+000	2.32228E-004	11	..........a	-327.68
	2231	2232	-1.60856E+000	-2.00187E-001	-2.07673E+000	-2.00025E+000	2.27561E-004	11	..........a	-327.68
	2232	2233	-1.61576E+000	-2.00187E-001	-2.07224E+000	-2.00025E+000	2.35561E-004	11	..........a	-327.68
	2233	2234	-1.61576E+000	-2.00187E-001	-2.07235E+000	-2.00025E+000	2.25128E-004	11	..........a	-327.68
	2234	2235	-1.61496E+000	-2.00187E-001	-2.07297E+000	-2.00025E+000	2.30128E-004	11	..........a	-327.68
	2235	2236	-1.61576E+000	-2.00187E-001	-2.07150E+000	-2.00025E+000	2.44411E-004	11	..........a	-327.68
	2236	2237	-1.61576E+000	-2.00187E-001	-2.07245E+000	-2.00025E+000	2.30811E-004	11	..........a	-327.68
	2237	2238	-1.61656E+000	-2.00187E-001	-2.07246E+000	-2.00025E+000	2.32594E-004	11	..........a	-327.68
	2238	2239	-1.61336E+000	-2.00187E-001	-2.07382E+000	-2.00025E+000	2.27294E-004	11	..........a	-327.68
	2239	2240	-1.61576E+000	-2.00187E-001	-2.07278E+000	-2.00025E+000	2.39428E-004	11	..........a	-327.68
	2240	2241	-1.61496E+000	-2.00187E-001	-2.07498E+000	-2.00025E+000	2.33811E-004	11	..........a	-327.68
	2241	2242	-1.61416E+000	-2.00187E-001	-2.07626E+000	-2.00025E+000	2.43411E-004	11	..........a	-327.68
	2242	2243	-1.61336E+000	-2.00187E-001	-2.07682E+000	-2.00025E+000	2.33344E-004	11	..........a	-327.68
	2243	2244	-1.61616E+000	-2.00188E-001	-2.07542E+000	-2.00025E+000	2.40694E-004	11	..........a	-327.68
	2244	2245	-1.60776E+000	-2.00187E-001	-2.08289E+000	-2.00025E+000	2.40778E-004	11	..........a	-327.68
	2245	2246	-1.61576E+000	-2.00188E-001	-2.07615E+000	-2.00025E+000	2.31394E-004	11	..........a	-327.68
	2246	2247	-1.60776E+000	-2.00187E-001	-2.08258E+000	-2.00025E+000	2.39294E-004	11	..........a	-327.68
	2247	2248	-1.61336E+000	-2.00187E-001	-2.07699E+000	-2.00025E+000	2.35644E-004	11	..........a	-327.68
	2248	2249	-1.61416E+000	-2.00187E-001	-2.06793E+000	-2.00025E+000	2.35911E-004	11	..........a	-327.68
	2249	2250	-1.61416E+000	-2.00187E-001	-2.06781E+000	-2.00025E+000	2.35994E-004	11	..........a	-327.68
	2250	2251	-1.61336E+000	-2.00187E-001	-2.06975E+000	-2.00025E+000	2.30861E-004	11	..........a	-327.68
	2251	2252	-1.61496E+000	-2.00187E-001	-2.06833E+000	-2.00025E+000	2.39144E-004	11	..........a	-327.68
	2252	2253	-1.61576E+000	-2.00187E-001	-2.06845E+000	-2.00025E+000	2.35778E-004	11	..........a	-327.68
	2253	2254	-1.61496E+000	-2.00187E-001	-2.06989E+000	-2.00025E+000	2.37428E-004	11	..........a	-327.68
	2254	2255	-1.61416E+000	-2.00187E-001	-2.07049E+000	-2.00025E+000	2.32711E-004	11	..........a	-327.68
	2255	2256	-1.61656E+000	-2.00187E-001	-2.06932E+000	-2.00025E+000	2.36611E-004	11	..........a	-327.68
	2256	2257	-1.61656E+000	-2.00187E-001	-2.07088E+000	-2.00025E+000	2.36444E-004	11	..........a	-327.68
	2257	2258	-1.60856E+000	-2.00187E-001	-2.08125E+000	-2.00025E+000	2.35794E-004	11	..........a	-327.68
	2258	2259	-1.61576E+000	-2.00187E-001	-2.07382E+000	-2.00025E+000	2.36978E-004	11	..........a	-327.68
	2259	2260	-1.60936E+000	-2.00187E-001	-2.08106E+000	-2.00025E+000	2.42894E-004	11	..........a	-327.68
	2260	2261	-1.61496E+000	-2.00188E-001	-2.07577E+000	-2.00025E+000	2.41628E-004	11	..........a	-327.68
	2261	2262	-1.61496E+000	-2.00188E-001	-2.07396E+000	-2.00025E+000	2.41261E-004	11	..........a	-327.68
	2262	2263	-1.61496E+000	-2.00188E-001	-2.07582E+000	-2.00025E+000	2.42644E-004	11	..........a	-327.68
	2263	2264	-1.61536E+000	-2.00187E-001	-2.07508E+000	-2.00025E+000	2.37928E-004	11	..........a	-327.68
	2264	2265	-1.61576E+000	-2.00187E-001	-2.07406E+000	-2.00025E+000	2.36961E-004	11	..........a	-327.68
	2265	2266	-1.61576E+000	-2.00187E-001	-2.07384E+000	-2.00025E+000	2.37078E-004	11	..........a	-327.68
	2266	2267	-1.61576E+000	-2.00188E-001	-2.07512E+000	-2.00025E+000	2.35828E-004	11	..........a	-327.68
	2267	2268	-1.61576E+000	-2.00188E-001	-2.07537E+000	-2.00025E+000	2.41311E-004	11	..........a	-327.68
	2268	2269	-1.61496E+000	-2.00191E-001	-2.07806E+000	-2.00025E+000	3.10328E-004	11	..........a	-327.68
	2269	2270	-1.61656E+000	-2.00191E-001	-2.07586E+000	-2.00025E+000	3.11211E-004	11	..........a	-327.68
	2270	2271	-1.60856E+000	-2.00191E-001	-2.08391E+000	-2.00025E+000	3.12178E-004	11	..........a	-327.68
	2271	2272	-1.61456E+000	-2.00191E-001	-2.07929E+000	-2.00025E+000	3.06994E-004	11	..........a	-327.68
	2272	2273	-1.60936E+000	-2.00191E-001	-2.08369E+000	-2.00025E+000	3.07878E-004	11	..........a	-327.68
	2273	2274	-1.61656E+000	-2.00190E-001	-2.07777E+000	-2.00025E+000	3.14994E-004	11	..........a	-327.68
	2274	2275	-1.61496E+000	-2.00190E-001	-2.08066E+000	-2.00025E+000	3.15661E-004	11	..........a	-327.68
	2275	2276	-1.61536E+000	-2.00191E-001	-2.08089E+000	-2.00025E+000	3.16461E-004	11	..........a	-327.68
	2276	2277	-1.61576E+000	-2.00190E-001	-2.08134E+000	-2.00025E+000	3.19528E-004	11	..........a	-327.68
	2277	2278	-1.61496E+000	-2.00190E-001	-2.08338E+000	-2.00025E+000	3.14478E-004	11	..........a	-327.68
	2278	2279	-1.61816E+000	-2.00190E-001	-2.08056E+000	-2.00025E+000	3.18694E-004	11	..........a	-327.68
	2279	2280	-1.61616E+000	-2.00190E-001	-2.08255E+000	-2.00025E+000	2.89544E-004	11	..........a	-327.68
	2280	2281	-1.61496E+000	-2.00189E-001	-2.08381E+000	-2.00025E+000	2.86044E-004	11	..........a	-327.68
	2281	2282	-1.60896E+000	-2.00189E-001	-2.08981E+000	-2.00025E+000	2.85878E-004	11	..........a	-327.68
	2282	2283	-1.61536E+000	-2.00189E-001	-2.08373E+000	-2.00025E+000	2.87944E-004	11	..........a	-327.68
	2283	2284	-1.60936E+000	-2.00189E-001	-2.09061E+000	-2.00025E+000	2.91328E-004	11	..........a	-327.68
	2284	2285	-1.61536E+000	-2.00189E-001	-2.08465E+000	-2.00025E+000	2.91594E-004	11	..........a	-327.68
	2285	2286	-1.61576E+000	-2.00190E-001	-2.08523E+000	-2.00025E+000	2.87278E-004	11	..........a	-327.68
	2286	2287	-1.61576E+000	-2.00190E-001	-2.08475E+000	-2.00025E+000	2.85661E-004	11	..........a	-327.68
	2287	2288	-1.61576E+000	-2.00190E-001	-2.08412E+000	-2.00025E+000	2.87994E-004	11	..........a	-327.68
	2288	2289	-1.61576E+000	-2.00190E-001	-2.08503E+000	-2.00025E+000	2.88444E-004	11	..........a	-327.68
	2289	2290	-1.61576E+000	-2.00189E-001	-2.08544E+000	-2.00025E+000	2.87578E-004	11	..........a	-327.68
	2290	2291	-1.61576E+000	-2.00190E-001	-2.08478E+000	-2.00025E+000	2.91461E-004	11	..........a	-327.68
	2291	2292	-1.61496E+000	-2.00189E-001	-2.08658E+000	-2.00025E+000	2.86344E-004	11	..........a	-327.68
	2292	2293	-1.61496E+000	-2.00189E-001	-2.08735E+000	-2.00025E+000	2.84444E-004	11	..........a	-327.68
	2293	2294	-1.61656E+000	-2.00190E-001	-2.08479E+000	-2.00025E+000	2.79494E-004	11	..........a	-327.68
	2294	2295	-1.61496E+000	-2.00189E-001	-2.08825E+000	-2.00025E+000	2.78161E-004	11	..........a	-327.68
	2295	2296	-1.61536E+000	-2.00190E-001	-2.08873E+000	-2.00025E+000	2.91478E-004	11	..........a	-327.68
	2296	2297	-1.60856E+000	-2.00189E-001	-2.09456E+000	-2.00025E+000	2.80678E-004	11	..........a	-327.68
	2297	2298	-1.61496E+000	-2.00190E-001	-2.08945E+000	-2.00025E+000	2.86178E-004	11	..........a	-327.68
	2298	2299	-1.60856E+000	-2.00189E-001	-2.09565E+000	-2.00025E+000	2.90878E-004	11	..........a	-327.68
	2299	2300	-1.61416E+000	-2.00189E-001	-2.09058E+000	-2.00025E+000	2.86011E-004	11	..........a	-327.68
	2300	2301	-1.61656E+000	-2.00189E-001	-2.08911E+000	-2.00025E+000	2.83228E-004	11	..........a	-327.68
	2301	2302	-1.61576E+000	-2.00189E-001	-2.09192E+000	-2.00025E+000	2.83161E-004	11	..........a	-327.68
	2302	2303	-1.61496E+000	-2.00190E-001	-2.09291E+000	-2.00025E+000	2.84078E-004	11	..........a	-327.68
	2303	2304	-1.61616E+000	-2.00189E-001	-2.09043E+000	-2.00025E+000	2.83178E-004	11	..........a	-327.68
	2304	2305	-1.61736E+000	-2.00189E-001	-2.08959E+000	-2.00025E+000	2.81194E-004	11	..........a	-327.68
	2305	2306	-1.61576E+000	-2.00189E-001	-2.09066E+000	-2.00025E+000	2.55894E-004	11	..........a	-327.68
	2306	2307	-1.61496E+000	-2.00189E-001	-2.09044E+000	-2.00025E+000	2.54178E-004	11	..........a	-327.68
	2307	2308	-1.60936E+000	-2.00189E-001	-2.09637E+000	-2.00025E+000	2.61494E-004	11	..........a	-327.68
	2308	2309	-1.61416E+000	-2.00189E-001	-2.09328E+000	-2.00025E+000	2.55694E-004	11	..........a	-327.68
	2309	2310	-1.61576E+000	-2.00189E-001	-2.09220E+000	-2.00025E+000	2.64228E-004	11	..........a	-327.68
	2310	2311	-1.61416E+000	-2.00189E-001	-2.09297E+000	-2.00025E+000	2.59878E-004	11	..........a	-327.68
	2311	2312	-1.61496E+000	-2.00190E-001	-2.09149E+000	-2.00025E+000	2.66111E-004	11	..........a	-327.68
	2312	2313	-1.61576E+000	-2.00189E-001	-2.09029E+000	-2.00025E+000	2.63928E-004	11	..........a	-327.68
	2313	2314	-1.61576E+000	-2.00189E-001	-2.09142E+000	-2.00025E+000	2.60694E-004	11	..........a	-327.68
	2314	2315	-1.61576E+000	-2.00190E-001	-2.09303E+000	-2.00025E+000	2.62161E-004	11	..........a	-327.68
	2315	2316	-1.61496E+000	-2.00189E-001	-2.09326E+000	-2.00025E+000	2.64828E-004	11	..........a	-327.68
	2316	2317	-1.61496E+000	-2.00189E-001	-2.09310E+000	-2.00025E+000	2.61561E-004	11	..........a	-327.68
	2317	2318	-1.61496E+000	-2.00190E-001	-2.09412E+000	-2.00025E+000	2.62644E-004	11	..........a	-327.68
	2318	2319	-1.61376E+000	-2.00190E-001	-2.09531E+000	-2.00025E+000	2.57611E-004	11	..........a	-327.68
	2319	2320	-1.61576E+000	-2.00190E-001	-2.09365E+000	-2.00025E+000	2.66594E-004	11	..........a	-327.68
	2320	2321	-1.61336E+000	-2.00190E-001	-2.09700E+000	-2.00025E+000	2.63661E-004	11	..........a	-327.68
	2321	2322	-1.61416E+000	-2.00190E-001	-2.09805E+000	-2.00025E+000	2.64628E-004	11	..........a	-327.68
	2322	2323	-1.60776E+000	-2.00189E-001	-2.10445E+000	-2.00025E+000	2.63178E-004	11	..........a	-327.68
	2323	2324	-1.61496E+000	-2.00189E-001	-2.09857E+000	-2.00025E+000	2.64578E-004	11	..........a	-327.68
	2324	2325	-1.60856E+000	-2.00190E-001	-2.10546E+000	-2.00025E+000	2.62744E-004	11	..........a	-327.68
	2325	2326	-1.61576E+000	-2.00190E-001	-2.10018E+000	-2.00025E+000	2.69161E-004	11	..........a	-327.68
	2326	2327	-1.61576E+000	-2.00190E-001	-2.09928E+000	-2.00025E+000	2.55444E-004	11	..........a	-327.68
	2327	2328	-1.61496E+000	-2.00190E-001	-2.10114E+000	-2.00025E+000	2.56928E-004	11	..........a	-327.68
	2328	2329	-1.61496E+000	-2.00190E-001	-2.10087E+000	-2.00025E+000	2.51478E-004	11	..........a	-327.68
	2329	2330	-1.61536E+000	-2.00190E-001	-2.10324E+000	-2.00025E+000	2.66144E-004	11	..........a	-327.68
	2330	2331	-1.61536E+000	-2.00190E-001	-2.10292E+000	-2.00025E+000	2.52228E-004	11	..........a	-327.68
	2331	2332	-1.61536E+000	-2.00189E-001	-2.10250E+000	-2.00025E+000	2.59094E-004	11	..........a	-327.68
	2332	2333	-1.61456E+000	-2.00189E-001	-2.10264E+000	-2.00025E+000	2.54461E-004	11	..........a	-327.68
	2333	2334	-1.61416E+000	-2.00190E-001	-2.10370E+000	-2.00025E+000	2.54461E-004	11	..........a	-327.68
	2334	2335	-1.61456E+000	-2.00189E-001	-2.10394E+000	-2.00025E+000	2.58011E-004	11	..........a	-327.68
	2335	2336	-1.60776E+000	-2.00190E-001	-2.11167E+000	-2.00025E+000	2.59244E-004	11	..........a	-327.68
	2336	2337	-1.61456E+000	-2.00190E-001	-2.09332E+000	-2.00025E+000	2.53678E-004	11	..........a	-327.68
	2337	2338	-1.60856E+000	-2.00189E-001	-2.10008E+000	-2.00025E+000	2.55628E-004	11	..........a	-327.68
	2338	2339	-1.61536E+000	-2.00190E-001	-2.09534E+000	-2.00025E+000	2.56944E-004	11	..........a	-327.68
	2339	2340	-1.61616E+000	-2.00190E-001	-2.09368E+000	-2.00025E+000	2.52511E-004	11	..........a	-327.68
	2340	2341	-1.61576E+000	-2.00190E-001	-2.09425E+000	-2.00025E+000	2.59994E-004	11	..........a	-327.68
	2341	2342	-1.61656E+000	-2.00189E-001	-2.09279E+000	-2.00025E+000	2.51978E-004	11	..........a	-327.68
	2342	2343	-1.61576E+000	-2.00190E-001	-2.09859E+000	-2.00025E+000	2.58144E-004	11	..........a	-327.68
	2343	2344	-1.61496E+000	-2.00190E-001	-2.10142E+000	-2.00025E+000	2.61678E-004	11	..........a	-327.68
	2344	2345	-1.61576E+000	-2.00189E-001	-2.10127E+000	-2.00025E+000	2.60261E-004	11	..........a	-327.68
	2345	2346	-1.61616E+000	-2.00190E-001	-2.10098E+000	-2.00025E+000	2.58661E-004	11	..........a	-327.68
	2346	2347	-1.61576E+000	-2.00190E-001	-2.10030E+000	-2.00025E+000	2.59494E-004	11	..........a	-327.68
	2347	2348	-1.61656E+000	-2.00190E-001	-2.09985E+000	-2.00025E+000	2.54828E-004	11	..........a	-327.68
	2348	2349	-1.61576E+000	-2.00190E-001	-2.10135E+000	-2.00025E+000	2.54594E-004	11	..........a	-327.68
	2349	2350	-1.61336E+000	-2.00190E-001	-2.10195E+000	-2.00025E+000	2.55561E-004	11	..........a	-327.68
	2350	2351	-1.61536E+000	-2.00190E-001	-2.10013E+000	-2.00025E+000	2.54228E-004	11	..........a	-327.68
	2351	2352	-1.61416E+000	-2.00190E-001	-2.10143E+000	-2.00025E+000	2.67244E-004	11	..........a	-327.68
	2352	2353	-1.60696E+000	-2.00190E-001	-2.08985E+000	-2.00025E+000	2.55528E-004	11	..........a	-327.68
	2353	2354	-1.61336E+000	-2.00190E-001	-2.08123E+000	-2.00025E+000	2.56128E-004	11	..........a	-327.68
	2354	2355	-1.61376E+000	-2.00190E-001	-2.08040E+000	-2.00025E+000	2.53511E-004	11	..........a	-327.68
	2355	2356	-1.61416E+000	-2.00190E-001	-2.08265E+000	-2.00025E+000	2.64744E-004	11	..........a	-327.68
	2356	2357	-1.61336E+000	-2.00190E-001	-2.05495E+000	-2.00025E+000	2.53678E-004	11	..........a	-327.68
	2357	2358	-1.61576E+000	-2.00190E-001	-2.05068E+000	-2.00025E+000	2.52994E-004	11	..........a	-327.68
	2358	2359	-1.61336E+000	-2.00190E-001	-2.05435E+000	-2.00025E+000	2.55378E-004	11	..........a	-327.68
	2359	2360	-1.61576E+000	-2.00190E-001	-2.05263E+000	-2.00025E+000	2.53428E-004	11	..........a	-327.68
	2360	2361	-1.61416E+000	-2.00190E-001	-2.05556E+000	-2.00025E+000	2.61444E-004	11	..........a	-327.68
	2361	2362	-1.61576E+000	-2.00190E-001	-2.05688E+000	-2.00025E+000	2.63494E-004	11	..........a	-327.68
	2362	2363	-1.61496E+000	-2.00190E-001	-2.06028E+000	-2.00025E+000	2.58478E-004	11	..........a	-327.68
	2363	2364	-1.61696E+000	-2.00190E-001	-2.05770E+000	-2.00025E+000	2.51444E-004	11	..........a	-327.68
	2364	2365	-1.61776E+000	-2.00190E-001	-2.05685E+000	-2.00025E+000	2.56094E-004	11	..........a	-327.68
	2365	2366	-1.61536E+000	-2.00190E-001	-2.05961E+000	-2.00025E+000	2.54978E-004	11	..........a	-327.68
	2366	2367	-1.61496E+000	-2.00190E-001	-2.06047E+000	-2.00025E+000	2.56578E-004	11	..........a	-327.68
	2367	2368	-1.60936E+000	-2.00190E-001	-2.06499E+000	-2.00025E+000	2.60578E-004	11	..........a	-327.68
	2368	2369	-1.61656E+000	-2.00190E-001	-2.05995E+000	-2.00025E+000	2.56478E-004	11	..........a	-327.68
	2369	2370	-1.61856E+000	-2.00190E-001	-2.05925E+000	-2.00025E+000	2.60878E-004	11	..........a	-327.68
	2370	2371	-1.61776E+000	-2.00190E-001	-2.06042E+000	-2.00025E+000	2.62678E-004	11	..........a	-327.68
	2371	2372	-1.61816E+000	-2.00190E-001	-2.06088E+000	-2.00025E+000	2.70561E-004	11	..........a	-327.68
	2372	2373	-1.61576E+000	-2.00190E-001	-2.06202E+000	-2.00025E+000	2.72394E-004	11	..........a	-327.68
	2373	2374	-1.61816E+000	-2.00190E-001	-2.06023E+000	-2.00025E+000	2.59844E-004	11	..........a	-327.68
	2374	2375	-1.61536E+000	-2.00190E-001	-2.06270E+000	-2.00025E+000	2.96128E-004	11	..........a	-327.68
	2375	2376	-1.61656E+000	-2.00190E-001	-2.06096E+000	-2.00025E+000	3.06378E-004	11	..........a	-327.68
	2376	2377	-1.61536E+000	-2.00190E-001	-2.06275E+000	-2.00025E+000	3.02894E-004	11	..........a	-327.68
	2377	2378	-1.61496E+000	-2.00190E-001	-2.06433E+000	-2.00025E+000	2.95911E-004	11	..........a	-327.68
	2378	2379	-1.60976E+000	-2.00190E-001	-2.06880E+000	-2.00025E+000	3.04061E-004	11	..........a	-327.68
	2379	2380	-1.61656E+000	-2.00190E-001	-2.06440E+000	-2.00025E+000	2.89844E-004	11	..........a	-327.68
	2380	2381	-1.61696E+000	-2.00190E-001	-2.06278E+000	-2.00025E+000	2.97011E-004	11	..........a	-327.68
	2381	2382	-1.61696E+000	-2.00190E-001	-2.06518E+000	-2.00025E+000	2.99794E-004	11	..........a	-327.68
	2382	2383	-1.61656E+000	-2.00190E-001	-2.06496E+000	-2.00025E+000	3.06094E-004	11	..........a	-327.68
	2383	2384	-1.61616E+000	-2.00190E-001	-2.06585E+000	-2.00025E+000	3.01478E-004	11	..........a	-327.68
	2384	2385	-1.61536E+000	-2.00190E-001	-2.06626E+000	-2.00025E+000	2.95911E-004	11	..........a	-327.68
	2385	2386	-1.61696E+000	-2.00190E-001	-2.06603E+000	-2.00025E+000	2.98478E-004	11	..........a	-327.68
	2386	2387	-1.61696E+000	-2.00191E-001	-2.06688E+000	-2.00025E+000	2.98794E-004	11	..........a	-327.68
	2387	2388	-1.61496E+000	-2.00190E-001	-2.06848E+000	-2.00025E+000	2.95228E-004	11	..........a	-327.68
	2388	2389	-1.61496E+000	-2.00190E-001	-2.06848E+000	-2.00025E+000	2.91278E-004	11	..........a	-327.68
	2389	2390	-1.61776E+000	-2.00190E-001	-2.06633E+000	-2.00025E+000	2.94728E-004	11	..........a	-327.68
	2390	2391	-1.61576E+000	-2.00191E-001	-2.06722E+000	-2.00025E+000	2.94394E-004	11	..........a	-327.68
	2391	2392	-1.61536E+000	-2.00191E-001	-2.06770E+000	-2.00025E+000	2.95928E-004	11	..........a	-327.68
	2392	2393	-1.61576E+000	-2.00190E-001	-2.06714E+000	-2.00025E+000	2.98678E-004	11	..........a	-327.68
	2393	2394	-1.61736E+000	-2.00190E-001	-2.06464E+000	-2.00025E+000	2.97044E-004	11	..........a	-327.68
	2394	2395	-1.61656E+000	-2.00190E-001	-2.06487E+000	-2.00025E+000	2.97744E-004	11	..........a	-327.68
	2395	2396	-1.61576E+000	-2.00191E-001	-2.06424E+000	-2.00025E+000	3.02378E-004	11	..........a	-327.68
	2396	2397	-1.61416E+000	-2.00191E-001	-2.06832E+000	-2.00025E+000	3.06178E-004	11	..........a	-327.68
	2397	2398	-1.61416E+000	-2.00191E-001	-2.06831E+000	-2.00025E+000	2.97461E-004	11	..........a	-327.68
	2398	2399	-1.61576E+000	-2.00191E-001	-2.06748E+000	-2.00025E+000	3.05111E-004	11	..........a	-327.68
	2399	2400	-1.61576E+000	-2.00191E-001	-2.06748E+000	-2.00025E+000	3.03928E-004	11	..........a	-327.68
	2400	2401	-1.61576E+000	-2.00190E-001	-2.06685E+000	-2.00025E+000	3.05544E-004	11	..........a	-327.68
	2401	2402	-1.61576E+000	-2.00190E-001	-2.06820E+000	-2.00025E+000	2.97678E-004	11	..........a	-327.68
	2402	2403	-1.61576E+000	-2.00190E-001	-2.06843E+000	-2.00025E+000	2.95511E-004	11	..........a	-327.68
	2403	2404	-1.61536E+000	-2.00191E-001	-2.06809E+000	-2.00025E+000	2.98428E-004	11	..........a	-327.68
	2404	2405	-1.60856E+000	-2.00190E-001	-2.07441E+000	-2.00025E+000	3.01844E-004	11	..........a	-327.68
	2405	2406	-1.61576E+000	-2.00190E-001	-2.06633E+000	-2.00025E+000	2.99844E-004	11	..........a	-327.68
	2406	2407	-1.61456E+000	-2.00190E-001	-2.06474E+000	-2.00025E+000	3.00511E-004	11	..........a	-327.68
	2407	2408	-1.61416E+000	-2.00190E-001	-2.06516E+000	-2.00025E+000	3.01178E-004	11	..........a	-327.68
	2408	2409	-1.61416E+000	-2.00190E-001	-2.06502E+000	-2.00025E+000	3.02461E-004	11	..........a	-327.68
	2409	2410	-1.61496E+000	-2.00190E-001	-2.06349E+000	-2.00025E+000	3.02328E-004	11	..........a	-327.68
	2410	2411	-1.61336E+000	-2.00190E-001	-2.06579E+000	-2.00025E+000	3.03561E-004	11	..........a	-327.68
	2411	2412	-1.61456E+000	-2.00190E-001	-2.06523E+000	-2.00025E+000	3.01728E-004	11	..........a	-327.68
	2412	2413	-1.61416E+000	-2.00190E-001	-2.06608E+000	-2.00025E+000	3.00878E-004	11	..........a	-327.68
	2413	2414	-1.61336E+000	-2.00190E-001	-2.06787E+000	-2.00025E+000	2.96644E-004	11	..........a	-327.68
	2414	2415	-1.61656E+000	-2.00190E-001	-2.06637E+000	-2.00025E+000	2.99328E-004	11	..........a	-327.68
	2415	2416	-1.61496E+000	-2.00190E-001	-2.06823E+000	-2.00025E+000	3.00511E-004	11	..........a	-327.68
	2416	2417	-1.61576E+000	-2.00190E-001	-2.06860E+000	-2.00025E+000	3.02611E-004	11	..........a	-327.68
	2417	2418	-1.61336E+000	-2.00190E-001	-2.07024E+000	-2.00025E+000	2.97128E-004	11	..........a	-327.68
	2418	2419	-1.61336E+000	-2.00190E-001	-2.07091E+000	-2.00025E+000	2.97628E-004	11	..........a	-327.68
	2419	2420	-1.61496E+000	-2.00190E-001	-2.06853E+000	-2.00025E+000	2.95844E-004	11	..........a	-327.68
	2420	2421	-1.61416E+000	-2.00190E-001	-2.06950E+000	-2.00025E+000	3.02511E-004	11	..........a	-327.68
	2421	2422	-1.61416E+000	-2.00190E-001	-2.06836E+000	-2.00025E+000	3.00428E-004	11	..........a	-327.68
	2422	2423	-1.61456E+000	-2.00190E-001	-2.06700E+000	-2.00025E+000	3.00578E-004	11	..........a	-327.68
	2423	2424	-1.61416E+000	-2.00190E-001	-2.06531E+000	-2.00025E+000	2.98194E-004	11	..........a	-327.68
	2424	2425	-1.61336E+000	-2.00190E-001	-2.06787E+000	-2.00025E+000	3.03428E-004	11	..........a	-327.68
	2425	2426	-1.61416E+000	-2.00190E-001	-2.06576E+000	-2.00025E+000	3.02911E-004	11	..........a	-327.68
	2426	2427	-1.61376E+000	-2.00190E-001	-2.06599E+000	-2.00025E+000	3.03794E-004	11	..........a	-327.68
	2427	2428	-1.61336E+000	-2.00189E-001	-2.06763E+000	-2.00025E+000	3.00394E-004	11	..........a	-327.68
	2428	2429	-1.61416E+000	-2.00190E-001	-2.06835E+000	-2.00025E+000	3.00578E-004	11	..........a	-327.68
	2429	2430	-1.61416E+000	-2.00190E-001	-2.06939E+000	-2.00025E+000	2.98978E-004	11	..........a	-327.68
	2430	2431	-1.61416E+000	-2.00190E-001	-2.06976E+000	-2.00025E+000	2.99494E-004	11	..........a	-327.68
	2431	2432	-1.61496E+000	-2.00190E-001	-2.06942E+000	-2.00025E+000	2.98544E-004	11	..........a	-327.68
	2432	2433	-1.61576E+000	-2.00190E-001	-2.07005E+000	-2.00025E+000	2.97811E-004	11	..........a	-327.68
	2433	2434	-1.61536E+000	-2.00190E-001	-2.07095E+000	-2.00025E+000	2.99028E-004	11	..........a	-327.68
	2434	2435	-1.60856E+000	-2.00190E-001	-2.07747E+000	-2.00025E+000	2.94944E-004	11	..........a	-327.68
	2435	2436	-1.61496E+000	-2.00190E-001	-2.07105E+000	-2.00025E+000	3.02411E-004	11	..........a	-327.68
	2436	2437	-1.61496E+000	-2.00190E-001	-2.07140E+000	-2.00025E+000	3.01561E-004	11	..........a	-327.68
	2437	2438	-1.61416E+000	-2.00190E-001	-2.07151E+000	-2.00025E+000	3.00861E-004	11	..........a	-327.68
	2438	2439	-1.61576E+000	-2.00190E-001	-2.06968E+000	-2.00025E+000	3.06961E-004	11	..........a	-327.68
	2439	2440	-1.61576E+000	-2.00190E-001	-2.07138E+000	-2.00025E+000	3.00311E-004	11	..........a	-327.68
	2440	2441	-1.61576E+000	-2.00190E-001	-2.07228E+000	-2.00025E+000	2.96594E-004	11	..........a	-327.68
	2441	2442	-1.61496E+000	-2.00189E-001	-2.07343E+000	-2.00025E+000	3.01261E-004	11	..........a	-327.68
	2442	2443	-1.61336E+000	-2.00190E-001	-2.07564E+000	-2.00025E+000	2.99961E-004	11	..........a	-327.68
	2443	2444	-1.61496E+000	-2.00189E-001	-2.07288E+000	-2.00025E+000	3.02844E-004	11	..........a	-327.68
	2444	2445	-1.61336E+000	-2.00190E-001	-2.07412E+000	-2.00025E+000	3.04894E-004	11	..........a	-327.68
	2445	2446	-1.61536E+000	-2.00190E-001	-2.07398E+000	-2.00025E+000	2.99511E-004	11	..........a	-327.68
	2446	2447	-1.61376E+000	-2.00190E-001	-2.07428E+000	-2.00025E+000	3.00044E-004	11	..........a	-327.68
	2447	2448	-1.61536E+000	-2.00190E-001	-2.07341E+000	-2.00025E+000	3.01594E-004	11	..........a	-327.68
	2448	2449	-1.61496E+000	-2.00190E-001	-2.07395E+000	-2.00025E+000	3.03011E-004	11	..........a	-327.68
	2449	2450	-1.60856E+000	-2.00190E-001	-2.08121E+000	-2.00025E+000	2.97311E-004	11	..........a	-327.68
	2450	2451	-1.61656E+000	-2.00190E-001	-2.07331E+000	-2.00025E+000	2.95111E-004	11	..........a	-327.68
	2451	2452	-1.61576E+000	-2.00190E-001	-2.07480E+000	-2.00025E+000	2.96528E-004	11	..........a	-327.68
	2452	2453	-1.61416E+000	-2.00190E-001	-2.07674E+000	-2.00025E+000	3.01444E-004	11	..........a	-327.68
	2453	2454	-1.61416E+000	-2.00190E-001	-2.07616E+000	-2.00025E+000	2.96128E-004	11	..........a	-327.68
	2454	2455	-1.61416E+000	-2.00190E-001	-2.07608E+000	-2.00025E+000	2.99228E-004	11	..........a	-327.68
	2455	2456	-1.61496E+000	-2.00191E-001	-2.07643E+000	-2.00025E+000	3.01478E-004	11	..........a	-327.68
	2456	2457	-1.61336E+000	-2.00190E-001	-2.07744E+000	-2.00025E+000	2.93378E-004	11	..........a	-327.68
	2457	2458	-1.61656E+000	-2.00191E-001	-2.07519E+000	-2.00025E+000	2.97694E-004	11	..........a	-327.68
	2458	2459	-1.61496E+000	-2.00191E-001	-2.07647E+000	-2.00025E+000	2.99844E-004	11	..........a	-327.68
	2459	2460	-1.61496E+000	-2.00191E-001	-2.07886E+000	-2.00025E+000	2.95494E-004	11	..........a	-327.68
	2460	2461	-1.61576E+000	-2.00190E-001	-2.07904E+000	-2.00025E+000	2.98994E-004	11	..........a	-327.68
	2461	2462	-1.61576E+000	-2.00191E-001	-2.08133E+000	-2.00025E+000	2.98161E-004	11	..........a	-327.68
	2462	2463	-1.60856E+000	-2.00191E-001	-2.08668E+000	-2.00025E+000	2.98544E-004	11	..........a	-327.68
	2463	2464	-1.61496E+000	-2.00191E-001	-2.07994E+000	-2.00025E+000	2.95044E-004	11	..........a	-327.68
	2464	2465	-1.60856E+000	-2.00191E-001	-2.08566E+000	-2.00025E+000	2.98028E-004	11	..........a	-327.68
	2465	2466	-1.61496E+000	-2.00191E-001	-2.08054E+000	-2.00025E+000	3.00844E-004	11	..........a	-327.68
	2466	2467	-1.61376E+000	-2.00191E-001	-2.08065E+000	-2.00025E+000	2.97778E-004	11	..........a	-327.68
	2467	2468	-1.61496E+000	-2.00191E-001	-2.08016E+000	-2.00025E+000	2.97511E-004	11	..........a	-327.68
	2468	2469	-1.61496E+000	-2.00191E-001	-2.08061E+000	-2.00025E+000	2.92294E-004	11	..........a	-327.68
	2469	2470	-1.61576E+000	-2.00191E-001	-2.08087E+000	-2.00025E+000	2.90544E-004	11	..........a	-327.68
	2470	2471	-1.61576E+000	-2.00191E-001	-2.08075E+000	-2.00025E+000	2.91544E-004	11	..........a	-327.68
	2471	2472	-1.61496E+000	-2.00190E-001	-2.08036E+000	-2.00025E+000	2.88194E-004	11	..........a	-327.68
	2472	2473	-1.61656E+000	-2.00191E-001	-2.07777E+000	-2.00025E+000	2.88311E-004	11	..........a	-327.68
	2473	2474	-1.61416E+000	-2.00191E-001	-2.08109E+000	-2.00025E+000	2.89711E-004	11	..........a	-327.68
	2474	2475	-1.61496E+000	-2.00191E-001	-2.08070E+000	-2.00025E+000	2.96644E-004	11	..........a	-327.68
	2475	2476	-1.61496E+000	-2.00190E-001	-2.07998E+000	-2.00025E+000	2.96194E-004	11	..........a	-327.68
	2476	2477	-1.61416E+000	-2.00191E-001	-2.08126E+000	-2.00025E+000	2.95961E-004	11	..........a	-327.68
	2477	2478	-1.60776E+000	-2.00190E-001	-2.08788E+000	-2.00025E+000	2.93994E-004	11	..........a	-327.68
	2478	2479	-1.61416E+000	-2.00190E-001	-2.08167E+000	-2.00025E+000	2.94378E-004	11	..........a	-327.68
	2479	2480	-1.61376E+000	-2.00191E-001	-2.07838E+000	-2.00025E+000	3.03944E-004	11	..........a	-327.68
	2480	2481	-1.61416E+000	-2.00190E-001	-2.07990E+000	-2.00025E+000	3.03394E-004	11	..........a	-327.68
	2481	2482	-1.61456E+000	-2.00190E-001	-2.07974E+000	-2.00025E+000	3.00661E-004	11	..........a	-327.68
	2482	2483	-1.61576E+000	-2.00190E-001	-2.07867E+000	-2.00025E+000	2.97678E-004	11	..........a	-327.68
	2483	2484	-1.61496E+000	-2.00190E-001	-2.07989E+000	-2.00025E+000	2.97411E-004	11	..........a	-327.68
	2484	2485	-1.61576E+000	-2.00190E-001	-2.07828E+000	-2.00025E+000	3.01044E-004	11	..........a	-327.68
	2485	2486	-1.61456E+000	-2.00190E-001	-2.07850E+000	-2.00025E+000	2.95078E-004	11	..........a	-327.68
	2486	2487	-1.61416E+000	-2.00190E-001	-2.07796E+000	-2.00025E+000	2.97594E-004	11	..........a	-327.68
	2487	2488	-1.61616E+000	-2.00190E-001	-2.07715E+000	-2.00025E+000	2.93661E-004	11	..........a	-327.68
	2488	2489	-1.61456E+000	-2.00190E-001	-2.07940E+000	-2.00025E+000	2.94878E-004	11	..........a	-327.68
	2489	2490	-1.61496E+000	-2.00190E-001	-2.08145E+000	-2.00025E+000	2.95511E-004	11	..........a	-327.68
	2490	2491	-1.61576E+000	-2.00190E-001	-2.08090E+000	-2.00025E+000	2.90894E-004	11	..........a	-327.68
	2491	2492	-1.61576E+000	-2.00190E-001	-2.08144E+000	-2.00025E+000	2.94828E-004	11	..........a	-327.68
	2492	2493	-1.61776E+000	-2.00190E-001	-2.08315E+000	-2.00025E+000	2.89244E-004	11	..........a	-327.68
	2493	2494	-1.61496E+000	-2.00190E-001	-2.08779E+000	-2.00025E+000	2.92444E-004	11	..........a	-327.68
	2494	2495	-1.61656E+000	-2.00190E-001	-2.08655E+000	-2.00025E+000	2.91161E-004	11	..........a	-327.68
	2495	2496	-1.61696E+000	-2.00190E-001	-2.08768E+000	-2.00025E+000	2.97111E-004	11	..........a	-327.68
	2496	2497	-1.61816E+000	-2.00190E-001	-2.08572E+000	-2.00025E+000	2.97611E-004	11	..........a	-327.68
	2497	2498	-1.61576E+000	-2.00190E-001	-2.08824E+000	-2.00025E+000	2.91261E-004	11	..........a	-327.68
	2498	2499	-1.61656E+000	-2.00190E-001	-2.08763E+000	-2.00025E+000	2.97894E-004	11	..........a	-327.68
	2499	2500	-1.61536E+000	-2.00190E-001	-2.08801E+000	-2.00025E+000	2.97528E-004	11	..........a	-327.68
	2500	2501	-1.61576E+000	-2.00190E-001	-2.09006E+000	-2.00025E+000	2.93911E-004	11	..........a	-327.68
	2501	2502	-1.61496E+000	-2.00190E-001	-2.08554E+000	-2.00025E+000	2.98128E-004	11	..........a	-327.68
	2502	2503	-1.61816E+000	-2.00189E-001	-2.08284E+000	-2.00025E+000	2.89328E-004	11	..........a	-327.68
	2503	2504	-1.61496E+000	-2.00190E-001	-2.08615E+000	-2.00025E+000	2.84328E-004	11	..........a	-327.68
	2504	2505	-1.61736E+000	-2.00189E-001	-2.08246E+000	-2.00025E+000	2.86978E-004	11	..........a	-327.68
	2505	2506	-1.61496E+000	-2.00189E-001	-2.08482E+000	-2.00025E+000	2.92561E-004	11	..........a	-327.68
	2506	2507	-1.61576E+000	-2.00190E-001	-2.08421E+000	-2.00025E+000	2.92611E-004	11	..........a	-327.68
	2507	2508	-1.60936E+000	-2.00190E-001	-2.09095E+000	-2.00025E+000	2.93661E-004	11	..........a	-327.68
	2508	2509	-1.61576E+000	-2.00189E-001	-2.08473E+000	-2.00025E+000	2.88644E-004	11	..........a	-327.68
	2509	2510	-1.61576E+000	-2.00190E-001	-2.08410E+000	-2.00025E+000	2.95394E-004	11	..........a	-327.68
	2510	2511	-1.61896E+000	-2.00190E-001	-2.08214E+000	-2.00025E+000	2.90944E-004	11	..........a	-327.68
	2511	2512	-1.61456E+000	-2.00190E-001	-2.08561E+000	-2.00025E+000	2.91561E-004	11	..........a	-327.68
	2512	2513	-1.61456E+000	-2.00190E-001	-2.08682E+000	-2.00025E+000	2.90478E-004	11	..........a	-327.68
	2513	2514	-1.61496E+000	-2.00190E-001	-2.08720E+000	-2.00025E+000	2.92244E-004	11	..........a	-327.68
	2514	2515	-1.61736E+000	-2.00190E-001	-2.08494E+000	-2.00025E+000	2.86678E-004	11	..........a	-327.68
	2515	2516	-1.61416E+000	-2.00190E-001	-2.08844E+000	-2.00025E+000	2.88278E-004	11	..........a	-327.68
	2516	2517	-1.61576E+000	-2.00190E-001	-2.08268E+000	-2.00025E+000	2.84461E-004	11	..........a	-327.68
	2517	2518	-1.61576E+000	-2.00190E-001	-2.08283E+000	-2.00025E+000	2.87528E-004	11	..........a	-327.68
	2518	2519	-1.60856E+000	-2.00190E-001	-2.09042E+000	-2.00025E+000	2.81111E-004	11	..........a	-327.68
	2519	2520	-1.61616E+000	-2.00190E-001	-2.08241E+000	-2.00025E+000	2.83444E-004	11	..........a	-327.68
	2520	2521	-1.61496E+000	-2.00190E-001	-2.08204E+000	-2.00025E+000	2.86928E-004	11	..........a	-327.68
	2521	2522	-1.61576E+000	-2.00190E-001	-2.08196E+000	-2.00025E+000	2.80244E-004	11	..........a	-327.68
	2522	2523	-1.61576E+000	-2.00190E-001	-2.08215E+000	-2.00025E+000	2.85361E-004	11	..........a	-327.68
	2523	2524	-1.61496E+000	-2.00190E-001	-2.08368E+000	-2.00025E+000	2.81694E-004	11	..........a	-327.68
	2524	2525	-1.61576E+000	-2.00190E-001	-2.08443E+000	-2.00025E+000	2.82511E-004	11	..........a	-327.68
	2525	2526	-1.61496E+000	-2.00190E-001	-2.08500E+000	-2.00025E+000	2.77594E-004	11	..........a	-327.68
	2526	2527	-1.61776E+000	-2.00190E-001	-2.08357E+000	-2.00025E+000	2.82161E-004	11	..........a	-327.68
	2527	2528	-1.61496E+000	-2.00190E-001	-2.08614E+000	-2.00025E+000	2.94694E-004	11	..........a	-327.68
	2528	2529	-1.61616E+000	-2.00190E-001	-2.08542E+000	-2.00025E+000	2.92961E-004	11	..........a	-327.68
	2529	2530	-1.60776E+000	-2.00190E-001	-2.09101E+000	-2.00025E+000	2.93828E-004	11	..........a	-327.68
	2530	2531	-1.61416E+000	-2.00190E-001	-2.08467E+000	-2.00025E+000	2.89178E-004	11	..........a	-327.68
	2531	2532	-1.61416E+000	-2.00190E-001	-2.08506E+000	-2.00025E+000	2.89144E-004	11	..........a	-327.68
	2532	2533	-1.61696E+000	-2.00190E-001	-2.08259E+000	-2.00025E+000	2.97928E-004	11	..........a	-327.68
	2533	2534	-1.61416E+000	-2.00190E-001	-2.08426E+000	-2.00025E+000	3.00211E-004	11	..........a	-327.68
	2534	2535	-1.61976E+000	-2.00190E-001	-2.08000E+000	-2.00025E+000	2.98311E-004	11	..........a	-327.68
	2535	2536	-1.61136E+000	-2.00190E-001	-2.08831E+000	-2.00025E+000	2.94528E-004	11	..........a	-327.68
	2536	2537	-1.61496E+000	-2.00190E-001	-2.08555E+000	-2.00025E+000	3.00228E-004	11	..........a	-327.68
	2537	2538	-1.61736E+000	-2.00190E-001	-2.08472E+000	-2.00025E+000	2.92211E-004	11	..........a	-327.68
	2538	2539	-1.61496E+000	-2.00190E-001	-2.08560E+000	-2.00025E+000	2.99444E-004	11	..........a	-327.68
	2539	2540	-1.61536E+000	-2.00190E-001	-2.08795E+000	-2.00025E+000	2.98994E-004	11	..........a	-327.68
	2540	2541	-1.60856E+000	-2.00190E-001	-2.09360E+000	-2.00025E+000	3.02228E-004	11	..........a	-327.68
	2541	2542	-1.61336E+000	-2.00190E-001	-2.09145E+000	-2.00025E+000	3.12928E-004	11	..........a	-327.68
	2542	2543	-1.60936E+000	-2.00190E-001	-2.09541E+000	-2.00025E+000	3.01178E-004	11	..........a	-327.68
	2543	2544	-1.61496E+000	-2.00191E-001	-2.08890E+000	-2.00025E+000	2.99011E-004	11	..........a	-327.68
	2544	2545	-1.61456E+000	-2.00190E-001	-2.08954E+000	-2.00025E+000	3.09361E-004	11	..........a	-327.68
	2545	2546	-1.61576E+000	-2.00190E-001	-2.08926E+000	-2.00025E+000	3.08778E-004	11	..........a	-327.68
	2546	2547	-1.61336E+000	-2.00190E-001	-2.09080E+000	-2.00025E+000	3.02978E-004	11	..........a	-327.68
	2547	2548	-1.61336E+000	-2.00190E-001	-2.08957E+000	-2.00025E+000	3.07344E-004	11	..........a	-327.68
	2548	2549	-1.61576E+000	-2.00190E-001	-2.08758E+000	-2.00025E+000	3.00494E-004	11	..........a	-327.68
	2549	2550	-1.61496E+000	-2.00190E-001	-2.08969E+000	-2.00025E+000	2.99011E-004	11	..........a	-327.68
	2550	2551	-1.61336E+000	-2.00190E-001	-2.09273E+000	-2.00025E+000	3.06078E-004	11	..........a	-327.68
	2551	2552	-1.61336E+000	-2.00190E-001	-2.09329E+000	-2.00025E+000	3.07061E-004	11	..........a	-327.68
	2552	2553	-1.61576E+000	-2.00191E-001	-2.09107E+000	-2.00025E+000	3.07744E-004	11	..........a	-327.68
	2553	2554	-1.61416E+000	-2.00191E-001	-2.09139E+000	-2.00025E+000	3.09661E-004	11	..........a	-327.68
	2554	2555	-1.61416E+000	-2.00191E-001	-2.09278E+000	-2.00025E+000	3.10278E-004	11	..........a	-327.68
	2555	2556	-1.61496E+000	-2.00191E-001	-2.09231E+000	-2.00025E+000	3.03444E-004	11	..........a	-327.68
	2556	2557	-1.61416E+000	-2.00191E-001	-2.09230E+000	-2.00025E+000	3.03561E-004	11	..........a	-327.68
	2557	2558	-1.61576E+000	-2.00190E-001	-2.09069E+000	-2.00025E+000	3.04061E-004	11	..........a	-327.68
	2558	2559	-1.61416E+000	-2.00190E-001	-2.09186E+000	-2.00025E+000	3.10628E-004	11	..........a	-327.68
	2559	2560	-1.61416E+000	-2.00190E-001	-2.09209E+000	-2.00025E+000	3.04528E-004	11	..........a	-327.68
	2560	2561	-1.61456E+000	-2.00191E-001	-2.09271E+000	-2.00025E+000	2.95261E-004	11	..........a	-327.68
	2561	2562	-1.61336E+000	-2.00190E-001	-2.09189E+000	-2.00025E+000	3.04611E-004	11	..........a	-327.68
	2562	2563	-1.61376E+000	-2.00190E-001	-2.09246E+000	-2.00025E+000	2.96294E-004	11	..........a	-327.68
	2563	2564	-1.61536E+000	-2.00191E-001	-2.09267E+000	-2.00025E+000	3.08094E-004	11	..........a	-327.68
	2564	2565	-1.61376E+000	-2.00197E-001	-2.09343E+000	-2.00025E+000	4.95778E-004	11	..........a	-327.68
	2565	2566	-1.61336E+000	-2.00197E-001	-2.09140E+000	-2.00025E+000	5.15044E-004	11	..........a	-327.68
	2566	2567	-1.61376E+000	-2.00197E-001	-2.09168E+000	-2.00025E+000	5.06844E-004	11	..........a	-327.68
	2567	2568	-1.61336E+000	-2.00198E-001	-2.09147E+000	-2.00025E+000	5.03611E-004	11	..........a	-327.68
	2568	2569	-1.60776E+000	-2.00198E-001	-2.09744E+000	-2.00025E+000	5.10861E-004	11	..........a	-327.68
	2569	2570	-1.61336E+000	-2.00198E-001	-2.09153E+000	-2.00025E+000	5.08694E-004	11	..........a	-327.68
	2570	2571	-1.61416E+000	-2.00197E-001	-2.09084E+000	-2.00025E+000	5.08328E-004	11	..........a	-327.68
	2571	2572	-1.61416E+000	-2.00198E-001	-2.08923E+000	-2.00025E+000	5.24994E-004	11	..........a	-327.68
	2572	2573	-1.61536E+000	-2.00198E-001	-2.08807E+000	-2.00025E+000	5.15494E-004	11	..........a	-327.68
	2573	2574	-1.61456E+000	-2.00198E-001	-2.08980E+000	-2.00025E+000	5.04478E-004	11	..........a	-327.68
	2574	2575	-1.61336E+000	-2.00197E-001	-2.09346E+000	-2.00025E+000	4.88928E-004	11	..........a	-327.68
	2575	2576	-1.61496E+000	-2.00198E-001	-2.09182E+000	-2.00025E+000	4.93661E-004	11	..........a	-327.68
	2576	2577	-1.61336E+000	-2.00197E-001	-2.09399E+000	-2.00025E+000	5.00328E-004	11	..........a	-327.68
	2577	2578	-1.61296E+000	-2.00197E-001	-2.09592E+000	-2.00025E+000	5.03344E-004	11	..........a	-327.68
	2578	2579	-1.61496E+000	-2.00197E-001	-2.09398E+000	-2.00025E+000	5.06261E-004	11	..........a	-327.68
	2579	2580	-1.61496E+000	-2.00197E-001	-2.09254E+000	-2.00025E+000	4.94478E-004	11	..........a	-327.68
	2580	2581	-1.61416E+000	-2.00198E-001	-2.09383E+000	-2.00025E+000	4.97328E-004	11	..........a	-327.68
	2581	2582	-1.61496E+000	-2.00197E-001	-2.09411E+000	-2.00025E+000	5.01428E-004	11	..........a	-327.68
	2582	2583	-1.61416E+000	-2.00197E-001	-2.09399E+000	-2.00025E+000	4.98978E-004	11	..........a	-327.68
	2583	2584	-1.60776E+000	-2.00198E-001	-2.09809E+000	-2.00025E+000	4.98794E-004	11	..........a	-327.68
	2584	2585	-1.61416E+000	-2.00198E-001	-2.09314E+000	-2.00025E+000	5.05144E-004	11	..........a	-327.68
	2585	2586	-1.61416E+000	-2.00198E-001	-2.09291E+000	-2.00025E+000	5.24278E-004	11	..........a	-327.68
	2586	2587	-1.61576E+000	-2.00197E-001	-2.09214E+000	-2.00025E+000	5.05294E-004	11	..........a	-327.68
	2587	2588	-1.61416E+000	-2.00198E-001	-2.09393E+000	-2.00025E+000	5.02061E-004	11	..........a	-327.68
	2588	2589	-1.61416E+000	-2.00197E-001	-2.09444E+000	-2.00025E+000	5.11494E-004	11	..........a	-327.68
	2589	2590	-1.61576E+000	-2.00197E-001	-2.09383E+000	-2.00025E+000	5.06544E-004	11	..........a	-327.68
	2590	2591	-1.61656E+000	-2.00198E-001	-2.09347E+000	-2.00025E+000	5.23228E-004	11	..........a	-327.68
	2591	2592	-1.61416E+000	-2.00197E-001	-2.09700E+000	-2.00025E+000	4.99294E-004	11	..........a	-327.68
	2592	2593	-1.61416E+000	-2.00197E-001	-2.09821E+000	-2.00025E+000	5.16628E-004	11	..........a	-327.68
	2593	2594	-1.61496E+000	-2.00197E-001	-2.09643E+000	-2.00025E+000	5.00811E-004	11	..........a	-327.68
	2594	2595	-1.60776E+000	-2.00197E-001	-2.10315E+000	-2.00025E+000	5.00478E-004	11	..........a	-327.68
	2595	2596	-1.61416E+000	-2.00197E-001	-2.09807E+000	-2.00025E+000	5.08511E-004	11	..........a	-327.68
	2596	2597	-1.61496E+000	-2.00197E-001	-2.09638E+000	-2.00025E+000	5.00978E-004	11	..........a	-327.68
	2597	2598	-1.61416E+000	-2.00197E-001	-2.09797E+000	-2.00025E+000	5.09061E-004	11	..........a	-327.68
	2598	2599	-1.61576E+000	-2.00197E-001	-2.09716E+000	-2.00025E+000	5.09894E-004	11	..........a	-327.68
	2599	2600	-1.61496E+000	-2.00197E-001	-2.09925E+000	-2.00025E+000	5.01294E-004	11	..........a	-327.68
	2600	2601	-1.61536E+000	-2.00197E-001	-2.09680E+000	-2.00025E+000	5.04778E-004	11	..........a	-327.68
	2601	2602	-1.61576E+000	-2.00197E-001	-2.09647E+000	-2.00025E+000	5.00661E-004	11	..........a	-327.68
	2602	2603	-1.61576E+000	-2.00197E-001	-2.09791E+000	-2.00025E+000	4.98694E-004	11	..........a	-327.68
	2603	2604	-1.61576E+000	-2.00198E-001	-2.09800E+000	-2.00025E+000	5.10611E-004	11	..........a	-327.68
	2604	2605	-1.61576E+000	-2.00197E-001	-2.09944E+000	-2.00025E+000	5.09061E-004	11	..........a	-327.68
	2605	2606	-1.61496E+000	-2.00191E-001	-2.09879E+000	-2.00025E+000	3.31478E-004	11	..........a	-327.68
	2606	2607	-1.61576E+000	-2.00191E-001	-2.09953E+000	-2.00025E+000	3.26461E-004	11	..........a	-327.68
	2607	2608	-1.60856E+000	-2.00191E-001	-2.10760E+000	-2.00025E+000	3.30661E-004	11	..........a	-327.68
	2608	2609	-1.61416E+000	-2.00191E-001	-2.10113E+000	-2.00025E+000	3.29694E-004	11	..........a	-327.68
	2609	2610	-1.61496E+000	-2.00191E-001	-2.10082E+000	-2.00025E+000	3.33644E-004	11	..........a	-327.68
	2610	2611	-1.61496E+000	-2.00191E-001	-2.10081E+000	-2.00025E+000	3.26528E-004	11	..........a	-327.68
	2611	2612	-1.61496E+000	-2.00191E-001	-2.10084E+000	-2.00025E+000	3.32478E-004	11	..........a	-327.68
	2612	2613	-1.61416E+000	-2.00191E-001	-2.10208E+000	-2.00025E+000	3.27811E-004	11	..........a	-327.68
	2613	2614	-1.61496E+000	-2.00191E-001	-2.10121E+000	-2.00025E+000	3.26711E-004	11	..........a	-327.68
	2614	2615	-1.61456E+000	-2.00191E-001	-2.10211E+000	-2.00025E+000	3.29378E-004	11	..........a	-327.68
	2615	2616	-1.61416E+000	-2.00191E-001	-2.10224E+000	-2.00025E+000	3.27744E-004	11	..........a	-327.68
	2616	2617	-1.61456E+000	-2.00191E-001	-2.10074E+000	-2.00025E+000	3.31978E-004	11	..........a	-327.68
	2617	2618	-1.61416E+000	-2.00191E-001	-2.10225E+000	-2.00025E+000	3.26661E-004	11	..........a	-327.68
	2618	2619	-1.61576E+000	-2.00196E-001	-2.10038E+000	-2.00025E+000	4.47178E-004	11	..........a	-327.68
	2619	2620	-1.61416E+000	-2.00196E-001	-2.09319E+000	-2.00025E+000	4.44078E-004	11	..........a	-327.68
	2620	2621	-1.60696E+000	-2.00196E-001	-2.10298E+000	-2.00025E+000	4.45178E-004	11	..........a	-327.68
	2621	2622	-1.61416E+000	-2.00196E-001	-2.03479E+000	-2.00025E+000	4.44011E-004	11	..........a	-327.68
	2622	2623	-1.61416E+000	-2.00196E-001	-2.02984E+000	-2.00025E+000	4.47494E-004	11	..........a	-327.68
	2623	2624	-1.61416E+000	-2.00196E-001	-2.03030E+000	-2.00025E+000	4.41361E-004	11	..........a	-327.68
	2624	2625	-1.61576E+000	-2.00196E-001	-2.03223E+000	-2.00025E+000	4.51294E-004	11	..........a	-327.68
	2625	2626	-1.61496E+000	-2.00196E-001	-2.03186E+000	-2.00025E+000	4.44744E-004	11	..........a	-327.68
	2626	2627	-1.61336E+000	-2.00196E-001	-2.03337E+000	-2.00025E+000	4.42944E-004	11	..........a	-327.68
	2627	2628	-1.61336E+000	-2.00196E-001	-2.03432E+000	-2.00025E+000	4.36394E-004	11	..........a	-327.68
	2628	2629	-1.61416E+000	-2.00196E-001	-2.03307E+000	-2.00025E+000	4.38278E-004	11	..........a	-327.68
	2629	2630	-1.61256E+000	-2.00196E-001	-2.03509E+000	-2.00025E+000	4.36194E-004	11	..........a	-327.68
	2630	2631	-1.61496E+000	-2.00196E-001	-2.03421E+000	-2.00025E+000	4.42194E-004	11	..........a	-327.68
	2631	2632	-1.61496E+000	-2.00196E-001	-2.03305E+000	-2.00025E+000	4.33011E-004	11	..........a	-327.68
	2632	2633	-1.61496E+000	-2.00197E-001	-2.03305E+000	-2.00025E+000	4.33694E-004	11	..........a	-327.68
	2633	2634	-1.61496E+000	-2.00196E-001	-2.03229E+000	-2.00025E+000	4.32461E-004	11	..........a	-327.68
	2634	2635	-1.61416E+000	-2.00196E-001	-2.03528E+000	-2.00025E+000	4.35678E-004	11	..........a	-327.68
	2635	2636	-1.61256E+000	-2.00196E-001	-2.03774E+000	-2.00025E+000	4.40328E-004	11	..........a	-327.68
	2636	2637	-1.61496E+000	-2.00196E-001	-2.03455E+000	-2.00025E+000	4.40878E-004	11	..........a	-327.68
	2637	2638	-1.61656E+000	-2.00196E-001	-2.03374E+000	-2.00025E+000	4.37861E-004	11	..........a	-327.68
	2638	2639	-1.61576E+000	-2.00196E-001	-2.03561E+000	-2.00025E+000	4.35894E-004	11	..........a	-327.68
	2639	2640	-1.61576E+000	-2.00196E-001	-2.03671E+000	-2.00025E+000	4.38378E-004	11	..........a	-327.68
	2640	2641	-1.61496E+000	-2.00196E-001	-2.03865E+000	-2.00025E+000	4.41894E-004	11	..........a	-327.68
	2641	2642	-1.61696E+000	-2.00195E-001	-2.03636E+000	-2.00025E+000	4.48844E-004	11	..........a	-327.68
	2642	2643	-1.61616E+000	-2.00190E-001	-2.03705E+000	-2.00025E+000	5.07778E-004	11	..........a	-327.68
	2643	2644	-1.61576E+000	-2.00190E-001	-2.03616E+000	-2.00025E+000	5.09861E-004	11	..........a	-327.68
	2644	2645	-1.61576E+000	-2.00191E-001	-2.03678E+000	-2.00025E+000	5.07044E-004	11	..........a	-327.68
	2645	2646	-1.61496E+000	-2.00191E-001	-2.03773E+000	-2.00025E+000	5.10261E-004	11	..........a	-327.68
	2646	2647	-1.61576E+000	-2.00191E-001	-2.03798E+000	-2.00025E+000	5.07061E-004	11	..........a	-327.68
	2647	2648	-1.61576E+000	-2.00190E-001	-2.03772E+000	-2.00025E+000	5.14561E-004	11	..........a	-327.68
	2648	2649	-1.61616E+000	-2.00191E-001	-2.03720E+000	-2.00025E+000	5.12144E-004	11	..........a	-327.68
	2649	2650	-1.61576E+000	-2.00190E-001	-2.03846E+000	-2.00025E+000	5.09644E-004	11	..........a	-327.68
	2650	2651	-1.61416E+000	-2.00191E-001	-2.04044E+000	-2.00025E+000	5.10378E-004	11	..........a	-327.68
	2651	2652	-1.61416E+000	-2.00191E-001	-2.04201E+000	-2.00025E+000	5.06394E-004	11	..........a	-327.68
	2652	2653	-1.61656E+000	-2.00190E-001	-2.03737E+000	-2.00025E+000	5.16311E-004	11	..........a	-327.68
	2653	2654	-1.61496E+000	-2.00190E-001	-2.04215E+000	-2.00025E+000	5.12094E-004	11	..........a	-327.68
	2654	2655	-1.61616E+000	-2.00190E-001	-2.04217E+000	-2.00025E+000	5.13744E-004	11	..........a	-327.68
	2655	2656	-1.61496E+000	-2.00191E-001	-2.04409E+000	-2.00025E+000	5.14578E-004	11	..........a	-327.68
	2656	2657	-1.61536E+000	-2.00191E-001	-2.04377E+000	-2.00025E+000	5.11311E-004	11	..........a	-327.68
	2657	2658	-1.61496E+000	-2.00191E-001	-2.04419E+000	-2.00025E+000	5.05728E-004	11	..........a	-327.68
	2658	2659	-1.61536E+000	-2.00191E-001	-2.04436E+000	-2.00025E+000	5.08328E-004	11	..........a	-327.68
	2659	2660	-1.60776E+000	-2.00191E-001	-2.05204E+000	-2.00025E+000	5.05711E-004	11	..........a	-327.68
	2660	2661	-1.61576E+000	-2.00190E-001	-2.04388E+000	-2.00025E+000	5.10094E-004	11	..........a	-327.68
	2661	2662	-1.61496E+000	-2.00190E-001	-2.04651E+000	-2.00025E+000	5.09878E-004	11	..........a	-327.68
	2662	2663	-1.61656E+000	-2.00190E-001	-2.04536E+000	-2.00025E+000	5.08144E-004	11	..........a	-327.68
	2663	2664	-1.61656E+000	-2.00191E-001	-2.04542E+000	-2.00025E+000	5.07528E-004	11	..........a	-327.68
	2664	2665	-1.61536E+000	-2.00191E-001	-2.04767E+000	-2.00025E+000	5.05844E-004	11	..........a	-327.68
	2665	2666	-1.61656E+000	-2.00191E-001	-2.04540E+000	-2.00025E+000	5.04678E-004	11	..........a	-327.68
	2666	2667	-1.61496E+000	-2.00191E-001	-2.04785E+000	-2.00025E+000	5.08511E-004	11	..........a	-327.68
	2667	2668	-1.61496E+000	-2.00190E-001	-2.04857E+000	-2.00025E+000	5.07978E-004	11	..........a	-327.68
	2668	2669	-1.61656E+000	-2.00190E-001	-2.04654E+000	-2.00025E+000	5.08894E-004	11	..........a	-327.68
	2669	2670	-1.61496E+000	-2.00190E-001	-2.04905E+000	-2.00025E+000	4.99878E-004	11	..........a	-327.68
	2670	2671	-1.61696E+000	-2.00191E-001	-2.04724E+000	-2.00025E+000	5.01244E-004	11	..........a	-327.68
	2671	2672	-1.61776E+000	-2.00191E-001	-2.04793E+000	-2.00025E+000	4.97944E-004	11	..........a	-327.68
	2672	2673	-1.61496E+000	-2.00190E-001	-2.04770E+000	-2.00025E+000	5.00294E-004	11	..........a	-327.68
	2673	2674	-1.61416E+000	-2.00190E-001	-2.04748E+000	-2.00025E+000	4.98744E-004	11	..........a	-327.68
	2674	2675	-1.60896E+000	-2.00190E-001	-2.05270E+000	-2.00025E+000	5.12144E-004	11	..........a	-327.68
	2675	2676	-1.61496E+000	-2.00190E-001	-2.04711E+000	-2.00025E+000	5.05978E-004	11	..........a	-327.68
	2676	2677	-1.61736E+000	-2.00190E-001	-2.04407E+000	-2.00025E+000	5.00728E-004	11	..........a	-327.68
	2677	2678	-1.61576E+000	-2.00190E-001	-2.04567E+000	-2.00025E+000	5.05744E-004	11	..........a	-327.68
	2678	2679	-1.61776E+000	-2.00190E-001	-2.04539E+000	-2.00025E+000	4.95878E-004	11	..........a	-327.68
	2679	2680	-1.61576E+000	-2.00190E-001	-2.04944E+000	-2.00025E+000	5.07778E-004	11	..........a	-327.68
	2680	2681	-1.61496E+000	-2.00190E-001	-2.04937E+000	-2.00025E+000	5.02411E-004	11	..........a	-327.68
	2681	2682	-1.61696E+000	-2.00190E-001	-2.04815E+000	-2.00025E+000	5.05828E-004	11	..........a	-327.68
	2682	2683	-1.61536E+000	-2.00190E-001	-2.04534E+000	-2.00025E+000	5.09478E-004	11	..........a	-327.68
	2683	2684	-1.61496E+000	-2.00190E-001	-2.04754E+000	-2.00025E+000	5.07061E-004	11	..........a	-327.68
	2684	2685	-1.61576E+000	-2.00190E-001	-2.04587E+000	-2.00025E+000	5.01561E-004	11	..........a	-327.68
	2685	2686	-1.61816E+000	-2.00190E-001	-2.04578E+000	-2.00025E+000	5.00578E-004	11	..........a	-327.68
	2686	2687	-1.61656E+000	-2.00190E-001	-2.04880E+000	-2.00025E+000	5.06044E-004	11	..........a	-327.68
	2687	2688	-1.61696E+000	-2.00190E-001	-2.04871E+000	-2.00025E+000	4.99894E-004	11	..........a	-327.68
	2688	2689	-1.61776E+000	-2.00190E-001	-2.04863E+000	-2.00025E+000	5.05861E-004	11	..........a	-327.68
	2689	2690	-1.61656E+000	-2.00190E-001	-2.04960E+000	-2.00025E+000	4.99694E-004	11	..........a	-327.68
	2690	2691	-1.61656E+000	-2.00190E-001	-2.04968E+000	-2.00025E+000	4.98278E-004	11	..........a	-327.68
	2691	2692	-1.61816E+000	-2.00190E-001	-2.04814E+000	-2.00025E+000	5.04844E-004	11	..........a	-327.68
	2692	2693	-1.61736E+000	-2.00190E-001	-2.04925E+000	-2.00025E+000	4.99078E-004	11	..........a	-327.68
	2693	2694	-1.61776E+000	-2.00190E-001	-2.05054E+000	-2.00025E+000	4.97278E-004	11	..........a	-327.68
	2694	2695	-1.61696E+000	-2.00190E-001	-2.05267E+000	-2.00025E+000	4.94544E-004	11	..........a	-327.68
	2695	2696	-1.61496E+000	-2.00190E-001	-2.05261E+000	-2.00025E+000	4.93978E-004	11	..........a	-327.68
	2696	2697	-1.61656E+000	-2.00190E-001	-2.05120E+000	-2.00025E+000	5.04078E-004	11	..........a	-327.68
	2697	2698	-1.61616E+000	-2.00190E-001	-2.05220E+000	-2.00025E+000	5.04811E-004	11	..........a	-327.68
	2698	2699	-1.61816E+000	-2.00190E-001	-2.05051E+000	-2.00025E+000	5.03494E-004	11	..........a	-327.68
	2699	2700	-1.61616E+000	-2.00190E-001	-2.05327E+000	-2.00025E+000	4.98411E-004	11	..........a	-327.68
	2700	2701	-1.61496E+000	-2.00190E-001	-2.05503E+000	-2.00025E+000	4.91378E-004	11	..........a	-327.68
	2701	2702	-1.61736E+000	-2.00190E-001	-2.05398E+000	-2.00025E+000	5.03044E-004	11	..........a	-327.68
	2702	2703	-1.60976E+000	-2.00190E-001	-2.06229E+000	-2.00025E+000	5.04378E-004	11	..........a	-327.68
	2703	2704	-1.61696E+000	-2.00190E-001	-2.05432E+000	-2.00025E+000	5.10461E-004	11	..........a	-327.68
	2704	2705	-1.60936E+000	-2.00190E-001	-2.06280E+000	-2.00025E+000	5.10028E-004	11	..........a	-327.68
	2705	2706	-1.61736E+000	-2.00190E-001	-2.05479E+000	-2.00025E+000	5.03111E-004	11	..........a	-327.68
	2706	2707	-1.61736E+000	-2.00190E-001	-2.05545E+000	-2.00025E+000	5.01711E-004	11	..........a	-327.68
	2707	2708	-1.61576E+000	-2.00190E-001	-2.05660E+000	-2.00025E+000	5.06178E-004	11	..........a	-327.68
	2708	2709	-1.61496E+000	-2.00190E-001	-2.05624E+000	-2.00025E+000	5.11478E-004	11	..........a	-327.68
	2709	2710	-1.61576E+000	-2.00190E-001	-2.01532E+000	-2.00025E+000	5.09228E-004	11	..........a	-327.68
	2710	2711	-1.61496E+000	-2.00189E-001	-2.01751E+000	-2.00025E+000	5.08028E-004	11	..........a	-327.68
	2711	2712	-1.61616E+000	-2.00190E-001	-2.01762E+000	-2.00025E+000	5.02844E-004	11	..........a	-327.68
	2712	2713	-1.61736E+000	-2.00190E-001	-2.01638E+000	-2.00025E+000	5.06811E-004	11	..........a	-327.68
	2713	2714	-1.61576E+000	-2.00190E-001	-2.01493E+000	-2.00025E+000	4.95011E-004	11	..........a	-327.68
	2714	2715	-1.61656E+000	-2.00190E-001	-2.01722E+000	-2.00025E+000	5.02728E-004	11	..........a	-327.68
	2715	2716	-1.60936E+000	-2.00190E-001	-2.02557E+000	-2.00025E+000	5.01028E-004	11	..........a	-327.68
	2716	2717	-1.61736E+000	-2.00190E-001	-2.01795E+000	-2.00025E+000	5.01228E-004	11	..........a	-327.68
	2717	2718	-1.61816E+000	-2.00190E-001	-2.01563E+000	-2.00025E+000	5.04428E-004	11	..........a	-327.68
	2718	2719	-1.61656E+000	-2.00190E-001	-2.01720E+000	-2.00025E+000	5.10728E-004	11	..........a	-327.68
	2719	2720	-1.61696E+000	-2.00190E-001	-2.01581E+000	-2.00025E+000	5.07144E-004	11	..........a	-327.68
	2720	2721	-1.61736E+000	-2.00190E-001	-2.01759E+000	-2.00025E+000	5.08728E-004	11	..........a	-327.68
	2721	2722	-1.61576E+000	-2.00190E-001	-2.01840E+000	-2.00025E+000	5.12361E-004	11	..........a	-327.68
	2722	2723	-1.61496E+000	-2.00190E-001	-2.01894E+000	-2.00025E+000	5.03461E-004	11	..........a	-327.68
	2723	2724	-1.61656E+000	-2.00189E-001	-2.01735E+000	-2.00025E+000	5.04944E-004	11	..........a	-327.68
	2724	2725	-1.61536E+000	-2.00190E-001	-2.01844E+000	-2.00025E+000	5.03261E-004	11	..........a	-327.68
	2725	2726	-1.61696E+000	-2.00190E-001	-2.01720E+000	-2.00025E+000	5.03878E-004	11	..........a	-327.68
	2726	2727	-1.61616E+000	-2.00190E-001	-2.02149E+000	-2.00025E+000	5.10394E-004	11	..........a	-327.68
	2727	2728	-1.61776E+000	-2.00190E-001	-2.02160E+000	-2.00025E+000	5.02278E-004	11	..........a	-327.68
	2728	2729	-1.61696E+000	-2.00189E-001	-2.02158E+000	-2.00025E+000	5.08278E-004	11	..........a	-327.68
	2729	2730	-1.61696E+000	-2.00190E-001	-2.02039E+000	-2.00025E+000	5.06978E-004	11	..........a	-327.68
	2730	2731	-1.61096E+000	-2.00190E-001	-2.02590E+000	-2.00025E+000	5.10761E-004	11	..........a	-327.68
	2731	2732	-1.61736E+000	-2.00190E-001	-2.02029E+000	-2.00025E+000	5.12611E-004	11	..........a	-327.68
	2732	2733	-1.61016E+000	-2.00189E-001	-2.02591E+000	-2.00025E+000	5.05628E-004	11	..........a	-327.68
	2733	2734	-1.61616E+000	-2.00189E-001	-2.02051E+000	-2.00025E+000	5.09044E-004	11	..........a	-327.68
	2734	2735	-1.61736E+000	-2.00189E-001	-2.01919E+000	-2.00025E+000	5.02978E-004	11	..........a	-327.68
	2735	2736	-1.61736E+000	-2.00190E-001	-2.02009E+000	-2.00025E+000	5.08861E-004	11	..........a	-327.68
	2736	2737	-1.61656E+000	-2.00190E-001	-2.02103E+000	-2.00025E+000	5.08361E-004	11	..........a	-327.68
	2737	2738	-1.61696E+000	-2.00190E-001	-2.02053E+000	-2.00025E+000	5.11278E-004	11	..........a	-327.68
	2738	2739	-1.61816E+000	-2.00190E-001	-2.02097E+000	-2.00025E+000	5.12311E-004	11	..........a	-327.68
	2739	2740	-1.61696E+000	-2.00190E-001	-2.02339E+000	-2.00025E+000	5.12311E-004	11	..........a	-327.68
	2740	2741	-1.61736E+000	-2.00189E-001	-2.02124E+000	-2.00025E+000	5.14428E-004	11	..........a	-327.68
	2741	2742	-1.61536E+000	-2.00190E-001	-2.02334E+000	-2.00025E+000	5.09828E-004	11	..........a	-327.68
	2742	2743	-1.61776E+000	-2.00189E-001	-2.02008E+000	-2.00025E+000	5.03644E-004	11	..........a	-327.68
	2743	2744	-1.61656E+000	-2.00190E-001	-2.02221E+000	-2.00025E+000	5.09461E-004	11	..........a	-327.68
	2744	2745	-1.61816E+000	-2.00190E-001	-2.02071E+000	-2.00025E+000	5.06511E-004	11	..........a	-327.68
	2745	2746	-1.61016E+000	-2.00190E-001	-2.02790E+000	-2.00025E+000	5.11478E-004	11	..........a	-327.68
	2746	2747	-1.61656E+000	-2.00190E-001	-2.02147E+000	-2.00025E+000	5.10778E-004	11	..........a	-327.68
	2747	2748	-1.61536E+000	-2.00190E-001	-2.02262E+000	-2.00025E+000	5.13711E-004	11	..........a	-327.68
	2748	2749	-1.61776E+000	-2.00190E-001	-2.02001E+000	-2.00025E+000	5.08594E-004	11	..........a	-327.68
	2749	2750	-1.61656E+000	-2.00190E-001	-2.02150E+000	-2.00025E+000	5.12611E-004	11	..........a	-327.68
	2750	2751	-1.61656E+000	-2.00190E-001	-2.02198E+000	-2.00025E+000	5.10978E-004	11	..........a	-327.68
	2751	2752	-1.61656E+000	-2.00190E-001	-2.02098E+000	-2.00025E+000	5.08944E-004	11	..........a	-327.68
	2752	2753	-1.61576E+000	-2.00189E-001	-2.02307E+000	-2.00025E+000	5.10578E-004	11	..........a	-327.68
	2753	2754	-1.61656E+000	-2.00189E-001	-2.02439E+000	-2.00025E+000	5.09044E-004	11	..........a	-327.68
	2754	2755	-1.61576E+000	-2.00190E-001	-2.02661E+000	-2.00025E+000	5.08561E-004	11	..........a	-327.68
	2755	2756	-1.61696E+000	-2.00190E-001	-2.02477E+000	-2.00025E+000	5.04011E-004	11	..........a	-327.68
	2756	2757	-1.61696E+000	-2.00188E-001	-2.02568E+000	-2.00025E+000	5.14178E-004	11	..........a	-327.68
	2757	2758	-1.61656E+000	-2.00188E-001	-2.02272E+000	-2.00025E+000	5.21094E-004	11	..........a	-327.68
	2758	2759	-1.60976E+000	-2.00189E-001	-2.03118E+000	-2.00025E+000	5.15661E-004	11	..........a	-327.68
	2759	2760	-1.61616E+000	-2.00189E-001	-2.02522E+000	-2.00025E+000	5.05978E-004	11	..........a	-327.68
	2760	2761	-1.61536E+000	-2.00188E-001	-2.02535E+000	-2.00025E+000	5.16011E-004	11	..........a	-327.68
	2761	2762	-1.61456E+000	-2.00188E-001	-2.02719E+000	-2.00025E+000	4.94078E-004	11	..........a	-327.68
	2762	2763	-1.61616E+000	-2.00188E-001	-2.02432E+000	-2.00025E+000	5.03661E-004	11	..........a	-327.68
	2763	2764	-1.61496E+000	-2.00188E-001	-2.02527E+000	-2.00025E+000	5.09611E-004	11	..........a	-327.68
	2764	2765	-1.61576E+000	-2.00189E-001	-2.02477E+000	-2.00025E+000	5.19578E-004	11	..........a	-327.68
	2765	2766	-1.61576E+000	-2.00190E-001	-2.02659E+000	-2.00025E+000	5.90944E-005	11	..........a	-327.68
	2766	2767	-1.61496E+000	-2.00190E-001	-2.02782E+000	-2.00025E+000	6.07277E-005	11	..........a	-327.68
	2767	2768	-1.60936E+000	-2.00190E-001	-2.03223E+000	-2.00025E+000	6.02444E-005	11	..........a	-327.68
	2768	2769	-1.61496E+000	-2.00190E-001	-2.02749E+000	-2.00025E+000	6.08777E-005	11	..........a	-327.68
	2769	2770	-1.61576E+000	-2.00190E-001	-2.02788E+000	-2.00025E+000	5.94944E-005	11	..........a	-327.68
	2770	2771	-1.61496E+000	-2.00191E-001	-2.02746E+000	-2.00025E+000	6.12111E-005	11	..........a	-327.68
	2771	2772	-1.61496E+000	-2.00190E-001	-2.02869E+000	-2.00025E+000	5.91277E-005	11	..........a	-327.68
	2772	2773	-1.61736E+000	-2.00190E-001	-2.02789E+000	-2.00025E+000	5.85444E-005	11	..........a	-327.68
	2773	2774	-1.61576E+000	-2.00190E-001	-2.03154E+000	-2.00025E+000	6.29111E-005	11	..........a	-327.68
	2774	2775	-1.61736E+000	-2.00190E-001	-2.02950E+000	-2.00025E+000	5.95777E-005	11	..........a	-327.68
	2775	2776	-1.61736E+000	-2.00189E-001	-2.03067E+000	-2.00025E+000	6.04944E-005	11	..........a	-327.68
	2776	2777	-1.61736E+000	-2.00190E-001	-2.03187E+000	-2.00025E+000	6.08944E-005	11	..........a	-327.68
	2777	2778	-1.61816E+000	-2.00190E-001	-2.03294E+000	-2.00025E+000	5.99611E-005	11	..........a	-327.68
	2778	2779	-1.61656E+000	-2.00190E-001	-2.03446E+000	-2.00025E+000	6.01444E-005	11	..........a	-327.68
	2779	2780	-1.61776E+000	-2.00189E-001	-2.03307E+000	-2.00025E+000	5.81277E-005	11	..........a	-327.68
	2780	2781	-1.61656E+000	-2.00190E-001	-2.03641E+000	-2.00025E+000	5.85444E-005	11	..........a	-327.68
	2781	2782	-1.61816E+000	-2.00190E-001	-2.03439E+000	-2.00025E+000	6.03111E-005	11	..........a	-327.68
	2782	2783	-1.61776E+000	-2.00189E-001	-2.03432E+000	-2.00025E+000	5.77444E-005	11	..........a	-327.68
	2783	2784	-1.61776E+000	-2.00190E-001	-2.03516E+000	-2.00025E+000	5.96777E-005	11	..........a	-327.68
	2784	2785	-1.61776E+000	-2.00191E-001	-2.03465E+000	-2.00025E+000	6.19944E-005	11	..........a	-327.68
	2785	2786	-1.61776E+000	-2.00190E-001	-2.03502E+000	-2.00025E+000	5.98611E-005	11	..........a	-327.68
	2786	2787	-1.61656E+000	-2.00190E-001	-2.03632E+000	-2.00025E+000	6.01444E-005	11	..........a	-327.68
	2787	2788	-1.61656E+000	-2.00190E-001	-2.03554E+000	-2.00025E+000	5.96444E-005	11	..........a	-327.68
	2788	2789	-1.61656E+000	-2.00190E-001	-2.03492E+000	-2.00025E+000	6.00277E-005	11	..........a	-327.68
	2789	2790	-1.61696E+000	-2.00190E-001	-2.03382E+000	-2.00025E+000	6.03444E-005	11	..........a	-327.68
	2790	2791	-1.61736E+000	-2.00191E-001	-2.03333E+000	-2.00025E+000	5.93777E-005	11	..........a	-327.68
	2791	2792	-1.61536E+000	-2.00190E-001	-2.03578E+000	-2.00025E+000	6.16111E-005	11	..........a	-327.68
	2792	2793	-1.61656E+000	-2.00191E-001	-2.03583E+000	-2.00025E+000	6.07444E-005	11	..........a	-327.68
	2793	2794	-1.61696E+000	-2.00190E-001	-2.03835E+000	-2.00025E+000	5.73777E-005	11	..........a	-327.68
	2794	2795	-1.61656E+000	-2.00191E-001	-2.03802E+000	-2.00025E+000	5.84111E-005	11	..........a	-327.68
	2795	2796	-1.61816E+000	-2.00190E-001	-2.03590E+000	-2.00025E+000	5.75944E-005	11	..........a	-327.68
	2796	2797	-1.61736E+000	-2.00191E-001	-2.03625E+000	-2.00025E+000	6.12777E-005	11	..........a	-327.68
	2797	2798	-1.61496E+000	-2.00190E-001	-2.03831E+000	-2.00025E+000	6.21444E-005	11	..........a	-327.68
	2798	2799	-1.61656E+000	-2.00191E-001	-2.03548E+000	-2.00025E+000	5.99611E-005	11	..........a	-327.68
	2799	2800	-1.60976E+000	-2.00190E-001	-2.04343E+000	-2.00025E+000	6.03444E-005	11	..........a	-327.68
	2800	2801	-1.61576E+000	-2.00191E-001	-2.03769E+000	-2.00025E+000	6.04444E-005	11	..........a	-327.68
	2801	2802	-1.61496E+000	-2.00190E-001	-2.02142E+000	-2.00025E+000	5.87111E-005	11	..........a	-327.68
	2802	2803	-1.61496E+000	-2.00190E-001	-2.02310E+000	-2.00025E+000	5.75611E-005	11	..........a	-327.68
	2803	2804	-1.61576E+000	-2.00190E-001	-2.02154E+000	-2.00025E+000	5.92444E-005	11	..........a	-327.68
	2804	2805	-1.61656E+000	-2.00190E-001	-2.02231E+000	-2.00025E+000	6.01611E-005	11	..........a	-327.68
	2805	2806	-1.61896E+000	-2.00190E-001	-2.02066E+000	-2.00025E+000	5.83277E-005	11	..........a	-327.68
	2806	2807	-1.61696E+000	-2.00190E-001	-2.02300E+000	-2.00025E+000	3.27461E-004	11	..........a	-327.68
	2807	2808	-1.61816E+000	-2.00190E-001	-2.02015E+000	-2.00025E+000	3.18844E-004	11	..........a	-327.68
	2808	2809	-1.60896E+000	-2.00190E-001	-2.03057E+000	-2.00025E+000	3.22294E-004	11	..........a	-327.68
	2809	2810	-1.61576E+000	-2.00190E-001	-2.02477E+000	-2.00025E+000	3.26311E-004	11	..........a	-327.68
	2810	2811	-1.61576E+000	-2.00191E-001	-2.02504E+000	-2.00025E+000	3.20144E-004	11	..........a	-327.68
	2811	2812	-1.61656E+000	-2.00190E-001	-2.02297E+000	-2.00025E+000	3.15761E-004	11	..........a	-327.68
	2812	2813	-1.61576E+000	-2.00190E-001	-2.02369E+000	-2.00025E+000	3.13494E-004	11	..........a	-327.68
	2813	2814	-1.61576E+000	-2.00191E-001	-2.02581E+000	-2.00025E+000	3.16694E-004	11	..........a	-327.68
	2814	2815	-1.61536E+000	-2.00190E-001	-2.02630E+000	-2.00025E+000	3.24628E-004	11	..........a	-327.68
	2815	2816	-1.61696E+000	-2.00190E-001	-2.02397E+000	-2.00025E+000	3.22594E-004	11	..........a	-327.68
	2816	2817	-1.61496E+000	-2.00191E-001	-2.02620E+000	-2.00025E+000	3.18444E-004	11	..........a	-327.68
	2817	2818	-1.61696E+000	-2.00191E-001	-2.02428E+000	-2.00025E+000	3.20611E-004	11	..........a	-327.68
	2818	2819	-1.61656E+000	-2.00191E-001	-2.02515E+000	-2.00025E+000	3.21311E-004	11	..........a	-327.68
	2819	2820	-1.61696E+000	-2.00190E-001	-2.02516E+000	-2.00025E+000	3.14978E-004	11	..........a	-327.68
	2820	2821	-1.61656E+000	-2.00190E-001	-2.02458E+000	-2.00025E+000	3.19444E-004	11	..........a	-327.68
	2821	2822	-1.61416E+000	-2.00191E-001	-2.02663E+000	-2.00025E+000	3.20711E-004	11	..........a	-327.68
	2822	2823	-1.61576E+000	-2.00191E-001	-2.02518E+000	-2.00025E+000	3.19728E-004	11	..........a	-327.68
	2823	2824	-1.61656E+000	-2.00191E-001	-2.02455E+000	-2.00025E+000	3.25611E-004	11	..........a	-327.68
	2824	2825	-1.61456E+000	-2.00190E-001	-2.02734E+000	-2.00025E+000	3.24428E-004	11	..........a	-327.68
	2825	2826	-1.61656E+000	-2.00191E-001	-2.02429E+000	-2.00025E+000	3.16194E-004	11	..........a	-327.68
	2826	2827	-1.61496E+000	-2.00191E-001	-2.02801E+000	-2.00025E+000	3.15911E-004	11	..........a	-327.68
	2827	2828	-1.61696E+000	-2.00191E-001	-2.02698E+000	-2.00025E+000	3.23378E-004	11	..........a	-327.68
	2828	2829	-1.61696E+000	-2.00191E-001	-2.02838E+000	-2.00025E+000	3.24628E-004	11	..........a	-327.68
	2829	2830	-1.61696E+000	-2.00191E-001	-2.02873E+000	-2.00025E+000	3.22344E-004	11	..........a	-327.68
	2830	2831	-1.61656E+000	-2.00190E-001	-2.02777E+000	-2.00025E+000	3.21978E-004	11	..........a	-327.68
	2831	2832	-1.62016E+000	-2.00190E-001	-2.02540E+000	-2.00025E+000	3.16661E-004	11	..........a	-327.68
	2832	2833	-1.61576E+000	-2.00190E-001	-2.02975E+000	-2.00025E+000	3.00078E-004	11	..........a	-327.68
	2833	2834	-1.61816E+000	-2.00190E-001	-2.02658E+000	-2.00025E+000	2.91228E-004	11	..........a	-327.68
	2834	2835	-1.61736E+000	-2.00191E-001	-2.02798E+000	-2.00025E+000	2.94361E-004	11	..........a	-327.68
	2835	2836	-1.61696E+000	-2.00190E-001	-2.02774E+000	-2.00025E+000	3.02994E-004	11	..........a	-327.68
	2836	2837	-1.61656E+000	-2.00190E-001	-2.02861E+000	-2.00025E+000	2.97244E-004	11	..........a	-327.68
	2837	2838	-1.61616E+000	-2.00190E-001	-2.02815E+000	-2.00025E+000	2.98228E-004	11	..........a	-327.68
	2838	2839	-1.61656E+000	-2.00190E-001	-2.02836E+000	-2.00025E+000	3.09044E-004	11	..........a	-327.68
	2839	2840	-1.61696E+000	-2.00190E-001	-2.03074E+000	-2.00025E+000	2.98794E-004	11	..........a	-327.68
	2840	2841	-1.61616E+000	-2.00189E-001	-2.03244E+000	-2.00025E+000	3.00811E-004	11	..........a	-327.68
	2841	2842	-1.61736E+000	-2.00190E-001	-2.03001E+000	-2.00025E+000	2.98144E-004	11	..........a	-327.68
	2842	2843	-1.61736E+000	-2.00190E-001	-2.02911E+000	-2.00025E+000	2.97644E-004	11	..........a	-327.68
	2843	2844	-1.61776E+000	-2.00190E-001	-2.02760E+000	-2.00025E+000	3.11028E-004	11	..........a	-327.68
	2844	2845	-1.61736E+000	-2.00191E-001	-2.02948E+000	-2.00025E+000	3.10761E-004	11	..........a	-327.68
	2845	2846	-1.61656E+000	-2.00191E-001	-2.02914E+000	-2.00025E+000	3.07928E-004	11	..........a	-327.68
	2846	2847	-1.61856E+000	-2.00190E-001	-2.02679E+000	-2.00025E+000	3.06861E-004	11	..........a	-327.68
	2847	2848	-1.60976E+000	-2.00190E-001	-2.03738E+000	-2.00025E+000	3.08744E-004	11	..........a	-327.68
	2848	2849	-1.61816E+000	-2.00191E-001	-2.02828E+000	-2.00025E+000	3.14561E-004	11	..........a	-327.68
	2849	2850	-1.61616E+000	-2.00190E-001	-2.02978E+000	-2.00025E+000	3.12128E-004	11	..........a	-327.68
	2850	2851	-1.61576E+000	-2.00190E-001	-2.03267E+000	-2.00025E+000	3.13194E-004	11	..........a	-327.68
	2851	2852	-1.61696E+000	-2.00191E-001	-2.03104E+000	-2.00025E+000	3.11878E-004	11	..........a	-327.68
	2852	2853	-1.61456E+000	-2.00191E-001	-2.03337E+000	-2.00025E+000	3.10628E-004	11	..........a	-327.68
	2853	2854	-1.61736E+000	-2.00190E-001	-2.02877E+000	-2.00025E+000	3.05778E-004	11	..........a	-327.68
	2854	2855	-1.61776E+000	-2.00191E-001	-2.02956E+000	-2.00025E+000	3.08694E-004	11	..........a	-327.68
	2855	2856	-1.61616E+000	-2.00191E-001	-2.03075E+000	-2.00025E+000	3.12994E-004	11	..........a	-327.68
	2856	2857	-1.61736E+000	-2.00191E-001	-2.03146E+000	-2.00025E+000	3.09844E-004	11	..........a	-327.68
	2857	2858	-1.61216E+000	-2.00191E-001	-2.03562E+000	-2.00025E+000	3.05728E-004	11	..........a	-327.68
	2858	2859	-1.60736E+000	-2.00191E-001	-2.04167E+000	-2.00025E+000	3.06294E-004	11	..........a	-327.68
	2859	2860	-1.61576E+000	-2.00191E-001	-2.03495E+000	-2.00025E+000	3.10944E-004	11	..........a	-327.68
	2860	2861	-1.60816E+000	-2.00191E-001	-2.04396E+000	-2.00025E+000	3.11678E-004	11	..........a	-327.68
	2861	2862	-1.61496E+000	-2.00191E-001	-2.03522E+000	-2.00025E+000	3.08961E-004	11	..........a	-327.68
	2862	2863	-1.61536E+000	-2.00191E-001	-2.03652E+000	-2.00025E+000	3.01061E-004	11	..........a	-327.68
	2863	2864	-1.61856E+000	-2.00191E-001	-2.03320E+000	-2.00025E+000	3.05444E-004	11	..........a	-327.68
	2864	2865	-1.61336E+000	-2.00191E-001	-2.03759E+000	-2.00025E+000	3.08678E-004	11	..........a	-327.68
	2865	2866	-1.61536E+000	-2.00191E-001	-2.03622E+000	-2.00025E+000	3.06694E-004	11	..........a	-327.68
	2866	2867	-1.61536E+000	-2.00191E-001	-2.03602E+000	-2.00025E+000	3.18778E-004	11	..........a	-327.68
	2867	2868	-1.61456E+000	-2.00191E-001	-2.03582E+000	-2.00025E+000	3.09511E-004	11	..........a	-327.68
	2868	2869	-1.61496E+000	-2.00191E-001	-2.03576E+000	-2.00025E+000	3.13644E-004	11	..........a	-327.68
	2869	2870	-1.61456E+000	-2.00191E-001	-2.03796E+000	-2.00025E+000	3.03661E-004	11	..........a	-327.68
	2870	2871	-1.61776E+000	-2.00191E-001	-2.03474E+000	-2.00025E+000	3.06011E-004	11	..........a	-327.68
	2871	2872	-1.60896E+000	-2.00191E-001	-2.04269E+000	-2.00025E+000	3.09494E-004	11	..........a	-327.68
	2872	2873	-1.61496E+000	-2.00191E-001	-2.03716E+000	-2.00025E+000	3.09428E-004	11	..........a	-327.68
	2873	2874	-1.60816E+000	-2.00191E-001	-2.04439E+000	-2.00025E+000	3.10478E-004	11	..........a	-327.68
	2874	2875	-1.61376E+000	-2.00191E-001	-2.03739E+000	-2.00025E+000	3.16611E-004	11	..........a	-327.68
	2875	2876	-1.61496E+000	-2.00191E-001	-2.03862E+000	-2.00025E+000	3.10394E-004	11	..........a	-327.68
	2876	2877	-1.61496E+000	-2.00191E-001	-2.03825E+000	-2.00025E+000	3.12144E-004	11	..........a	-327.68
	2877	2878	-1.61616E+000	-2.00191E-001	-2.03998E+000	-2.00025E+000	3.06061E-004	11	..........a	-327.68
	2878	2879	-1.61616E+000	-2.00191E-001	-2.03969E+000	-2.00025E+000	3.06444E-004	11	..........a	-327.68
	2879	2880	-1.61456E+000	-2.00191E-001	-2.04358E+000	-2.00025E+000	3.12661E-004	11	..........a	-327.68
	2880	2881	-1.61416E+000	-2.00191E-001	-2.04266E+000	-2.00025E+000	3.08128E-004	11	..........a	-327.68
	2881	2882	-1.61536E+000	-2.00191E-001	-2.04084E+000	-2.00025E+000	3.03294E-004	11	..........a	-327.68
	2882	2883	-1.61816E+000	-2.00191E-001	-2.03842E+000	-2.00025E+000	3.18861E-004	11	..........a	-327.68
	2883	2884	-1.61776E+000	-2.00191E-001	-2.04022E+000	-2.00025E+000	3.15044E-004	11	..........a	-327.68
	2884	2885	-1.61016E+000	-2.00191E-001	-2.04692E+000	-2.00025E+000	3.15111E-004	11	..........a	-327.68
	2885	2886	-1.61776E+000	-2.00190E-001	-2.03981E+000	-2.00025E+000	3.10528E-004	11	..........a	-327.68
	2886	2887	-1.61096E+000	-2.00191E-001	-2.04668E+000	-2.00025E+000	3.21744E-004	11	..........a	-327.68
	2887	2888	-1.61776E+000	-2.00190E-001	-2.04075E+000	-2.00025E+000	3.17044E-004	11	..........a	-327.68
	2888	2889	-1.61656E+000	-2.00191E-001	-2.00399E+000	-2.00025E+000	3.15011E-004	11	..........a	-327.68
	2889	2890	-1.61816E+000	-2.00191E-001	-2.00284E+000	-2.00025E+000	3.14661E-004	11	..........a	-327.68
	2890	2891	-1.61656E+000	-2.00190E-001	-2.00501E+000	-2.00025E+000	3.19528E-004	11	..........a	-327.68
	2891	2892	-1.61776E+000	-2.00191E-001	-2.00325E+000	-2.00025E+000	3.14828E-004	11	..........a	-327.68
	2892	2893	-1.61616E+000	-2.00191E-001	-2.00353E+000	-2.00025E+000	3.21211E-004	11	..........a	-327.68
	2893	2894	-1.61696E+000	-2.00191E-001	-2.00260E+000	-2.00025E+000	3.18911E-004	11	..........a	-327.68
	2894	2895	-1.61616E+000	-2.00191E-001	-2.00447E+000	-2.00025E+000	3.18311E-004	11	..........a	-327.68
	2895	2896	-1.61656E+000	-2.00191E-001	-2.00347E+000	-2.00025E+000	3.26494E-004	11	..........a	-327.68
	2896	2897	-1.61736E+000	-2.00190E-001	-2.00247E+000	-2.00025E+000	3.21161E-004	11	..........a	-327.68
	2897	2898	-1.60936E+000	-2.00190E-001	-2.00958E+000	-2.00025E+000	3.15878E-004	11	..........a	-327.68
	2898	2899	-1.61776E+000	-2.00191E-001	-2.00089E+000	-2.00025E+000	3.20244E-004	11	..........a	-327.68
	2899	2900	-1.61056E+000	-2.00191E-001	-2.00921E+000	-2.00025E+000	3.22828E-004	11	..........a	-327.68
	2900	2901	-1.61616E+000	-2.00191E-001	-2.00547E+000	-2.00025E+000	3.21678E-004	11	..........a	-327.68
	2901	2902	-1.61776E+000	-2.00190E-001	-2.00598E+000	-2.00025E+000	3.25778E-004	11	..........a	-327.68
	2902	2903	-1.61856E+000	-2.00190E-001	-2.00308E+000	-2.00025E+000	3.28311E-004	11	..........a	-327.68
	2903	2904	-1.61736E+000	-2.00191E-001	-2.00447E+000	-2.00025E+000	3.21061E-004	11	..........a	-327.68
	2904	2905	-1.61736E+000	-2.00191E-001	-2.00436E+000	-2.00025E+000	3.19844E-004	11	..........a	-327.68
	2905	2906	-1.61776E+000	-2.00191E-001	-2.00387E+000	-2.00025E+000	3.23478E-004	11	..........a	-327.68
	2906	2907	-1.61496E+000	-2.00191E-001	-2.00753E+000	-2.00025E+000	3.16761E-004	11	..........a	-327.68
	2907	2908	-1.61816E+000	-2.00191E-001	-2.00412E+000	-2.00025E+000	3.20811E-004	11	..........a	-327.68
	2908	2909	-1.61776E+000	-2.00191E-001	-2.00514E+000	-2.00025E+000	3.18411E-004	11	..........a	-327.68
	2909	2910	-1.61896E+000	-2.00190E-001	-2.00464E+000	-2.00025E+000	3.21428E-004	11	..........a	-327.68
	2910	2911	-1.61736E+000	-2.00190E-001	-2.00425E+000	-2.00025E+000	3.22828E-004	11	..........a	-327.68
	2911	2912	-1.61896E+000	-2.00190E-001	-2.00273E+000	-2.00025E+000	3.17311E-004	11	..........a	-327.68
	2912	2913	-1.61096E+000	-2.00191E-001	-2.01266E+000	-2.00025E+000	3.15844E-004	11	..........a	-327.68
	2913	2914	-1.61816E+000	-2.00191E-001	-2.00817E+000	-2.00025E+000	3.18911E-004	11	..........a	-327.68
	2914	2915	-1.61896E+000	-2.00191E-001	-2.00720E+000	-2.00025E+000	3.24328E-004	11	..........a	-327.68
	2915	2916	-1.61896E+000	-2.00191E-001	-2.00617E+000	-2.00025E+000	3.22461E-004	11	..........a	-327.68
	2916	2917	-1.61776E+000	-2.00191E-001	-2.00766E+000	-2.00025E+000	3.18294E-004	11	..........a	-327.68
	2917	2918	-1.61736E+000	-2.00190E-001	-2.00882E+000	-2.00025E+000	3.21178E-004	11	..........a	-327.68
	2918	2919	-1.61736E+000	-2.00191E-001	-2.00701E+000	-2.00025E+000	3.24728E-004	11	..........a	-327.68
	2919	2920	-1.61776E+000	-2.00190E-001	-2.00654E+000	-2.00025E+000	3.16928E-004	11	..........a	-327.68
	2920	2921	-1.61616E+000	-2.00190E-001	-2.00738E+000	-2.00025E+000	3.15211E-004	11	..........a	-327.68
	2921	2922	-1.61816E+000	-2.00190E-001	-2.00549E+000	-2.00025E+000	3.14044E-004	11	..........a	-327.68
	2922	2923	-1.61736E+000	-2.00191E-001	-2.00982E+000	-2.00025E+000	3.12744E-004	11	..........a	-327.68
	2923	2924	-1.61776E+000	-2.00190E-001	-2.01026E+000	-2.00025E+000	3.13344E-004	11	..........a	-327.68
	2924	2925	-1.61656E+000	-2.00190E-001	-2.01282E+000	-2.00025E+000	3.18128E-004	11	..........a	-327.68
	2925	2926	-1.61736E+000	-2.00190E-001	-2.01122E+000	-2.00025E+000	3.14161E-004	11	..........a	-327.68
	2926	2927	-1.61736E+000	-2.00191E-001	-2.01061E+000	-2.00025E+000	3.08194E-004	11	..........a	-327.68
	2927	2928	-1.61696E+000	-2.00190E-001	-2.01297E+000	-2.00025E+000	3.14711E-004	11	..........a	-327.68
	2928	2929	-1.61776E+000	-2.00190E-001	-2.01059E+000	-2.00025E+000	3.11361E-004	11	..........a	-327.68
	2929	2930	-1.61776E+000	-2.00190E-001	-2.01156E+000	-2.00025E+000	3.13594E-004	11	..........a	-327.68
	2930	2931	-1.61816E+000	-2.00191E-001	-2.00937E+000	-2.00025E+000	3.20094E-004	11	..........a	-327.68
	2931	2932	-1.61576E+000	-2.00190E-001	-2.01288E+000	-2.00025E+000	3.15394E-004	11	..........a	-327.68
	2932	2933	-1.61616E+000	-2.00191E-001	-2.01411E+000	-2.00025E+000	3.13728E-004	11	..........a	-327.68
	2933	2934	-1.61736E+000	-2.00191E-001	-2.01085E+000	-2.00025E+000	3.17911E-004	11	..........a	-327.68
	2934	2935	-1.61776E+000	-2.00191E-001	-2.01181E+000	-2.00025E+000	3.13128E-004	11	..........a	-327.68
	2935	2936	-1.61976E+000	-2.00190E-001	-2.01154E+000	-2.00025E+000	3.09678E-004	11	..........a	-327.68
	2936	2937	-1.61816E+000	-2.00222E-001	-2.01053E+000	-2.00025E+000	1.01506E-003	11	..........a	-327.68
	2937	2938	-1.61496E+000	-2.00222E-001	-2.01323E+000	-2.00025E+000	1.03051E-003	11	..........a	-327.68
	2938	2939	-1.61776E+000	-2.00222E-001	-2.01385E+000	-2.00025E+000	1.01926E-003	11	..........a	-327.68
	2939	2940	-1.61816E+000	-2.00222E-001	-2.01437E+000	-2.00025E+000	1.00916E-003	11	..........a	-327.68
	2940	2941	-1.61096E+000	-2.00222E-001	-2.02084E+000	-2.00025E+000	1.00359E-003	11	..........a	-327.68
	2941	2942	-1.61736E+000	-2.00222E-001	-2.01328E+000	-2.00025E+000	1.00906E-003	11	..........a	-327.68
	2942	2943	-1.61776E+000	-2.00222E-001	-2.01518E+000	-2.00025E+000	1.00688E-003	11	..........a	-327.68
	2943	2944	-1.61776E+000	-2.00222E-001	-2.01564E+000	-2.00025E+000	1.00164E-003	11	..........a	-327.68
	2944	2945	-1.61816E+000	-2.00222E-001	-2.01384E+000	-2.00025E+000	1.00489E-003	11	..........a	-327.68
	2945	2946	-1.61656E+000	-2.00222E-001	-2.01518E+000	-2.00025E+000	1.00474E-003	11	..........a	-327.68
	2946	2947	-1.61816E+000	-2.00222E-001	-2.01182E+000	-2.00025E+000	1.01133E-003	11	..........a	-327.68
	2947	2948	-1.61816E+000	-2.00222E-001	-2.01093E+000	-2.00025E+000	1.00578E-003	11	..........a	-327.68
	2948	2949	-1.61736E+000	-2.00221E-001	-2.01383E+000	-2.00025E+000	9.93644E-004	11	..........a	-327.68
	2949	2950	-1.61736E+000	-2.00221E-001	-2.01614E+000	-2.00025E+000	1.00799E-003	11	..........a	-327.68
	2950	2951	-1.61776E+000	-2.00222E-001	-2.01666E+000	-2.00025E+000	1.00514E-003	11	..........a	-327.68
	2951	2952	-1.61736E+000	-2.00222E-001	-2.01505E+000	-2.00025E+000	1.00868E-003	11	..........a	-327.68
	2952	2953	-1.61776E+000	-2.00222E-001	-2.01452E+000	-2.00025E+000	1.01374E-003	11	..........a	-327.68
	2953	2954	-1.61016E+000	-2.00222E-001	-2.02244E+000	-2.00025E+000	1.00218E-003	11	..........a	-327.68
	2954	2955	-1.61816E+000	-2.00221E-001	-2.01497E+000	-2.00025E+000	1.00658E-003	11	..........a	-327.68
	2955	2956	-1.61816E+000	-2.00222E-001	-2.01620E+000	-2.00025E+000	9.93778E-004	11	..........a	-327.68
	2956	2957	-1.61496E+000	-2.00222E-001	-2.02064E+000	-2.00025E+000	9.99194E-004	11	..........a	-327.68
	2957	2958	-1.61816E+000	-2.00222E-001	-2.01893E+000	-2.00025E+000	1.00706E-003	11	..........a	-327.68
	2958	2959	-1.61776E+000	-2.00222E-001	-2.01999E+000	-2.00025E+000	1.01608E-003	11	..........a	-327.68
	2959	2960	-1.61496E+000	-2.00222E-001	-2.02167E+000	-2.00025E+000	1.01634E-003	11	..........a	-327.68
	2960	2961	-1.61576E+000	-2.00222E-001	-2.02043E+000	-2.00025E+000	1.01031E-003	11	..........a	-327.68
	2961	2962	-1.61776E+000	-2.00222E-001	-2.01840E+000	-2.00025E+000	1.00181E-003	11	..........a	-327.68
	2962	2963	-1.61496E+000	-2.00188E-001	-2.02260E+000	-2.00025E+000	2.45911E-004	11	..........a	-327.68
	2963	2964	-1.61576E+000	-2.00188E-001	-2.01657E+000	-2.00025E+000	2.43111E-004	11	..........a	-327.68
	2964	2965	-1.60936E+000	-2.00188E-001	-2.02347E+000	-2.00025E+000	2.45278E-004	11	..........a	-327.68
	2965	2966	-1.61576E+000	-2.00188E-001	-2.01701E+000	-2.00025E+000	2.45311E-004	11	..........a	-327.68
	2966	2967	-1.60936E+000	-2.00187E-001	-2.02654E+000	-2.00025E+000	2.49328E-004	11	..........a	-327.68
	2967	2968	-1.61696E+000	-2.00188E-001	-2.01744E+000	-2.00025E+000	2.50161E-004	11	..........a	-327.68
	2968	2969	-1.61696E+000	-2.00187E-001	-2.01738E+000	-2.00025E+000	2.56494E-004	11	..........a	-327.68
	2969	2970	-1.61416E+000	-2.00188E-001	-2.02229E+000	-2.00025E+000	2.55478E-004	11	..........a	-327.68
	2970	2971	-1.61536E+000	-2.00188E-001	-2.02022E+000	-2.00025E+000	2.49861E-004	11	..........a	-327.68
	2971	2972	-1.61736E+000	-2.00187E-001	-2.01904E+000	-2.00025E+000	2.46894E-004	11	..........a	-327.68
	2972	2973	-1.61576E+000	-2.00187E-001	-2.02193E+000	-2.00025E+000	2.48978E-004	11	..........a	-327.68
	2973	2974	-1.61656E+000	-2.00187E-001	-2.02084E+000	-2.00025E+000	2.43911E-004	11	..........a	-327.68
	2974	2975	-1.61576E+000	-2.00187E-001	-2.02130E+000	-2.00025E+000	2.53144E-004	11	..........a	-327.68
	2975	2976	-1.61376E+000	-2.00188E-001	-2.02106E+000	-2.00025E+000	2.53428E-004	11	..........a	-327.68
	2976	2977	-1.61656E+000	-2.00188E-001	-2.01800E+000	-2.00025E+000	2.50111E-004	11	..........a	-327.68
	2977	2978	-1.61456E+000	-2.00187E-001	-2.02034E+000	-2.00025E+000	2.49494E-004	11	..........a	-327.68
	2978	2979	-1.61616E+000	-2.00187E-001	-2.01900E+000	-2.00025E+000	2.57628E-004	11	..........a	-327.68
	2979	2980	-1.61656E+000	-2.00187E-001	-2.01820E+000	-2.00025E+000	2.65494E-004	11	..........a	-327.68
	2980	2981	-1.61496E+000	-2.00188E-001	-2.01897E+000	-2.00025E+000	2.57728E-004	11	..........a	-327.68
	2981	2982	-1.61056E+000	-2.00188E-001	-2.02500E+000	-2.00025E+000	2.59311E-004	11	..........a	-327.68
	2982	2983	-1.61496E+000	-2.00188E-001	-2.02210E+000	-2.00025E+000	2.52228E-004	11	..........a	-327.68
	2983	2984	-1.61536E+000	-2.00187E-001	-2.02202E+000	-2.00025E+000	2.52094E-004	11	..........a	-327.68
	2984	2985	-1.61696E+000	-2.00188E-001	-2.02104E+000	-2.00025E+000	2.51261E-004	11	..........a	-327.68
	2985	2986	-1.61656E+000	-2.00187E-001	-2.02004E+000	-2.00025E+000	2.44544E-004	11	..........a	-327.68
	2986	2987	-1.61656E+000	-2.00187E-001	-2.02076E+000	-2.00025E+000	2.53628E-004	11	..........a	-327.68
	2987	2988	-1.61736E+000	-2.00188E-001	-2.02136E+000	-2.00025E+000	2.54594E-004	11	..........a	-327.68
	2988	2989	-1.61576E+000	-2.00188E-001	-2.02458E+000	-2.00025E+000	2.59778E-004	11	..........a	-327.68
	2989	2990	-1.61696E+000	-2.00188E-001	-2.02259E+000	-2.00025E+000	2.50178E-004	11	..........a	-327.68
	2990	2991	-1.61656E+000	-2.00188E-001	-2.02295E+000	-2.00025E+000	2.55711E-004	11	..........a	-327.68
	2991	2992	-1.61616E+000	-2.00187E-001	-2.02332E+000	-2.00025E+000	2.52061E-004	11	..........a	-327.68
	2992	2993	-1.61016E+000	-2.00188E-001	-2.03085E+000	-2.00025E+000	2.58594E-004	11	..........a	-327.68
	2993	2994	-1.61816E+000	-2.00188E-001	-2.02137E+000	-2.00025E+000	2.57944E-004	11	..........a	-327.68
	2994	2995	-1.61496E+000	-2.00188E-001	-2.02453E+000	-2.00025E+000	2.56944E-004	11	..........a	-327.68
	2995	2996	-1.61696E+000	-2.00188E-001	-2.02410E+000	-2.00025E+000	2.55011E-004	11	..........a	-327.68
	2996	2997	-1.61616E+000	-2.00188E-001	-1.99204E+000	-2.00025E+000	2.53644E-004	11	..........a	-327.68
	2997	2998	-1.61776E+000	-2.00188E-001	-1.99196E+000	-2.00025E+000	2.58944E-004	11	..........a	-327.68
	2998	2999	-1.61816E+000	-2.00188E-001	-1.99114E+000	-2.00025E+000	2.58311E-004	11	..........a	-327.68
	2999	3000	-1.61816E+000	-2.00188E-001	-1.99185E+000	-2.00025E+000	2.53994E-004	11	..........a	-327.68
	3000	3001	-1.62016E+000	-2.00188E-001	-1.99012E+000	-2.00025E+000	2.50078E-004	11	..........a	-327.68
	3001	3002	-1.61776E+000	-2.00188E-001	-1.99267E+000	-2.00025E+000	2.50678E-004	11	..........a	-327.68
	3002	3003	-1.61776E+000	-2.00188E-001	-1.99290E+000	-2.00025E+000	2.52428E-004	11	..........a	-327.68
	3003	3004	-1.61736E+000	-2.00188E-001	-1.99438E+000	-2.00025E+000	2.51178E-004	11	..........a	-327.68
	3004	3005	-1.61856E+000	-2.00187E-001	-1.99348E+000	-2.00025E+000	2.42344E-004	11	..........a	-327.68
	3005	3006	-1.61856E+000	-2.00187E-001	-1.99255E+000	-2.00025E+000	2.45411E-004	11	..........a	-327.68
	3006	3007	-1.61936E+000	-2.00187E-001	-1.99047E+000	-2.00025E+000	2.38794E-004	11	..........a	-327.68
	3007	3008	-1.61896E+000	-2.00187E-001	-1.99179E+000	-2.00025E+000	2.49511E-004	11	..........a	-327.68
	3008	3009	-1.62016E+000	-2.00187E-001	-1.99146E+000	-2.00025E+000	2.56078E-004	11	..........a	-327.68
	3009	3010	-1.61976E+000	-2.00187E-001	-1.99335E+000	-2.00025E+000	2.52878E-004	11	..........a	-327.68
	3010	3011	-1.61856E+000	-2.00187E-001	-1.99521E+000	-2.00025E+000	2.42728E-004	11	..........a	-327.68
	3011	3012	-1.61816E+000	-2.00187E-001	-1.99548E+000	-2.00025E+000	2.55294E-004	11	..........a	-327.68
	3012	3013	-1.61936E+000	-2.00187E-001	-1.99535E+000	-2.00025E+000	2.43694E-004	11	..........a	-327.68
	3013	3014	-1.61856E+000	-2.00187E-001	-1.99580E+000	-2.00025E+000	2.52428E-004	11	..........a	-327.68
	3014	3015	-1.61736E+000	-2.00187E-001	-1.99750E+000	-2.00025E+000	2.56644E-004	11	..........a	-327.68
	3015	3016	-1.61736E+000	-2.00187E-001	-1.99645E+000	-2.00025E+000	2.49411E-004	11	..........a	-327.68
	3016	3017	-1.61776E+000	-2.00187E-001	-1.99392E+000	-2.00025E+000	2.45911E-004	11	..........a	-327.68
	3017	3018	-1.61696E+000	-2.00187E-001	-1.99484E+000	-2.00025E+000	2.42878E-004	11	..........a	-327.68
	3018	3019	-1.61816E+000	-2.00187E-001	-1.99433E+000	-2.00025E+000	2.53178E-004	11	..........a	-327.68
	3019	3020	-1.61736E+000	-2.00187E-001	-1.99671E+000	-2.00025E+000	2.52578E-004	11	..........a	-327.68
	3020	3021	-1.61696E+000	-2.00187E-001	-1.99662E+000	-2.00025E+000	2.49378E-004	11	..........a	-327.68
	3021	3022	-1.61656E+000	-2.00187E-001	-1.99604E+000	-2.00025E+000	2.54944E-004	11	..........a	-327.68
	3022	3023	-1.61056E+000	-2.00188E-001	-2.00389E+000	-2.00025E+000	2.49128E-004	11	..........a	-327.68
	3023	3024	-1.61776E+000	-2.00187E-001	-1.99707E+000	-2.00025E+000	2.47978E-004	11	..........a	-327.68
	3024	3025	-1.61096E+000	-2.00187E-001	-2.00400E+000	-2.00025E+000	2.43944E-004	11	..........a	-327.68
	3025	3026	-1.61736E+000	-2.00187E-001	-1.99780E+000	-2.00025E+000	2.50228E-004	11	..........a	-327.68
	3026	3027	-1.61936E+000	-2.00188E-001	-1.99564E+000	-2.00025E+000	2.54411E-004	11	..........a	-327.68
	3027	3028	-1.61776E+000	-2.00187E-001	-1.99712E+000	-2.00025E+000	2.52478E-004	11	..........a	-327.68
	3028	3029	-1.61816E+000	-2.00187E-001	-1.99905E+000	-2.00025E+000	2.44611E-004	11	..........a	-327.68
	3029	3030	-1.61776E+000	-2.00187E-001	-1.99727E+000	-2.00025E+000	2.51044E-004	11	..........a	-327.68
	3030	3031	-1.61656E+000	-2.00187E-001	-1.99916E+000	-2.00025E+000	2.50178E-004	11	..........a	-327.68
	3031	3032	-1.61776E+000	-2.00188E-001	-1.99765E+000	-2.00025E+000	2.47411E-004	11	..........a	-327.68
	3032	3033	-1.61576E+000	-2.00187E-001	-2.00038E+000	-2.00025E+000	2.50894E-004	11	..........a	-327.68
	3033	3034	-1.61696E+000	-2.00187E-001	-1.99941E+000	-2.00025E+000	2.40361E-004	11	..........a	-327.68
	3034	3035	-1.61776E+000	-2.00187E-001	-2.00073E+000	-2.00025E+000	2.53694E-004	11	..........a	-327.68
	3035	3036	-1.61776E+000	-2.00187E-001	-1.99965E+000	-2.00025E+000	2.49194E-004	11	..........a	-327.68
	3036	3037	-1.61936E+000	-2.00187E-001	-1.99896E+000	-2.00025E+000	2.48128E-004	11	..........a	-327.68
	3037	3038	-1.61856E+000	-2.00187E-001	-1.99955E+000	-2.00025E+000	2.43728E-004	11	..........a	-327.68
	3038	3039	-1.61776E+000	-2.00187E-001	-2.00057E+000	-2.00025E+000	2.50761E-004	11	..........a	-327.68
	3039	3040	-1.61856E+000	-2.00187E-001	-2.00056E+000	-2.00025E+000	2.44794E-004	11	..........a	-327.68
	3040	3041	-1.61656E+000	-2.00187E-001	-2.00210E+000	-2.00025E+000	2.56061E-004	11	..........a	-327.68
	3041	3042	-1.61816E+000	-2.00187E-001	-2.00044E+000	-2.00025E+000	2.46311E-004	11	..........a	-327.68
	3042	3043	-1.61616E+000	-2.00187E-001	-2.00180E+000	-2.00025E+000	2.66861E-004	11	..........a	-327.68
	3043	3044	-1.61776E+000	-2.00187E-001	-2.00085E+000	-2.00025E+000	2.51761E-004	11	..........a	-327.68
	3044	3045	-1.61656E+000	-2.00187E-001	-2.00245E+000	-2.00025E+000	2.50828E-004	11	..........a	-327.68
	3045	3046	-1.61776E+000	-2.00187E-001	-2.00093E+000	-2.00025E+000	2.48228E-004	11	..........a	-327.68
	3046	3047	-1.61776E+000	-2.00187E-001	-2.00202E+000	-2.00025E+000	2.52144E-004	11	..........a	-327.68
	3047	3048	-1.61736E+000	-2.00188E-001	-2.00471E+000	-2.00025E+000	2.52594E-004	11	..........a	-327.68
	3048	3049	-1.61936E+000	-2.00187E-001	-2.00273E+000	-2.00025E+000	2.56978E-004	11	..........a	-327.68
	3049	3050	-1.61736E+000	-2.00187E-001	-2.00422E+000	-2.00025E+000	2.60694E-004	11	..........a	-327.68
	3050	3051	-1.61616E+000	-2.00187E-001	-1.99824E+000	-2.00025E+000	2.49428E-004	11	..........a	-327.68
	3051	3052	-1.61536E+000	-2.00187E-001	-1.99824E+000	-2.00025E+000	2.53494E-004	11	..........a	-327.68
	3052	3053	-1.61776E+000	-2.00188E-001	-1.99668E+000	-2.00025E+000	2.61661E-004	11	..........a	-327.68
	3053	3054	-1.61656E+000	-2.00187E-001	-1.99730E+000	-2.00025E+000	2.55994E-004	11	..........a	-327.68
	3054	3055	-1.61616E+000	-2.00188E-001	-1.99895E+000	-2.00025E+000	2.51394E-004	11	..........a	-327.68
	3055	3056	-1.61536E+000	-2.00188E-001	-1.99833E+000	-2.00025E+000	2.61194E-004	11	..........a	-327.68
	3056	3057	-1.61736E+000	-2.00188E-001	-1.99709E+000	-2.00025E+000	2.60478E-004	11	..........a	-327.68
	3057	3058	-1.61776E+000	-2.00188E-001	-1.99710E+000	-2.00025E+000	2.51978E-004	11	..........a	-327.68
	3058	3059	-1.61776E+000	-2.00188E-001	-1.99949E+000	-2.00025E+000	2.50378E-004	11	..........a	-327.68
	3059	3060	-1.61776E+000	-2.00188E-001	-2.00120E+000	-2.00025E+000	2.57228E-004	11	..........a	-327.68
	3060	3061	-1.61736E+000	-2.00188E-001	-2.00095E+000	-2.00025E+000	2.45544E-004	11	..........a	-327.68
	3061	3062	-1.61776E+000	-2.00188E-001	-1.99937E+000	-2.00025E+000	2.49894E-004	11	..........a	-327.68
	3062	3063	-1.61936E+000	-2.00188E-001	-1.99863E+000	-2.00025E+000	2.61844E-004	11	..........a	-327.68
	3063	3064	-1.61696E+000	-2.00188E-001	-2.00125E+000	-2.00025E+000	2.45761E-004	11	..........a	-327.68
	3064	3065	-1.61656E+000	-2.00188E-001	-2.00236E+000	-2.00025E+000	2.55728E-004	11	..........a	-327.68
	3065	3066	-1.61696E+000	-2.00188E-001	-2.00385E+000	-2.00025E+000	2.60211E-004	11	..........a	-327.68
	3066	3067	-1.61736E+000	-2.00188E-001	-2.00245E+000	-2.00025E+000	2.60628E-004	11	..........a	-327.68
	3067	3068	-1.61936E+000	-2.00188E-001	-2.00220E+000	-2.00025E+000	2.56561E-004	11	..........a	-327.68
	3068	3069	-1.61656E+000	-2.00188E-001	-2.00447E+000	-2.00025E+000	2.58828E-004	11	..........a	-327.68
	3069	3070	-1.61816E+000	-2.00187E-001	-2.00187E+000	-2.00025E+000	2.57928E-004	11	..........a	-327.68
	3070	3071	-1.61776E+000	-2.00188E-001	-2.00356E+000	-2.00025E+000	2.43244E-004	11	..........a	-327.68
	3071	3072	-1.61616E+000	-2.00187E-001	-2.00311E+000	-2.00025E+000	2.49444E-004	11	..........a	-327.68
	3072	3073	-1.61816E+000	-2.00187E-001	-2.00033E+000	-2.00025E+000	2.45511E-004	11	..........a	-327.68
	3073	3074	-1.61856E+000	-2.00188E-001	-1.99977E+000	-2.00025E+000	2.56628E-004	11	..........a	-327.68
	3074	3075	-1.61856E+000	-2.00191E-001	-2.00172E+000	-2.00025E+000	3.35861E-004	11	..........a	-327.68
	3075	3076	-1.61856E+000	-2.00191E-001	-2.00334E+000	-2.00025E+000	3.23044E-004	11	..........a	-327.68
	3076	3077	-1.60976E+000	-2.00191E-001	-2.01188E+000	-2.00025E+000	3.28628E-004	11	..........a	-327.68
	3077	3078	-1.61616E+000	-2.00191E-001	-2.00497E+000	-2.00025E+000	3.25978E-004	11	..........a	-327.68
	3078	3079	-1.61696E+000	-2.00191E-001	-2.00529E+000	-2.00025E+000	3.29194E-004	11	..........a	-327.68
	3079	3080	-1.61776E+000	-2.00191E-001	-2.00538E+000	-2.00025E+000	3.31061E-004	11	..........a	-327.68
	3080	3081	-1.61776E+000	-2.00191E-001	-2.00601E+000	-2.00025E+000	3.25728E-004	11	..........a	-327.68
	3081	3082	-1.61936E+000	-2.00191E-001	-2.00517E+000	-2.00025E+000	3.28578E-004	11	..........a	-327.68
	3082	3083	-1.61896E+000	-2.00191E-001	-2.00694E+000	-2.00025E+000	3.21561E-004	11	..........a	-327.68
	3083	3084	-1.61936E+000	-2.00191E-001	-2.00709E+000	-2.00025E+000	3.28178E-004	11	..........a	-327.68
	3084	3085	-1.61936E+000	-2.00191E-001	-2.00714E+000	-2.00025E+000	3.28461E-004	11	..........a	-327.68
	3085	3086	-1.61576E+000	-2.00191E-001	-2.01039E+000	-2.00025E+000	3.23344E-004	11	..........a	-327.68
	3086	3087	-1.61776E+000	-2.00191E-001	-2.00877E+000	-2.00025E+000	3.45611E-004	11	..........a	-327.68
	3087	3088	-1.61616E+000	-2.00191E-001	-2.01082E+000	-2.00025E+000	3.27078E-004	11	..........a	-327.68
	3088	3089	-1.61816E+000	-2.00191E-001	-2.00983E+000	-2.00025E+000	3.30861E-004	11	..........a	-327.68
	3089	3090	-1.61896E+000	-2.00191E-001	-2.00969E+000	-2.00025E+000	3.26761E-004	11	..........a	-327.68
	3090	3091	-1.61776E+000	-2.00191E-001	-2.01066E+000	-2.00025E+000	3.28511E-004	11	..........a	-327.68
	3091	3092	-1.61096E+000	-2.00191E-001	-2.01628E+000	-2.00025E+000	3.26678E-004	11	..........a	-327.68
	3092	3093	-1.61736E+000	-2.00191E-001	-2.01059E+000	-2.00025E+000	3.27528E-004	11	..........a	-327.68
	3093	3094	-1.61096E+000	-2.00191E-001	-2.01878E+000	-2.00025E+000	3.31244E-004	11	..........a	-327.68
	3094	3095	-1.61776E+000	-2.00191E-001	-2.01286E+000	-2.00025E+000	3.39678E-004	11	..........a	-327.68
	3095	3096	-1.61776E+000	-2.00191E-001	-2.01464E+000	-2.00025E+000	3.32144E-004	11	..........a	-327.68
	3096	3097	-1.61896E+000	-2.00191E-001	-2.01326E+000	-2.00025E+000	3.41061E-004	11	..........a	-327.68
	3097	3098	-1.61696E+000	-2.00191E-001	-2.01578E+000	-2.00025E+000	3.33094E-004	11	..........a	-327.68
	3098	3099	-1.61776E+000	-2.00191E-001	-2.01533E+000	-2.00025E+000	3.32694E-004	11	..........a	-327.68
	3099	3100	-1.61856E+000	-2.00191E-001	-2.01445E+000	-2.00025E+000	3.30278E-004	11	..........a	-327.68
	3100	3101	-1.61936E+000	-2.00191E-001	-2.01381E+000	-2.00025E+000	3.33061E-004	11	..........a	-327.68
	3101	3102	-1.61936E+000	-2.00191E-001	-2.01424E+000	-2.00025E+000	3.40578E-004	11	..........a	-327.68
	3102	3103	-1.61736E+000	-2.00191E-001	-2.01727E+000	-2.00025E+000	3.32244E-004	11	..........a	-327.68
	3103	3104	-1.61856E+000	-2.00191E-001	-2.01466E+000	-2.00025E+000	3.36378E-004	11	..........a	-327.68
	3104	3105	-1.61696E+000	-2.00191E-001	-2.01593E+000	-2.00025E+000	3.30511E-004	11	..........a	-327.68
	3105	3106	-1.61776E+000	-2.00191E-001	-2.01631E+000	-2.00025E+000	3.31928E-004	11	..........a	-327.68
	3106	3107	-1.61096E+000	-2.00191E-001	-2.02575E+000	-2.00025E+000	3.39811E-004	11	..........a	-327.68
	3107	3108	-1.61776E+000	-2.00191E-001	-2.01879E+000	-2.00025E+000	3.37344E-004	11	..........a	-327.68
	3108	3109	-1.61696E+000	-2.00191E-001	-2.02066E+000	-2.00025E+000	3.28894E-004	11	..........a	-327.68
	3109	3110	-1.61776E+000	-2.00191E-001	-2.01961E+000	-2.00025E+000	3.25211E-004	11	..........a	-327.68
	3110	3111	-1.61936E+000	-2.00191E-001	-2.01710E+000	-2.00025E+000	3.31844E-004	11	..........a	-327.68
	3111	3112	-1.61856E+000	-2.00191E-001	-2.02037E+000	-2.00025E+000	3.35461E-004	11	..........a	-327.68
	3112	3113	-1.61776E+000	-2.00191E-001	-2.02050E+000	-2.00025E+000	3.34294E-004	11	..........a	-327.68
	3113	3114	-1.61776E+000	-2.00191E-001	-2.02079E+000	-2.00025E+000	3.31094E-004	11	..........a	-327.68
	3114	3115	-1.61936E+000	-2.00192E-001	-2.01957E+000	-2.00025E+000	3.37428E-004	11	..........a	-327.68
	3115	3116	-1.61736E+000	-2.00191E-001	-2.02227E+000	-2.00025E+000	3.40344E-004	11	..........a	-327.68
	3116	3117	-1.61776E+000	-2.00191E-001	-2.02075E+000	-2.00025E+000	3.34144E-004	11	..........a	-327.68
	3117	3118	-1.61656E+000	-2.00191E-001	-2.02216E+000	-2.00025E+000	3.29994E-004	11	..........a	-327.68
	3118	3119	-1.61776E+000	-2.00191E-001	-2.02263E+000	-2.00025E+000	3.38894E-004	11	..........a	-327.68
	3119	3120	-1.61776E+000	-2.00191E-001	-2.02270E+000	-2.00025E+000	3.32594E-004	11	..........a	-327.68
	3120	3121	-1.61696E+000	-2.00191E-001	-2.02387E+000	-2.00025E+000	3.31594E-004	11	..........a	-327.68
	3121	3122	-1.61656E+000	-2.00191E-001	-2.02423E+000	-2.00025E+000	3.42994E-004	11	..........a	-327.68
	3122	3123	-1.61736E+000	-2.00191E-001	-2.02701E+000	-2.00025E+000	3.29044E-004	11	..........a	-327.68
	3123	3124	-1.61656E+000	-2.00191E-001	-2.03003E+000	-2.00025E+000	3.33544E-004	11	..........a	-327.68
	3124	3125	-1.61896E+000	-2.00191E-001	-2.02691E+000	-2.00025E+000	3.30161E-004	11	..........a	-327.68
	3125	3126	-1.61896E+000	-2.00191E-001	-2.02815E+000	-2.00025E+000	3.32594E-004	11	..........a	-327.68
	3126	3127	-1.61896E+000	-2.00191E-001	-2.02730E+000	-2.00025E+000	3.34728E-004	11	..........a	-327.68
	3127	3128	-1.61936E+000	-2.00191E-001	-2.02643E+000	-2.00025E+000	3.35311E-004	11	..........a	-327.68
	3128	3129	-1.61816E+000	-2.00191E-001	-2.02737E+000	-2.00025E+000	3.31428E-004	11	..........a	-327.68
	3129	3130	-1.61416E+000	-2.00191E-001	-2.03265E+000	-2.00025E+000	3.37344E-004	11	..........a	-327.68
	3130	3131	-1.61656E+000	-2.00191E-001	-2.03080E+000	-2.00025E+000	3.28661E-004	11	..........a	-327.68
	3131	3132	-1.61536E+000	-2.00191E-001	-2.02202E+000	-2.00025E+000	3.23178E-004	11	..........a	-327.68
	3132	3133	-1.61536E+000	-2.00191E-001	-2.02374E+000	-2.00025E+000	3.26211E-004	11	..........a	-327.68
	3133	3134	-1.61496E+000	-2.00190E-001	-2.02316E+000	-2.00025E+000	3.31194E-004	11	..........a	-327.68
	3134	3135	-1.61056E+000	-2.00191E-001	-2.02989E+000	-2.00025E+000	3.30444E-004	11	..........a	-327.68
	3135	3136	-1.61536E+000	-2.00191E-001	-2.02336E+000	-2.00025E+000	3.31678E-004	11	..........a	-327.68
	3136	3137	-1.60976E+000	-2.00191E-001	-2.02888E+000	-2.00025E+000	3.25844E-004	11	..........a	-327.68
	3137	3138	-1.61776E+000	-2.00191E-001	-2.02178E+000	-2.00025E+000	3.31211E-004	11	..........a	-327.68
	3138	3139	-1.61776E+000	-2.00191E-001	-2.02189E+000	-2.00025E+000	3.27394E-004	11	..........a	-327.68
	3139	3140	-1.61696E+000	-2.00190E-001	-2.02224E+000	-2.00025E+000	3.36928E-004	11	..........a	-327.68
	3140	3141	-1.61816E+000	-2.00190E-001	-2.02243E+000	-2.00025E+000	3.32728E-004	11	..........a	-327.68
	3141	3142	-1.61656E+000	-2.00191E-001	-2.02349E+000	-2.00025E+000	3.34778E-004	11	..........a	-327.68
	3142	3143	-1.61856E+000	-2.00191E-001	-2.02352E+000	-2.00025E+000	3.31778E-004	11	..........a	-327.68
	3143	3144	-1.61696E+000	-2.00190E-001	-2.02631E+000	-2.00025E+000	2.93761E-004	11	..........a	-327.68
	3144	3145	-1.61656E+000	-2.00189E-001	-2.02637E+000	-2.00025E+000	2.92561E-004	11	..........a	-327.68
	3145	3146	-1.61056E+000	-2.00189E-001	-2.03168E+000	-2.00025E+000	2.93411E-004	11	..........a	-327.68
	3146	3147	-1.61776E+000	-2.00189E-001	-2.02560E+000	-2.00025E+000	3.01744E-004	11	..........a	-327.68
	3147	3148	-1.61056E+000	-2.00189E-001	-2.03325E+000	-2.00025E+000	2.95911E-004	11	..........a	-327.68
	3148	3149	-1.61696E+000	-2.00190E-001	-2.02799E+000	-2.00025E+000	2.93228E-004	11	..........a	-327.68
	3149	3150	-1.61736E+000	-2.00189E-001	-2.02746E+000	-2.00025E+000	2.99728E-004	11	..........a	-327.68
	3150	3151	-1.61776E+000	-2.00190E-001	-2.02812E+000	-2.00025E+000	3.00311E-004	11	..........a	-327.68
	3151	3152	-1.61776E+000	-2.00190E-001	-2.02855E+000	-2.00025E+000	2.99861E-004	11	..........a	-327.68
	3152	3153	-1.61736E+000	-2.00190E-001	-2.03002E+000	-2.00025E+000	2.99094E-004	11	..........a	-327.68
	3153	3154	-1.61936E+000	-2.00190E-001	-2.02907E+000	-2.00025E+000	2.98111E-004	11	..........a	-327.68
	3154	3155	-1.61736E+000	-2.00189E-001	-2.02930E+000	-2.00025E+000	3.06661E-004	11	..........a	-327.68
	3155	3156	-1.61896E+000	-2.00190E-001	-2.02810E+000	-2.00025E+000	3.05111E-004	11	..........a	-327.68
	3156	3157	-1.61776E+000	-2.00190E-001	-2.03030E+000	-2.00025E+000	3.03011E-004	11	..........a	-327.68
	3157	3158	-1.61856E+000	-2.00190E-001	-2.03128E+000	-2.00025E+000	3.01094E-004	11	..........a	-327.68
	3158	3159	-1.61856E+000	-2.00189E-001	-2.03099E+000	-2.00025E+000	2.96994E-004	11	..........a	-327.68
	3159	3160	-1.62016E+000	-2.00190E-001	-2.02974E+000	-2.00025E+000	3.04028E-004	11	..........a	-327.68
	3160	3161	-1.61736E+000	-2.00190E-001	-2.03272E+000	-2.00025E+000	3.03261E-004	11	..........a	-327.68
	3161	3162	-1.61816E+000	-2.00189E-001	-2.03193E+000	-2.00025E+000	3.00611E-004	11	..........a	-327.68
	3162	3163	-1.61096E+000	-2.00190E-001	-2.04098E+000	-2.00025E+000	3.07344E-004	11	..........a	-327.68
	3163	3164	-1.61896E+000	-2.00190E-001	-2.03428E+000	-2.00025E+000	2.99544E-004	11	..........a	-327.68
	3164	3165	-1.61936E+000	-2.00190E-001	-2.03454E+000	-2.00025E+000	3.02844E-004	11	..........a	-327.68
	3165	3166	-1.61936E+000	-2.00190E-001	-2.03448E+000	-2.00025E+000	2.93911E-004	11	..........a	-327.68
	3166	3167	-1.61976E+000	-2.00189E-001	-2.03591E+000	-2.00025E+000	2.97194E-004	11	..........a	-327.68
	3167	3168	-1.61856E+000	-2.00190E-001	-2.03782E+000	-2.00025E+000	2.97328E-004	11	..........a	-327.68
	3168	3169	-1.61896E+000	-2.00190E-001	-2.03807E+000	-2.00025E+000	2.95494E-004	11	..........a	-327.68
	3169	3170	-1.61896E+000	-2.00190E-001	-2.03833E+000	-2.00025E+000	2.94761E-004	11	..........a	-327.68
	3170	3171	-1.61656E+000	-2.00190E-001	-2.03994E+000	-2.00025E+000	2.93844E-004	11	..........a	-327.68
	3171	3172	-1.61856E+000	-2.00190E-001	-2.04001E+000	-2.00025E+000	3.05028E-004	11	..........a	-327.68
	3172	3173	-1.61496E+000	-2.00190E-001	-2.02745E+000	-2.00025E+000	3.04478E-004	11	..........a	-327.68
	3173	3174	-1.60976E+000	-2.00190E-001	-2.02871E+000	-2.00025E+000	3.05294E-004	11	..........a	-327.68
	3174	3175	-1.61816E+000	-2.00189E-001	-2.02003E+000	-2.00025E+000	3.02294E-004	11	..........a	-327.68
	3175	3176	-1.61736E+000	-2.00189E-001	-2.01879E+000	-2.00025E+000	3.04011E-004	11	..........a	-327.68
	3176	3177	-1.61776E+000	-2.00189E-001	-2.01952E+000	-2.00025E+000	3.08394E-004	11	..........a	-327.68
	3177	3178	-1.61776E+000	-2.00189E-001	-2.02040E+000	-2.00025E+000	2.98844E-004	11	..........a	-327.68
	3178	3179	-1.61776E+000	-2.00189E-001	-2.01991E+000	-2.00025E+000	3.06861E-004	11	..........a	-327.68
	3179	3180	-1.61816E+000	-2.00190E-001	-2.01932E+000	-2.00025E+000	3.00828E-004	11	..........a	-327.68
	3180	3181	-1.61736E+000	-2.00190E-001	-2.02317E+000	-2.00025E+000	2.99528E-004	11	..........a	-327.68
	3181	3182	-1.61656E+000	-2.00190E-001	-1.99216E+000	-2.00025E+000	2.96544E-004	11	..........a	-327.68
	3182	3183	-1.61816E+000	-2.00190E-001	-1.99074E+000	-2.00025E+000	2.99428E-004	11	..........a	-327.68
	3183	3184	-1.61936E+000	-2.00190E-001	-1.99004E+000	-2.00025E+000	2.96294E-004	11	..........a	-327.68
	3184	3185	-1.61976E+000	-2.00190E-001	-1.99031E+000	-2.00025E+000	2.96978E-004	11	..........a	-327.68
	3185	3186	-1.62016E+000	-2.00190E-001	-1.99000E+000	-2.00025E+000	2.93411E-004	11	..........a	-327.68
	3186	3187	-1.61856E+000	-2.00190E-001	-1.99232E+000	-2.00025E+000	2.95011E-004	11	..........a	-327.68
	3187	3188	-1.61856E+000	-2.00190E-001	-1.99265E+000	-2.00025E+000	2.95894E-004	11	..........a	-327.68
	3188	3189	-1.61656E+000	-2.00190E-001	-1.99622E+000	-2.00025E+000	2.92194E-004	11	..........a	-327.68
	3189	3190	-1.61976E+000	-2.00190E-001	-1.99397E+000	-2.00025E+000	2.95811E-004	11	..........a	-327.68
	3190	3191	-1.61096E+000	-2.00190E-001	-2.00385E+000	-2.00025E+000	2.96794E-004	11	..........a	-327.68
	3191	3192	-1.62016E+000	-2.00190E-001	-1.99488E+000	-2.00025E+000	2.94311E-004	11	..........a	-327.68
	3192	3193	-1.61976E+000	-2.00190E-001	-1.99495E+000	-2.00025E+000	2.90694E-004	11	..........a	-327.68
	3193	3194	-1.61856E+000	-2.00190E-001	-1.99627E+000	-2.00025E+000	2.87244E-004	11	..........a	-327.68
	3194	3195	-1.62016E+000	-2.00190E-001	-1.99393E+000	-2.00025E+000	2.87194E-004	11	..........a	-327.68
	3195	3196	-1.61816E+000	-2.00190E-001	-1.99678E+000	-2.00025E+000	2.91128E-004	11	..........a	-327.68
	3196	3197	-1.61776E+000	-2.00190E-001	-1.99794E+000	-2.00025E+000	2.98144E-004	11	..........a	-327.68
	3197	3198	-1.61816E+000	-2.00189E-001	-1.99761E+000	-2.00025E+000	2.96628E-004	11	..........a	-327.68
	3198	3199	-1.61896E+000	-2.00190E-001	-1.99970E+000	-2.00025E+000	2.95278E-004	11	..........a	-327.68
	3199	3200	-1.61936E+000	-2.00190E-001	-1.99901E+000	-2.00025E+000	2.95494E-004	11	..........a	-327.68
	3200	3201	-1.61856E+000	-2.00190E-001	-1.99947E+000	-2.00025E+000	3.01778E-004	11	..........a	-327.68
	3201	3202	-1.61936E+000	-2.00190E-001	-1.99858E+000	-2.00025E+000	2.96678E-004	11	..........a	-327.68
	3202	3203	-1.62016E+000	-2.00190E-001	-1.99845E+000	-2.00025E+000	2.96711E-004	11	..........a	-327.68
	3203	3204	-1.61776E+000	-2.00190E-001	-2.00008E+000	-2.00025E+000	2.92094E-004	11	..........a	-327.68
	3204	3205	-1.61776E+000	-2.00190E-001	-2.00109E+000	-2.00025E+000	2.99461E-004	11	..........a	-327.68
	3205	3206	-1.61856E+000	-2.00190E-001	-2.00017E+000	-2.00025E+000	2.96211E-004	11	..........a	-327.68
	3206	3207	-1.61856E+000	-2.00190E-001	-1.99987E+000	-2.00025E+000	3.02194E-004	11	..........a	-327.68
	3207	3208	-1.61896E+000	-2.00190E-001	-2.00163E+000	-2.00025E+000	3.00828E-004	11	..........a	-327.68
	3208	3209	-1.62016E+000	-2.00190E-001	-1.99875E+000	-2.00025E+000	3.03294E-004	11	..........a	-327.68
	3209	3210	-1.61896E+000	-2.00190E-001	-2.00179E+000	-2.00025E+000	3.00178E-004	11	..........a	-327.68
	3210	3211	-1.61856E+000	-2.00189E-001	-2.00310E+000	-2.00025E+000	2.94594E-004	11	..........a	-327.68
	3211	3212	-1.62136E+000	-2.00189E-001	-2.00052E+000	-2.00025E+000	3.00728E-004	11	..........a	-327.68
	3212	3213	-1.61896E+000	-2.00189E-001	-2.00288E+000	-2.00025E+000	2.58494E-004	11	..........a	-327.68
	3213	3214	-1.62016E+000	-2.00190E-001	-2.00198E+000	-2.00025E+000	2.65178E-004	11	..........a	-327.68
	3214	3215	-1.62016E+000	-2.00190E-001	-2.00224E+000	-2.00025E+000	2.49628E-004	11	..........a	-327.68
	3215	3216	-1.61776E+000	-2.00190E-001	-2.00825E+000	-2.00025E+000	2.53128E-004	11	..........a	-327.68
	3216	3217	-1.61776E+000	-2.00189E-001	-2.00654E+000	-2.00025E+000	2.64311E-004	11	..........a	-327.68
	3217	3218	-1.62016E+000	-2.00189E-001	-2.00545E+000	-2.00025E+000	2.58044E-004	11	..........a	-327.68
	3218	3219	-1.61856E+000	-2.00189E-001	-2.00764E+000	-2.00025E+000	2.58344E-004	11	..........a	-327.68
	3219	3220	-1.62056E+000	-2.00189E-001	-2.00630E+000	-2.00025E+000	2.54728E-004	11	..........a	-327.68
	3220	3221	-1.61856E+000	-2.00190E-001	-2.00941E+000	-2.00025E+000	2.61394E-004	11	..........a	-327.68
	3221	3222	-1.61936E+000	-2.00190E-001	-2.00897E+000	-2.00025E+000	2.69144E-004	11	..........a	-327.68
	3222	3223	-1.61816E+000	-2.00189E-001	-2.01023E+000	-2.00025E+000	2.66578E-004	11	..........a	-327.68
	3223	3224	-1.61976E+000	-2.00190E-001	-2.01070E+000	-2.00025E+000	3.04328E-004	11	..........a	-327.68
	3224	3225	-1.61856E+000	-2.00190E-001	-2.01143E+000	-2.00025E+000	3.01178E-004	11	..........a	-327.68
	3225	3226	-1.61976E+000	-2.00189E-001	-2.00987E+000	-2.00025E+000	2.96594E-004	11	..........a	-327.68
	3226	3227	-1.61976E+000	-2.00190E-001	-2.00865E+000	-2.00025E+000	3.02361E-004	11	..........a	-327.68
	3227	3228	-1.61176E+000	-2.00190E-001	-2.01786E+000	-2.00025E+000	2.99694E-004	11	..........a	-327.68
	3228	3229	-1.61856E+000	-2.00189E-001	-2.01397E+000	-2.00025E+000	2.97161E-004	11	..........a	-327.68
	3229	3230	-1.62016E+000	-2.00189E-001	-2.01222E+000	-2.00025E+000	3.03528E-004	11	..........a	-327.68
	3230	3231	-1.61936E+000	-2.00189E-001	-2.01362E+000	-2.00025E+000	2.95544E-004	11	..........a	-327.68
	3231	3232	-1.62256E+000	-2.00190E-001	-2.01176E+000	-2.00025E+000	2.98444E-004	11	..........a	-327.68
	3232	3233	-1.62016E+000	-2.00190E-001	-2.01404E+000	-2.00025E+000	2.93661E-004	11	..........a	-327.68
	3233	3234	-1.62056E+000	-2.00190E-001	-2.01488E+000	-2.00025E+000	2.93828E-004	11	..........a	-327.68
	3234	3235	-1.61936E+000	-2.00190E-001	-2.01852E+000	-2.00025E+000	2.90794E-004	11	..........a	-327.68
	3235	3236	-1.62016E+000	-2.00190E-001	-2.01905E+000	-2.00025E+000	2.97728E-004	11	..........a	-327.68
	3236	3237	-1.61976E+000	-2.00190E-001	-2.02070E+000	-2.00025E+000	2.85611E-004	11	..........a	-327.68
	3237	3238	-1.62056E+000	-2.00190E-001	-2.01924E+000	-2.00025E+000	2.88744E-004	11	..........a	-327.68
	3238	3239	-1.62016E+000	-2.00190E-001	-2.01875E+000	-2.00025E+000	2.93761E-004	11	..........a	-327.68
	3239	3240	-1.61936E+000	-2.00190E-001	-2.01861E+000	-2.00025E+000	2.86228E-004	11	..........a	-327.68
	3240	3241	-1.61936E+000	-2.00190E-001	-2.01807E+000	-2.00025E+000	2.91694E-004	11	..........a	-327.68
	3241	3242	-1.62096E+000	-2.00190E-001	-2.01709E+000	-2.00025E+000	2.95578E-004	11	..........a	-327.68
	3242	3243	-1.61936E+000	-2.00190E-001	-2.01632E+000	-2.00025E+000	2.88244E-004	11	..........a	-327.68
	3243	3244	-1.61896E+000	-2.00190E-001	-2.01922E+000	-2.00025E+000	2.92561E-004	11	..........a	-327.68
	3244	3245	-1.61816E+000	-2.00190E-001	-2.01996E+000	-2.00025E+000	2.97411E-004	11	..........a	-327.68
	3245	3246	-1.61816E+000	-2.00190E-001	-2.01925E+000	-2.00025E+000	2.95028E-004	11	..........a	-327.68
	3246	3247	-1.62056E+000	-2.00190E-001	-2.01805E+000	-2.00025E+000	2.90844E-004	11	..........a	-327.68
	3247	3248	-1.61936E+000	-2.00190E-001	-2.02085E+000	-2.00025E+000	2.91278E-004	11	..........a	-327.68
	3248	3249	-1.61776E+000	-2.00190E-001	-2.02276E+000	-2.00025E+000	2.92294E-004	11	..........a	-327.68
	3249	3250	-1.61936E+000	-2.00190E-001	-2.02033E+000	-2.00025E+000	2.91228E-004	11	..........a	-327.68
	3250	3251	-1.61936E+000	-2.00190E-001	-2.02248E+000	-2.00025E+000	3.00394E-004	11	..........a	-327.68
	3251	3252	-1.61256E+000	-2.00190E-001	-2.03041E+000	-2.00025E+000	2.96694E-004	11	..........a	-327.68
	3252	3253	-1.62016E+000	-2.00190E-001	-2.02389E+000	-2.00025E+000	2.95444E-004	11	..........a	-327.68
	3253	3254	-1.61736E+000	-2.00190E-001	-2.00325E+000	-2.00025E+000	3.00011E-004	11	..........a	-327.68
	3254	3255	-1.61816E+000	-2.00189E-001	-2.00390E+000	-2.00025E+000	3.00861E-004	11	..........a	-327.68
	3255	3256	-1.61816E+000	-2.00190E-001	-2.00383E+000	-2.00025E+000	2.92644E-004	11	..........a	-327.68
	3256	3257	-1.62056E+000	-2.00190E-001	-2.00386E+000	-2.00025E+000	2.92594E-004	11	..........a	-327.68
	3257	3258	-1.61936E+000	-2.00190E-001	-2.00549E+000	-2.00025E+000	2.84128E-004	11	..........a	-327.68
	3258	3259	-1.61936E+000	-2.00189E-001	-2.00615E+000	-2.00025E+000	2.91628E-004	11	..........a	-327.68
	3259	3260	-1.61936E+000	-2.00190E-001	-2.00715E+000	-2.00025E+000	2.95578E-004	11	..........a	-327.68
	3260	3261	-1.61936E+000	-2.00190E-001	-2.00622E+000	-2.00025E+000	2.95961E-004	11	..........a	-327.68
	3261	3262	-1.62016E+000	-2.00190E-001	-2.00610E+000	-2.00025E+000	2.96661E-004	11	..........a	-327.68
	3262	3263	-1.61936E+000	-2.00190E-001	-2.00750E+000	-2.00025E+000	2.96478E-004	11	..........a	-327.68
	3263	3264	-1.62056E+000	-2.00190E-001	-2.00722E+000	-2.00025E+000	2.93861E-004	11	..........a	-327.68
	3264	3265	-1.61896E+000	-2.00190E-001	-2.00977E+000	-2.00025E+000	2.89544E-004	11	..........a	-327.68
	3265	3266	-1.62096E+000	-2.00190E-001	-2.00795E+000	-2.00025E+000	3.00644E-004	11	..........a	-327.68
	3266	3267	-1.61776E+000	-2.00190E-001	-2.01105E+000	-2.00025E+000	3.01044E-004	11	..........a	-327.68
	3267	3268	-1.61936E+000	-2.00190E-001	-2.01046E+000	-2.00025E+000	3.01261E-004	11	..........a	-327.68
	3268	3269	-1.61216E+000	-2.00190E-001	-2.01613E+000	-2.00025E+000	3.03878E-004	11	..........a	-327.68
	3269	3270	-1.61936E+000	-2.00190E-001	-2.01064E+000	-2.00025E+000	3.04111E-004	11	..........a	-327.68
	3270	3271	-1.61856E+000	-2.00190E-001	-2.01040E+000	-2.00025E+000	2.98044E-004	11	..........a	-327.68
	3271	3272	-1.61936E+000	-2.00190E-001	-2.01260E+000	-2.00025E+000	3.00278E-004	11	..........a	-327.68
	3272	3273	-1.61936E+000	-2.00190E-001	-2.01397E+000	-2.00025E+000	3.01611E-004	11	..........a	-327.68
	3273	3274	-1.61936E+000	-2.00190E-001	-2.01349E+000	-2.00025E+000	2.97778E-004	11	..........a	-327.68
	3274	3275	-1.61936E+000	-2.00190E-001	-2.01347E+000	-2.00025E+000	3.01411E-004	11	..........a	-327.68
	3275	3276	-1.61936E+000	-2.00190E-001	-2.01319E+000	-2.00025E+000	2.94561E-004	11	..........a	-327.68
	3276	3277	-1.61936E+000	-2.00190E-001	-2.01501E+000	-2.00025E+000	2.96678E-004	11	..........a	-327.68
	3277	3278	-1.61776E+000	-2.00190E-001	-2.01630E+000	-2.00025E+000	3.01494E-004	11	..........a	-327.68
	3278	3279	-1.61896E+000	-2.00190E-001	-2.01417E+000	-2.00025E+000	2.87261E-004	11	..........a	-327.68
	3279	3280	-1.61936E+000	-2.00190E-001	-2.01388E+000	-2.00025E+000	2.87878E-004	11	..........a	-327.68
	3280	3281	-1.61896E+000	-2.00190E-001	-2.01349E+000	-2.00025E+000	2.93111E-004	11	..........a	-327.68
	3281	3282	-1.61216E+000	-2.00190E-001	-2.02132E+000	-2.00025E+000	2.88528E-004	11	..........a	-327.68
	3282	3283	-1.61896E+000	-2.00190E-001	-2.01616E+000	-2.00025E+000	2.90011E-004	11	..........a	-327.68
	3283	3284	-1.61136E+000	-2.00190E-001	-2.02145E+000	-2.00025E+000	2.96078E-004	11	..........a	-327.68
	3284	3285	-1.61936E+000	-2.00190E-001	-2.01414E+000	-2.00025E+000	2.95878E-004	11	..........a	-327.68
	3285	3286	-1.62016E+000	-2.00191E-001	-2.01332E+000	-2.00025E+000	2.98228E-004	11	..........a	-327.68
	3286	3287	-1.61616E+000	-2.00190E-001	-2.01726E+000	-2.00025E+000	3.00294E-004	11	..........a	-327.68
	3287	3288	-1.61856E+000	-2.00190E-001	-2.01694E+000	-2.00025E+000	2.97094E-004	11	..........a	-327.68
	3288	3289	-1.61856E+000	-2.00190E-001	-2.01710E+000	-2.00025E+000	2.97228E-004	11	..........a	-327.68
	3289	3290	-1.61856E+000	-2.00190E-001	-2.01745E+000	-2.00025E+000	3.02178E-004	11	..........a	-327.68
	3290	3291	-1.62136E+000	-2.00190E-001	-2.01497E+000	-2.00025E+000	3.08811E-004	11	..........a	-327.68
	3291	3292	-1.61576E+000	-2.00190E-001	-2.02047E+000	-2.00025E+000	3.04294E-004	11	..........a	-327.68
	3292	3293	-1.61216E+000	-2.00190E-001	-2.02427E+000	-2.00025E+000	3.11544E-004	11	..........a	-327.68
	3293	3294	-1.61536E+000	-2.00190E-001	-2.02212E+000	-2.00025E+000	3.11811E-004	11	..........a	-327.68
	3294	3295	-1.61976E+000	-2.00190E-001	-2.01806E+000	-2.00025E+000	3.11694E-004	11	..........a	-327.68
	3295	3296	-1.61536E+000	-2.00190E-001	-2.02336E+000	-2.00025E+000	3.05861E-004	11	..........a	-327.68
	3296	3297	-1.61576E+000	-2.00190E-001	-2.02128E+000	-2.00025E+000	3.03911E-004	11	..........a	-327.68
	3297	3298	-1.62176E+000	-2.00190E-001	-2.01486E+000	-2.00025E+000	3.05578E-004	11	..........a	-327.68
	3298	3299	-1.61976E+000	-2.00190E-001	-2.01754E+000	-2.00025E+000	3.07111E-004	11	..........a	-327.68
	3299	3300	-1.62096E+000	-2.00190E-001	-2.01795E+000	-2.00025E+000	3.05744E-004	11	..........a	-327.68
	3300	3301	-1.62256E+000	-2.00190E-001	-2.01682E+000	-2.00025E+000	3.08994E-004	11	..........a	-327.68
	3301	3302	-1.61776E+000	-2.00190E-001	-2.02223E+000	-2.00025E+000	3.01128E-004	11	..........a	-327.68
	3302	3303	-1.61936E+000	-2.00190E-001	-2.02050E+000	-2.00025E+000	3.07261E-004	11	..........a	-327.68
	3303	3304	-1.61856E+000	-2.00190E-001	-2.02143E+000	-2.00025E+000	3.10728E-004	11	..........a	-327.68
	3304	3305	-1.61776E+000	-2.00190E-001	-2.02275E+000	-2.00025E+000	3.01678E-004	11	..........a	-327.68
	3305	3306	-1.61816E+000	-2.00190E-001	-2.02286E+000	-2.00025E+000	3.13661E-004	11	..........a	-327.68
	3306	3307	-1.61656E+000	-2.00190E-001	-2.02529E+000	-2.00025E+000	3.06211E-004	11	..........a	-327.68
	3307	3308	-1.61216E+000	-2.00190E-001	-2.03014E+000	-2.00025E+000	3.11561E-004	11	..........a	-327.68
	3308	3309	-1.61976E+000	-2.00190E-001	-2.02351E+000	-2.00025E+000	3.07678E-004	11	..........a	-327.68
	3309	3310	-1.60896E+000	-2.00189E-001	-2.03479E+000	-2.00025E+000	3.06244E-004	11	..........a	-327.68
	3310	3311	-1.61576E+000	-2.00190E-001	-2.02755E+000	-2.00025E+000	3.08494E-004	11	..........a	-327.68
	3311	3312	-1.62016E+000	-2.00190E-001	-2.02283E+000	-2.00025E+000	3.11711E-004	11	..........a	-327.68
	3312	3313	-1.61736E+000	-2.00190E-001	-2.02540E+000	-2.00025E+000	3.09011E-004	11	..........a	-327.68
	3313	3314	-1.61976E+000	-2.00189E-001	-2.02354E+000	-2.00025E+000	2.98311E-004	11	..........a	-327.68
	3314	3315	-1.62296E+000	-2.00190E-001	-2.02102E+000	-2.00025E+000	3.04294E-004	11	..........a	-327.68
	3315	3316	-1.61936E+000	-2.00190E-001	-2.02652E+000	-2.00025E+000	3.12594E-004	11	..........a	-327.68
	3316	3317	-1.61776E+000	-2.00190E-001	-2.02850E+000	-2.00025E+000	3.14128E-004	11	..........a	-327.68
	3317	3318	-1.61896E+000	-2.00190E-001	-2.02773E+000	-2.00025E+000	3.14878E-004	11	..........a	-327.68
	3318	3319	-1.61856E+000	-2.00190E-001	-2.02797E+000	-2.00025E+000	3.10211E-004	11	..........a	-327.68
	3319	3320	-1.62016E+000	-2.00190E-001	-2.02726E+000	-2.00025E+000	3.19778E-004	11	..........a	-327.68
	3320	3321	-1.61816E+000	-2.00190E-001	-2.03041E+000	-2.00025E+000	3.11978E-004	11	..........a	-327.68
	3321	3322	-1.61936E+000	-2.00190E-001	-2.02849E+000	-2.00025E+000	3.25844E-004	11	..........a	-327.68
	3322	3323	-1.61776E+000	-2.00190E-001	-2.02861E+000	-2.00025E+000	3.23778E-004	11	..........a	-327.68
	3323	3324	-1.61936E+000	-2.00190E-001	-2.03006E+000	-2.00025E+000	3.20111E-004	11	..........a	-327.68
	3324	3325	-1.62056E+000	-2.00190E-001	-2.02884E+000	-2.00025E+000	3.19061E-004	11	..........a	-327.68
	3325	3326	-1.62096E+000	-2.00190E-001	-2.02802E+000	-2.00025E+000	3.19394E-004	11	..........a	-327.68
	3326	3327	-1.61936E+000	-2.00190E-001	-2.02978E+000	-2.00025E+000	3.15111E-004	11	..........a	-327.68
	3327	3328	-1.61936E+000	-2.00190E-001	-2.03006E+000	-2.00025E+000	3.13061E-004	11	..........a	-327.68
	3328	3329	-1.61936E+000	-2.00190E-001	-2.03039E+000	-2.00025E+000	3.18128E-004	11	..........a	-327.68
	3329	3330	-1.61856E+000	-2.00190E-001	-2.02830E+000	-2.00025E+000	3.18794E-004	11	..........a	-327.68
	3330	3331	-1.61896E+000	-2.00190E-001	-2.02863E+000	-2.00025E+000	3.15528E-004	11	..........a	-327.68
	3331	3332	-1.61816E+000	-2.00190E-001	-2.03184E+000	-2.00025E+000	3.12661E-004	11	..........a	-327.68
	3332	3333	-1.61856E+000	-2.00190E-001	-2.03241E+000	-2.00025E+000	3.21378E-004	11	..........a	-327.68
	3333	3334	-1.61136E+000	-2.00190E-001	-2.03814E+000	-2.00025E+000	3.10728E-004	11	..........a	-327.68
	3334	3335	-1.62056E+000	-2.00190E-001	-2.03061E+000	-2.00025E+000	3.12061E-004	11	..........a	-327.68
	3335	3336	-1.61776E+000	-2.00190E-001	-2.03317E+000	-2.00025E+000	3.12444E-004	11	..........a	-327.68
	3336	3337	-1.61776E+000	-2.00190E-001	-2.03303E+000	-2.00025E+000	3.17661E-004	11	..........a	-327.68
	3337	3338	-1.61776E+000	-2.00191E-001	-2.03143E+000	-2.00025E+000	3.14611E-004	11	..........a	-327.68
	3338	3339	-1.61776E+000	-2.00191E-001	-2.03233E+000	-2.00025E+000	3.11311E-004	11	..........a	-327.68
	3339	3340	-1.61776E+000	-2.00191E-001	-2.03130E+000	-2.00025E+000	3.15611E-004	11	..........a	-327.68
	3340	3341	-1.61896E+000	-2.00191E-001	-2.03062E+000	-2.00025E+000	3.21878E-004	11	..........a	-327.68
	3341	3342	-1.62016E+000	-2.00190E-001	-2.03098E+000	-2.00025E+000	3.20094E-004	11	..........a	-327.68
	3342	3343	-1.61696E+000	-2.00198E-001	-2.03293E+000	-2.00025E+000	5.18211E-004	11	..........a	-327.68
	3343	3344	-1.61776E+000	-2.00197E-001	-2.03379E+000	-2.00025E+000	5.18994E-004	11	..........a	-327.68
	3344	3345	-1.61136E+000	-2.00197E-001	-2.04091E+000	-2.00025E+000	5.14778E-004	11	..........a	-327.68
	3345	3346	-1.61856E+000	-2.00197E-001	-2.03393E+000	-2.00025E+000	5.13278E-004	11	..........a	-327.68
	3346	3347	-1.61096E+000	-2.00197E-001	-2.04137E+000	-2.00025E+000	5.08894E-004	11	..........a	-327.68
	3347	3348	-1.61816E+000	-2.00197E-001	-2.03619E+000	-2.00025E+000	5.17428E-004	11	..........a	-327.68
	3348	3349	-1.61856E+000	-2.00197E-001	-2.03541E+000	-2.00025E+000	5.14728E-004	11	..........a	-327.68
	3349	3350	-1.61936E+000	-2.00197E-001	-2.03318E+000	-2.00025E+000	5.24511E-004	11	..........a	-327.68
	3350	3351	-1.61856E+000	-2.00197E-001	-2.03482E+000	-2.00025E+000	5.17194E-004	11	..........a	-327.68
	3351	3352	-1.61896E+000	-2.00198E-001	-2.03541E+000	-2.00025E+000	5.28461E-004	11	..........a	-327.68
	3352	3353	-1.61856E+000	-2.00197E-001	-2.03745E+000	-2.00025E+000	5.13961E-004	11	..........a	-327.68
	3353	3354	-1.61896E+000	-2.00197E-001	-2.03693E+000	-2.00025E+000	5.15661E-004	11	..........a	-327.68
	3354	3355	-1.61936E+000	-2.00197E-001	-2.03850E+000	-2.00025E+000	4.99161E-004	11	..........a	-327.68
	3355	3356	-1.61936E+000	-2.00197E-001	-2.03882E+000	-2.00025E+000	5.01761E-004	11	..........a	-327.68
	3356	3357	-1.61936E+000	-2.00197E-001	-2.03808E+000	-2.00025E+000	5.05428E-004	11	..........a	-327.68
	3357	3358	-1.61856E+000	-2.00197E-001	-2.03903E+000	-2.00025E+000	5.09961E-004	11	..........a	-327.68
	3358	3359	-1.61896E+000	-2.00197E-001	-2.03906E+000	-2.00025E+000	5.11628E-004	11	..........a	-327.68
	3359	3360	-1.61136E+000	-2.00198E-001	-2.04677E+000	-2.00025E+000	5.22861E-004	11	..........a	-327.68
	3360	3361	-1.61856E+000	-2.00197E-001	-2.04050E+000	-2.00025E+000	5.06644E-004	11	..........a	-327.68
	3361	3362	-1.61816E+000	-2.00197E-001	-2.04064E+000	-2.00025E+000	4.99728E-004	11	..........a	-327.68
	3362	3363	-1.61856E+000	-2.00197E-001	-2.04134E+000	-2.00025E+000	5.21144E-004	11	..........a	-327.68
	3363	3364	-1.61696E+000	-2.00197E-001	-2.04188E+000	-2.00025E+000	5.02411E-004	11	..........a	-327.68
	3364	3365	-1.61816E+000	-2.00196E-001	-2.04203E+000	-2.00025E+000	5.15128E-004	11	..........a	-327.68
	3365	3366	-1.61776E+000	-2.00197E-001	-2.04144E+000	-2.00025E+000	5.11711E-004	11	..........a	-327.68
	3366	3367	-1.61656E+000	-2.00197E-001	-2.04237E+000	-2.00025E+000	5.01944E-004	11	..........a	-327.68
	3367	3368	-1.61936E+000	-2.00197E-001	-2.03946E+000	-2.00025E+000	5.21794E-004	11	..........a	-327.68
	3368	3369	-1.61736E+000	-2.00191E-001	-2.04207E+000	-2.00025E+000	3.33278E-004	11	..........a	-327.68
	3369	3370	-1.61776E+000	-2.00191E-001	-2.04309E+000	-2.00025E+000	3.36128E-004	11	..........a	-327.68
	3370	3371	-1.61656E+000	-2.00191E-001	-2.02320E+000	-2.00025E+000	3.33478E-004	11	..........a	-327.68
	3371	3372	-1.61816E+000	-2.00191E-001	-2.02347E+000	-2.00025E+000	3.40628E-004	11	..........a	-327.68
	3372	3373	-1.60976E+000	-2.00190E-001	-2.03200E+000	-2.00025E+000	3.37328E-004	11	..........a	-327.68
	3373	3374	-1.61696E+000	-2.00191E-001	-2.02372E+000	-2.00025E+000	3.34211E-004	11	..........a	-327.68
	3374	3375	-1.61656E+000	-2.00191E-001	-2.02326E+000	-2.00025E+000	3.40061E-004	11	..........a	-327.68
	3375	3376	-1.61816E+000	-2.00191E-001	-2.02138E+000	-2.00025E+000	3.38544E-004	11	..........a	-327.68
	3376	3377	-1.61656E+000	-2.00191E-001	-2.02811E+000	-2.00025E+000	3.40511E-004	11	..........a	-327.68
	3377	3378	-1.61776E+000	-2.00191E-001	-2.02673E+000	-2.00025E+000	3.35094E-004	11	..........a	-327.68
	3378	3379	-1.61696E+000	-2.00191E-001	-2.02739E+000	-2.00025E+000	3.36844E-004	11	..........a	-327.68
	3379	3380	-1.61896E+000	-2.00191E-001	-2.02441E+000	-2.00025E+000	3.46378E-004	11	..........a	-327.68
	3380	3381	-1.61896E+000	-2.00191E-001	-2.02508E+000	-2.00025E+000	3.43978E-004	11	..........a	-327.68
	3381	3382	-1.61816E+000	-2.00191E-001	-2.02712E+000	-2.00025E+000	3.37711E-004	11	..........a	-327.68
	3382	3383	-1.61656E+000	-2.00191E-001	-2.02812E+000	-2.00025E+000	3.38744E-004	11	..........a	-327.68
	3383	3384	-1.61656E+000	-2.00191E-001	-2.02786E+000	-2.00025E+000	3.41811E-004	11	..........a	-327.68
	3384	3385	-1.61656E+000	-2.00191E-001	-2.02796E+000	-2.00025E+000	3.44128E-004	11	..........a	-327.68
	3385	3386	-1.61016E+000	-2.00191E-001	-2.03270E+000	-2.00025E+000	3.44678E-004	11	..........a	-327.68
	3386	3387	-1.61856E+000	-2.00191E-001	-2.02602E+000	-2.00025E+000	3.48078E-004	11	..........a	-327.68
	3387	3388	-1.61816E+000	-2.00190E-001	-2.02570E+000	-2.00025E+000	3.42494E-004	11	..........a	-327.68
	3388	3389	-1.61856E+000	-2.00191E-001	-2.02709E+000	-2.00025E+000	3.44078E-004	11	..........a	-327.68
	3389	3390	-1.61656E+000	-2.00191E-001	-2.02704E+000	-2.00025E+000	3.42578E-004	11	..........a	-327.68
	3390	3391	-1.61656E+000	-2.00190E-001	-2.02767E+000	-2.00025E+000	3.38678E-004	11	..........a	-327.68
	3391	3392	-1.61656E+000	-2.00190E-001	-2.02775E+000	-2.00025E+000	3.39128E-004	11	..........a	-327.68
	3392	3393	-1.61656E+000	-2.00190E-001	-2.02344E+000	-2.00025E+000	3.38111E-004	11	..........a	-327.68
	3393	3394	-1.61656E+000	-2.00190E-001	-2.02270E+000	-2.00025E+000	3.40278E-004	11	..........a	-327.68
	3394	3395	-1.61656E+000	-2.00190E-001	-2.02386E+000	-2.00025E+000	3.29828E-004	11	..........a	-327.68
	3395	3396	-1.61536E+000	-2.00191E-001	-2.02868E+000	-2.00025E+000	3.35244E-004	11	..........a	-327.68
	3396	3397	-1.62016E+000	-2.00191E-001	-2.02452E+000	-2.00025E+000	3.35144E-004	11	..........a	-327.68
	3397	3398	-1.61656E+000	-2.00191E-001	-2.02874E+000	-2.00025E+000	3.36294E-004	11	..........a	-327.68
	3398	3399	-1.61656E+000	-2.00191E-001	-2.02707E+000	-2.00025E+000	3.40261E-004	11	..........a	-327.68
	3399	3400	-1.61496E+000	-2.00191E-001	-2.03063E+000	-2.00025E+000	3.32244E-004	11	..........a	-327.68
	3400	3401	-1.60976E+000	-2.00190E-001	-2.03578E+000	-2.00025E+000	3.34878E-004	11	..........a	-327.68
	3401	3402	-1.61656E+000	-2.00190E-001	-2.02907E+000	-2.00025E+000	3.39494E-004	11	..........a	-327.68
	3402	3403	-1.61896E+000	-2.00190E-001	-2.02700E+000	-2.00025E+000	3.40428E-004	11	..........a	-327.68
	3403	3404	-1.61656E+000	-2.00190E-001	-2.03084E+000	-2.00025E+000	3.42794E-004	11	..........a	-327.68
	3404	3405	-1.61576E+000	-2.00191E-001	-2.03195E+000	-2.00025E+000	3.38361E-004	11	..........a	-327.68
	3405	3406	-1.61656E+000	-2.00191E-001	-2.03094E+000	-2.00025E+000	3.40394E-004	11	..........a	-327.68
	3406	3407	-1.61656E+000	-2.00190E-001	-2.03091E+000	-2.00025E+000	3.32661E-004	11	..........a	-327.68
	3407	3408	-1.61656E+000	-2.00190E-001	-2.03070E+000	-2.00025E+000	3.30144E-004	11	..........a	-327.68
	3408	3409	-1.61896E+000	-2.00190E-001	-2.03001E+000	-2.00025E+000	3.23894E-004	11	..........a	-327.68
	3409	3410	-1.61656E+000	-2.00190E-001	-2.03161E+000	-2.00025E+000	3.35478E-004	11	..........a	-327.68
	3410	3411	-1.61656E+000	-2.00191E-001	-2.03246E+000	-2.00025E+000	3.37994E-004	11	..........a	-327.68
	3411	3412	-1.61656E+000	-2.00190E-001	-2.03321E+000	-2.00025E+000	3.45794E-004	11	..........a	-327.68
	3412	3413	-1.61816E+000	-2.00190E-001	-2.03418E+000	-2.00025E+000	3.41594E-004	11	..........a	-327.68
	3413	3414	-1.61016E+000	-2.00191E-001	-2.04453E+000	-2.00025E+000	3.38178E-004	11	..........a	-327.68
	3414	3415	-1.61816E+000	-2.00190E-001	-2.03468E+000	-2.00025E+000	3.35794E-004	11	..........a	-327.68
	3415	3416	-1.61136E+000	-2.00190E-001	-2.04233E+000	-2.00025E+000	3.35378E-004	11	..........a	-327.68
	3416	3417	-1.61816E+000	-2.00190E-001	-2.03428E+000	-2.00025E+000	3.34761E-004	11	..........a	-327.68
	3417	3418	-1.61856E+000	-2.00190E-001	-2.03445E+000	-2.00025E+000	3.37511E-004	11	..........a	-327.68
	3418	3419	-1.61896E+000	-2.00190E-001	-2.03405E+000	-2.00025E+000	3.38828E-004	11	..........a	-327.68
	3419	3420	-1.61896E+000	-2.00190E-001	-2.03466E+000	-2.00025E+000	3.42244E-004	11	..........a	-327.68
	3420	3421	-1.61696E+000	-2.00190E-001	-2.03695E+000	-2.00025E+000	3.35428E-004	11	..........a	-327.68
	3421	3422	-1.61896E+000	-2.00190E-001	-2.03607E+000	-2.00025E+000	3.34411E-004	11	..........a	-327.68
	3422	3423	-1.61696E+000	-2.00190E-001	-2.03791E+000	-2.00025E+000	3.33028E-004	11	..........a	-327.68
	3423	3424	-1.61776E+000	-2.00190E-001	-2.03764E+000	-2.00025E+000	3.33361E-004	11	..........a	-327.68
	3424	3425	-1.61616E+000	-2.00191E-001	-2.03909E+000	-2.00025E+000	3.30861E-004	11	..........a	-327.68
	3425	3426	-1.61816E+000	-2.00190E-001	-2.03609E+000	-2.00025E+000	3.22794E-004	11	..........a	-327.68
	3426	3427	-1.61576E+000	-2.00190E-001	-2.03909E+000	-2.00025E+000	3.21978E-004	11	..........a	-327.68
	3427	3428	-1.61736E+000	-2.00190E-001	-2.03812E+000	-2.00025E+000	3.34394E-004	11	..........a	-327.68
	3428	3429	-1.61816E+000	-2.00190E-001	-2.03670E+000	-2.00025E+000	3.33278E-004	11	..........a	-327.68
	3429	3430	-1.61776E+000	-2.00190E-001	-2.03781E+000	-2.00025E+000	3.32794E-004	11	..........a	-327.68
	3430	3431	-1.61896E+000	-2.00190E-001	-2.03841E+000	-2.00025E+000	3.32428E-004	11	..........a	-327.68
	3431	3432	-1.61816E+000	-2.00190E-001	-2.03936E+000	-2.00025E+000	3.31344E-004	11	..........a	-327.68
	3432	3433	-1.61896E+000	-2.00190E-001	-2.03791E+000	-2.00025E+000	3.33361E-004	11	..........a	-327.68
	3433	3434	-1.61816E+000	-2.00190E-001	-2.03878E+000	-2.00025E+000	3.41678E-004	11	..........a	-327.68
	3434	3435	-1.61856E+000	-2.00190E-001	-2.03661E+000	-2.00025E+000	3.40744E-004	11	..........a	-327.68
	3435	3436	-1.61656E+000	-2.00190E-001	-2.03950E+000	-2.00025E+000	3.36794E-004	11	..........a	-327.68
	3436	3437	-1.61896E+000	-2.00191E-001	-2.03508E+000	-2.00025E+000	3.42694E-004	11	..........a	-327.68
	3437	3438	-1.61736E+000	-2.00196E-001	-2.03703E+000	-2.00025E+000	4.58461E-004	11	..........a	-327.68
	3438	3439	-1.61696E+000	-2.00196E-001	-2.03920E+000	-2.00025E+000	4.57611E-004	11	..........a	-327.68
	3439	3440	-1.61056E+000	-2.00196E-001	-2.04575E+000	-2.00025E+000	4.50411E-004	11	..........a	-327.68
	3440	3441	-1.61736E+000	-2.00196E-001	-2.03855E+000	-2.00025E+000	4.55111E-004	11	..........a	-327.68
	3441	3442	-1.61096E+000	-2.00196E-001	-2.04724E+000	-2.00025E+000	4.50744E-004	11	..........a	-327.68
	3442	3443	-1.62056E+000	-2.00196E-001	-2.03807E+000	-2.00025E+000	4.61928E-004	11	..........a	-327.68
	3443	3444	-1.62096E+000	-2.00196E-001	-2.03787E+000	-2.00025E+000	4.53411E-004	11	..........a	-327.68
	3444	3445	-1.62136E+000	-2.00196E-001	-2.04006E+000	-2.00025E+000	4.54611E-004	11	..........a	-327.68
	3445	3446	-1.61736E+000	-2.00196E-001	-2.05063E+000	-2.00025E+000	4.53594E-004	11	..........a	-327.68
	3446	3447	-1.61736E+000	-2.00196E-001	-2.05202E+000	-2.00025E+000	4.49578E-004	11	..........a	-327.68
	3447	3448	-1.61736E+000	-2.00196E-001	-2.05185E+000	-2.00025E+000	4.54628E-004	11	..........a	-327.68
	3448	3449	-1.61936E+000	-2.00196E-001	-2.05012E+000	-2.00025E+000	4.47744E-004	11	..........a	-327.68
	3449	3450	-1.61896E+000	-2.00196E-001	-2.04871E+000	-2.00025E+000	4.57711E-004	11	..........a	-327.68
	3450	3451	-1.61936E+000	-2.00196E-001	-2.04679E+000	-2.00025E+000	4.51611E-004	11	..........a	-327.68
	3451	3452	-1.61896E+000	-2.00196E-001	-2.05085E+000	-2.00025E+000	4.55528E-004	11	..........a	-327.68
	3452	3453	-1.61776E+000	-2.00196E-001	-2.05089E+000	-2.00025E+000	4.55044E-004	11	..........a	-327.68
	3453	3454	-1.61976E+000	-2.00196E-001	-2.04916E+000	-2.00025E+000	4.57028E-004	11	..........a	-327.68
	3454	3455	-1.61616E+000	-2.00196E-001	-2.05330E+000	-2.00025E+000	4.47961E-004	11	..........a	-327.68
	3455	3456	-1.61776E+000	-2.00196E-001	-2.05201E+000	-2.00025E+000	4.54294E-004	11	..........a	-327.68
	3456	3457	-1.61896E+000	-2.00196E-001	-2.05155E+000	-2.00025E+000	4.46561E-004	11	..........a	-327.68
	3457	3458	-1.62096E+000	-2.00197E-001	-2.04955E+000	-2.00025E+000	4.47644E-004	11	..........a	-327.68
	3458	3459	-1.62056E+000	-2.00196E-001	-2.04887E+000	-2.00025E+000	4.44728E-004	11	..........a	-327.68
	3459	3460	-1.61896E+000	-2.00196E-001	-2.05005E+000	-2.00025E+000	4.51444E-004	11	..........a	-327.68
	3460	3461	-1.62056E+000	-2.00196E-001	-2.04936E+000	-2.00025E+000	4.47228E-004	11	..........a	-327.68
	3461	3462	-1.61896E+000	-2.00196E-001	-2.04916E+000	-2.00025E+000	4.48628E-004	11	..........a	-327.68
	3462	3463	-1.62096E+000	-2.00196E-001	-2.04989E+000	-2.00025E+000	4.52628E-004	11	..........a	-327.68
	3463	3464	-1.61776E+000	-2.00190E-001	-2.05164E+000	-2.00025E+000	5.07911E-004	11	..........a	-327.68
	3464	3465	-1.61856E+000	-2.00190E-001	-2.05228E+000	-2.00025E+000	5.10994E-004	11	..........a	-327.68
	3465	3466	-1.61176E+000	-2.00190E-001	-2.05972E+000	-2.00025E+000	5.07144E-004	11	..........a	-327.68
	3466	3467	-1.61736E+000	-2.00190E-001	-2.05336E+000	-2.00025E+000	5.09644E-004	11	..........a	-327.68
	3467	3468	-1.61176E+000	-2.00190E-001	-2.05798E+000	-2.00025E+000	5.06328E-004	11	..........a	-327.68
	3468	3469	-1.62016E+000	-2.00190E-001	-2.05200E+000	-2.00025E+000	5.07228E-004	11	..........a	-327.68
	3469	3470	-1.61736E+000	-2.00190E-001	-2.05349E+000	-2.00025E+000	5.11278E-004	11	..........a	-327.68
	3470	3471	-1.61936E+000	-2.00190E-001	-2.05167E+000	-2.00025E+000	5.12044E-004	11	..........a	-327.68
	3471	3472	-1.61896E+000	-2.00190E-001	-2.05294E+000	-2.00025E+000	5.12844E-004	11	..........a	-327.68
	3472	3473	-1.61856E+000	-2.00190E-001	-2.05397E+000	-2.00025E+000	5.11528E-004	11	..........a	-327.68
	3473	3474	-1.61896E+000	-2.00190E-001	-2.05322E+000	-2.00025E+000	5.13661E-004	11	..........a	-327.68
	3474	3475	-1.61816E+000	-2.00190E-001	-2.05593E+000	-2.00025E+000	5.12844E-004	11	..........a	-327.68
	3475	3476	-1.61776E+000	-2.00190E-001	-2.05791E+000	-2.00025E+000	5.14144E-004	11	..........a	-327.68
	3476	3477	-1.62016E+000	-2.00190E-001	-2.05568E+000	-2.00025E+000	5.06161E-004	11	..........a	-327.68
	3477	3478	-1.61896E+000	-2.00190E-001	-2.05620E+000	-2.00025E+000	5.06911E-004	11	..........a	-327.68
	3478	3479	-1.61856E+000	-2.00190E-001	-2.05519E+000	-2.00025E+000	5.09228E-004	11	..........a	-327.68
	3479	3480	-1.61936E+000	-2.00190E-001	-2.05401E+000	-2.00025E+000	5.11444E-004	11	..........a	-327.68
	3480	3481	-1.61136E+000	-2.00190E-001	-2.06295E+000	-2.00025E+000	5.18394E-004	11	..........a	-327.68
	3481	3482	-1.61936E+000	-2.00190E-001	-2.05461E+000	-2.00025E+000	5.13828E-004	11	..........a	-327.68
	3482	3483	-1.61896E+000	-2.00190E-001	-2.05649E+000	-2.00025E+000	5.10794E-004	11	..........a	-327.68
	3483	3484	-1.61936E+000	-2.00190E-001	-2.05615E+000	-2.00025E+000	5.04061E-004	11	..........a	-327.68
	3484	3485	-1.61856E+000	-2.00190E-001	-2.05684E+000	-2.00025E+000	5.01161E-004	11	..........a	-327.68
	3485	3486	-1.61856E+000	-2.00190E-001	-2.05662E+000	-2.00025E+000	5.01078E-004	11	..........a	-327.68
	3486	3487	-1.61856E+000	-2.00190E-001	-2.05677E+000	-2.00025E+000	5.04961E-004	11	..........a	-327.68
	3487	3488	-1.61856E+000	-2.00190E-001	-2.05771E+000	-2.00025E+000	5.10544E-004	11	..........a	-327.68
	3488	3489	-1.61776E+000	-2.00190E-001	-2.04643E+000	-2.00025E+000	5.08878E-004	11	..........a	-327.68
	3489	3490	-1.61856E+000	-2.00190E-001	-2.04576E+000	-2.00025E+000	5.07444E-004	11	..........a	-327.68
	3490	3491	-1.61816E+000	-2.00189E-001	-2.04640E+000	-2.00025E+000	5.06144E-004	11	..........a	-327.68
	3491	3492	-1.61696E+000	-2.00190E-001	-2.00087E+000	-2.00025E+000	5.09461E-004	11	..........a	-327.68
	3492	3493	-1.61896E+000	-2.00190E-001	-1.99925E+000	-2.00025E+000	5.04894E-004	11	..........a	-327.68
	3493	3494	-1.61136E+000	-2.00190E-001	-2.00957E+000	-2.00025E+000	5.00844E-004	11	..........a	-327.68
	3494	3495	-1.62016E+000	-2.00190E-001	-2.00103E+000	-2.00025E+000	5.05911E-004	11	..........a	-327.68
	3495	3496	-1.61896E+000	-2.00189E-001	-2.00619E+000	-2.00025E+000	4.98794E-004	11	..........a	-327.68
	3496	3497	-1.61856E+000	-2.00190E-001	-2.00839E+000	-2.00025E+000	5.09061E-004	11	..........a	-327.68
	3497	3498	-1.61776E+000	-2.00190E-001	-2.00845E+000	-2.00025E+000	5.06278E-004	11	..........a	-327.68
	3498	3499	-1.61856E+000	-2.00190E-001	-2.00870E+000	-2.00025E+000	5.03578E-004	11	..........a	-327.68
	3499	3500	-1.61856E+000	-2.00190E-001	-2.00883E+000	-2.00025E+000	5.04378E-004	11	..........a	-327.68
	3500	3501	-1.62016E+000	-2.00190E-001	-2.00767E+000	-2.00025E+000	5.11944E-004	11	..........a	-327.68
	3501	3502	-1.61856E+000	-2.00190E-001	-2.01025E+000	-2.00025E+000	5.07828E-004	11	..........a	-327.68
	3502	3503	-1.62016E+000	-2.00190E-001	-2.01036E+000	-2.00025E+000	5.13694E-004	11	..........a	-327.68
	3503	3504	-1.62016E+000	-2.00190E-001	-2.01010E+000	-2.00025E+000	5.13111E-004	11	..........a	-327.68
	3504	3505	-1.62096E+000	-2.00190E-001	-2.00816E+000	-2.00025E+000	5.10944E-004	11	..........a	-327.68
	3505	3506	-1.62176E+000	-2.00190E-001	-2.00846E+000	-2.00025E+000	5.07528E-004	11	..........a	-327.68
	3506	3507	-1.62176E+000	-2.00190E-001	-2.00896E+000	-2.00025E+000	5.05194E-004	11	..........a	-327.68
	3507	3508	-1.61936E+000	-2.00190E-001	-2.01133E+000	-2.00025E+000	5.04294E-004	11	..........a	-327.68
	3508	3509	-1.61816E+000	-2.00190E-001	-2.01188E+000	-2.00025E+000	5.09111E-004	11	..........a	-327.68
	3509	3510	-1.61936E+000	-2.00190E-001	-1.98655E+000	-2.00025E+000	5.08894E-004	11	..........a	-327.68
	3510	3511	-1.61936E+000	-2.00190E-001	-1.98210E+000	-2.00025E+000	5.10694E-004	11	..........a	-327.68
	3511	3512	-1.61776E+000	-2.00190E-001	-1.98407E+000	-2.00025E+000	5.05094E-004	11	..........a	-327.68
	3512	3513	-1.61976E+000	-2.00190E-001	-1.98269E+000	-2.00025E+000	5.07528E-004	11	..........a	-327.68
	3513	3514	-1.61936E+000	-2.00190E-001	-1.98458E+000	-2.00025E+000	5.05211E-004	11	..........a	-327.68
	3514	3515	-1.61816E+000	-2.00190E-001	-1.98695E+000	-2.00025E+000	5.05744E-004	11	..........a	-327.68
	3515	3516	-1.62096E+000	-2.00190E-001	-1.98147E+000	-2.00025E+000	5.10528E-004	11	..........a	-327.68
	3516	3517	-1.62176E+000	-2.00189E-001	-1.98286E+000	-2.00025E+000	5.03878E-004	11	..........a	-327.68
	3517	3518	-1.62016E+000	-2.00189E-001	-1.98627E+000	-2.00025E+000	5.05994E-004	11	..........a	-327.68
	3518	3519	-1.61856E+000	-2.00190E-001	-1.98668E+000	-2.00025E+000	5.06144E-004	11	..........a	-327.68
	3519	3520	-1.62016E+000	-2.00189E-001	-1.98600E+000	-2.00025E+000	5.02594E-004	11	..........a	-327.68
	3520	3521	-1.62016E+000	-2.00190E-001	-1.98730E+000	-2.00025E+000	4.98561E-004	11	..........a	-327.68
	3521	3522	-1.62176E+000	-2.00190E-001	-1.98522E+000	-2.00025E+000	4.97928E-004	11	..........a	-327.68
	3522	3523	-1.62096E+000	-2.00190E-001	-1.98562E+000	-2.00025E+000	5.00794E-004	11	..........a	-327.68
	3523	3524	-1.61296E+000	-2.00190E-001	-1.99263E+000	-2.00025E+000	5.07411E-004	11	..........a	-327.68
	3524	3525	-1.62016E+000	-2.00190E-001	-1.98692E+000	-2.00025E+000	5.10711E-004	11	..........a	-327.68
	3525	3526	-1.61296E+000	-2.00190E-001	-1.99379E+000	-2.00025E+000	5.05894E-004	11	..........a	-327.68
	3526	3527	-1.61856E+000	-2.00190E-001	-1.98806E+000	-2.00025E+000	5.07944E-004	11	..........a	-327.68
	3527	3528	-1.62136E+000	-2.00190E-001	-1.98599E+000	-2.00025E+000	5.02911E-004	11	..........a	-327.68
	3528	3529	-1.61776E+000	-2.00190E-001	-1.98947E+000	-2.00025E+000	5.07928E-004	11	..........a	-327.68
	3529	3530	-1.61976E+000	-2.00190E-001	-1.99019E+000	-2.00025E+000	5.03994E-004	11	..........a	-327.68
	3530	3531	-1.61856E+000	-2.00189E-001	-1.99297E+000	-2.00025E+000	5.10044E-004	11	..........a	-327.68
	3531	3532	-1.61776E+000	-2.00190E-001	-1.99400E+000	-2.00025E+000	5.11328E-004	11	..........a	-327.68
	3532	3533	-1.62096E+000	-2.00189E-001	-1.99303E+000	-2.00025E+000	5.07811E-004	11	..........a	-327.68
	3533	3534	-1.62016E+000	-2.00190E-001	-1.99447E+000	-2.00025E+000	5.06594E-004	11	..........a	-327.68
	3534	3535	-1.62136E+000	-2.00189E-001	-1.99301E+000	-2.00025E+000	5.05478E-004	11	..........a	-327.68
	3535	3536	-1.61976E+000	-2.00190E-001	-1.99513E+000	-2.00025E+000	5.07861E-004	11	..........a	-327.68
	3536	3537	-1.61376E+000	-2.00190E-001	-2.00087E+000	-2.00025E+000	5.13194E-004	11	..........a	-327.68
	3537	3538	-1.61976E+000	-2.00190E-001	-1.99489E+000	-2.00025E+000	5.09094E-004	11	..........a	-327.68
	3538	3539	-1.62096E+000	-2.00189E-001	-1.99557E+000	-2.00025E+000	5.11978E-004	11	..........a	-327.68
	3539	3540	-1.62016E+000	-2.00189E-001	-1.99460E+000	-2.00025E+000	5.10461E-004	11	..........a	-327.68
	3540	3541	-1.62216E+000	-2.00190E-001	-1.99321E+000	-2.00025E+000	5.09894E-004	11	..........a	-327.68
	3541	3542	-1.62176E+000	-2.00190E-001	-1.99006E+000	-2.00025E+000	5.05328E-004	11	..........a	-327.68
	3542	3543	-1.61936E+000	-2.00190E-001	-1.99240E+000	-2.00025E+000	5.06161E-004	11	..........a	-327.68
	3543	3544	-1.61976E+000	-2.00190E-001	-1.99218E+000	-2.00025E+000	5.07211E-004	11	..........a	-327.68
	3544	3545	-1.61976E+000	-2.00189E-001	-1.99323E+000	-2.00025E+000	5.10028E-004	11	..........a	-327.68
	3545	3546	-1.62096E+000	-2.00190E-001	-1.99042E+000	-2.00025E+000	5.08394E-004	11	..........a	-327.68
	3546	3547	-1.62096E+000	-2.00190E-001	-1.99069E+000	-2.00025E+000	5.08528E-004	11	..........a	-327.68
	3547	3548	-1.62096E+000	-2.00190E-001	-1.99043E+000	-2.00025E+000	5.06961E-004	11	..........a	-327.68
	3548	3549	-1.62136E+000	-2.00190E-001	-1.99018E+000	-2.00025E+000	5.05428E-004	11	..........a	-327.68
	3549	3550	-1.62016E+000	-2.00190E-001	-1.99118E+000	-2.00025E+000	5.09211E-004	11	..........a	-327.68
	3550	3551	-1.62016E+000	-2.00189E-001	-1.99108E+000	-2.00025E+000	5.09428E-004	11	..........a	-327.68
	3551	3552	-1.62096E+000	-2.00189E-001	-1.99062E+000	-2.00025E+000	5.06194E-004	11	..........a	-327.68
	3552	3553	-1.62216E+000	-2.00190E-001	-1.98958E+000	-2.00025E+000	5.07411E-004	11	..........a	-327.68
	3553	3554	-1.61936E+000	-2.00190E-001	-1.99526E+000	-2.00025E+000	5.04278E-004	11	..........a	-327.68
	3554	3555	-1.61976E+000	-2.00190E-001	-1.99956E+000	-2.00025E+000	5.14244E-004	11	..........a	-327.68
	3555	3556	-1.62256E+000	-2.00190E-001	-1.99644E+000	-2.00025E+000	5.05861E-004	11	..........a	-327.68
	3556	3557	-1.62136E+000	-2.00190E-001	-1.99844E+000	-2.00025E+000	5.03211E-004	11	..........a	-327.68
	3557	3558	-1.62096E+000	-2.00190E-001	-1.99994E+000	-2.00025E+000	5.07244E-004	11	..........a	-327.68
	3558	3559	-1.62096E+000	-2.00190E-001	-1.99960E+000	-2.00025E+000	5.08878E-004	11	..........a	-327.68
	3559	3560	-1.62056E+000	-2.00189E-001	-2.00010E+000	-2.00025E+000	5.10378E-004	11	..........a	-327.68
	3560	3561	-1.62056E+000	-2.00190E-001	-1.99929E+000	-2.00025E+000	5.07028E-004	11	..........a	-327.68
	3561	3562	-1.62056E+000	-2.00189E-001	-1.99976E+000	-2.00025E+000	5.14194E-004	11	..........a	-327.68
	3562	3563	-1.62016E+000	-2.00189E-001	-2.00064E+000	-2.00025E+000	5.16078E-004	11	..........a	-327.68
	3563	3564	-1.61976E+000	-2.00190E-001	-2.00135E+000	-2.00025E+000	5.12628E-004	11	..........a	-327.68
	3564	3565	-1.62096E+000	-2.00189E-001	-2.00057E+000	-2.00025E+000	5.09278E-004	11	..........a	-327.68
	3565	3566	-1.62016E+000	-2.00189E-001	-2.00117E+000	-2.00025E+000	5.15678E-004	11	..........a	-327.68
	3566	3567	-1.61416E+000	-2.00190E-001	-2.00712E+000	-2.00025E+000	5.05728E-004	11	..........a	-327.68
	3567	3568	-1.62136E+000	-2.00190E-001	-1.99970E+000	-2.00025E+000	5.07894E-004	11	..........a	-327.68
	3568	3569	-1.62136E+000	-2.00189E-001	-1.99966E+000	-2.00025E+000	5.04994E-004	11	..........a	-327.68
	3569	3570	-1.61976E+000	-2.00189E-001	-2.00204E+000	-2.00025E+000	5.03778E-004	11	..........a	-327.68
	3570	3571	-1.62136E+000	-2.00189E-001	-2.00027E+000	-2.00025E+000	5.08928E-004	11	..........a	-327.68
	3571	3572	-1.62056E+000	-2.00189E-001	-2.00101E+000	-2.00025E+000	5.12711E-004	11	..........a	-327.68
	3572	3573	-1.61976E+000	-2.00189E-001	-2.00362E+000	-2.00025E+000	5.06594E-004	11	..........a	-327.68
	3573	3574	-1.61936E+000	-2.00189E-001	-2.00516E+000	-2.00025E+000	5.07694E-004	11	..........a	-327.68
	3574	3575	-1.61976E+000	-2.00189E-001	-2.00424E+000	-2.00025E+000	5.07461E-004	11	..........a	-327.68
	3575	3576	-1.62176E+000	-2.00189E-001	-2.00262E+000	-2.00025E+000	5.07261E-004	11	..........a	-327.68
	3576	3577	-1.61896E+000	-2.00189E-001	-2.00460E+000	-2.00025E+000	5.04194E-004	11	..........a	-327.68
	3577	3578	-1.62096E+000	-2.00189E-001	-2.00308E+000	-2.00025E+000	5.00561E-004	11	..........a	-327.68
	3578	3579	-1.62136E+000	-2.00190E-001	-2.00254E+000	-2.00025E+000	5.01394E-004	11	..........a	-327.68
	3579	3580	-1.61856E+000	-2.00189E-001	-1.99653E+000	-2.00025E+000	5.01478E-004	11	..........a	-327.68
	3580	3581	-1.61856E+000	-2.00189E-001	-1.99746E+000	-2.00025E+000	5.06178E-004	11	..........a	-327.68
	3581	3582	-1.61296E+000	-2.00189E-001	-2.00185E+000	-2.00025E+000	5.12128E-004	11	..........a	-327.68
	3582	3583	-1.61856E+000	-2.00189E-001	-1.99931E+000	-2.00025E+000	5.07078E-004	11	..........a	-327.68
	3583	3584	-1.61856E+000	-2.00189E-001	-1.99939E+000	-2.00025E+000	5.09761E-004	11	..........a	-327.68
	3584	3585	-1.61856E+000	-2.00189E-001	-2.00090E+000	-2.00025E+000	5.06444E-004	11	..........a	-327.68
	3585	3586	-1.61816E+000	-2.00190E-001	-2.00043E+000	-2.00025E+000	5.02961E-004	11	..........a	-327.68
	3586	3587	-1.61776E+000	-2.00190E-001	-2.00006E+000	-2.00025E+000	5.03778E-004	11	..........a	-327.68
	3587	3588	-1.61856E+000	-2.00189E-001	-1.99947E+000	-2.00025E+000	5.05111E-004	11	..........a	-327.68
	3588	3589	-1.62016E+000	-2.00189E-001	-1.99805E+000	-2.00025E+000	5.05861E-004	11	..........a	-327.68
	3589	3590	-1.61896E+000	-2.00189E-001	-1.99900E+000	-2.00025E+000	5.07761E-004	11	..........a	-327.68
	3590	3591	-1.62096E+000	-2.00188E-001	-1.99796E+000	-2.00025E+000	5.08994E-004	11	..........a	-327.68
	3591	3592	-1.61976E+000	-2.00188E-001	-2.00049E+000	-2.00025E+000	5.13894E-004	11	..........a	-327.68
	3592	3593	-1.62016E+000	-2.00188E-001	-1.99977E+000	-2.00025E+000	5.10878E-004	11	..........a	-327.68
	3593	3594	-1.61936E+000	-2.00188E-001	-2.00051E+000	-2.00025E+000	5.07944E-004	11	..........a	-327.68
	3594	3595	-1.61216E+000	-2.00188E-001	-2.00774E+000	-2.00025E+000	5.08011E-004	11	..........a	-327.68
	3595	3596	-1.61976E+000	-2.00188E-001	-1.99965E+000	-2.00025E+000	5.06744E-004	11	..........a	-327.68
	3596	3597	-1.61976E+000	-2.00188E-001	-2.00040E+000	-2.00025E+000	5.03444E-004	11	..........a	-327.68
	3597	3598	-1.61816E+000	-2.00188E-001	-2.00170E+000	-2.00025E+000	5.23961E-004	11	..........a	-327.68
	3598	3599	-1.61896E+000	-2.00188E-001	-2.00152E+000	-2.00025E+000	5.21278E-004	11	..........a	-327.68
	3599	3600	-1.62056E+000	-2.00188E-001	-1.99978E+000	-2.00025E+000	5.11111E-004	11	..........a	-327.68
